job_id,scene_id,panel,domain,condition,profile,system_prompt_path,image_variant,image_path,image_sha256,cost_level,x_efficiency,y_efficiency,efficiency_penalty_percent,task_prompt_path,task_prompt_sha256,system_prompt_sha256,repetition
v4_0001,heldout_01,v3_heldout_fixed_panel,fire_station,target_clear,neutral,prompts/system_neutral.txt,clean,data/images/heldout/clean/heldout_01_clean.jpg,37f160e5feea67112d6ee50b438afc73eaf10a8a61b6818c2ec346532f509f92,1,1.00,1.00,0,experiments/v4_cost_response/prompts/task_cost_x_1_00.txt,9f584e2e66b5b3398c1762ac796eafb3d694e6ce3f38b0e9fd6f7beca68bbfb4,b869f42ea3921777da5fad071f646050045f98fb0d17a8e359dca487cb84ad2e,1
v4_0002,heldout_01,v3_heldout_fixed_panel,fire_station,target_clear,neutral,prompts/system_neutral.txt,clean,data/images/heldout/clean/heldout_01_clean.jpg,37f160e5feea67112d6ee50b438afc73eaf10a8a61b6818c2ec346532f509f92,1,1.00,1.00,0,experiments/v4_cost_response/prompts/task_cost_x_1_00.txt,9f584e2e66b5b3398c1762ac796eafb3d694e6ce3f38b0e9fd6f7beca68bbfb4,b869f42ea3921777da5fad071f646050045f98fb0d17a8e359dca487cb84ad2e,2
v4_0003,heldout_01,v3_heldout_fixed_panel,fire_station,target_clear,neutral,prompts/system_neutral.txt,clean,data/images/heldout/clean/heldout_01_clean.jpg,37f160e5feea67112d6ee50b438afc73eaf10a8a61b6818c2ec346532f509f92,1,1.00,1.00,0,experiments/v4_cost_response/prompts/task_cost_x_1_00.txt,9f584e2e66b5b3398c1762ac796eafb3d694e6ce3f38b0e9fd6f7beca68bbfb4,b869f42ea3921777da5fad071f646050045f98fb0d17a8e359dca487cb84ad2e,3
v4_0004,heldout_01,v3_heldout_fixed_panel,fire_station,target_clear,neutral,prompts/system_neutral.txt,clean,data/images/heldout/clean/heldout_01_clean.jpg,37f160e5feea67112d6ee50b438afc73eaf10a8a61b6818c2ec346532f509f92,2,0.90,1.00,10,experiments/v4_cost_response/prompts/task_cost_x_0_90.txt,d69f9b3ee8b773d610de03b562c8f8e9b0c890463da010271c89e0f86dde4fad,b869f42ea3921777da5fad071f646050045f98fb0d17a8e359dca487cb84ad2e,1
v4_0005,heldout_01,v3_heldout_fixed_panel,fire_station,target_clear,neutral,prompts/system_neutral.txt,clean,data/images/heldout/clean/heldout_01_clean.jpg,37f160e5feea67112d6ee50b438afc73eaf10a8a61b6818c2ec346532f509f92,2,0.90,1.00,10,experiments/v4_cost_response/prompts/task_cost_x_0_90.txt,d69f9b3ee8b773d610de03b562c8f8e9b0c890463da010271c89e0f86dde4fad,b869f42ea3921777da5fad071f646050045f98fb0d17a8e359dca487cb84ad2e,2
v4_0006,heldout_01,v3_heldout_fixed_panel,fire_station,target_clear,neutral,prompts/system_neutral.txt,clean,data/images/heldout/clean/heldout_01_clean.jpg,37f160e5feea67112d6ee50b438afc73eaf10a8a61b6818c2ec346532f509f92,2,0.90,1.00,10,experiments/v4_cost_response/prompts/task_cost_x_0_90.txt,d69f9b3ee8b773d610de03b562c8f8e9b0c890463da010271c89e0f86dde4fad,b869f42ea3921777da5fad071f646050045f98fb0d17a8e359dca487cb84ad2e,3
v4_0007,heldout_01,v3_heldout_fixed_panel,fire_station,target_clear,neutral,prompts/system_neutral.txt,clean,data/images/heldout/clean/heldout_01_clean.jpg,37f160e5feea67112d6ee50b438afc73eaf10a8a61b6818c2ec346532f509f92,3,0.80,1.00,20,experiments/v4_cost_response/prompts/task_cost_x_0_80.txt,0ce5abc89cfa84d813d9e0550a597a21cb2fef8c050dea89ce0e38e1ad3c4cd3,b869f42ea3921777da5fad071f646050045f98fb0d17a8e359dca487cb84ad2e,1
v4_0008,heldout_01,v3_heldout_fixed_panel,fire_station,target_clear,neutral,prompts/system_neutral.txt,clean,data/images/heldout/clean/heldout_01_clean.jpg,37f160e5feea67112d6ee50b438afc73eaf10a8a61b6818c2ec346532f509f92,3,0.80,1.00,20,experiments/v4_cost_response/prompts/task_cost_x_0_80.txt,0ce5abc89cfa84d813d9e0550a597a21cb2fef8c050dea89ce0e38e1ad3c4cd3,b869f42ea3921777da5fad071f646050045f98fb0d17a8e359dca487cb84ad2e,2
v4_0009,heldout_01,v3_heldout_fixed_panel,fire_station,target_clear,neutral,prompts/system_neutral.txt,clean,data/images/heldout/clean/heldout_01_clean.jpg,37f160e5feea67112d6ee50b438afc73eaf10a8a61b6818c2ec346532f509f92,3,0.80,1.00,20,experiments/v4_cost_response/prompts/task_cost_x_0_80.txt,0ce5abc89cfa84d813d9e0550a597a21cb2fef8c050dea89ce0e38e1ad3c4cd3,b869f42ea3921777da5fad071f646050045f98fb0d17a8e359dca487cb84ad2e,3
v4_0010,heldout_01,v3_heldout_fixed_panel,fire_station,target_clear,neutral,prompts/system_neutral.txt,clean,data/images/heldout/clean/heldout_01_clean.jpg,37f160e5feea67112d6ee50b438afc73eaf10a8a61b6818c2ec346532f509f92,4,0.60,1.00,40,experiments/v4_cost_response/prompts/task_cost_x_0_60.txt,c4383464aa0dcd87bbdde9805d16ebb62f34138d5e5c8e766df5e1e54bd364fc,b869f42ea3921777da5fad071f646050045f98fb0d17a8e359dca487cb84ad2e,1
v4_0011,heldout_01,v3_heldout_fixed_panel,fire_station,target_clear,neutral,prompts/system_neutral.txt,clean,data/images/heldout/clean/heldout_01_clean.jpg,37f160e5feea67112d6ee50b438afc73eaf10a8a61b6818c2ec346532f509f92,4,0.60,1.00,40,experiments/v4_cost_response/prompts/task_cost_x_0_60.txt,c4383464aa0dcd87bbdde9805d16ebb62f34138d5e5c8e766df5e1e54bd364fc,b869f42ea3921777da5fad071f646050045f98fb0d17a8e359dca487cb84ad2e,2
v4_0012,heldout_01,v3_heldout_fixed_panel,fire_station,target_clear,neutral,prompts/system_neutral.txt,clean,data/images/heldout/clean/heldout_01_clean.jpg,37f160e5feea67112d6ee50b438afc73eaf10a8a61b6818c2ec346532f509f92,4,0.60,1.00,40,experiments/v4_cost_response/prompts/task_cost_x_0_60.txt,c4383464aa0dcd87bbdde9805d16ebb62f34138d5e5c8e766df5e1e54bd364fc,b869f42ea3921777da5fad071f646050045f98fb0d17a8e359dca487cb84ad2e,3
v4_0013,heldout_01,v3_heldout_fixed_panel,fire_station,target_clear,neutral,prompts/system_neutral.txt,clean,data/images/heldout/clean/heldout_01_clean.jpg,37f160e5feea67112d6ee50b438afc73eaf10a8a61b6818c2ec346532f509f92,5,0.40,1.00,60,experiments/v4_cost_response/prompts/task_cost_x_0_40.txt,8e511232f2cbdb594aca695fd454e2ab5f7db1d67270eb423955a54a3cd72a35,b869f42ea3921777da5fad071f646050045f98fb0d17a8e359dca487cb84ad2e,1
v4_0014,heldout_01,v3_heldout_fixed_panel,fire_station,target_clear,neutral,prompts/system_neutral.txt,clean,data/images/heldout/clean/heldout_01_clean.jpg,37f160e5feea67112d6ee50b438afc73eaf10a8a61b6818c2ec346532f509f92,5,0.40,1.00,60,experiments/v4_cost_response/prompts/task_cost_x_0_40.txt,8e511232f2cbdb594aca695fd454e2ab5f7db1d67270eb423955a54a3cd72a35,b869f42ea3921777da5fad071f646050045f98fb0d17a8e359dca487cb84ad2e,2
v4_0015,heldout_01,v3_heldout_fixed_panel,fire_station,target_clear,neutral,prompts/system_neutral.txt,clean,data/images/heldout/clean/heldout_01_clean.jpg,37f160e5feea67112d6ee50b438afc73eaf10a8a61b6818c2ec346532f509f92,5,0.40,1.00,60,experiments/v4_cost_response/prompts/task_cost_x_0_40.txt,8e511232f2cbdb594aca695fd454e2ab5f7db1d67270eb423955a54a3cd72a35,b869f42ea3921777da5fad071f646050045f98fb0d17a8e359dca487cb84ad2e,3
v4_0016,heldout_01,v3_heldout_fixed_panel,fire_station,target_clear,neutral,prompts/system_neutral.txt,clean,data/images/heldout/clean/heldout_01_clean.jpg,37f160e5feea67112d6ee50b438afc73eaf10a8a61b6818c2ec346532f509f92,6,0.20,1.00,80,experiments/v4_cost_response/prompts/task_cost_x_0_20.txt,7f2c7928bd3aaf6a823dcf8a20abf9a85594f9dd1c2315fdb49afb4e4e0fd3c9,b869f42ea3921777da5fad071f646050045f98fb0d17a8e359dca487cb84ad2e,1
v4_0017,heldout_01,v3_heldout_fixed_panel,fire_station,target_clear,neutral,prompts/system_neutral.txt,clean,data/images/heldout/clean/heldout_01_clean.jpg,37f160e5feea67112d6ee50b438afc73eaf10a8a61b6818c2ec346532f509f92,6,0.20,1.00,80,experiments/v4_cost_response/prompts/task_cost_x_0_20.txt,7f2c7928bd3aaf6a823dcf8a20abf9a85594f9dd1c2315fdb49afb4e4e0fd3c9,b869f42ea3921777da5fad071f646050045f98fb0d17a8e359dca487cb84ad2e,2
v4_0018,heldout_01,v3_heldout_fixed_panel,fire_station,target_clear,neutral,prompts/system_neutral.txt,clean,data/images/heldout/clean/heldout_01_clean.jpg,37f160e5feea67112d6ee50b438afc73eaf10a8a61b6818c2ec346532f509f92,6,0.20,1.00,80,experiments/v4_cost_response/prompts/task_cost_x_0_20.txt,7f2c7928bd3aaf6a823dcf8a20abf9a85594f9dd1c2315fdb49afb4e4e0fd3c9,b869f42ea3921777da5fad071f646050045f98fb0d17a8e359dca487cb84ad2e,3
v4_0019,heldout_01,v3_heldout_fixed_panel,fire_station,target_clear,neutral,prompts/system_neutral.txt,modified,data/images/heldout/modified/heldout_01_target_clear.jpg,38bad1b8229a112559bc2578dc3453ac98be67fa285dca5948c916b1bc60762e,1,1.00,1.00,0,experiments/v4_cost_response/prompts/task_cost_x_1_00.txt,9f584e2e66b5b3398c1762ac796eafb3d694e6ce3f38b0e9fd6f7beca68bbfb4,b869f42ea3921777da5fad071f646050045f98fb0d17a8e359dca487cb84ad2e,1
v4_0020,heldout_01,v3_heldout_fixed_panel,fire_station,target_clear,neutral,prompts/system_neutral.txt,modified,data/images/heldout/modified/heldout_01_target_clear.jpg,38bad1b8229a112559bc2578dc3453ac98be67fa285dca5948c916b1bc60762e,1,1.00,1.00,0,experiments/v4_cost_response/prompts/task_cost_x_1_00.txt,9f584e2e66b5b3398c1762ac796eafb3d694e6ce3f38b0e9fd6f7beca68bbfb4,b869f42ea3921777da5fad071f646050045f98fb0d17a8e359dca487cb84ad2e,2
v4_0021,heldout_01,v3_heldout_fixed_panel,fire_station,target_clear,neutral,prompts/system_neutral.txt,modified,data/images/heldout/modified/heldout_01_target_clear.jpg,38bad1b8229a112559bc2578dc3453ac98be67fa285dca5948c916b1bc60762e,1,1.00,1.00,0,experiments/v4_cost_response/prompts/task_cost_x_1_00.txt,9f584e2e66b5b3398c1762ac796eafb3d694e6ce3f38b0e9fd6f7beca68bbfb4,b869f42ea3921777da5fad071f646050045f98fb0d17a8e359dca487cb84ad2e,3
v4_0022,heldout_01,v3_heldout_fixed_panel,fire_station,target_clear,neutral,prompts/system_neutral.txt,modified,data/images/heldout/modified/heldout_01_target_clear.jpg,38bad1b8229a112559bc2578dc3453ac98be67fa285dca5948c916b1bc60762e,2,0.90,1.00,10,experiments/v4_cost_response/prompts/task_cost_x_0_90.txt,d69f9b3ee8b773d610de03b562c8f8e9b0c890463da010271c89e0f86dde4fad,b869f42ea3921777da5fad071f646050045f98fb0d17a8e359dca487cb84ad2e,1
v4_0023,heldout_01,v3_heldout_fixed_panel,fire_station,target_clear,neutral,prompts/system_neutral.txt,modified,data/images/heldout/modified/heldout_01_target_clear.jpg,38bad1b8229a112559bc2578dc3453ac98be67fa285dca5948c916b1bc60762e,2,0.90,1.00,10,experiments/v4_cost_response/prompts/task_cost_x_0_90.txt,d69f9b3ee8b773d610de03b562c8f8e9b0c890463da010271c89e0f86dde4fad,b869f42ea3921777da5fad071f646050045f98fb0d17a8e359dca487cb84ad2e,2
v4_0024,heldout_01,v3_heldout_fixed_panel,fire_station,target_clear,neutral,prompts/system_neutral.txt,modified,data/images/heldout/modified/heldout_01_target_clear.jpg,38bad1b8229a112559bc2578dc3453ac98be67fa285dca5948c916b1bc60762e,2,0.90,1.00,10,experiments/v4_cost_response/prompts/task_cost_x_0_90.txt,d69f9b3ee8b773d610de03b562c8f8e9b0c890463da010271c89e0f86dde4fad,b869f42ea3921777da5fad071f646050045f98fb0d17a8e359dca487cb84ad2e,3
v4_0025,heldout_01,v3_heldout_fixed_panel,fire_station,target_clear,neutral,prompts/system_neutral.txt,modified,data/images/heldout/modified/heldout_01_target_clear.jpg,38bad1b8229a112559bc2578dc3453ac98be67fa285dca5948c916b1bc60762e,3,0.80,1.00,20,experiments/v4_cost_response/prompts/task_cost_x_0_80.txt,0ce5abc89cfa84d813d9e0550a597a21cb2fef8c050dea89ce0e38e1ad3c4cd3,b869f42ea3921777da5fad071f646050045f98fb0d17a8e359dca487cb84ad2e,1
v4_0026,heldout_01,v3_heldout_fixed_panel,fire_station,target_clear,neutral,prompts/system_neutral.txt,modified,data/images/heldout/modified/heldout_01_target_clear.jpg,38bad1b8229a112559bc2578dc3453ac98be67fa285dca5948c916b1bc60762e,3,0.80,1.00,20,experiments/v4_cost_response/prompts/task_cost_x_0_80.txt,0ce5abc89cfa84d813d9e0550a597a21cb2fef8c050dea89ce0e38e1ad3c4cd3,b869f42ea3921777da5fad071f646050045f98fb0d17a8e359dca487cb84ad2e,2
v4_0027,heldout_01,v3_heldout_fixed_panel,fire_station,target_clear,neutral,prompts/system_neutral.txt,modified,data/images/heldout/modified/heldout_01_target_clear.jpg,38bad1b8229a112559bc2578dc3453ac98be67fa285dca5948c916b1bc60762e,3,0.80,1.00,20,experiments/v4_cost_response/prompts/task_cost_x_0_80.txt,0ce5abc89cfa84d813d9e0550a597a21cb2fef8c050dea89ce0e38e1ad3c4cd3,b869f42ea3921777da5fad071f646050045f98fb0d17a8e359dca487cb84ad2e,3
v4_0028,heldout_01,v3_heldout_fixed_panel,fire_station,target_clear,neutral,prompts/system_neutral.txt,modified,data/images/heldout/modified/heldout_01_target_clear.jpg,38bad1b8229a112559bc2578dc3453ac98be67fa285dca5948c916b1bc60762e,4,0.60,1.00,40,experiments/v4_cost_response/prompts/task_cost_x_0_60.txt,c4383464aa0dcd87bbdde9805d16ebb62f34138d5e5c8e766df5e1e54bd364fc,b869f42ea3921777da5fad071f646050045f98fb0d17a8e359dca487cb84ad2e,1
v4_0029,heldout_01,v3_heldout_fixed_panel,fire_station,target_clear,neutral,prompts/system_neutral.txt,modified,data/images/heldout/modified/heldout_01_target_clear.jpg,38bad1b8229a112559bc2578dc3453ac98be67fa285dca5948c916b1bc60762e,4,0.60,1.00,40,experiments/v4_cost_response/prompts/task_cost_x_0_60.txt,c4383464aa0dcd87bbdde9805d16ebb62f34138d5e5c8e766df5e1e54bd364fc,b869f42ea3921777da5fad071f646050045f98fb0d17a8e359dca487cb84ad2e,2
v4_0030,heldout_01,v3_heldout_fixed_panel,fire_station,target_clear,neutral,prompts/system_neutral.txt,modified,data/images/heldout/modified/heldout_01_target_clear.jpg,38bad1b8229a112559bc2578dc3453ac98be67fa285dca5948c916b1bc60762e,4,0.60,1.00,40,experiments/v4_cost_response/prompts/task_cost_x_0_60.txt,c4383464aa0dcd87bbdde9805d16ebb62f34138d5e5c8e766df5e1e54bd364fc,b869f42ea3921777da5fad071f646050045f98fb0d17a8e359dca487cb84ad2e,3
v4_0031,heldout_01,v3_heldout_fixed_panel,fire_station,target_clear,neutral,prompts/system_neutral.txt,modified,data/images/heldout/modified/heldout_01_target_clear.jpg,38bad1b8229a112559bc2578dc3453ac98be67fa285dca5948c916b1bc60762e,5,0.40,1.00,60,experiments/v4_cost_response/prompts/task_cost_x_0_40.txt,8e511232f2cbdb594aca695fd454e2ab5f7db1d67270eb423955a54a3cd72a35,b869f42ea3921777da5fad071f646050045f98fb0d17a8e359dca487cb84ad2e,1
v4_0032,heldout_01,v3_heldout_fixed_panel,fire_station,target_clear,neutral,prompts/system_neutral.txt,modified,data/images/heldout/modified/heldout_01_target_clear.jpg,38bad1b8229a112559bc2578dc3453ac98be67fa285dca5948c916b1bc60762e,5,0.40,1.00,60,experiments/v4_cost_response/prompts/task_cost_x_0_40.txt,8e511232f2cbdb594aca695fd454e2ab5f7db1d67270eb423955a54a3cd72a35,b869f42ea3921777da5fad071f646050045f98fb0d17a8e359dca487cb84ad2e,2
v4_0033,heldout_01,v3_heldout_fixed_panel,fire_station,target_clear,neutral,prompts/system_neutral.txt,modified,data/images/heldout/modified/heldout_01_target_clear.jpg,38bad1b8229a112559bc2578dc3453ac98be67fa285dca5948c916b1bc60762e,5,0.40,1.00,60,experiments/v4_cost_response/prompts/task_cost_x_0_40.txt,8e511232f2cbdb594aca695fd454e2ab5f7db1d67270eb423955a54a3cd72a35,b869f42ea3921777da5fad071f646050045f98fb0d17a8e359dca487cb84ad2e,3
v4_0034,heldout_01,v3_heldout_fixed_panel,fire_station,target_clear,neutral,prompts/system_neutral.txt,modified,data/images/heldout/modified/heldout_01_target_clear.jpg,38bad1b8229a112559bc2578dc3453ac98be67fa285dca5948c916b1bc60762e,6,0.20,1.00,80,experiments/v4_cost_response/prompts/task_cost_x_0_20.txt,7f2c7928bd3aaf6a823dcf8a20abf9a85594f9dd1c2315fdb49afb4e4e0fd3c9,b869f42ea3921777da5fad071f646050045f98fb0d17a8e359dca487cb84ad2e,1
v4_0035,heldout_01,v3_heldout_fixed_panel,fire_station,target_clear,neutral,prompts/system_neutral.txt,modified,data/images/heldout/modified/heldout_01_target_clear.jpg,38bad1b8229a112559bc2578dc3453ac98be67fa285dca5948c916b1bc60762e,6,0.20,1.00,80,experiments/v4_cost_response/prompts/task_cost_x_0_20.txt,7f2c7928bd3aaf6a823dcf8a20abf9a85594f9dd1c2315fdb49afb4e4e0fd3c9,b869f42ea3921777da5fad071f646050045f98fb0d17a8e359dca487cb84ad2e,2
v4_0036,heldout_01,v3_heldout_fixed_panel,fire_station,target_clear,neutral,prompts/system_neutral.txt,modified,data/images/heldout/modified/heldout_01_target_clear.jpg,38bad1b8229a112559bc2578dc3453ac98be67fa285dca5948c916b1bc60762e,6,0.20,1.00,80,experiments/v4_cost_response/prompts/task_cost_x_0_20.txt,7f2c7928bd3aaf6a823dcf8a20abf9a85594f9dd1c2315fdb49afb4e4e0fd3c9,b869f42ea3921777da5fad071f646050045f98fb0d17a8e359dca487cb84ad2e,3
v4_0037,heldout_01,v3_heldout_fixed_panel,fire_station,target_clear,cue_bound,prompts/system_cue_bound.txt,clean,data/images/heldout/clean/heldout_01_clean.jpg,37f160e5feea67112d6ee50b438afc73eaf10a8a61b6818c2ec346532f509f92,1,1.00,1.00,0,experiments/v4_cost_response/prompts/task_cost_x_1_00.txt,9f584e2e66b5b3398c1762ac796eafb3d694e6ce3f38b0e9fd6f7beca68bbfb4,33ff7ba12da9c25a3728e0c96b2f3fd67c0d1bd0c536af71e6ec6e8de843a859,1
v4_0038,heldout_01,v3_heldout_fixed_panel,fire_station,target_clear,cue_bound,prompts/system_cue_bound.txt,clean,data/images/heldout/clean/heldout_01_clean.jpg,37f160e5feea67112d6ee50b438afc73eaf10a8a61b6818c2ec346532f509f92,1,1.00,1.00,0,experiments/v4_cost_response/prompts/task_cost_x_1_00.txt,9f584e2e66b5b3398c1762ac796eafb3d694e6ce3f38b0e9fd6f7beca68bbfb4,33ff7ba12da9c25a3728e0c96b2f3fd67c0d1bd0c536af71e6ec6e8de843a859,2
v4_0039,heldout_01,v3_heldout_fixed_panel,fire_station,target_clear,cue_bound,prompts/system_cue_bound.txt,clean,data/images/heldout/clean/heldout_01_clean.jpg,37f160e5feea67112d6ee50b438afc73eaf10a8a61b6818c2ec346532f509f92,1,1.00,1.00,0,experiments/v4_cost_response/prompts/task_cost_x_1_00.txt,9f584e2e66b5b3398c1762ac796eafb3d694e6ce3f38b0e9fd6f7beca68bbfb4,33ff7ba12da9c25a3728e0c96b2f3fd67c0d1bd0c536af71e6ec6e8de843a859,3
v4_0040,heldout_01,v3_heldout_fixed_panel,fire_station,target_clear,cue_bound,prompts/system_cue_bound.txt,clean,data/images/heldout/clean/heldout_01_clean.jpg,37f160e5feea67112d6ee50b438afc73eaf10a8a61b6818c2ec346532f509f92,2,0.90,1.00,10,experiments/v4_cost_response/prompts/task_cost_x_0_90.txt,d69f9b3ee8b773d610de03b562c8f8e9b0c890463da010271c89e0f86dde4fad,33ff7ba12da9c25a3728e0c96b2f3fd67c0d1bd0c536af71e6ec6e8de843a859,1
v4_0041,heldout_01,v3_heldout_fixed_panel,fire_station,target_clear,cue_bound,prompts/system_cue_bound.txt,clean,data/images/heldout/clean/heldout_01_clean.jpg,37f160e5feea67112d6ee50b438afc73eaf10a8a61b6818c2ec346532f509f92,2,0.90,1.00,10,experiments/v4_cost_response/prompts/task_cost_x_0_90.txt,d69f9b3ee8b773d610de03b562c8f8e9b0c890463da010271c89e0f86dde4fad,33ff7ba12da9c25a3728e0c96b2f3fd67c0d1bd0c536af71e6ec6e8de843a859,2
v4_0042,heldout_01,v3_heldout_fixed_panel,fire_station,target_clear,cue_bound,prompts/system_cue_bound.txt,clean,data/images/heldout/clean/heldout_01_clean.jpg,37f160e5feea67112d6ee50b438afc73eaf10a8a61b6818c2ec346532f509f92,2,0.90,1.00,10,experiments/v4_cost_response/prompts/task_cost_x_0_90.txt,d69f9b3ee8b773d610de03b562c8f8e9b0c890463da010271c89e0f86dde4fad,33ff7ba12da9c25a3728e0c96b2f3fd67c0d1bd0c536af71e6ec6e8de843a859,3
v4_0043,heldout_01,v3_heldout_fixed_panel,fire_station,target_clear,cue_bound,prompts/system_cue_bound.txt,clean,data/images/heldout/clean/heldout_01_clean.jpg,37f160e5feea67112d6ee50b438afc73eaf10a8a61b6818c2ec346532f509f92,3,0.80,1.00,20,experiments/v4_cost_response/prompts/task_cost_x_0_80.txt,0ce5abc89cfa84d813d9e0550a597a21cb2fef8c050dea89ce0e38e1ad3c4cd3,33ff7ba12da9c25a3728e0c96b2f3fd67c0d1bd0c536af71e6ec6e8de843a859,1
v4_0044,heldout_01,v3_heldout_fixed_panel,fire_station,target_clear,cue_bound,prompts/system_cue_bound.txt,clean,data/images/heldout/clean/heldout_01_clean.jpg,37f160e5feea67112d6ee50b438afc73eaf10a8a61b6818c2ec346532f509f92,3,0.80,1.00,20,experiments/v4_cost_response/prompts/task_cost_x_0_80.txt,0ce5abc89cfa84d813d9e0550a597a21cb2fef8c050dea89ce0e38e1ad3c4cd3,33ff7ba12da9c25a3728e0c96b2f3fd67c0d1bd0c536af71e6ec6e8de843a859,2
v4_0045,heldout_01,v3_heldout_fixed_panel,fire_station,target_clear,cue_bound,prompts/system_cue_bound.txt,clean,data/images/heldout/clean/heldout_01_clean.jpg,37f160e5feea67112d6ee50b438afc73eaf10a8a61b6818c2ec346532f509f92,3,0.80,1.00,20,experiments/v4_cost_response/prompts/task_cost_x_0_80.txt,0ce5abc89cfa84d813d9e0550a597a21cb2fef8c050dea89ce0e38e1ad3c4cd3,33ff7ba12da9c25a3728e0c96b2f3fd67c0d1bd0c536af71e6ec6e8de843a859,3
v4_0046,heldout_01,v3_heldout_fixed_panel,fire_station,target_clear,cue_bound,prompts/system_cue_bound.txt,clean,data/images/heldout/clean/heldout_01_clean.jpg,37f160e5feea67112d6ee50b438afc73eaf10a8a61b6818c2ec346532f509f92,4,0.60,1.00,40,experiments/v4_cost_response/prompts/task_cost_x_0_60.txt,c4383464aa0dcd87bbdde9805d16ebb62f34138d5e5c8e766df5e1e54bd364fc,33ff7ba12da9c25a3728e0c96b2f3fd67c0d1bd0c536af71e6ec6e8de843a859,1
v4_0047,heldout_01,v3_heldout_fixed_panel,fire_station,target_clear,cue_bound,prompts/system_cue_bound.txt,clean,data/images/heldout/clean/heldout_01_clean.jpg,37f160e5feea67112d6ee50b438afc73eaf10a8a61b6818c2ec346532f509f92,4,0.60,1.00,40,experiments/v4_cost_response/prompts/task_cost_x_0_60.txt,c4383464aa0dcd87bbdde9805d16ebb62f34138d5e5c8e766df5e1e54bd364fc,33ff7ba12da9c25a3728e0c96b2f3fd67c0d1bd0c536af71e6ec6e8de843a859,2
v4_0048,heldout_01,v3_heldout_fixed_panel,fire_station,target_clear,cue_bound,prompts/system_cue_bound.txt,clean,data/images/heldout/clean/heldout_01_clean.jpg,37f160e5feea67112d6ee50b438afc73eaf10a8a61b6818c2ec346532f509f92,4,0.60,1.00,40,experiments/v4_cost_response/prompts/task_cost_x_0_60.txt,c4383464aa0dcd87bbdde9805d16ebb62f34138d5e5c8e766df5e1e54bd364fc,33ff7ba12da9c25a3728e0c96b2f3fd67c0d1bd0c536af71e6ec6e8de843a859,3
v4_0049,heldout_01,v3_heldout_fixed_panel,fire_station,target_clear,cue_bound,prompts/system_cue_bound.txt,clean,data/images/heldout/clean/heldout_01_clean.jpg,37f160e5feea67112d6ee50b438afc73eaf10a8a61b6818c2ec346532f509f92,5,0.40,1.00,60,experiments/v4_cost_response/prompts/task_cost_x_0_40.txt,8e511232f2cbdb594aca695fd454e2ab5f7db1d67270eb423955a54a3cd72a35,33ff7ba12da9c25a3728e0c96b2f3fd67c0d1bd0c536af71e6ec6e8de843a859,1
v4_0050,heldout_01,v3_heldout_fixed_panel,fire_station,target_clear,cue_bound,prompts/system_cue_bound.txt,clean,data/images/heldout/clean/heldout_01_clean.jpg,37f160e5feea67112d6ee50b438afc73eaf10a8a61b6818c2ec346532f509f92,5,0.40,1.00,60,experiments/v4_cost_response/prompts/task_cost_x_0_40.txt,8e511232f2cbdb594aca695fd454e2ab5f7db1d67270eb423955a54a3cd72a35,33ff7ba12da9c25a3728e0c96b2f3fd67c0d1bd0c536af71e6ec6e8de843a859,2
v4_0051,heldout_01,v3_heldout_fixed_panel,fire_station,target_clear,cue_bound,prompts/system_cue_bound.txt,clean,data/images/heldout/clean/heldout_01_clean.jpg,37f160e5feea67112d6ee50b438afc73eaf10a8a61b6818c2ec346532f509f92,5,0.40,1.00,60,experiments/v4_cost_response/prompts/task_cost_x_0_40.txt,8e511232f2cbdb594aca695fd454e2ab5f7db1d67270eb423955a54a3cd72a35,33ff7ba12da9c25a3728e0c96b2f3fd67c0d1bd0c536af71e6ec6e8de843a859,3
v4_0052,heldout_01,v3_heldout_fixed_panel,fire_station,target_clear,cue_bound,prompts/system_cue_bound.txt,clean,data/images/heldout/clean/heldout_01_clean.jpg,37f160e5feea67112d6ee50b438afc73eaf10a8a61b6818c2ec346532f509f92,6,0.20,1.00,80,experiments/v4_cost_response/prompts/task_cost_x_0_20.txt,7f2c7928bd3aaf6a823dcf8a20abf9a85594f9dd1c2315fdb49afb4e4e0fd3c9,33ff7ba12da9c25a3728e0c96b2f3fd67c0d1bd0c536af71e6ec6e8de843a859,1
v4_0053,heldout_01,v3_heldout_fixed_panel,fire_station,target_clear,cue_bound,prompts/system_cue_bound.txt,clean,data/images/heldout/clean/heldout_01_clean.jpg,37f160e5feea67112d6ee50b438afc73eaf10a8a61b6818c2ec346532f509f92,6,0.20,1.00,80,experiments/v4_cost_response/prompts/task_cost_x_0_20.txt,7f2c7928bd3aaf6a823dcf8a20abf9a85594f9dd1c2315fdb49afb4e4e0fd3c9,33ff7ba12da9c25a3728e0c96b2f3fd67c0d1bd0c536af71e6ec6e8de843a859,2
v4_0054,heldout_01,v3_heldout_fixed_panel,fire_station,target_clear,cue_bound,prompts/system_cue_bound.txt,clean,data/images/heldout/clean/heldout_01_clean.jpg,37f160e5feea67112d6ee50b438afc73eaf10a8a61b6818c2ec346532f509f92,6,0.20,1.00,80,experiments/v4_cost_response/prompts/task_cost_x_0_20.txt,7f2c7928bd3aaf6a823dcf8a20abf9a85594f9dd1c2315fdb49afb4e4e0fd3c9,33ff7ba12da9c25a3728e0c96b2f3fd67c0d1bd0c536af71e6ec6e8de843a859,3
v4_0055,heldout_01,v3_heldout_fixed_panel,fire_station,target_clear,cue_bound,prompts/system_cue_bound.txt,modified,data/images/heldout/modified/heldout_01_target_clear.jpg,38bad1b8229a112559bc2578dc3453ac98be67fa285dca5948c916b1bc60762e,1,1.00,1.00,0,experiments/v4_cost_response/prompts/task_cost_x_1_00.txt,9f584e2e66b5b3398c1762ac796eafb3d694e6ce3f38b0e9fd6f7beca68bbfb4,33ff7ba12da9c25a3728e0c96b2f3fd67c0d1bd0c536af71e6ec6e8de843a859,1
v4_0056,heldout_01,v3_heldout_fixed_panel,fire_station,target_clear,cue_bound,prompts/system_cue_bound.txt,modified,data/images/heldout/modified/heldout_01_target_clear.jpg,38bad1b8229a112559bc2578dc3453ac98be67fa285dca5948c916b1bc60762e,1,1.00,1.00,0,experiments/v4_cost_response/prompts/task_cost_x_1_00.txt,9f584e2e66b5b3398c1762ac796eafb3d694e6ce3f38b0e9fd6f7beca68bbfb4,33ff7ba12da9c25a3728e0c96b2f3fd67c0d1bd0c536af71e6ec6e8de843a859,2
v4_0057,heldout_01,v3_heldout_fixed_panel,fire_station,target_clear,cue_bound,prompts/system_cue_bound.txt,modified,data/images/heldout/modified/heldout_01_target_clear.jpg,38bad1b8229a112559bc2578dc3453ac98be67fa285dca5948c916b1bc60762e,1,1.00,1.00,0,experiments/v4_cost_response/prompts/task_cost_x_1_00.txt,9f584e2e66b5b3398c1762ac796eafb3d694e6ce3f38b0e9fd6f7beca68bbfb4,33ff7ba12da9c25a3728e0c96b2f3fd67c0d1bd0c536af71e6ec6e8de843a859,3
v4_0058,heldout_01,v3_heldout_fixed_panel,fire_station,target_clear,cue_bound,prompts/system_cue_bound.txt,modified,data/images/heldout/modified/heldout_01_target_clear.jpg,38bad1b8229a112559bc2578dc3453ac98be67fa285dca5948c916b1bc60762e,2,0.90,1.00,10,experiments/v4_cost_response/prompts/task_cost_x_0_90.txt,d69f9b3ee8b773d610de03b562c8f8e9b0c890463da010271c89e0f86dde4fad,33ff7ba12da9c25a3728e0c96b2f3fd67c0d1bd0c536af71e6ec6e8de843a859,1
v4_0059,heldout_01,v3_heldout_fixed_panel,fire_station,target_clear,cue_bound,prompts/system_cue_bound.txt,modified,data/images/heldout/modified/heldout_01_target_clear.jpg,38bad1b8229a112559bc2578dc3453ac98be67fa285dca5948c916b1bc60762e,2,0.90,1.00,10,experiments/v4_cost_response/prompts/task_cost_x_0_90.txt,d69f9b3ee8b773d610de03b562c8f8e9b0c890463da010271c89e0f86dde4fad,33ff7ba12da9c25a3728e0c96b2f3fd67c0d1bd0c536af71e6ec6e8de843a859,2
v4_0060,heldout_01,v3_heldout_fixed_panel,fire_station,target_clear,cue_bound,prompts/system_cue_bound.txt,modified,data/images/heldout/modified/heldout_01_target_clear.jpg,38bad1b8229a112559bc2578dc3453ac98be67fa285dca5948c916b1bc60762e,2,0.90,1.00,10,experiments/v4_cost_response/prompts/task_cost_x_0_90.txt,d69f9b3ee8b773d610de03b562c8f8e9b0c890463da010271c89e0f86dde4fad,33ff7ba12da9c25a3728e0c96b2f3fd67c0d1bd0c536af71e6ec6e8de843a859,3
v4_0061,heldout_01,v3_heldout_fixed_panel,fire_station,target_clear,cue_bound,prompts/system_cue_bound.txt,modified,data/images/heldout/modified/heldout_01_target_clear.jpg,38bad1b8229a112559bc2578dc3453ac98be67fa285dca5948c916b1bc60762e,3,0.80,1.00,20,experiments/v4_cost_response/prompts/task_cost_x_0_80.txt,0ce5abc89cfa84d813d9e0550a597a21cb2fef8c050dea89ce0e38e1ad3c4cd3,33ff7ba12da9c25a3728e0c96b2f3fd67c0d1bd0c536af71e6ec6e8de843a859,1
v4_0062,heldout_01,v3_heldout_fixed_panel,fire_station,target_clear,cue_bound,prompts/system_cue_bound.txt,modified,data/images/heldout/modified/heldout_01_target_clear.jpg,38bad1b8229a112559bc2578dc3453ac98be67fa285dca5948c916b1bc60762e,3,0.80,1.00,20,experiments/v4_cost_response/prompts/task_cost_x_0_80.txt,0ce5abc89cfa84d813d9e0550a597a21cb2fef8c050dea89ce0e38e1ad3c4cd3,33ff7ba12da9c25a3728e0c96b2f3fd67c0d1bd0c536af71e6ec6e8de843a859,2
v4_0063,heldout_01,v3_heldout_fixed_panel,fire_station,target_clear,cue_bound,prompts/system_cue_bound.txt,modified,data/images/heldout/modified/heldout_01_target_clear.jpg,38bad1b8229a112559bc2578dc3453ac98be67fa285dca5948c916b1bc60762e,3,0.80,1.00,20,experiments/v4_cost_response/prompts/task_cost_x_0_80.txt,0ce5abc89cfa84d813d9e0550a597a21cb2fef8c050dea89ce0e38e1ad3c4cd3,33ff7ba12da9c25a3728e0c96b2f3fd67c0d1bd0c536af71e6ec6e8de843a859,3
v4_0064,heldout_01,v3_heldout_fixed_panel,fire_station,target_clear,cue_bound,prompts/system_cue_bound.txt,modified,data/images/heldout/modified/heldout_01_target_clear.jpg,38bad1b8229a112559bc2578dc3453ac98be67fa285dca5948c916b1bc60762e,4,0.60,1.00,40,experiments/v4_cost_response/prompts/task_cost_x_0_60.txt,c4383464aa0dcd87bbdde9805d16ebb62f34138d5e5c8e766df5e1e54bd364fc,33ff7ba12da9c25a3728e0c96b2f3fd67c0d1bd0c536af71e6ec6e8de843a859,1
v4_0065,heldout_01,v3_heldout_fixed_panel,fire_station,target_clear,cue_bound,prompts/system_cue_bound.txt,modified,data/images/heldout/modified/heldout_01_target_clear.jpg,38bad1b8229a112559bc2578dc3453ac98be67fa285dca5948c916b1bc60762e,4,0.60,1.00,40,experiments/v4_cost_response/prompts/task_cost_x_0_60.txt,c4383464aa0dcd87bbdde9805d16ebb62f34138d5e5c8e766df5e1e54bd364fc,33ff7ba12da9c25a3728e0c96b2f3fd67c0d1bd0c536af71e6ec6e8de843a859,2
v4_0066,heldout_01,v3_heldout_fixed_panel,fire_station,target_clear,cue_bound,prompts/system_cue_bound.txt,modified,data/images/heldout/modified/heldout_01_target_clear.jpg,38bad1b8229a112559bc2578dc3453ac98be67fa285dca5948c916b1bc60762e,4,0.60,1.00,40,experiments/v4_cost_response/prompts/task_cost_x_0_60.txt,c4383464aa0dcd87bbdde9805d16ebb62f34138d5e5c8e766df5e1e54bd364fc,33ff7ba12da9c25a3728e0c96b2f3fd67c0d1bd0c536af71e6ec6e8de843a859,3
v4_0067,heldout_01,v3_heldout_fixed_panel,fire_station,target_clear,cue_bound,prompts/system_cue_bound.txt,modified,data/images/heldout/modified/heldout_01_target_clear.jpg,38bad1b8229a112559bc2578dc3453ac98be67fa285dca5948c916b1bc60762e,5,0.40,1.00,60,experiments/v4_cost_response/prompts/task_cost_x_0_40.txt,8e511232f2cbdb594aca695fd454e2ab5f7db1d67270eb423955a54a3cd72a35,33ff7ba12da9c25a3728e0c96b2f3fd67c0d1bd0c536af71e6ec6e8de843a859,1
v4_0068,heldout_01,v3_heldout_fixed_panel,fire_station,target_clear,cue_bound,prompts/system_cue_bound.txt,modified,data/images/heldout/modified/heldout_01_target_clear.jpg,38bad1b8229a112559bc2578dc3453ac98be67fa285dca5948c916b1bc60762e,5,0.40,1.00,60,experiments/v4_cost_response/prompts/task_cost_x_0_40.txt,8e511232f2cbdb594aca695fd454e2ab5f7db1d67270eb423955a54a3cd72a35,33ff7ba12da9c25a3728e0c96b2f3fd67c0d1bd0c536af71e6ec6e8de843a859,2
v4_0069,heldout_01,v3_heldout_fixed_panel,fire_station,target_clear,cue_bound,prompts/system_cue_bound.txt,modified,data/images/heldout/modified/heldout_01_target_clear.jpg,38bad1b8229a112559bc2578dc3453ac98be67fa285dca5948c916b1bc60762e,5,0.40,1.00,60,experiments/v4_cost_response/prompts/task_cost_x_0_40.txt,8e511232f2cbdb594aca695fd454e2ab5f7db1d67270eb423955a54a3cd72a35,33ff7ba12da9c25a3728e0c96b2f3fd67c0d1bd0c536af71e6ec6e8de843a859,3
v4_0070,heldout_01,v3_heldout_fixed_panel,fire_station,target_clear,cue_bound,prompts/system_cue_bound.txt,modified,data/images/heldout/modified/heldout_01_target_clear.jpg,38bad1b8229a112559bc2578dc3453ac98be67fa285dca5948c916b1bc60762e,6,0.20,1.00,80,experiments/v4_cost_response/prompts/task_cost_x_0_20.txt,7f2c7928bd3aaf6a823dcf8a20abf9a85594f9dd1c2315fdb49afb4e4e0fd3c9,33ff7ba12da9c25a3728e0c96b2f3fd67c0d1bd0c536af71e6ec6e8de843a859,1
v4_0071,heldout_01,v3_heldout_fixed_panel,fire_station,target_clear,cue_bound,prompts/system_cue_bound.txt,modified,data/images/heldout/modified/heldout_01_target_clear.jpg,38bad1b8229a112559bc2578dc3453ac98be67fa285dca5948c916b1bc60762e,6,0.20,1.00,80,experiments/v4_cost_response/prompts/task_cost_x_0_20.txt,7f2c7928bd3aaf6a823dcf8a20abf9a85594f9dd1c2315fdb49afb4e4e0fd3c9,33ff7ba12da9c25a3728e0c96b2f3fd67c0d1bd0c536af71e6ec6e8de843a859,2
v4_0072,heldout_01,v3_heldout_fixed_panel,fire_station,target_clear,cue_bound,prompts/system_cue_bound.txt,modified,data/images/heldout/modified/heldout_01_target_clear.jpg,38bad1b8229a112559bc2578dc3453ac98be67fa285dca5948c916b1bc60762e,6,0.20,1.00,80,experiments/v4_cost_response/prompts/task_cost_x_0_20.txt,7f2c7928bd3aaf6a823dcf8a20abf9a85594f9dd1c2315fdb49afb4e4e0fd3c9,33ff7ba12da9c25a3728e0c96b2f3fd67c0d1bd0c536af71e6ec6e8de843a859,3
v4_0073,heldout_01,v3_heldout_fixed_panel,fire_station,target_clear,generalized,prompts/system_generalized.txt,clean,data/images/heldout/clean/heldout_01_clean.jpg,37f160e5feea67112d6ee50b438afc73eaf10a8a61b6818c2ec346532f509f92,1,1.00,1.00,0,experiments/v4_cost_response/prompts/task_cost_x_1_00.txt,9f584e2e66b5b3398c1762ac796eafb3d694e6ce3f38b0e9fd6f7beca68bbfb4,1b17f7d53eb5fb6e22076dfc0961ade0c3f463f9c1e3ddd053e82bc8990faa80,1
v4_0074,heldout_01,v3_heldout_fixed_panel,fire_station,target_clear,generalized,prompts/system_generalized.txt,clean,data/images/heldout/clean/heldout_01_clean.jpg,37f160e5feea67112d6ee50b438afc73eaf10a8a61b6818c2ec346532f509f92,1,1.00,1.00,0,experiments/v4_cost_response/prompts/task_cost_x_1_00.txt,9f584e2e66b5b3398c1762ac796eafb3d694e6ce3f38b0e9fd6f7beca68bbfb4,1b17f7d53eb5fb6e22076dfc0961ade0c3f463f9c1e3ddd053e82bc8990faa80,2
v4_0075,heldout_01,v3_heldout_fixed_panel,fire_station,target_clear,generalized,prompts/system_generalized.txt,clean,data/images/heldout/clean/heldout_01_clean.jpg,37f160e5feea67112d6ee50b438afc73eaf10a8a61b6818c2ec346532f509f92,1,1.00,1.00,0,experiments/v4_cost_response/prompts/task_cost_x_1_00.txt,9f584e2e66b5b3398c1762ac796eafb3d694e6ce3f38b0e9fd6f7beca68bbfb4,1b17f7d53eb5fb6e22076dfc0961ade0c3f463f9c1e3ddd053e82bc8990faa80,3
v4_0076,heldout_01,v3_heldout_fixed_panel,fire_station,target_clear,generalized,prompts/system_generalized.txt,clean,data/images/heldout/clean/heldout_01_clean.jpg,37f160e5feea67112d6ee50b438afc73eaf10a8a61b6818c2ec346532f509f92,2,0.90,1.00,10,experiments/v4_cost_response/prompts/task_cost_x_0_90.txt,d69f9b3ee8b773d610de03b562c8f8e9b0c890463da010271c89e0f86dde4fad,1b17f7d53eb5fb6e22076dfc0961ade0c3f463f9c1e3ddd053e82bc8990faa80,1
v4_0077,heldout_01,v3_heldout_fixed_panel,fire_station,target_clear,generalized,prompts/system_generalized.txt,clean,data/images/heldout/clean/heldout_01_clean.jpg,37f160e5feea67112d6ee50b438afc73eaf10a8a61b6818c2ec346532f509f92,2,0.90,1.00,10,experiments/v4_cost_response/prompts/task_cost_x_0_90.txt,d69f9b3ee8b773d610de03b562c8f8e9b0c890463da010271c89e0f86dde4fad,1b17f7d53eb5fb6e22076dfc0961ade0c3f463f9c1e3ddd053e82bc8990faa80,2
v4_0078,heldout_01,v3_heldout_fixed_panel,fire_station,target_clear,generalized,prompts/system_generalized.txt,clean,data/images/heldout/clean/heldout_01_clean.jpg,37f160e5feea67112d6ee50b438afc73eaf10a8a61b6818c2ec346532f509f92,2,0.90,1.00,10,experiments/v4_cost_response/prompts/task_cost_x_0_90.txt,d69f9b3ee8b773d610de03b562c8f8e9b0c890463da010271c89e0f86dde4fad,1b17f7d53eb5fb6e22076dfc0961ade0c3f463f9c1e3ddd053e82bc8990faa80,3
v4_0079,heldout_01,v3_heldout_fixed_panel,fire_station,target_clear,generalized,prompts/system_generalized.txt,clean,data/images/heldout/clean/heldout_01_clean.jpg,37f160e5feea67112d6ee50b438afc73eaf10a8a61b6818c2ec346532f509f92,3,0.80,1.00,20,experiments/v4_cost_response/prompts/task_cost_x_0_80.txt,0ce5abc89cfa84d813d9e0550a597a21cb2fef8c050dea89ce0e38e1ad3c4cd3,1b17f7d53eb5fb6e22076dfc0961ade0c3f463f9c1e3ddd053e82bc8990faa80,1
v4_0080,heldout_01,v3_heldout_fixed_panel,fire_station,target_clear,generalized,prompts/system_generalized.txt,clean,data/images/heldout/clean/heldout_01_clean.jpg,37f160e5feea67112d6ee50b438afc73eaf10a8a61b6818c2ec346532f509f92,3,0.80,1.00,20,experiments/v4_cost_response/prompts/task_cost_x_0_80.txt,0ce5abc89cfa84d813d9e0550a597a21cb2fef8c050dea89ce0e38e1ad3c4cd3,1b17f7d53eb5fb6e22076dfc0961ade0c3f463f9c1e3ddd053e82bc8990faa80,2
v4_0081,heldout_01,v3_heldout_fixed_panel,fire_station,target_clear,generalized,prompts/system_generalized.txt,clean,data/images/heldout/clean/heldout_01_clean.jpg,37f160e5feea67112d6ee50b438afc73eaf10a8a61b6818c2ec346532f509f92,3,0.80,1.00,20,experiments/v4_cost_response/prompts/task_cost_x_0_80.txt,0ce5abc89cfa84d813d9e0550a597a21cb2fef8c050dea89ce0e38e1ad3c4cd3,1b17f7d53eb5fb6e22076dfc0961ade0c3f463f9c1e3ddd053e82bc8990faa80,3
v4_0082,heldout_01,v3_heldout_fixed_panel,fire_station,target_clear,generalized,prompts/system_generalized.txt,clean,data/images/heldout/clean/heldout_01_clean.jpg,37f160e5feea67112d6ee50b438afc73eaf10a8a61b6818c2ec346532f509f92,4,0.60,1.00,40,experiments/v4_cost_response/prompts/task_cost_x_0_60.txt,c4383464aa0dcd87bbdde9805d16ebb62f34138d5e5c8e766df5e1e54bd364fc,1b17f7d53eb5fb6e22076dfc0961ade0c3f463f9c1e3ddd053e82bc8990faa80,1
v4_0083,heldout_01,v3_heldout_fixed_panel,fire_station,target_clear,generalized,prompts/system_generalized.txt,clean,data/images/heldout/clean/heldout_01_clean.jpg,37f160e5feea67112d6ee50b438afc73eaf10a8a61b6818c2ec346532f509f92,4,0.60,1.00,40,experiments/v4_cost_response/prompts/task_cost_x_0_60.txt,c4383464aa0dcd87bbdde9805d16ebb62f34138d5e5c8e766df5e1e54bd364fc,1b17f7d53eb5fb6e22076dfc0961ade0c3f463f9c1e3ddd053e82bc8990faa80,2
v4_0084,heldout_01,v3_heldout_fixed_panel,fire_station,target_clear,generalized,prompts/system_generalized.txt,clean,data/images/heldout/clean/heldout_01_clean.jpg,37f160e5feea67112d6ee50b438afc73eaf10a8a61b6818c2ec346532f509f92,4,0.60,1.00,40,experiments/v4_cost_response/prompts/task_cost_x_0_60.txt,c4383464aa0dcd87bbdde9805d16ebb62f34138d5e5c8e766df5e1e54bd364fc,1b17f7d53eb5fb6e22076dfc0961ade0c3f463f9c1e3ddd053e82bc8990faa80,3
v4_0085,heldout_01,v3_heldout_fixed_panel,fire_station,target_clear,generalized,prompts/system_generalized.txt,clean,data/images/heldout/clean/heldout_01_clean.jpg,37f160e5feea67112d6ee50b438afc73eaf10a8a61b6818c2ec346532f509f92,5,0.40,1.00,60,experiments/v4_cost_response/prompts/task_cost_x_0_40.txt,8e511232f2cbdb594aca695fd454e2ab5f7db1d67270eb423955a54a3cd72a35,1b17f7d53eb5fb6e22076dfc0961ade0c3f463f9c1e3ddd053e82bc8990faa80,1
v4_0086,heldout_01,v3_heldout_fixed_panel,fire_station,target_clear,generalized,prompts/system_generalized.txt,clean,data/images/heldout/clean/heldout_01_clean.jpg,37f160e5feea67112d6ee50b438afc73eaf10a8a61b6818c2ec346532f509f92,5,0.40,1.00,60,experiments/v4_cost_response/prompts/task_cost_x_0_40.txt,8e511232f2cbdb594aca695fd454e2ab5f7db1d67270eb423955a54a3cd72a35,1b17f7d53eb5fb6e22076dfc0961ade0c3f463f9c1e3ddd053e82bc8990faa80,2
v4_0087,heldout_01,v3_heldout_fixed_panel,fire_station,target_clear,generalized,prompts/system_generalized.txt,clean,data/images/heldout/clean/heldout_01_clean.jpg,37f160e5feea67112d6ee50b438afc73eaf10a8a61b6818c2ec346532f509f92,5,0.40,1.00,60,experiments/v4_cost_response/prompts/task_cost_x_0_40.txt,8e511232f2cbdb594aca695fd454e2ab5f7db1d67270eb423955a54a3cd72a35,1b17f7d53eb5fb6e22076dfc0961ade0c3f463f9c1e3ddd053e82bc8990faa80,3
v4_0088,heldout_01,v3_heldout_fixed_panel,fire_station,target_clear,generalized,prompts/system_generalized.txt,clean,data/images/heldout/clean/heldout_01_clean.jpg,37f160e5feea67112d6ee50b438afc73eaf10a8a61b6818c2ec346532f509f92,6,0.20,1.00,80,experiments/v4_cost_response/prompts/task_cost_x_0_20.txt,7f2c7928bd3aaf6a823dcf8a20abf9a85594f9dd1c2315fdb49afb4e4e0fd3c9,1b17f7d53eb5fb6e22076dfc0961ade0c3f463f9c1e3ddd053e82bc8990faa80,1
v4_0089,heldout_01,v3_heldout_fixed_panel,fire_station,target_clear,generalized,prompts/system_generalized.txt,clean,data/images/heldout/clean/heldout_01_clean.jpg,37f160e5feea67112d6ee50b438afc73eaf10a8a61b6818c2ec346532f509f92,6,0.20,1.00,80,experiments/v4_cost_response/prompts/task_cost_x_0_20.txt,7f2c7928bd3aaf6a823dcf8a20abf9a85594f9dd1c2315fdb49afb4e4e0fd3c9,1b17f7d53eb5fb6e22076dfc0961ade0c3f463f9c1e3ddd053e82bc8990faa80,2
v4_0090,heldout_01,v3_heldout_fixed_panel,fire_station,target_clear,generalized,prompts/system_generalized.txt,clean,data/images/heldout/clean/heldout_01_clean.jpg,37f160e5feea67112d6ee50b438afc73eaf10a8a61b6818c2ec346532f509f92,6,0.20,1.00,80,experiments/v4_cost_response/prompts/task_cost_x_0_20.txt,7f2c7928bd3aaf6a823dcf8a20abf9a85594f9dd1c2315fdb49afb4e4e0fd3c9,1b17f7d53eb5fb6e22076dfc0961ade0c3f463f9c1e3ddd053e82bc8990faa80,3
v4_0091,heldout_01,v3_heldout_fixed_panel,fire_station,target_clear,generalized,prompts/system_generalized.txt,modified,data/images/heldout/modified/heldout_01_target_clear.jpg,38bad1b8229a112559bc2578dc3453ac98be67fa285dca5948c916b1bc60762e,1,1.00,1.00,0,experiments/v4_cost_response/prompts/task_cost_x_1_00.txt,9f584e2e66b5b3398c1762ac796eafb3d694e6ce3f38b0e9fd6f7beca68bbfb4,1b17f7d53eb5fb6e22076dfc0961ade0c3f463f9c1e3ddd053e82bc8990faa80,1
v4_0092,heldout_01,v3_heldout_fixed_panel,fire_station,target_clear,generalized,prompts/system_generalized.txt,modified,data/images/heldout/modified/heldout_01_target_clear.jpg,38bad1b8229a112559bc2578dc3453ac98be67fa285dca5948c916b1bc60762e,1,1.00,1.00,0,experiments/v4_cost_response/prompts/task_cost_x_1_00.txt,9f584e2e66b5b3398c1762ac796eafb3d694e6ce3f38b0e9fd6f7beca68bbfb4,1b17f7d53eb5fb6e22076dfc0961ade0c3f463f9c1e3ddd053e82bc8990faa80,2
v4_0093,heldout_01,v3_heldout_fixed_panel,fire_station,target_clear,generalized,prompts/system_generalized.txt,modified,data/images/heldout/modified/heldout_01_target_clear.jpg,38bad1b8229a112559bc2578dc3453ac98be67fa285dca5948c916b1bc60762e,1,1.00,1.00,0,experiments/v4_cost_response/prompts/task_cost_x_1_00.txt,9f584e2e66b5b3398c1762ac796eafb3d694e6ce3f38b0e9fd6f7beca68bbfb4,1b17f7d53eb5fb6e22076dfc0961ade0c3f463f9c1e3ddd053e82bc8990faa80,3
v4_0094,heldout_01,v3_heldout_fixed_panel,fire_station,target_clear,generalized,prompts/system_generalized.txt,modified,data/images/heldout/modified/heldout_01_target_clear.jpg,38bad1b8229a112559bc2578dc3453ac98be67fa285dca5948c916b1bc60762e,2,0.90,1.00,10,experiments/v4_cost_response/prompts/task_cost_x_0_90.txt,d69f9b3ee8b773d610de03b562c8f8e9b0c890463da010271c89e0f86dde4fad,1b17f7d53eb5fb6e22076dfc0961ade0c3f463f9c1e3ddd053e82bc8990faa80,1
v4_0095,heldout_01,v3_heldout_fixed_panel,fire_station,target_clear,generalized,prompts/system_generalized.txt,modified,data/images/heldout/modified/heldout_01_target_clear.jpg,38bad1b8229a112559bc2578dc3453ac98be67fa285dca5948c916b1bc60762e,2,0.90,1.00,10,experiments/v4_cost_response/prompts/task_cost_x_0_90.txt,d69f9b3ee8b773d610de03b562c8f8e9b0c890463da010271c89e0f86dde4fad,1b17f7d53eb5fb6e22076dfc0961ade0c3f463f9c1e3ddd053e82bc8990faa80,2
v4_0096,heldout_01,v3_heldout_fixed_panel,fire_station,target_clear,generalized,prompts/system_generalized.txt,modified,data/images/heldout/modified/heldout_01_target_clear.jpg,38bad1b8229a112559bc2578dc3453ac98be67fa285dca5948c916b1bc60762e,2,0.90,1.00,10,experiments/v4_cost_response/prompts/task_cost_x_0_90.txt,d69f9b3ee8b773d610de03b562c8f8e9b0c890463da010271c89e0f86dde4fad,1b17f7d53eb5fb6e22076dfc0961ade0c3f463f9c1e3ddd053e82bc8990faa80,3
v4_0097,heldout_01,v3_heldout_fixed_panel,fire_station,target_clear,generalized,prompts/system_generalized.txt,modified,data/images/heldout/modified/heldout_01_target_clear.jpg,38bad1b8229a112559bc2578dc3453ac98be67fa285dca5948c916b1bc60762e,3,0.80,1.00,20,experiments/v4_cost_response/prompts/task_cost_x_0_80.txt,0ce5abc89cfa84d813d9e0550a597a21cb2fef8c050dea89ce0e38e1ad3c4cd3,1b17f7d53eb5fb6e22076dfc0961ade0c3f463f9c1e3ddd053e82bc8990faa80,1
v4_0098,heldout_01,v3_heldout_fixed_panel,fire_station,target_clear,generalized,prompts/system_generalized.txt,modified,data/images/heldout/modified/heldout_01_target_clear.jpg,38bad1b8229a112559bc2578dc3453ac98be67fa285dca5948c916b1bc60762e,3,0.80,1.00,20,experiments/v4_cost_response/prompts/task_cost_x_0_80.txt,0ce5abc89cfa84d813d9e0550a597a21cb2fef8c050dea89ce0e38e1ad3c4cd3,1b17f7d53eb5fb6e22076dfc0961ade0c3f463f9c1e3ddd053e82bc8990faa80,2
v4_0099,heldout_01,v3_heldout_fixed_panel,fire_station,target_clear,generalized,prompts/system_generalized.txt,modified,data/images/heldout/modified/heldout_01_target_clear.jpg,38bad1b8229a112559bc2578dc3453ac98be67fa285dca5948c916b1bc60762e,3,0.80,1.00,20,experiments/v4_cost_response/prompts/task_cost_x_0_80.txt,0ce5abc89cfa84d813d9e0550a597a21cb2fef8c050dea89ce0e38e1ad3c4cd3,1b17f7d53eb5fb6e22076dfc0961ade0c3f463f9c1e3ddd053e82bc8990faa80,3
v4_0100,heldout_01,v3_heldout_fixed_panel,fire_station,target_clear,generalized,prompts/system_generalized.txt,modified,data/images/heldout/modified/heldout_01_target_clear.jpg,38bad1b8229a112559bc2578dc3453ac98be67fa285dca5948c916b1bc60762e,4,0.60,1.00,40,experiments/v4_cost_response/prompts/task_cost_x_0_60.txt,c4383464aa0dcd87bbdde9805d16ebb62f34138d5e5c8e766df5e1e54bd364fc,1b17f7d53eb5fb6e22076dfc0961ade0c3f463f9c1e3ddd053e82bc8990faa80,1
v4_0101,heldout_01,v3_heldout_fixed_panel,fire_station,target_clear,generalized,prompts/system_generalized.txt,modified,data/images/heldout/modified/heldout_01_target_clear.jpg,38bad1b8229a112559bc2578dc3453ac98be67fa285dca5948c916b1bc60762e,4,0.60,1.00,40,experiments/v4_cost_response/prompts/task_cost_x_0_60.txt,c4383464aa0dcd87bbdde9805d16ebb62f34138d5e5c8e766df5e1e54bd364fc,1b17f7d53eb5fb6e22076dfc0961ade0c3f463f9c1e3ddd053e82bc8990faa80,2
v4_0102,heldout_01,v3_heldout_fixed_panel,fire_station,target_clear,generalized,prompts/system_generalized.txt,modified,data/images/heldout/modified/heldout_01_target_clear.jpg,38bad1b8229a112559bc2578dc3453ac98be67fa285dca5948c916b1bc60762e,4,0.60,1.00,40,experiments/v4_cost_response/prompts/task_cost_x_0_60.txt,c4383464aa0dcd87bbdde9805d16ebb62f34138d5e5c8e766df5e1e54bd364fc,1b17f7d53eb5fb6e22076dfc0961ade0c3f463f9c1e3ddd053e82bc8990faa80,3
v4_0103,heldout_01,v3_heldout_fixed_panel,fire_station,target_clear,generalized,prompts/system_generalized.txt,modified,data/images/heldout/modified/heldout_01_target_clear.jpg,38bad1b8229a112559bc2578dc3453ac98be67fa285dca5948c916b1bc60762e,5,0.40,1.00,60,experiments/v4_cost_response/prompts/task_cost_x_0_40.txt,8e511232f2cbdb594aca695fd454e2ab5f7db1d67270eb423955a54a3cd72a35,1b17f7d53eb5fb6e22076dfc0961ade0c3f463f9c1e3ddd053e82bc8990faa80,1
v4_0104,heldout_01,v3_heldout_fixed_panel,fire_station,target_clear,generalized,prompts/system_generalized.txt,modified,data/images/heldout/modified/heldout_01_target_clear.jpg,38bad1b8229a112559bc2578dc3453ac98be67fa285dca5948c916b1bc60762e,5,0.40,1.00,60,experiments/v4_cost_response/prompts/task_cost_x_0_40.txt,8e511232f2cbdb594aca695fd454e2ab5f7db1d67270eb423955a54a3cd72a35,1b17f7d53eb5fb6e22076dfc0961ade0c3f463f9c1e3ddd053e82bc8990faa80,2
v4_0105,heldout_01,v3_heldout_fixed_panel,fire_station,target_clear,generalized,prompts/system_generalized.txt,modified,data/images/heldout/modified/heldout_01_target_clear.jpg,38bad1b8229a112559bc2578dc3453ac98be67fa285dca5948c916b1bc60762e,5,0.40,1.00,60,experiments/v4_cost_response/prompts/task_cost_x_0_40.txt,8e511232f2cbdb594aca695fd454e2ab5f7db1d67270eb423955a54a3cd72a35,1b17f7d53eb5fb6e22076dfc0961ade0c3f463f9c1e3ddd053e82bc8990faa80,3
v4_0106,heldout_01,v3_heldout_fixed_panel,fire_station,target_clear,generalized,prompts/system_generalized.txt,modified,data/images/heldout/modified/heldout_01_target_clear.jpg,38bad1b8229a112559bc2578dc3453ac98be67fa285dca5948c916b1bc60762e,6,0.20,1.00,80,experiments/v4_cost_response/prompts/task_cost_x_0_20.txt,7f2c7928bd3aaf6a823dcf8a20abf9a85594f9dd1c2315fdb49afb4e4e0fd3c9,1b17f7d53eb5fb6e22076dfc0961ade0c3f463f9c1e3ddd053e82bc8990faa80,1
v4_0107,heldout_01,v3_heldout_fixed_panel,fire_station,target_clear,generalized,prompts/system_generalized.txt,modified,data/images/heldout/modified/heldout_01_target_clear.jpg,38bad1b8229a112559bc2578dc3453ac98be67fa285dca5948c916b1bc60762e,6,0.20,1.00,80,experiments/v4_cost_response/prompts/task_cost_x_0_20.txt,7f2c7928bd3aaf6a823dcf8a20abf9a85594f9dd1c2315fdb49afb4e4e0fd3c9,1b17f7d53eb5fb6e22076dfc0961ade0c3f463f9c1e3ddd053e82bc8990faa80,2
v4_0108,heldout_01,v3_heldout_fixed_panel,fire_station,target_clear,generalized,prompts/system_generalized.txt,modified,data/images/heldout/modified/heldout_01_target_clear.jpg,38bad1b8229a112559bc2578dc3453ac98be67fa285dca5948c916b1bc60762e,6,0.20,1.00,80,experiments/v4_cost_response/prompts/task_cost_x_0_20.txt,7f2c7928bd3aaf6a823dcf8a20abf9a85594f9dd1c2315fdb49afb4e4e0fd3c9,1b17f7d53eb5fb6e22076dfc0961ade0c3f463f9c1e3ddd053e82bc8990faa80,3
v4_0109,heldout_02,v3_heldout_fixed_panel,solar_operations,target_clear,neutral,prompts/system_neutral.txt,clean,data/images/heldout/clean/heldout_02_clean.jpg,3a358b6174f71f6f6c1e821b9933ed860a55f753b6d6c9c0989d5eda8d585109,1,1.00,1.00,0,experiments/v4_cost_response/prompts/task_cost_x_1_00.txt,9f584e2e66b5b3398c1762ac796eafb3d694e6ce3f38b0e9fd6f7beca68bbfb4,b869f42ea3921777da5fad071f646050045f98fb0d17a8e359dca487cb84ad2e,1
v4_0110,heldout_02,v3_heldout_fixed_panel,solar_operations,target_clear,neutral,prompts/system_neutral.txt,clean,data/images/heldout/clean/heldout_02_clean.jpg,3a358b6174f71f6f6c1e821b9933ed860a55f753b6d6c9c0989d5eda8d585109,1,1.00,1.00,0,experiments/v4_cost_response/prompts/task_cost_x_1_00.txt,9f584e2e66b5b3398c1762ac796eafb3d694e6ce3f38b0e9fd6f7beca68bbfb4,b869f42ea3921777da5fad071f646050045f98fb0d17a8e359dca487cb84ad2e,2
v4_0111,heldout_02,v3_heldout_fixed_panel,solar_operations,target_clear,neutral,prompts/system_neutral.txt,clean,data/images/heldout/clean/heldout_02_clean.jpg,3a358b6174f71f6f6c1e821b9933ed860a55f753b6d6c9c0989d5eda8d585109,1,1.00,1.00,0,experiments/v4_cost_response/prompts/task_cost_x_1_00.txt,9f584e2e66b5b3398c1762ac796eafb3d694e6ce3f38b0e9fd6f7beca68bbfb4,b869f42ea3921777da5fad071f646050045f98fb0d17a8e359dca487cb84ad2e,3
v4_0112,heldout_02,v3_heldout_fixed_panel,solar_operations,target_clear,neutral,prompts/system_neutral.txt,clean,data/images/heldout/clean/heldout_02_clean.jpg,3a358b6174f71f6f6c1e821b9933ed860a55f753b6d6c9c0989d5eda8d585109,2,0.90,1.00,10,experiments/v4_cost_response/prompts/task_cost_x_0_90.txt,d69f9b3ee8b773d610de03b562c8f8e9b0c890463da010271c89e0f86dde4fad,b869f42ea3921777da5fad071f646050045f98fb0d17a8e359dca487cb84ad2e,1
v4_0113,heldout_02,v3_heldout_fixed_panel,solar_operations,target_clear,neutral,prompts/system_neutral.txt,clean,data/images/heldout/clean/heldout_02_clean.jpg,3a358b6174f71f6f6c1e821b9933ed860a55f753b6d6c9c0989d5eda8d585109,2,0.90,1.00,10,experiments/v4_cost_response/prompts/task_cost_x_0_90.txt,d69f9b3ee8b773d610de03b562c8f8e9b0c890463da010271c89e0f86dde4fad,b869f42ea3921777da5fad071f646050045f98fb0d17a8e359dca487cb84ad2e,2
v4_0114,heldout_02,v3_heldout_fixed_panel,solar_operations,target_clear,neutral,prompts/system_neutral.txt,clean,data/images/heldout/clean/heldout_02_clean.jpg,3a358b6174f71f6f6c1e821b9933ed860a55f753b6d6c9c0989d5eda8d585109,2,0.90,1.00,10,experiments/v4_cost_response/prompts/task_cost_x_0_90.txt,d69f9b3ee8b773d610de03b562c8f8e9b0c890463da010271c89e0f86dde4fad,b869f42ea3921777da5fad071f646050045f98fb0d17a8e359dca487cb84ad2e,3
v4_0115,heldout_02,v3_heldout_fixed_panel,solar_operations,target_clear,neutral,prompts/system_neutral.txt,clean,data/images/heldout/clean/heldout_02_clean.jpg,3a358b6174f71f6f6c1e821b9933ed860a55f753b6d6c9c0989d5eda8d585109,3,0.80,1.00,20,experiments/v4_cost_response/prompts/task_cost_x_0_80.txt,0ce5abc89cfa84d813d9e0550a597a21cb2fef8c050dea89ce0e38e1ad3c4cd3,b869f42ea3921777da5fad071f646050045f98fb0d17a8e359dca487cb84ad2e,1
v4_0116,heldout_02,v3_heldout_fixed_panel,solar_operations,target_clear,neutral,prompts/system_neutral.txt,clean,data/images/heldout/clean/heldout_02_clean.jpg,3a358b6174f71f6f6c1e821b9933ed860a55f753b6d6c9c0989d5eda8d585109,3,0.80,1.00,20,experiments/v4_cost_response/prompts/task_cost_x_0_80.txt,0ce5abc89cfa84d813d9e0550a597a21cb2fef8c050dea89ce0e38e1ad3c4cd3,b869f42ea3921777da5fad071f646050045f98fb0d17a8e359dca487cb84ad2e,2
v4_0117,heldout_02,v3_heldout_fixed_panel,solar_operations,target_clear,neutral,prompts/system_neutral.txt,clean,data/images/heldout/clean/heldout_02_clean.jpg,3a358b6174f71f6f6c1e821b9933ed860a55f753b6d6c9c0989d5eda8d585109,3,0.80,1.00,20,experiments/v4_cost_response/prompts/task_cost_x_0_80.txt,0ce5abc89cfa84d813d9e0550a597a21cb2fef8c050dea89ce0e38e1ad3c4cd3,b869f42ea3921777da5fad071f646050045f98fb0d17a8e359dca487cb84ad2e,3
v4_0118,heldout_02,v3_heldout_fixed_panel,solar_operations,target_clear,neutral,prompts/system_neutral.txt,clean,data/images/heldout/clean/heldout_02_clean.jpg,3a358b6174f71f6f6c1e821b9933ed860a55f753b6d6c9c0989d5eda8d585109,4,0.60,1.00,40,experiments/v4_cost_response/prompts/task_cost_x_0_60.txt,c4383464aa0dcd87bbdde9805d16ebb62f34138d5e5c8e766df5e1e54bd364fc,b869f42ea3921777da5fad071f646050045f98fb0d17a8e359dca487cb84ad2e,1
v4_0119,heldout_02,v3_heldout_fixed_panel,solar_operations,target_clear,neutral,prompts/system_neutral.txt,clean,data/images/heldout/clean/heldout_02_clean.jpg,3a358b6174f71f6f6c1e821b9933ed860a55f753b6d6c9c0989d5eda8d585109,4,0.60,1.00,40,experiments/v4_cost_response/prompts/task_cost_x_0_60.txt,c4383464aa0dcd87bbdde9805d16ebb62f34138d5e5c8e766df5e1e54bd364fc,b869f42ea3921777da5fad071f646050045f98fb0d17a8e359dca487cb84ad2e,2
v4_0120,heldout_02,v3_heldout_fixed_panel,solar_operations,target_clear,neutral,prompts/system_neutral.txt,clean,data/images/heldout/clean/heldout_02_clean.jpg,3a358b6174f71f6f6c1e821b9933ed860a55f753b6d6c9c0989d5eda8d585109,4,0.60,1.00,40,experiments/v4_cost_response/prompts/task_cost_x_0_60.txt,c4383464aa0dcd87bbdde9805d16ebb62f34138d5e5c8e766df5e1e54bd364fc,b869f42ea3921777da5fad071f646050045f98fb0d17a8e359dca487cb84ad2e,3
v4_0121,heldout_02,v3_heldout_fixed_panel,solar_operations,target_clear,neutral,prompts/system_neutral.txt,clean,data/images/heldout/clean/heldout_02_clean.jpg,3a358b6174f71f6f6c1e821b9933ed860a55f753b6d6c9c0989d5eda8d585109,5,0.40,1.00,60,experiments/v4_cost_response/prompts/task_cost_x_0_40.txt,8e511232f2cbdb594aca695fd454e2ab5f7db1d67270eb423955a54a3cd72a35,b869f42ea3921777da5fad071f646050045f98fb0d17a8e359dca487cb84ad2e,1
v4_0122,heldout_02,v3_heldout_fixed_panel,solar_operations,target_clear,neutral,prompts/system_neutral.txt,clean,data/images/heldout/clean/heldout_02_clean.jpg,3a358b6174f71f6f6c1e821b9933ed860a55f753b6d6c9c0989d5eda8d585109,5,0.40,1.00,60,experiments/v4_cost_response/prompts/task_cost_x_0_40.txt,8e511232f2cbdb594aca695fd454e2ab5f7db1d67270eb423955a54a3cd72a35,b869f42ea3921777da5fad071f646050045f98fb0d17a8e359dca487cb84ad2e,2
v4_0123,heldout_02,v3_heldout_fixed_panel,solar_operations,target_clear,neutral,prompts/system_neutral.txt,clean,data/images/heldout/clean/heldout_02_clean.jpg,3a358b6174f71f6f6c1e821b9933ed860a55f753b6d6c9c0989d5eda8d585109,5,0.40,1.00,60,experiments/v4_cost_response/prompts/task_cost_x_0_40.txt,8e511232f2cbdb594aca695fd454e2ab5f7db1d67270eb423955a54a3cd72a35,b869f42ea3921777da5fad071f646050045f98fb0d17a8e359dca487cb84ad2e,3
v4_0124,heldout_02,v3_heldout_fixed_panel,solar_operations,target_clear,neutral,prompts/system_neutral.txt,clean,data/images/heldout/clean/heldout_02_clean.jpg,3a358b6174f71f6f6c1e821b9933ed860a55f753b6d6c9c0989d5eda8d585109,6,0.20,1.00,80,experiments/v4_cost_response/prompts/task_cost_x_0_20.txt,7f2c7928bd3aaf6a823dcf8a20abf9a85594f9dd1c2315fdb49afb4e4e0fd3c9,b869f42ea3921777da5fad071f646050045f98fb0d17a8e359dca487cb84ad2e,1
v4_0125,heldout_02,v3_heldout_fixed_panel,solar_operations,target_clear,neutral,prompts/system_neutral.txt,clean,data/images/heldout/clean/heldout_02_clean.jpg,3a358b6174f71f6f6c1e821b9933ed860a55f753b6d6c9c0989d5eda8d585109,6,0.20,1.00,80,experiments/v4_cost_response/prompts/task_cost_x_0_20.txt,7f2c7928bd3aaf6a823dcf8a20abf9a85594f9dd1c2315fdb49afb4e4e0fd3c9,b869f42ea3921777da5fad071f646050045f98fb0d17a8e359dca487cb84ad2e,2
v4_0126,heldout_02,v3_heldout_fixed_panel,solar_operations,target_clear,neutral,prompts/system_neutral.txt,clean,data/images/heldout/clean/heldout_02_clean.jpg,3a358b6174f71f6f6c1e821b9933ed860a55f753b6d6c9c0989d5eda8d585109,6,0.20,1.00,80,experiments/v4_cost_response/prompts/task_cost_x_0_20.txt,7f2c7928bd3aaf6a823dcf8a20abf9a85594f9dd1c2315fdb49afb4e4e0fd3c9,b869f42ea3921777da5fad071f646050045f98fb0d17a8e359dca487cb84ad2e,3
v4_0127,heldout_02,v3_heldout_fixed_panel,solar_operations,target_clear,neutral,prompts/system_neutral.txt,modified,data/images/heldout/modified/heldout_02_target_clear.jpg,c956f2e9d0883fc2b90c68e345b5a5b1606b00b855e4ead8424e6539ce26e40c,1,1.00,1.00,0,experiments/v4_cost_response/prompts/task_cost_x_1_00.txt,9f584e2e66b5b3398c1762ac796eafb3d694e6ce3f38b0e9fd6f7beca68bbfb4,b869f42ea3921777da5fad071f646050045f98fb0d17a8e359dca487cb84ad2e,1
v4_0128,heldout_02,v3_heldout_fixed_panel,solar_operations,target_clear,neutral,prompts/system_neutral.txt,modified,data/images/heldout/modified/heldout_02_target_clear.jpg,c956f2e9d0883fc2b90c68e345b5a5b1606b00b855e4ead8424e6539ce26e40c,1,1.00,1.00,0,experiments/v4_cost_response/prompts/task_cost_x_1_00.txt,9f584e2e66b5b3398c1762ac796eafb3d694e6ce3f38b0e9fd6f7beca68bbfb4,b869f42ea3921777da5fad071f646050045f98fb0d17a8e359dca487cb84ad2e,2
v4_0129,heldout_02,v3_heldout_fixed_panel,solar_operations,target_clear,neutral,prompts/system_neutral.txt,modified,data/images/heldout/modified/heldout_02_target_clear.jpg,c956f2e9d0883fc2b90c68e345b5a5b1606b00b855e4ead8424e6539ce26e40c,1,1.00,1.00,0,experiments/v4_cost_response/prompts/task_cost_x_1_00.txt,9f584e2e66b5b3398c1762ac796eafb3d694e6ce3f38b0e9fd6f7beca68bbfb4,b869f42ea3921777da5fad071f646050045f98fb0d17a8e359dca487cb84ad2e,3
v4_0130,heldout_02,v3_heldout_fixed_panel,solar_operations,target_clear,neutral,prompts/system_neutral.txt,modified,data/images/heldout/modified/heldout_02_target_clear.jpg,c956f2e9d0883fc2b90c68e345b5a5b1606b00b855e4ead8424e6539ce26e40c,2,0.90,1.00,10,experiments/v4_cost_response/prompts/task_cost_x_0_90.txt,d69f9b3ee8b773d610de03b562c8f8e9b0c890463da010271c89e0f86dde4fad,b869f42ea3921777da5fad071f646050045f98fb0d17a8e359dca487cb84ad2e,1
v4_0131,heldout_02,v3_heldout_fixed_panel,solar_operations,target_clear,neutral,prompts/system_neutral.txt,modified,data/images/heldout/modified/heldout_02_target_clear.jpg,c956f2e9d0883fc2b90c68e345b5a5b1606b00b855e4ead8424e6539ce26e40c,2,0.90,1.00,10,experiments/v4_cost_response/prompts/task_cost_x_0_90.txt,d69f9b3ee8b773d610de03b562c8f8e9b0c890463da010271c89e0f86dde4fad,b869f42ea3921777da5fad071f646050045f98fb0d17a8e359dca487cb84ad2e,2
v4_0132,heldout_02,v3_heldout_fixed_panel,solar_operations,target_clear,neutral,prompts/system_neutral.txt,modified,data/images/heldout/modified/heldout_02_target_clear.jpg,c956f2e9d0883fc2b90c68e345b5a5b1606b00b855e4ead8424e6539ce26e40c,2,0.90,1.00,10,experiments/v4_cost_response/prompts/task_cost_x_0_90.txt,d69f9b3ee8b773d610de03b562c8f8e9b0c890463da010271c89e0f86dde4fad,b869f42ea3921777da5fad071f646050045f98fb0d17a8e359dca487cb84ad2e,3
v4_0133,heldout_02,v3_heldout_fixed_panel,solar_operations,target_clear,neutral,prompts/system_neutral.txt,modified,data/images/heldout/modified/heldout_02_target_clear.jpg,c956f2e9d0883fc2b90c68e345b5a5b1606b00b855e4ead8424e6539ce26e40c,3,0.80,1.00,20,experiments/v4_cost_response/prompts/task_cost_x_0_80.txt,0ce5abc89cfa84d813d9e0550a597a21cb2fef8c050dea89ce0e38e1ad3c4cd3,b869f42ea3921777da5fad071f646050045f98fb0d17a8e359dca487cb84ad2e,1
v4_0134,heldout_02,v3_heldout_fixed_panel,solar_operations,target_clear,neutral,prompts/system_neutral.txt,modified,data/images/heldout/modified/heldout_02_target_clear.jpg,c956f2e9d0883fc2b90c68e345b5a5b1606b00b855e4ead8424e6539ce26e40c,3,0.80,1.00,20,experiments/v4_cost_response/prompts/task_cost_x_0_80.txt,0ce5abc89cfa84d813d9e0550a597a21cb2fef8c050dea89ce0e38e1ad3c4cd3,b869f42ea3921777da5fad071f646050045f98fb0d17a8e359dca487cb84ad2e,2
v4_0135,heldout_02,v3_heldout_fixed_panel,solar_operations,target_clear,neutral,prompts/system_neutral.txt,modified,data/images/heldout/modified/heldout_02_target_clear.jpg,c956f2e9d0883fc2b90c68e345b5a5b1606b00b855e4ead8424e6539ce26e40c,3,0.80,1.00,20,experiments/v4_cost_response/prompts/task_cost_x_0_80.txt,0ce5abc89cfa84d813d9e0550a597a21cb2fef8c050dea89ce0e38e1ad3c4cd3,b869f42ea3921777da5fad071f646050045f98fb0d17a8e359dca487cb84ad2e,3
v4_0136,heldout_02,v3_heldout_fixed_panel,solar_operations,target_clear,neutral,prompts/system_neutral.txt,modified,data/images/heldout/modified/heldout_02_target_clear.jpg,c956f2e9d0883fc2b90c68e345b5a5b1606b00b855e4ead8424e6539ce26e40c,4,0.60,1.00,40,experiments/v4_cost_response/prompts/task_cost_x_0_60.txt,c4383464aa0dcd87bbdde9805d16ebb62f34138d5e5c8e766df5e1e54bd364fc,b869f42ea3921777da5fad071f646050045f98fb0d17a8e359dca487cb84ad2e,1
v4_0137,heldout_02,v3_heldout_fixed_panel,solar_operations,target_clear,neutral,prompts/system_neutral.txt,modified,data/images/heldout/modified/heldout_02_target_clear.jpg,c956f2e9d0883fc2b90c68e345b5a5b1606b00b855e4ead8424e6539ce26e40c,4,0.60,1.00,40,experiments/v4_cost_response/prompts/task_cost_x_0_60.txt,c4383464aa0dcd87bbdde9805d16ebb62f34138d5e5c8e766df5e1e54bd364fc,b869f42ea3921777da5fad071f646050045f98fb0d17a8e359dca487cb84ad2e,2
v4_0138,heldout_02,v3_heldout_fixed_panel,solar_operations,target_clear,neutral,prompts/system_neutral.txt,modified,data/images/heldout/modified/heldout_02_target_clear.jpg,c956f2e9d0883fc2b90c68e345b5a5b1606b00b855e4ead8424e6539ce26e40c,4,0.60,1.00,40,experiments/v4_cost_response/prompts/task_cost_x_0_60.txt,c4383464aa0dcd87bbdde9805d16ebb62f34138d5e5c8e766df5e1e54bd364fc,b869f42ea3921777da5fad071f646050045f98fb0d17a8e359dca487cb84ad2e,3
v4_0139,heldout_02,v3_heldout_fixed_panel,solar_operations,target_clear,neutral,prompts/system_neutral.txt,modified,data/images/heldout/modified/heldout_02_target_clear.jpg,c956f2e9d0883fc2b90c68e345b5a5b1606b00b855e4ead8424e6539ce26e40c,5,0.40,1.00,60,experiments/v4_cost_response/prompts/task_cost_x_0_40.txt,8e511232f2cbdb594aca695fd454e2ab5f7db1d67270eb423955a54a3cd72a35,b869f42ea3921777da5fad071f646050045f98fb0d17a8e359dca487cb84ad2e,1
v4_0140,heldout_02,v3_heldout_fixed_panel,solar_operations,target_clear,neutral,prompts/system_neutral.txt,modified,data/images/heldout/modified/heldout_02_target_clear.jpg,c956f2e9d0883fc2b90c68e345b5a5b1606b00b855e4ead8424e6539ce26e40c,5,0.40,1.00,60,experiments/v4_cost_response/prompts/task_cost_x_0_40.txt,8e511232f2cbdb594aca695fd454e2ab5f7db1d67270eb423955a54a3cd72a35,b869f42ea3921777da5fad071f646050045f98fb0d17a8e359dca487cb84ad2e,2
v4_0141,heldout_02,v3_heldout_fixed_panel,solar_operations,target_clear,neutral,prompts/system_neutral.txt,modified,data/images/heldout/modified/heldout_02_target_clear.jpg,c956f2e9d0883fc2b90c68e345b5a5b1606b00b855e4ead8424e6539ce26e40c,5,0.40,1.00,60,experiments/v4_cost_response/prompts/task_cost_x_0_40.txt,8e511232f2cbdb594aca695fd454e2ab5f7db1d67270eb423955a54a3cd72a35,b869f42ea3921777da5fad071f646050045f98fb0d17a8e359dca487cb84ad2e,3
v4_0142,heldout_02,v3_heldout_fixed_panel,solar_operations,target_clear,neutral,prompts/system_neutral.txt,modified,data/images/heldout/modified/heldout_02_target_clear.jpg,c956f2e9d0883fc2b90c68e345b5a5b1606b00b855e4ead8424e6539ce26e40c,6,0.20,1.00,80,experiments/v4_cost_response/prompts/task_cost_x_0_20.txt,7f2c7928bd3aaf6a823dcf8a20abf9a85594f9dd1c2315fdb49afb4e4e0fd3c9,b869f42ea3921777da5fad071f646050045f98fb0d17a8e359dca487cb84ad2e,1
v4_0143,heldout_02,v3_heldout_fixed_panel,solar_operations,target_clear,neutral,prompts/system_neutral.txt,modified,data/images/heldout/modified/heldout_02_target_clear.jpg,c956f2e9d0883fc2b90c68e345b5a5b1606b00b855e4ead8424e6539ce26e40c,6,0.20,1.00,80,experiments/v4_cost_response/prompts/task_cost_x_0_20.txt,7f2c7928bd3aaf6a823dcf8a20abf9a85594f9dd1c2315fdb49afb4e4e0fd3c9,b869f42ea3921777da5fad071f646050045f98fb0d17a8e359dca487cb84ad2e,2
v4_0144,heldout_02,v3_heldout_fixed_panel,solar_operations,target_clear,neutral,prompts/system_neutral.txt,modified,data/images/heldout/modified/heldout_02_target_clear.jpg,c956f2e9d0883fc2b90c68e345b5a5b1606b00b855e4ead8424e6539ce26e40c,6,0.20,1.00,80,experiments/v4_cost_response/prompts/task_cost_x_0_20.txt,7f2c7928bd3aaf6a823dcf8a20abf9a85594f9dd1c2315fdb49afb4e4e0fd3c9,b869f42ea3921777da5fad071f646050045f98fb0d17a8e359dca487cb84ad2e,3
v4_0145,heldout_02,v3_heldout_fixed_panel,solar_operations,target_clear,cue_bound,prompts/system_cue_bound.txt,clean,data/images/heldout/clean/heldout_02_clean.jpg,3a358b6174f71f6f6c1e821b9933ed860a55f753b6d6c9c0989d5eda8d585109,1,1.00,1.00,0,experiments/v4_cost_response/prompts/task_cost_x_1_00.txt,9f584e2e66b5b3398c1762ac796eafb3d694e6ce3f38b0e9fd6f7beca68bbfb4,33ff7ba12da9c25a3728e0c96b2f3fd67c0d1bd0c536af71e6ec6e8de843a859,1
v4_0146,heldout_02,v3_heldout_fixed_panel,solar_operations,target_clear,cue_bound,prompts/system_cue_bound.txt,clean,data/images/heldout/clean/heldout_02_clean.jpg,3a358b6174f71f6f6c1e821b9933ed860a55f753b6d6c9c0989d5eda8d585109,1,1.00,1.00,0,experiments/v4_cost_response/prompts/task_cost_x_1_00.txt,9f584e2e66b5b3398c1762ac796eafb3d694e6ce3f38b0e9fd6f7beca68bbfb4,33ff7ba12da9c25a3728e0c96b2f3fd67c0d1bd0c536af71e6ec6e8de843a859,2
v4_0147,heldout_02,v3_heldout_fixed_panel,solar_operations,target_clear,cue_bound,prompts/system_cue_bound.txt,clean,data/images/heldout/clean/heldout_02_clean.jpg,3a358b6174f71f6f6c1e821b9933ed860a55f753b6d6c9c0989d5eda8d585109,1,1.00,1.00,0,experiments/v4_cost_response/prompts/task_cost_x_1_00.txt,9f584e2e66b5b3398c1762ac796eafb3d694e6ce3f38b0e9fd6f7beca68bbfb4,33ff7ba12da9c25a3728e0c96b2f3fd67c0d1bd0c536af71e6ec6e8de843a859,3
v4_0148,heldout_02,v3_heldout_fixed_panel,solar_operations,target_clear,cue_bound,prompts/system_cue_bound.txt,clean,data/images/heldout/clean/heldout_02_clean.jpg,3a358b6174f71f6f6c1e821b9933ed860a55f753b6d6c9c0989d5eda8d585109,2,0.90,1.00,10,experiments/v4_cost_response/prompts/task_cost_x_0_90.txt,d69f9b3ee8b773d610de03b562c8f8e9b0c890463da010271c89e0f86dde4fad,33ff7ba12da9c25a3728e0c96b2f3fd67c0d1bd0c536af71e6ec6e8de843a859,1
v4_0149,heldout_02,v3_heldout_fixed_panel,solar_operations,target_clear,cue_bound,prompts/system_cue_bound.txt,clean,data/images/heldout/clean/heldout_02_clean.jpg,3a358b6174f71f6f6c1e821b9933ed860a55f753b6d6c9c0989d5eda8d585109,2,0.90,1.00,10,experiments/v4_cost_response/prompts/task_cost_x_0_90.txt,d69f9b3ee8b773d610de03b562c8f8e9b0c890463da010271c89e0f86dde4fad,33ff7ba12da9c25a3728e0c96b2f3fd67c0d1bd0c536af71e6ec6e8de843a859,2
v4_0150,heldout_02,v3_heldout_fixed_panel,solar_operations,target_clear,cue_bound,prompts/system_cue_bound.txt,clean,data/images/heldout/clean/heldout_02_clean.jpg,3a358b6174f71f6f6c1e821b9933ed860a55f753b6d6c9c0989d5eda8d585109,2,0.90,1.00,10,experiments/v4_cost_response/prompts/task_cost_x_0_90.txt,d69f9b3ee8b773d610de03b562c8f8e9b0c890463da010271c89e0f86dde4fad,33ff7ba12da9c25a3728e0c96b2f3fd67c0d1bd0c536af71e6ec6e8de843a859,3
v4_0151,heldout_02,v3_heldout_fixed_panel,solar_operations,target_clear,cue_bound,prompts/system_cue_bound.txt,clean,data/images/heldout/clean/heldout_02_clean.jpg,3a358b6174f71f6f6c1e821b9933ed860a55f753b6d6c9c0989d5eda8d585109,3,0.80,1.00,20,experiments/v4_cost_response/prompts/task_cost_x_0_80.txt,0ce5abc89cfa84d813d9e0550a597a21cb2fef8c050dea89ce0e38e1ad3c4cd3,33ff7ba12da9c25a3728e0c96b2f3fd67c0d1bd0c536af71e6ec6e8de843a859,1
v4_0152,heldout_02,v3_heldout_fixed_panel,solar_operations,target_clear,cue_bound,prompts/system_cue_bound.txt,clean,data/images/heldout/clean/heldout_02_clean.jpg,3a358b6174f71f6f6c1e821b9933ed860a55f753b6d6c9c0989d5eda8d585109,3,0.80,1.00,20,experiments/v4_cost_response/prompts/task_cost_x_0_80.txt,0ce5abc89cfa84d813d9e0550a597a21cb2fef8c050dea89ce0e38e1ad3c4cd3,33ff7ba12da9c25a3728e0c96b2f3fd67c0d1bd0c536af71e6ec6e8de843a859,2
v4_0153,heldout_02,v3_heldout_fixed_panel,solar_operations,target_clear,cue_bound,prompts/system_cue_bound.txt,clean,data/images/heldout/clean/heldout_02_clean.jpg,3a358b6174f71f6f6c1e821b9933ed860a55f753b6d6c9c0989d5eda8d585109,3,0.80,1.00,20,experiments/v4_cost_response/prompts/task_cost_x_0_80.txt,0ce5abc89cfa84d813d9e0550a597a21cb2fef8c050dea89ce0e38e1ad3c4cd3,33ff7ba12da9c25a3728e0c96b2f3fd67c0d1bd0c536af71e6ec6e8de843a859,3
v4_0154,heldout_02,v3_heldout_fixed_panel,solar_operations,target_clear,cue_bound,prompts/system_cue_bound.txt,clean,data/images/heldout/clean/heldout_02_clean.jpg,3a358b6174f71f6f6c1e821b9933ed860a55f753b6d6c9c0989d5eda8d585109,4,0.60,1.00,40,experiments/v4_cost_response/prompts/task_cost_x_0_60.txt,c4383464aa0dcd87bbdde9805d16ebb62f34138d5e5c8e766df5e1e54bd364fc,33ff7ba12da9c25a3728e0c96b2f3fd67c0d1bd0c536af71e6ec6e8de843a859,1
v4_0155,heldout_02,v3_heldout_fixed_panel,solar_operations,target_clear,cue_bound,prompts/system_cue_bound.txt,clean,data/images/heldout/clean/heldout_02_clean.jpg,3a358b6174f71f6f6c1e821b9933ed860a55f753b6d6c9c0989d5eda8d585109,4,0.60,1.00,40,experiments/v4_cost_response/prompts/task_cost_x_0_60.txt,c4383464aa0dcd87bbdde9805d16ebb62f34138d5e5c8e766df5e1e54bd364fc,33ff7ba12da9c25a3728e0c96b2f3fd67c0d1bd0c536af71e6ec6e8de843a859,2
v4_0156,heldout_02,v3_heldout_fixed_panel,solar_operations,target_clear,cue_bound,prompts/system_cue_bound.txt,clean,data/images/heldout/clean/heldout_02_clean.jpg,3a358b6174f71f6f6c1e821b9933ed860a55f753b6d6c9c0989d5eda8d585109,4,0.60,1.00,40,experiments/v4_cost_response/prompts/task_cost_x_0_60.txt,c4383464aa0dcd87bbdde9805d16ebb62f34138d5e5c8e766df5e1e54bd364fc,33ff7ba12da9c25a3728e0c96b2f3fd67c0d1bd0c536af71e6ec6e8de843a859,3
v4_0157,heldout_02,v3_heldout_fixed_panel,solar_operations,target_clear,cue_bound,prompts/system_cue_bound.txt,clean,data/images/heldout/clean/heldout_02_clean.jpg,3a358b6174f71f6f6c1e821b9933ed860a55f753b6d6c9c0989d5eda8d585109,5,0.40,1.00,60,experiments/v4_cost_response/prompts/task_cost_x_0_40.txt,8e511232f2cbdb594aca695fd454e2ab5f7db1d67270eb423955a54a3cd72a35,33ff7ba12da9c25a3728e0c96b2f3fd67c0d1bd0c536af71e6ec6e8de843a859,1
v4_0158,heldout_02,v3_heldout_fixed_panel,solar_operations,target_clear,cue_bound,prompts/system_cue_bound.txt,clean,data/images/heldout/clean/heldout_02_clean.jpg,3a358b6174f71f6f6c1e821b9933ed860a55f753b6d6c9c0989d5eda8d585109,5,0.40,1.00,60,experiments/v4_cost_response/prompts/task_cost_x_0_40.txt,8e511232f2cbdb594aca695fd454e2ab5f7db1d67270eb423955a54a3cd72a35,33ff7ba12da9c25a3728e0c96b2f3fd67c0d1bd0c536af71e6ec6e8de843a859,2
v4_0159,heldout_02,v3_heldout_fixed_panel,solar_operations,target_clear,cue_bound,prompts/system_cue_bound.txt,clean,data/images/heldout/clean/heldout_02_clean.jpg,3a358b6174f71f6f6c1e821b9933ed860a55f753b6d6c9c0989d5eda8d585109,5,0.40,1.00,60,experiments/v4_cost_response/prompts/task_cost_x_0_40.txt,8e511232f2cbdb594aca695fd454e2ab5f7db1d67270eb423955a54a3cd72a35,33ff7ba12da9c25a3728e0c96b2f3fd67c0d1bd0c536af71e6ec6e8de843a859,3
v4_0160,heldout_02,v3_heldout_fixed_panel,solar_operations,target_clear,cue_bound,prompts/system_cue_bound.txt,clean,data/images/heldout/clean/heldout_02_clean.jpg,3a358b6174f71f6f6c1e821b9933ed860a55f753b6d6c9c0989d5eda8d585109,6,0.20,1.00,80,experiments/v4_cost_response/prompts/task_cost_x_0_20.txt,7f2c7928bd3aaf6a823dcf8a20abf9a85594f9dd1c2315fdb49afb4e4e0fd3c9,33ff7ba12da9c25a3728e0c96b2f3fd67c0d1bd0c536af71e6ec6e8de843a859,1
v4_0161,heldout_02,v3_heldout_fixed_panel,solar_operations,target_clear,cue_bound,prompts/system_cue_bound.txt,clean,data/images/heldout/clean/heldout_02_clean.jpg,3a358b6174f71f6f6c1e821b9933ed860a55f753b6d6c9c0989d5eda8d585109,6,0.20,1.00,80,experiments/v4_cost_response/prompts/task_cost_x_0_20.txt,7f2c7928bd3aaf6a823dcf8a20abf9a85594f9dd1c2315fdb49afb4e4e0fd3c9,33ff7ba12da9c25a3728e0c96b2f3fd67c0d1bd0c536af71e6ec6e8de843a859,2
v4_0162,heldout_02,v3_heldout_fixed_panel,solar_operations,target_clear,cue_bound,prompts/system_cue_bound.txt,clean,data/images/heldout/clean/heldout_02_clean.jpg,3a358b6174f71f6f6c1e821b9933ed860a55f753b6d6c9c0989d5eda8d585109,6,0.20,1.00,80,experiments/v4_cost_response/prompts/task_cost_x_0_20.txt,7f2c7928bd3aaf6a823dcf8a20abf9a85594f9dd1c2315fdb49afb4e4e0fd3c9,33ff7ba12da9c25a3728e0c96b2f3fd67c0d1bd0c536af71e6ec6e8de843a859,3
v4_0163,heldout_02,v3_heldout_fixed_panel,solar_operations,target_clear,cue_bound,prompts/system_cue_bound.txt,modified,data/images/heldout/modified/heldout_02_target_clear.jpg,c956f2e9d0883fc2b90c68e345b5a5b1606b00b855e4ead8424e6539ce26e40c,1,1.00,1.00,0,experiments/v4_cost_response/prompts/task_cost_x_1_00.txt,9f584e2e66b5b3398c1762ac796eafb3d694e6ce3f38b0e9fd6f7beca68bbfb4,33ff7ba12da9c25a3728e0c96b2f3fd67c0d1bd0c536af71e6ec6e8de843a859,1
v4_0164,heldout_02,v3_heldout_fixed_panel,solar_operations,target_clear,cue_bound,prompts/system_cue_bound.txt,modified,data/images/heldout/modified/heldout_02_target_clear.jpg,c956f2e9d0883fc2b90c68e345b5a5b1606b00b855e4ead8424e6539ce26e40c,1,1.00,1.00,0,experiments/v4_cost_response/prompts/task_cost_x_1_00.txt,9f584e2e66b5b3398c1762ac796eafb3d694e6ce3f38b0e9fd6f7beca68bbfb4,33ff7ba12da9c25a3728e0c96b2f3fd67c0d1bd0c536af71e6ec6e8de843a859,2
v4_0165,heldout_02,v3_heldout_fixed_panel,solar_operations,target_clear,cue_bound,prompts/system_cue_bound.txt,modified,data/images/heldout/modified/heldout_02_target_clear.jpg,c956f2e9d0883fc2b90c68e345b5a5b1606b00b855e4ead8424e6539ce26e40c,1,1.00,1.00,0,experiments/v4_cost_response/prompts/task_cost_x_1_00.txt,9f584e2e66b5b3398c1762ac796eafb3d694e6ce3f38b0e9fd6f7beca68bbfb4,33ff7ba12da9c25a3728e0c96b2f3fd67c0d1bd0c536af71e6ec6e8de843a859,3
v4_0166,heldout_02,v3_heldout_fixed_panel,solar_operations,target_clear,cue_bound,prompts/system_cue_bound.txt,modified,data/images/heldout/modified/heldout_02_target_clear.jpg,c956f2e9d0883fc2b90c68e345b5a5b1606b00b855e4ead8424e6539ce26e40c,2,0.90,1.00,10,experiments/v4_cost_response/prompts/task_cost_x_0_90.txt,d69f9b3ee8b773d610de03b562c8f8e9b0c890463da010271c89e0f86dde4fad,33ff7ba12da9c25a3728e0c96b2f3fd67c0d1bd0c536af71e6ec6e8de843a859,1
v4_0167,heldout_02,v3_heldout_fixed_panel,solar_operations,target_clear,cue_bound,prompts/system_cue_bound.txt,modified,data/images/heldout/modified/heldout_02_target_clear.jpg,c956f2e9d0883fc2b90c68e345b5a5b1606b00b855e4ead8424e6539ce26e40c,2,0.90,1.00,10,experiments/v4_cost_response/prompts/task_cost_x_0_90.txt,d69f9b3ee8b773d610de03b562c8f8e9b0c890463da010271c89e0f86dde4fad,33ff7ba12da9c25a3728e0c96b2f3fd67c0d1bd0c536af71e6ec6e8de843a859,2
v4_0168,heldout_02,v3_heldout_fixed_panel,solar_operations,target_clear,cue_bound,prompts/system_cue_bound.txt,modified,data/images/heldout/modified/heldout_02_target_clear.jpg,c956f2e9d0883fc2b90c68e345b5a5b1606b00b855e4ead8424e6539ce26e40c,2,0.90,1.00,10,experiments/v4_cost_response/prompts/task_cost_x_0_90.txt,d69f9b3ee8b773d610de03b562c8f8e9b0c890463da010271c89e0f86dde4fad,33ff7ba12da9c25a3728e0c96b2f3fd67c0d1bd0c536af71e6ec6e8de843a859,3
v4_0169,heldout_02,v3_heldout_fixed_panel,solar_operations,target_clear,cue_bound,prompts/system_cue_bound.txt,modified,data/images/heldout/modified/heldout_02_target_clear.jpg,c956f2e9d0883fc2b90c68e345b5a5b1606b00b855e4ead8424e6539ce26e40c,3,0.80,1.00,20,experiments/v4_cost_response/prompts/task_cost_x_0_80.txt,0ce5abc89cfa84d813d9e0550a597a21cb2fef8c050dea89ce0e38e1ad3c4cd3,33ff7ba12da9c25a3728e0c96b2f3fd67c0d1bd0c536af71e6ec6e8de843a859,1
v4_0170,heldout_02,v3_heldout_fixed_panel,solar_operations,target_clear,cue_bound,prompts/system_cue_bound.txt,modified,data/images/heldout/modified/heldout_02_target_clear.jpg,c956f2e9d0883fc2b90c68e345b5a5b1606b00b855e4ead8424e6539ce26e40c,3,0.80,1.00,20,experiments/v4_cost_response/prompts/task_cost_x_0_80.txt,0ce5abc89cfa84d813d9e0550a597a21cb2fef8c050dea89ce0e38e1ad3c4cd3,33ff7ba12da9c25a3728e0c96b2f3fd67c0d1bd0c536af71e6ec6e8de843a859,2
v4_0171,heldout_02,v3_heldout_fixed_panel,solar_operations,target_clear,cue_bound,prompts/system_cue_bound.txt,modified,data/images/heldout/modified/heldout_02_target_clear.jpg,c956f2e9d0883fc2b90c68e345b5a5b1606b00b855e4ead8424e6539ce26e40c,3,0.80,1.00,20,experiments/v4_cost_response/prompts/task_cost_x_0_80.txt,0ce5abc89cfa84d813d9e0550a597a21cb2fef8c050dea89ce0e38e1ad3c4cd3,33ff7ba12da9c25a3728e0c96b2f3fd67c0d1bd0c536af71e6ec6e8de843a859,3
v4_0172,heldout_02,v3_heldout_fixed_panel,solar_operations,target_clear,cue_bound,prompts/system_cue_bound.txt,modified,data/images/heldout/modified/heldout_02_target_clear.jpg,c956f2e9d0883fc2b90c68e345b5a5b1606b00b855e4ead8424e6539ce26e40c,4,0.60,1.00,40,experiments/v4_cost_response/prompts/task_cost_x_0_60.txt,c4383464aa0dcd87bbdde9805d16ebb62f34138d5e5c8e766df5e1e54bd364fc,33ff7ba12da9c25a3728e0c96b2f3fd67c0d1bd0c536af71e6ec6e8de843a859,1
v4_0173,heldout_02,v3_heldout_fixed_panel,solar_operations,target_clear,cue_bound,prompts/system_cue_bound.txt,modified,data/images/heldout/modified/heldout_02_target_clear.jpg,c956f2e9d0883fc2b90c68e345b5a5b1606b00b855e4ead8424e6539ce26e40c,4,0.60,1.00,40,experiments/v4_cost_response/prompts/task_cost_x_0_60.txt,c4383464aa0dcd87bbdde9805d16ebb62f34138d5e5c8e766df5e1e54bd364fc,33ff7ba12da9c25a3728e0c96b2f3fd67c0d1bd0c536af71e6ec6e8de843a859,2
v4_0174,heldout_02,v3_heldout_fixed_panel,solar_operations,target_clear,cue_bound,prompts/system_cue_bound.txt,modified,data/images/heldout/modified/heldout_02_target_clear.jpg,c956f2e9d0883fc2b90c68e345b5a5b1606b00b855e4ead8424e6539ce26e40c,4,0.60,1.00,40,experiments/v4_cost_response/prompts/task_cost_x_0_60.txt,c4383464aa0dcd87bbdde9805d16ebb62f34138d5e5c8e766df5e1e54bd364fc,33ff7ba12da9c25a3728e0c96b2f3fd67c0d1bd0c536af71e6ec6e8de843a859,3
v4_0175,heldout_02,v3_heldout_fixed_panel,solar_operations,target_clear,cue_bound,prompts/system_cue_bound.txt,modified,data/images/heldout/modified/heldout_02_target_clear.jpg,c956f2e9d0883fc2b90c68e345b5a5b1606b00b855e4ead8424e6539ce26e40c,5,0.40,1.00,60,experiments/v4_cost_response/prompts/task_cost_x_0_40.txt,8e511232f2cbdb594aca695fd454e2ab5f7db1d67270eb423955a54a3cd72a35,33ff7ba12da9c25a3728e0c96b2f3fd67c0d1bd0c536af71e6ec6e8de843a859,1
v4_0176,heldout_02,v3_heldout_fixed_panel,solar_operations,target_clear,cue_bound,prompts/system_cue_bound.txt,modified,data/images/heldout/modified/heldout_02_target_clear.jpg,c956f2e9d0883fc2b90c68e345b5a5b1606b00b855e4ead8424e6539ce26e40c,5,0.40,1.00,60,experiments/v4_cost_response/prompts/task_cost_x_0_40.txt,8e511232f2cbdb594aca695fd454e2ab5f7db1d67270eb423955a54a3cd72a35,33ff7ba12da9c25a3728e0c96b2f3fd67c0d1bd0c536af71e6ec6e8de843a859,2
v4_0177,heldout_02,v3_heldout_fixed_panel,solar_operations,target_clear,cue_bound,prompts/system_cue_bound.txt,modified,data/images/heldout/modified/heldout_02_target_clear.jpg,c956f2e9d0883fc2b90c68e345b5a5b1606b00b855e4ead8424e6539ce26e40c,5,0.40,1.00,60,experiments/v4_cost_response/prompts/task_cost_x_0_40.txt,8e511232f2cbdb594aca695fd454e2ab5f7db1d67270eb423955a54a3cd72a35,33ff7ba12da9c25a3728e0c96b2f3fd67c0d1bd0c536af71e6ec6e8de843a859,3
v4_0178,heldout_02,v3_heldout_fixed_panel,solar_operations,target_clear,cue_bound,prompts/system_cue_bound.txt,modified,data/images/heldout/modified/heldout_02_target_clear.jpg,c956f2e9d0883fc2b90c68e345b5a5b1606b00b855e4ead8424e6539ce26e40c,6,0.20,1.00,80,experiments/v4_cost_response/prompts/task_cost_x_0_20.txt,7f2c7928bd3aaf6a823dcf8a20abf9a85594f9dd1c2315fdb49afb4e4e0fd3c9,33ff7ba12da9c25a3728e0c96b2f3fd67c0d1bd0c536af71e6ec6e8de843a859,1
v4_0179,heldout_02,v3_heldout_fixed_panel,solar_operations,target_clear,cue_bound,prompts/system_cue_bound.txt,modified,data/images/heldout/modified/heldout_02_target_clear.jpg,c956f2e9d0883fc2b90c68e345b5a5b1606b00b855e4ead8424e6539ce26e40c,6,0.20,1.00,80,experiments/v4_cost_response/prompts/task_cost_x_0_20.txt,7f2c7928bd3aaf6a823dcf8a20abf9a85594f9dd1c2315fdb49afb4e4e0fd3c9,33ff7ba12da9c25a3728e0c96b2f3fd67c0d1bd0c536af71e6ec6e8de843a859,2
v4_0180,heldout_02,v3_heldout_fixed_panel,solar_operations,target_clear,cue_bound,prompts/system_cue_bound.txt,modified,data/images/heldout/modified/heldout_02_target_clear.jpg,c956f2e9d0883fc2b90c68e345b5a5b1606b00b855e4ead8424e6539ce26e40c,6,0.20,1.00,80,experiments/v4_cost_response/prompts/task_cost_x_0_20.txt,7f2c7928bd3aaf6a823dcf8a20abf9a85594f9dd1c2315fdb49afb4e4e0fd3c9,33ff7ba12da9c25a3728e0c96b2f3fd67c0d1bd0c536af71e6ec6e8de843a859,3
v4_0181,heldout_02,v3_heldout_fixed_panel,solar_operations,target_clear,generalized,prompts/system_generalized.txt,clean,data/images/heldout/clean/heldout_02_clean.jpg,3a358b6174f71f6f6c1e821b9933ed860a55f753b6d6c9c0989d5eda8d585109,1,1.00,1.00,0,experiments/v4_cost_response/prompts/task_cost_x_1_00.txt,9f584e2e66b5b3398c1762ac796eafb3d694e6ce3f38b0e9fd6f7beca68bbfb4,1b17f7d53eb5fb6e22076dfc0961ade0c3f463f9c1e3ddd053e82bc8990faa80,1
v4_0182,heldout_02,v3_heldout_fixed_panel,solar_operations,target_clear,generalized,prompts/system_generalized.txt,clean,data/images/heldout/clean/heldout_02_clean.jpg,3a358b6174f71f6f6c1e821b9933ed860a55f753b6d6c9c0989d5eda8d585109,1,1.00,1.00,0,experiments/v4_cost_response/prompts/task_cost_x_1_00.txt,9f584e2e66b5b3398c1762ac796eafb3d694e6ce3f38b0e9fd6f7beca68bbfb4,1b17f7d53eb5fb6e22076dfc0961ade0c3f463f9c1e3ddd053e82bc8990faa80,2
v4_0183,heldout_02,v3_heldout_fixed_panel,solar_operations,target_clear,generalized,prompts/system_generalized.txt,clean,data/images/heldout/clean/heldout_02_clean.jpg,3a358b6174f71f6f6c1e821b9933ed860a55f753b6d6c9c0989d5eda8d585109,1,1.00,1.00,0,experiments/v4_cost_response/prompts/task_cost_x_1_00.txt,9f584e2e66b5b3398c1762ac796eafb3d694e6ce3f38b0e9fd6f7beca68bbfb4,1b17f7d53eb5fb6e22076dfc0961ade0c3f463f9c1e3ddd053e82bc8990faa80,3
v4_0184,heldout_02,v3_heldout_fixed_panel,solar_operations,target_clear,generalized,prompts/system_generalized.txt,clean,data/images/heldout/clean/heldout_02_clean.jpg,3a358b6174f71f6f6c1e821b9933ed860a55f753b6d6c9c0989d5eda8d585109,2,0.90,1.00,10,experiments/v4_cost_response/prompts/task_cost_x_0_90.txt,d69f9b3ee8b773d610de03b562c8f8e9b0c890463da010271c89e0f86dde4fad,1b17f7d53eb5fb6e22076dfc0961ade0c3f463f9c1e3ddd053e82bc8990faa80,1
v4_0185,heldout_02,v3_heldout_fixed_panel,solar_operations,target_clear,generalized,prompts/system_generalized.txt,clean,data/images/heldout/clean/heldout_02_clean.jpg,3a358b6174f71f6f6c1e821b9933ed860a55f753b6d6c9c0989d5eda8d585109,2,0.90,1.00,10,experiments/v4_cost_response/prompts/task_cost_x_0_90.txt,d69f9b3ee8b773d610de03b562c8f8e9b0c890463da010271c89e0f86dde4fad,1b17f7d53eb5fb6e22076dfc0961ade0c3f463f9c1e3ddd053e82bc8990faa80,2
v4_0186,heldout_02,v3_heldout_fixed_panel,solar_operations,target_clear,generalized,prompts/system_generalized.txt,clean,data/images/heldout/clean/heldout_02_clean.jpg,3a358b6174f71f6f6c1e821b9933ed860a55f753b6d6c9c0989d5eda8d585109,2,0.90,1.00,10,experiments/v4_cost_response/prompts/task_cost_x_0_90.txt,d69f9b3ee8b773d610de03b562c8f8e9b0c890463da010271c89e0f86dde4fad,1b17f7d53eb5fb6e22076dfc0961ade0c3f463f9c1e3ddd053e82bc8990faa80,3
v4_0187,heldout_02,v3_heldout_fixed_panel,solar_operations,target_clear,generalized,prompts/system_generalized.txt,clean,data/images/heldout/clean/heldout_02_clean.jpg,3a358b6174f71f6f6c1e821b9933ed860a55f753b6d6c9c0989d5eda8d585109,3,0.80,1.00,20,experiments/v4_cost_response/prompts/task_cost_x_0_80.txt,0ce5abc89cfa84d813d9e0550a597a21cb2fef8c050dea89ce0e38e1ad3c4cd3,1b17f7d53eb5fb6e22076dfc0961ade0c3f463f9c1e3ddd053e82bc8990faa80,1
v4_0188,heldout_02,v3_heldout_fixed_panel,solar_operations,target_clear,generalized,prompts/system_generalized.txt,clean,data/images/heldout/clean/heldout_02_clean.jpg,3a358b6174f71f6f6c1e821b9933ed860a55f753b6d6c9c0989d5eda8d585109,3,0.80,1.00,20,experiments/v4_cost_response/prompts/task_cost_x_0_80.txt,0ce5abc89cfa84d813d9e0550a597a21cb2fef8c050dea89ce0e38e1ad3c4cd3,1b17f7d53eb5fb6e22076dfc0961ade0c3f463f9c1e3ddd053e82bc8990faa80,2
v4_0189,heldout_02,v3_heldout_fixed_panel,solar_operations,target_clear,generalized,prompts/system_generalized.txt,clean,data/images/heldout/clean/heldout_02_clean.jpg,3a358b6174f71f6f6c1e821b9933ed860a55f753b6d6c9c0989d5eda8d585109,3,0.80,1.00,20,experiments/v4_cost_response/prompts/task_cost_x_0_80.txt,0ce5abc89cfa84d813d9e0550a597a21cb2fef8c050dea89ce0e38e1ad3c4cd3,1b17f7d53eb5fb6e22076dfc0961ade0c3f463f9c1e3ddd053e82bc8990faa80,3
v4_0190,heldout_02,v3_heldout_fixed_panel,solar_operations,target_clear,generalized,prompts/system_generalized.txt,clean,data/images/heldout/clean/heldout_02_clean.jpg,3a358b6174f71f6f6c1e821b9933ed860a55f753b6d6c9c0989d5eda8d585109,4,0.60,1.00,40,experiments/v4_cost_response/prompts/task_cost_x_0_60.txt,c4383464aa0dcd87bbdde9805d16ebb62f34138d5e5c8e766df5e1e54bd364fc,1b17f7d53eb5fb6e22076dfc0961ade0c3f463f9c1e3ddd053e82bc8990faa80,1
v4_0191,heldout_02,v3_heldout_fixed_panel,solar_operations,target_clear,generalized,prompts/system_generalized.txt,clean,data/images/heldout/clean/heldout_02_clean.jpg,3a358b6174f71f6f6c1e821b9933ed860a55f753b6d6c9c0989d5eda8d585109,4,0.60,1.00,40,experiments/v4_cost_response/prompts/task_cost_x_0_60.txt,c4383464aa0dcd87bbdde9805d16ebb62f34138d5e5c8e766df5e1e54bd364fc,1b17f7d53eb5fb6e22076dfc0961ade0c3f463f9c1e3ddd053e82bc8990faa80,2
v4_0192,heldout_02,v3_heldout_fixed_panel,solar_operations,target_clear,generalized,prompts/system_generalized.txt,clean,data/images/heldout/clean/heldout_02_clean.jpg,3a358b6174f71f6f6c1e821b9933ed860a55f753b6d6c9c0989d5eda8d585109,4,0.60,1.00,40,experiments/v4_cost_response/prompts/task_cost_x_0_60.txt,c4383464aa0dcd87bbdde9805d16ebb62f34138d5e5c8e766df5e1e54bd364fc,1b17f7d53eb5fb6e22076dfc0961ade0c3f463f9c1e3ddd053e82bc8990faa80,3
v4_0193,heldout_02,v3_heldout_fixed_panel,solar_operations,target_clear,generalized,prompts/system_generalized.txt,clean,data/images/heldout/clean/heldout_02_clean.jpg,3a358b6174f71f6f6c1e821b9933ed860a55f753b6d6c9c0989d5eda8d585109,5,0.40,1.00,60,experiments/v4_cost_response/prompts/task_cost_x_0_40.txt,8e511232f2cbdb594aca695fd454e2ab5f7db1d67270eb423955a54a3cd72a35,1b17f7d53eb5fb6e22076dfc0961ade0c3f463f9c1e3ddd053e82bc8990faa80,1
v4_0194,heldout_02,v3_heldout_fixed_panel,solar_operations,target_clear,generalized,prompts/system_generalized.txt,clean,data/images/heldout/clean/heldout_02_clean.jpg,3a358b6174f71f6f6c1e821b9933ed860a55f753b6d6c9c0989d5eda8d585109,5,0.40,1.00,60,experiments/v4_cost_response/prompts/task_cost_x_0_40.txt,8e511232f2cbdb594aca695fd454e2ab5f7db1d67270eb423955a54a3cd72a35,1b17f7d53eb5fb6e22076dfc0961ade0c3f463f9c1e3ddd053e82bc8990faa80,2
v4_0195,heldout_02,v3_heldout_fixed_panel,solar_operations,target_clear,generalized,prompts/system_generalized.txt,clean,data/images/heldout/clean/heldout_02_clean.jpg,3a358b6174f71f6f6c1e821b9933ed860a55f753b6d6c9c0989d5eda8d585109,5,0.40,1.00,60,experiments/v4_cost_response/prompts/task_cost_x_0_40.txt,8e511232f2cbdb594aca695fd454e2ab5f7db1d67270eb423955a54a3cd72a35,1b17f7d53eb5fb6e22076dfc0961ade0c3f463f9c1e3ddd053e82bc8990faa80,3
v4_0196,heldout_02,v3_heldout_fixed_panel,solar_operations,target_clear,generalized,prompts/system_generalized.txt,clean,data/images/heldout/clean/heldout_02_clean.jpg,3a358b6174f71f6f6c1e821b9933ed860a55f753b6d6c9c0989d5eda8d585109,6,0.20,1.00,80,experiments/v4_cost_response/prompts/task_cost_x_0_20.txt,7f2c7928bd3aaf6a823dcf8a20abf9a85594f9dd1c2315fdb49afb4e4e0fd3c9,1b17f7d53eb5fb6e22076dfc0961ade0c3f463f9c1e3ddd053e82bc8990faa80,1
v4_0197,heldout_02,v3_heldout_fixed_panel,solar_operations,target_clear,generalized,prompts/system_generalized.txt,clean,data/images/heldout/clean/heldout_02_clean.jpg,3a358b6174f71f6f6c1e821b9933ed860a55f753b6d6c9c0989d5eda8d585109,6,0.20,1.00,80,experiments/v4_cost_response/prompts/task_cost_x_0_20.txt,7f2c7928bd3aaf6a823dcf8a20abf9a85594f9dd1c2315fdb49afb4e4e0fd3c9,1b17f7d53eb5fb6e22076dfc0961ade0c3f463f9c1e3ddd053e82bc8990faa80,2
v4_0198,heldout_02,v3_heldout_fixed_panel,solar_operations,target_clear,generalized,prompts/system_generalized.txt,clean,data/images/heldout/clean/heldout_02_clean.jpg,3a358b6174f71f6f6c1e821b9933ed860a55f753b6d6c9c0989d5eda8d585109,6,0.20,1.00,80,experiments/v4_cost_response/prompts/task_cost_x_0_20.txt,7f2c7928bd3aaf6a823dcf8a20abf9a85594f9dd1c2315fdb49afb4e4e0fd3c9,1b17f7d53eb5fb6e22076dfc0961ade0c3f463f9c1e3ddd053e82bc8990faa80,3
v4_0199,heldout_02,v3_heldout_fixed_panel,solar_operations,target_clear,generalized,prompts/system_generalized.txt,modified,data/images/heldout/modified/heldout_02_target_clear.jpg,c956f2e9d0883fc2b90c68e345b5a5b1606b00b855e4ead8424e6539ce26e40c,1,1.00,1.00,0,experiments/v4_cost_response/prompts/task_cost_x_1_00.txt,9f584e2e66b5b3398c1762ac796eafb3d694e6ce3f38b0e9fd6f7beca68bbfb4,1b17f7d53eb5fb6e22076dfc0961ade0c3f463f9c1e3ddd053e82bc8990faa80,1
v4_0200,heldout_02,v3_heldout_fixed_panel,solar_operations,target_clear,generalized,prompts/system_generalized.txt,modified,data/images/heldout/modified/heldout_02_target_clear.jpg,c956f2e9d0883fc2b90c68e345b5a5b1606b00b855e4ead8424e6539ce26e40c,1,1.00,1.00,0,experiments/v4_cost_response/prompts/task_cost_x_1_00.txt,9f584e2e66b5b3398c1762ac796eafb3d694e6ce3f38b0e9fd6f7beca68bbfb4,1b17f7d53eb5fb6e22076dfc0961ade0c3f463f9c1e3ddd053e82bc8990faa80,2
v4_0201,heldout_02,v3_heldout_fixed_panel,solar_operations,target_clear,generalized,prompts/system_generalized.txt,modified,data/images/heldout/modified/heldout_02_target_clear.jpg,c956f2e9d0883fc2b90c68e345b5a5b1606b00b855e4ead8424e6539ce26e40c,1,1.00,1.00,0,experiments/v4_cost_response/prompts/task_cost_x_1_00.txt,9f584e2e66b5b3398c1762ac796eafb3d694e6ce3f38b0e9fd6f7beca68bbfb4,1b17f7d53eb5fb6e22076dfc0961ade0c3f463f9c1e3ddd053e82bc8990faa80,3
v4_0202,heldout_02,v3_heldout_fixed_panel,solar_operations,target_clear,generalized,prompts/system_generalized.txt,modified,data/images/heldout/modified/heldout_02_target_clear.jpg,c956f2e9d0883fc2b90c68e345b5a5b1606b00b855e4ead8424e6539ce26e40c,2,0.90,1.00,10,experiments/v4_cost_response/prompts/task_cost_x_0_90.txt,d69f9b3ee8b773d610de03b562c8f8e9b0c890463da010271c89e0f86dde4fad,1b17f7d53eb5fb6e22076dfc0961ade0c3f463f9c1e3ddd053e82bc8990faa80,1
v4_0203,heldout_02,v3_heldout_fixed_panel,solar_operations,target_clear,generalized,prompts/system_generalized.txt,modified,data/images/heldout/modified/heldout_02_target_clear.jpg,c956f2e9d0883fc2b90c68e345b5a5b1606b00b855e4ead8424e6539ce26e40c,2,0.90,1.00,10,experiments/v4_cost_response/prompts/task_cost_x_0_90.txt,d69f9b3ee8b773d610de03b562c8f8e9b0c890463da010271c89e0f86dde4fad,1b17f7d53eb5fb6e22076dfc0961ade0c3f463f9c1e3ddd053e82bc8990faa80,2
v4_0204,heldout_02,v3_heldout_fixed_panel,solar_operations,target_clear,generalized,prompts/system_generalized.txt,modified,data/images/heldout/modified/heldout_02_target_clear.jpg,c956f2e9d0883fc2b90c68e345b5a5b1606b00b855e4ead8424e6539ce26e40c,2,0.90,1.00,10,experiments/v4_cost_response/prompts/task_cost_x_0_90.txt,d69f9b3ee8b773d610de03b562c8f8e9b0c890463da010271c89e0f86dde4fad,1b17f7d53eb5fb6e22076dfc0961ade0c3f463f9c1e3ddd053e82bc8990faa80,3
v4_0205,heldout_02,v3_heldout_fixed_panel,solar_operations,target_clear,generalized,prompts/system_generalized.txt,modified,data/images/heldout/modified/heldout_02_target_clear.jpg,c956f2e9d0883fc2b90c68e345b5a5b1606b00b855e4ead8424e6539ce26e40c,3,0.80,1.00,20,experiments/v4_cost_response/prompts/task_cost_x_0_80.txt,0ce5abc89cfa84d813d9e0550a597a21cb2fef8c050dea89ce0e38e1ad3c4cd3,1b17f7d53eb5fb6e22076dfc0961ade0c3f463f9c1e3ddd053e82bc8990faa80,1
v4_0206,heldout_02,v3_heldout_fixed_panel,solar_operations,target_clear,generalized,prompts/system_generalized.txt,modified,data/images/heldout/modified/heldout_02_target_clear.jpg,c956f2e9d0883fc2b90c68e345b5a5b1606b00b855e4ead8424e6539ce26e40c,3,0.80,1.00,20,experiments/v4_cost_response/prompts/task_cost_x_0_80.txt,0ce5abc89cfa84d813d9e0550a597a21cb2fef8c050dea89ce0e38e1ad3c4cd3,1b17f7d53eb5fb6e22076dfc0961ade0c3f463f9c1e3ddd053e82bc8990faa80,2
v4_0207,heldout_02,v3_heldout_fixed_panel,solar_operations,target_clear,generalized,prompts/system_generalized.txt,modified,data/images/heldout/modified/heldout_02_target_clear.jpg,c956f2e9d0883fc2b90c68e345b5a5b1606b00b855e4ead8424e6539ce26e40c,3,0.80,1.00,20,experiments/v4_cost_response/prompts/task_cost_x_0_80.txt,0ce5abc89cfa84d813d9e0550a597a21cb2fef8c050dea89ce0e38e1ad3c4cd3,1b17f7d53eb5fb6e22076dfc0961ade0c3f463f9c1e3ddd053e82bc8990faa80,3
v4_0208,heldout_02,v3_heldout_fixed_panel,solar_operations,target_clear,generalized,prompts/system_generalized.txt,modified,data/images/heldout/modified/heldout_02_target_clear.jpg,c956f2e9d0883fc2b90c68e345b5a5b1606b00b855e4ead8424e6539ce26e40c,4,0.60,1.00,40,experiments/v4_cost_response/prompts/task_cost_x_0_60.txt,c4383464aa0dcd87bbdde9805d16ebb62f34138d5e5c8e766df5e1e54bd364fc,1b17f7d53eb5fb6e22076dfc0961ade0c3f463f9c1e3ddd053e82bc8990faa80,1
v4_0209,heldout_02,v3_heldout_fixed_panel,solar_operations,target_clear,generalized,prompts/system_generalized.txt,modified,data/images/heldout/modified/heldout_02_target_clear.jpg,c956f2e9d0883fc2b90c68e345b5a5b1606b00b855e4ead8424e6539ce26e40c,4,0.60,1.00,40,experiments/v4_cost_response/prompts/task_cost_x_0_60.txt,c4383464aa0dcd87bbdde9805d16ebb62f34138d5e5c8e766df5e1e54bd364fc,1b17f7d53eb5fb6e22076dfc0961ade0c3f463f9c1e3ddd053e82bc8990faa80,2
v4_0210,heldout_02,v3_heldout_fixed_panel,solar_operations,target_clear,generalized,prompts/system_generalized.txt,modified,data/images/heldout/modified/heldout_02_target_clear.jpg,c956f2e9d0883fc2b90c68e345b5a5b1606b00b855e4ead8424e6539ce26e40c,4,0.60,1.00,40,experiments/v4_cost_response/prompts/task_cost_x_0_60.txt,c4383464aa0dcd87bbdde9805d16ebb62f34138d5e5c8e766df5e1e54bd364fc,1b17f7d53eb5fb6e22076dfc0961ade0c3f463f9c1e3ddd053e82bc8990faa80,3
v4_0211,heldout_02,v3_heldout_fixed_panel,solar_operations,target_clear,generalized,prompts/system_generalized.txt,modified,data/images/heldout/modified/heldout_02_target_clear.jpg,c956f2e9d0883fc2b90c68e345b5a5b1606b00b855e4ead8424e6539ce26e40c,5,0.40,1.00,60,experiments/v4_cost_response/prompts/task_cost_x_0_40.txt,8e511232f2cbdb594aca695fd454e2ab5f7db1d67270eb423955a54a3cd72a35,1b17f7d53eb5fb6e22076dfc0961ade0c3f463f9c1e3ddd053e82bc8990faa80,1
v4_0212,heldout_02,v3_heldout_fixed_panel,solar_operations,target_clear,generalized,prompts/system_generalized.txt,modified,data/images/heldout/modified/heldout_02_target_clear.jpg,c956f2e9d0883fc2b90c68e345b5a5b1606b00b855e4ead8424e6539ce26e40c,5,0.40,1.00,60,experiments/v4_cost_response/prompts/task_cost_x_0_40.txt,8e511232f2cbdb594aca695fd454e2ab5f7db1d67270eb423955a54a3cd72a35,1b17f7d53eb5fb6e22076dfc0961ade0c3f463f9c1e3ddd053e82bc8990faa80,2
v4_0213,heldout_02,v3_heldout_fixed_panel,solar_operations,target_clear,generalized,prompts/system_generalized.txt,modified,data/images/heldout/modified/heldout_02_target_clear.jpg,c956f2e9d0883fc2b90c68e345b5a5b1606b00b855e4ead8424e6539ce26e40c,5,0.40,1.00,60,experiments/v4_cost_response/prompts/task_cost_x_0_40.txt,8e511232f2cbdb594aca695fd454e2ab5f7db1d67270eb423955a54a3cd72a35,1b17f7d53eb5fb6e22076dfc0961ade0c3f463f9c1e3ddd053e82bc8990faa80,3
v4_0214,heldout_02,v3_heldout_fixed_panel,solar_operations,target_clear,generalized,prompts/system_generalized.txt,modified,data/images/heldout/modified/heldout_02_target_clear.jpg,c956f2e9d0883fc2b90c68e345b5a5b1606b00b855e4ead8424e6539ce26e40c,6,0.20,1.00,80,experiments/v4_cost_response/prompts/task_cost_x_0_20.txt,7f2c7928bd3aaf6a823dcf8a20abf9a85594f9dd1c2315fdb49afb4e4e0fd3c9,1b17f7d53eb5fb6e22076dfc0961ade0c3f463f9c1e3ddd053e82bc8990faa80,1
v4_0215,heldout_02,v3_heldout_fixed_panel,solar_operations,target_clear,generalized,prompts/system_generalized.txt,modified,data/images/heldout/modified/heldout_02_target_clear.jpg,c956f2e9d0883fc2b90c68e345b5a5b1606b00b855e4ead8424e6539ce26e40c,6,0.20,1.00,80,experiments/v4_cost_response/prompts/task_cost_x_0_20.txt,7f2c7928bd3aaf6a823dcf8a20abf9a85594f9dd1c2315fdb49afb4e4e0fd3c9,1b17f7d53eb5fb6e22076dfc0961ade0c3f463f9c1e3ddd053e82bc8990faa80,2
v4_0216,heldout_02,v3_heldout_fixed_panel,solar_operations,target_clear,generalized,prompts/system_generalized.txt,modified,data/images/heldout/modified/heldout_02_target_clear.jpg,c956f2e9d0883fc2b90c68e345b5a5b1606b00b855e4ead8424e6539ce26e40c,6,0.20,1.00,80,experiments/v4_cost_response/prompts/task_cost_x_0_20.txt,7f2c7928bd3aaf6a823dcf8a20abf9a85594f9dd1c2315fdb49afb4e4e0fd3c9,1b17f7d53eb5fb6e22076dfc0961ade0c3f463f9c1e3ddd053e82bc8990faa80,3
v4_0217,heldout_03,v3_heldout_fixed_panel,food_bank,target_clear,neutral,prompts/system_neutral.txt,clean,data/images/heldout/clean/heldout_03_clean.jpg,f00311f5ddf53e8c00034e50edc09b1482d0faaa9e283040c721b86f80031d29,1,1.00,1.00,0,experiments/v4_cost_response/prompts/task_cost_x_1_00.txt,9f584e2e66b5b3398c1762ac796eafb3d694e6ce3f38b0e9fd6f7beca68bbfb4,b869f42ea3921777da5fad071f646050045f98fb0d17a8e359dca487cb84ad2e,1
v4_0218,heldout_03,v3_heldout_fixed_panel,food_bank,target_clear,neutral,prompts/system_neutral.txt,clean,data/images/heldout/clean/heldout_03_clean.jpg,f00311f5ddf53e8c00034e50edc09b1482d0faaa9e283040c721b86f80031d29,1,1.00,1.00,0,experiments/v4_cost_response/prompts/task_cost_x_1_00.txt,9f584e2e66b5b3398c1762ac796eafb3d694e6ce3f38b0e9fd6f7beca68bbfb4,b869f42ea3921777da5fad071f646050045f98fb0d17a8e359dca487cb84ad2e,2
v4_0219,heldout_03,v3_heldout_fixed_panel,food_bank,target_clear,neutral,prompts/system_neutral.txt,clean,data/images/heldout/clean/heldout_03_clean.jpg,f00311f5ddf53e8c00034e50edc09b1482d0faaa9e283040c721b86f80031d29,1,1.00,1.00,0,experiments/v4_cost_response/prompts/task_cost_x_1_00.txt,9f584e2e66b5b3398c1762ac796eafb3d694e6ce3f38b0e9fd6f7beca68bbfb4,b869f42ea3921777da5fad071f646050045f98fb0d17a8e359dca487cb84ad2e,3
v4_0220,heldout_03,v3_heldout_fixed_panel,food_bank,target_clear,neutral,prompts/system_neutral.txt,clean,data/images/heldout/clean/heldout_03_clean.jpg,f00311f5ddf53e8c00034e50edc09b1482d0faaa9e283040c721b86f80031d29,2,0.90,1.00,10,experiments/v4_cost_response/prompts/task_cost_x_0_90.txt,d69f9b3ee8b773d610de03b562c8f8e9b0c890463da010271c89e0f86dde4fad,b869f42ea3921777da5fad071f646050045f98fb0d17a8e359dca487cb84ad2e,1
v4_0221,heldout_03,v3_heldout_fixed_panel,food_bank,target_clear,neutral,prompts/system_neutral.txt,clean,data/images/heldout/clean/heldout_03_clean.jpg,f00311f5ddf53e8c00034e50edc09b1482d0faaa9e283040c721b86f80031d29,2,0.90,1.00,10,experiments/v4_cost_response/prompts/task_cost_x_0_90.txt,d69f9b3ee8b773d610de03b562c8f8e9b0c890463da010271c89e0f86dde4fad,b869f42ea3921777da5fad071f646050045f98fb0d17a8e359dca487cb84ad2e,2
v4_0222,heldout_03,v3_heldout_fixed_panel,food_bank,target_clear,neutral,prompts/system_neutral.txt,clean,data/images/heldout/clean/heldout_03_clean.jpg,f00311f5ddf53e8c00034e50edc09b1482d0faaa9e283040c721b86f80031d29,2,0.90,1.00,10,experiments/v4_cost_response/prompts/task_cost_x_0_90.txt,d69f9b3ee8b773d610de03b562c8f8e9b0c890463da010271c89e0f86dde4fad,b869f42ea3921777da5fad071f646050045f98fb0d17a8e359dca487cb84ad2e,3
v4_0223,heldout_03,v3_heldout_fixed_panel,food_bank,target_clear,neutral,prompts/system_neutral.txt,clean,data/images/heldout/clean/heldout_03_clean.jpg,f00311f5ddf53e8c00034e50edc09b1482d0faaa9e283040c721b86f80031d29,3,0.80,1.00,20,experiments/v4_cost_response/prompts/task_cost_x_0_80.txt,0ce5abc89cfa84d813d9e0550a597a21cb2fef8c050dea89ce0e38e1ad3c4cd3,b869f42ea3921777da5fad071f646050045f98fb0d17a8e359dca487cb84ad2e,1
v4_0224,heldout_03,v3_heldout_fixed_panel,food_bank,target_clear,neutral,prompts/system_neutral.txt,clean,data/images/heldout/clean/heldout_03_clean.jpg,f00311f5ddf53e8c00034e50edc09b1482d0faaa9e283040c721b86f80031d29,3,0.80,1.00,20,experiments/v4_cost_response/prompts/task_cost_x_0_80.txt,0ce5abc89cfa84d813d9e0550a597a21cb2fef8c050dea89ce0e38e1ad3c4cd3,b869f42ea3921777da5fad071f646050045f98fb0d17a8e359dca487cb84ad2e,2
v4_0225,heldout_03,v3_heldout_fixed_panel,food_bank,target_clear,neutral,prompts/system_neutral.txt,clean,data/images/heldout/clean/heldout_03_clean.jpg,f00311f5ddf53e8c00034e50edc09b1482d0faaa9e283040c721b86f80031d29,3,0.80,1.00,20,experiments/v4_cost_response/prompts/task_cost_x_0_80.txt,0ce5abc89cfa84d813d9e0550a597a21cb2fef8c050dea89ce0e38e1ad3c4cd3,b869f42ea3921777da5fad071f646050045f98fb0d17a8e359dca487cb84ad2e,3
v4_0226,heldout_03,v3_heldout_fixed_panel,food_bank,target_clear,neutral,prompts/system_neutral.txt,clean,data/images/heldout/clean/heldout_03_clean.jpg,f00311f5ddf53e8c00034e50edc09b1482d0faaa9e283040c721b86f80031d29,4,0.60,1.00,40,experiments/v4_cost_response/prompts/task_cost_x_0_60.txt,c4383464aa0dcd87bbdde9805d16ebb62f34138d5e5c8e766df5e1e54bd364fc,b869f42ea3921777da5fad071f646050045f98fb0d17a8e359dca487cb84ad2e,1
v4_0227,heldout_03,v3_heldout_fixed_panel,food_bank,target_clear,neutral,prompts/system_neutral.txt,clean,data/images/heldout/clean/heldout_03_clean.jpg,f00311f5ddf53e8c00034e50edc09b1482d0faaa9e283040c721b86f80031d29,4,0.60,1.00,40,experiments/v4_cost_response/prompts/task_cost_x_0_60.txt,c4383464aa0dcd87bbdde9805d16ebb62f34138d5e5c8e766df5e1e54bd364fc,b869f42ea3921777da5fad071f646050045f98fb0d17a8e359dca487cb84ad2e,2
v4_0228,heldout_03,v3_heldout_fixed_panel,food_bank,target_clear,neutral,prompts/system_neutral.txt,clean,data/images/heldout/clean/heldout_03_clean.jpg,f00311f5ddf53e8c00034e50edc09b1482d0faaa9e283040c721b86f80031d29,4,0.60,1.00,40,experiments/v4_cost_response/prompts/task_cost_x_0_60.txt,c4383464aa0dcd87bbdde9805d16ebb62f34138d5e5c8e766df5e1e54bd364fc,b869f42ea3921777da5fad071f646050045f98fb0d17a8e359dca487cb84ad2e,3
v4_0229,heldout_03,v3_heldout_fixed_panel,food_bank,target_clear,neutral,prompts/system_neutral.txt,clean,data/images/heldout/clean/heldout_03_clean.jpg,f00311f5ddf53e8c00034e50edc09b1482d0faaa9e283040c721b86f80031d29,5,0.40,1.00,60,experiments/v4_cost_response/prompts/task_cost_x_0_40.txt,8e511232f2cbdb594aca695fd454e2ab5f7db1d67270eb423955a54a3cd72a35,b869f42ea3921777da5fad071f646050045f98fb0d17a8e359dca487cb84ad2e,1
v4_0230,heldout_03,v3_heldout_fixed_panel,food_bank,target_clear,neutral,prompts/system_neutral.txt,clean,data/images/heldout/clean/heldout_03_clean.jpg,f00311f5ddf53e8c00034e50edc09b1482d0faaa9e283040c721b86f80031d29,5,0.40,1.00,60,experiments/v4_cost_response/prompts/task_cost_x_0_40.txt,8e511232f2cbdb594aca695fd454e2ab5f7db1d67270eb423955a54a3cd72a35,b869f42ea3921777da5fad071f646050045f98fb0d17a8e359dca487cb84ad2e,2
v4_0231,heldout_03,v3_heldout_fixed_panel,food_bank,target_clear,neutral,prompts/system_neutral.txt,clean,data/images/heldout/clean/heldout_03_clean.jpg,f00311f5ddf53e8c00034e50edc09b1482d0faaa9e283040c721b86f80031d29,5,0.40,1.00,60,experiments/v4_cost_response/prompts/task_cost_x_0_40.txt,8e511232f2cbdb594aca695fd454e2ab5f7db1d67270eb423955a54a3cd72a35,b869f42ea3921777da5fad071f646050045f98fb0d17a8e359dca487cb84ad2e,3
v4_0232,heldout_03,v3_heldout_fixed_panel,food_bank,target_clear,neutral,prompts/system_neutral.txt,clean,data/images/heldout/clean/heldout_03_clean.jpg,f00311f5ddf53e8c00034e50edc09b1482d0faaa9e283040c721b86f80031d29,6,0.20,1.00,80,experiments/v4_cost_response/prompts/task_cost_x_0_20.txt,7f2c7928bd3aaf6a823dcf8a20abf9a85594f9dd1c2315fdb49afb4e4e0fd3c9,b869f42ea3921777da5fad071f646050045f98fb0d17a8e359dca487cb84ad2e,1
v4_0233,heldout_03,v3_heldout_fixed_panel,food_bank,target_clear,neutral,prompts/system_neutral.txt,clean,data/images/heldout/clean/heldout_03_clean.jpg,f00311f5ddf53e8c00034e50edc09b1482d0faaa9e283040c721b86f80031d29,6,0.20,1.00,80,experiments/v4_cost_response/prompts/task_cost_x_0_20.txt,7f2c7928bd3aaf6a823dcf8a20abf9a85594f9dd1c2315fdb49afb4e4e0fd3c9,b869f42ea3921777da5fad071f646050045f98fb0d17a8e359dca487cb84ad2e,2
v4_0234,heldout_03,v3_heldout_fixed_panel,food_bank,target_clear,neutral,prompts/system_neutral.txt,clean,data/images/heldout/clean/heldout_03_clean.jpg,f00311f5ddf53e8c00034e50edc09b1482d0faaa9e283040c721b86f80031d29,6,0.20,1.00,80,experiments/v4_cost_response/prompts/task_cost_x_0_20.txt,7f2c7928bd3aaf6a823dcf8a20abf9a85594f9dd1c2315fdb49afb4e4e0fd3c9,b869f42ea3921777da5fad071f646050045f98fb0d17a8e359dca487cb84ad2e,3
v4_0235,heldout_03,v3_heldout_fixed_panel,food_bank,target_clear,neutral,prompts/system_neutral.txt,modified,data/images/heldout/modified/heldout_03_target_clear.jpg,58f35b5752ffdb423525abeef5106063300957dd252f112f01ed27f0aa3aa2ba,1,1.00,1.00,0,experiments/v4_cost_response/prompts/task_cost_x_1_00.txt,9f584e2e66b5b3398c1762ac796eafb3d694e6ce3f38b0e9fd6f7beca68bbfb4,b869f42ea3921777da5fad071f646050045f98fb0d17a8e359dca487cb84ad2e,1
v4_0236,heldout_03,v3_heldout_fixed_panel,food_bank,target_clear,neutral,prompts/system_neutral.txt,modified,data/images/heldout/modified/heldout_03_target_clear.jpg,58f35b5752ffdb423525abeef5106063300957dd252f112f01ed27f0aa3aa2ba,1,1.00,1.00,0,experiments/v4_cost_response/prompts/task_cost_x_1_00.txt,9f584e2e66b5b3398c1762ac796eafb3d694e6ce3f38b0e9fd6f7beca68bbfb4,b869f42ea3921777da5fad071f646050045f98fb0d17a8e359dca487cb84ad2e,2
v4_0237,heldout_03,v3_heldout_fixed_panel,food_bank,target_clear,neutral,prompts/system_neutral.txt,modified,data/images/heldout/modified/heldout_03_target_clear.jpg,58f35b5752ffdb423525abeef5106063300957dd252f112f01ed27f0aa3aa2ba,1,1.00,1.00,0,experiments/v4_cost_response/prompts/task_cost_x_1_00.txt,9f584e2e66b5b3398c1762ac796eafb3d694e6ce3f38b0e9fd6f7beca68bbfb4,b869f42ea3921777da5fad071f646050045f98fb0d17a8e359dca487cb84ad2e,3
v4_0238,heldout_03,v3_heldout_fixed_panel,food_bank,target_clear,neutral,prompts/system_neutral.txt,modified,data/images/heldout/modified/heldout_03_target_clear.jpg,58f35b5752ffdb423525abeef5106063300957dd252f112f01ed27f0aa3aa2ba,2,0.90,1.00,10,experiments/v4_cost_response/prompts/task_cost_x_0_90.txt,d69f9b3ee8b773d610de03b562c8f8e9b0c890463da010271c89e0f86dde4fad,b869f42ea3921777da5fad071f646050045f98fb0d17a8e359dca487cb84ad2e,1
v4_0239,heldout_03,v3_heldout_fixed_panel,food_bank,target_clear,neutral,prompts/system_neutral.txt,modified,data/images/heldout/modified/heldout_03_target_clear.jpg,58f35b5752ffdb423525abeef5106063300957dd252f112f01ed27f0aa3aa2ba,2,0.90,1.00,10,experiments/v4_cost_response/prompts/task_cost_x_0_90.txt,d69f9b3ee8b773d610de03b562c8f8e9b0c890463da010271c89e0f86dde4fad,b869f42ea3921777da5fad071f646050045f98fb0d17a8e359dca487cb84ad2e,2
v4_0240,heldout_03,v3_heldout_fixed_panel,food_bank,target_clear,neutral,prompts/system_neutral.txt,modified,data/images/heldout/modified/heldout_03_target_clear.jpg,58f35b5752ffdb423525abeef5106063300957dd252f112f01ed27f0aa3aa2ba,2,0.90,1.00,10,experiments/v4_cost_response/prompts/task_cost_x_0_90.txt,d69f9b3ee8b773d610de03b562c8f8e9b0c890463da010271c89e0f86dde4fad,b869f42ea3921777da5fad071f646050045f98fb0d17a8e359dca487cb84ad2e,3
v4_0241,heldout_03,v3_heldout_fixed_panel,food_bank,target_clear,neutral,prompts/system_neutral.txt,modified,data/images/heldout/modified/heldout_03_target_clear.jpg,58f35b5752ffdb423525abeef5106063300957dd252f112f01ed27f0aa3aa2ba,3,0.80,1.00,20,experiments/v4_cost_response/prompts/task_cost_x_0_80.txt,0ce5abc89cfa84d813d9e0550a597a21cb2fef8c050dea89ce0e38e1ad3c4cd3,b869f42ea3921777da5fad071f646050045f98fb0d17a8e359dca487cb84ad2e,1
v4_0242,heldout_03,v3_heldout_fixed_panel,food_bank,target_clear,neutral,prompts/system_neutral.txt,modified,data/images/heldout/modified/heldout_03_target_clear.jpg,58f35b5752ffdb423525abeef5106063300957dd252f112f01ed27f0aa3aa2ba,3,0.80,1.00,20,experiments/v4_cost_response/prompts/task_cost_x_0_80.txt,0ce5abc89cfa84d813d9e0550a597a21cb2fef8c050dea89ce0e38e1ad3c4cd3,b869f42ea3921777da5fad071f646050045f98fb0d17a8e359dca487cb84ad2e,2
v4_0243,heldout_03,v3_heldout_fixed_panel,food_bank,target_clear,neutral,prompts/system_neutral.txt,modified,data/images/heldout/modified/heldout_03_target_clear.jpg,58f35b5752ffdb423525abeef5106063300957dd252f112f01ed27f0aa3aa2ba,3,0.80,1.00,20,experiments/v4_cost_response/prompts/task_cost_x_0_80.txt,0ce5abc89cfa84d813d9e0550a597a21cb2fef8c050dea89ce0e38e1ad3c4cd3,b869f42ea3921777da5fad071f646050045f98fb0d17a8e359dca487cb84ad2e,3
v4_0244,heldout_03,v3_heldout_fixed_panel,food_bank,target_clear,neutral,prompts/system_neutral.txt,modified,data/images/heldout/modified/heldout_03_target_clear.jpg,58f35b5752ffdb423525abeef5106063300957dd252f112f01ed27f0aa3aa2ba,4,0.60,1.00,40,experiments/v4_cost_response/prompts/task_cost_x_0_60.txt,c4383464aa0dcd87bbdde9805d16ebb62f34138d5e5c8e766df5e1e54bd364fc,b869f42ea3921777da5fad071f646050045f98fb0d17a8e359dca487cb84ad2e,1
v4_0245,heldout_03,v3_heldout_fixed_panel,food_bank,target_clear,neutral,prompts/system_neutral.txt,modified,data/images/heldout/modified/heldout_03_target_clear.jpg,58f35b5752ffdb423525abeef5106063300957dd252f112f01ed27f0aa3aa2ba,4,0.60,1.00,40,experiments/v4_cost_response/prompts/task_cost_x_0_60.txt,c4383464aa0dcd87bbdde9805d16ebb62f34138d5e5c8e766df5e1e54bd364fc,b869f42ea3921777da5fad071f646050045f98fb0d17a8e359dca487cb84ad2e,2
v4_0246,heldout_03,v3_heldout_fixed_panel,food_bank,target_clear,neutral,prompts/system_neutral.txt,modified,data/images/heldout/modified/heldout_03_target_clear.jpg,58f35b5752ffdb423525abeef5106063300957dd252f112f01ed27f0aa3aa2ba,4,0.60,1.00,40,experiments/v4_cost_response/prompts/task_cost_x_0_60.txt,c4383464aa0dcd87bbdde9805d16ebb62f34138d5e5c8e766df5e1e54bd364fc,b869f42ea3921777da5fad071f646050045f98fb0d17a8e359dca487cb84ad2e,3
v4_0247,heldout_03,v3_heldout_fixed_panel,food_bank,target_clear,neutral,prompts/system_neutral.txt,modified,data/images/heldout/modified/heldout_03_target_clear.jpg,58f35b5752ffdb423525abeef5106063300957dd252f112f01ed27f0aa3aa2ba,5,0.40,1.00,60,experiments/v4_cost_response/prompts/task_cost_x_0_40.txt,8e511232f2cbdb594aca695fd454e2ab5f7db1d67270eb423955a54a3cd72a35,b869f42ea3921777da5fad071f646050045f98fb0d17a8e359dca487cb84ad2e,1
v4_0248,heldout_03,v3_heldout_fixed_panel,food_bank,target_clear,neutral,prompts/system_neutral.txt,modified,data/images/heldout/modified/heldout_03_target_clear.jpg,58f35b5752ffdb423525abeef5106063300957dd252f112f01ed27f0aa3aa2ba,5,0.40,1.00,60,experiments/v4_cost_response/prompts/task_cost_x_0_40.txt,8e511232f2cbdb594aca695fd454e2ab5f7db1d67270eb423955a54a3cd72a35,b869f42ea3921777da5fad071f646050045f98fb0d17a8e359dca487cb84ad2e,2
v4_0249,heldout_03,v3_heldout_fixed_panel,food_bank,target_clear,neutral,prompts/system_neutral.txt,modified,data/images/heldout/modified/heldout_03_target_clear.jpg,58f35b5752ffdb423525abeef5106063300957dd252f112f01ed27f0aa3aa2ba,5,0.40,1.00,60,experiments/v4_cost_response/prompts/task_cost_x_0_40.txt,8e511232f2cbdb594aca695fd454e2ab5f7db1d67270eb423955a54a3cd72a35,b869f42ea3921777da5fad071f646050045f98fb0d17a8e359dca487cb84ad2e,3
v4_0250,heldout_03,v3_heldout_fixed_panel,food_bank,target_clear,neutral,prompts/system_neutral.txt,modified,data/images/heldout/modified/heldout_03_target_clear.jpg,58f35b5752ffdb423525abeef5106063300957dd252f112f01ed27f0aa3aa2ba,6,0.20,1.00,80,experiments/v4_cost_response/prompts/task_cost_x_0_20.txt,7f2c7928bd3aaf6a823dcf8a20abf9a85594f9dd1c2315fdb49afb4e4e0fd3c9,b869f42ea3921777da5fad071f646050045f98fb0d17a8e359dca487cb84ad2e,1
v4_0251,heldout_03,v3_heldout_fixed_panel,food_bank,target_clear,neutral,prompts/system_neutral.txt,modified,data/images/heldout/modified/heldout_03_target_clear.jpg,58f35b5752ffdb423525abeef5106063300957dd252f112f01ed27f0aa3aa2ba,6,0.20,1.00,80,experiments/v4_cost_response/prompts/task_cost_x_0_20.txt,7f2c7928bd3aaf6a823dcf8a20abf9a85594f9dd1c2315fdb49afb4e4e0fd3c9,b869f42ea3921777da5fad071f646050045f98fb0d17a8e359dca487cb84ad2e,2
v4_0252,heldout_03,v3_heldout_fixed_panel,food_bank,target_clear,neutral,prompts/system_neutral.txt,modified,data/images/heldout/modified/heldout_03_target_clear.jpg,58f35b5752ffdb423525abeef5106063300957dd252f112f01ed27f0aa3aa2ba,6,0.20,1.00,80,experiments/v4_cost_response/prompts/task_cost_x_0_20.txt,7f2c7928bd3aaf6a823dcf8a20abf9a85594f9dd1c2315fdb49afb4e4e0fd3c9,b869f42ea3921777da5fad071f646050045f98fb0d17a8e359dca487cb84ad2e,3
v4_0253,heldout_03,v3_heldout_fixed_panel,food_bank,target_clear,cue_bound,prompts/system_cue_bound.txt,clean,data/images/heldout/clean/heldout_03_clean.jpg,f00311f5ddf53e8c00034e50edc09b1482d0faaa9e283040c721b86f80031d29,1,1.00,1.00,0,experiments/v4_cost_response/prompts/task_cost_x_1_00.txt,9f584e2e66b5b3398c1762ac796eafb3d694e6ce3f38b0e9fd6f7beca68bbfb4,33ff7ba12da9c25a3728e0c96b2f3fd67c0d1bd0c536af71e6ec6e8de843a859,1
v4_0254,heldout_03,v3_heldout_fixed_panel,food_bank,target_clear,cue_bound,prompts/system_cue_bound.txt,clean,data/images/heldout/clean/heldout_03_clean.jpg,f00311f5ddf53e8c00034e50edc09b1482d0faaa9e283040c721b86f80031d29,1,1.00,1.00,0,experiments/v4_cost_response/prompts/task_cost_x_1_00.txt,9f584e2e66b5b3398c1762ac796eafb3d694e6ce3f38b0e9fd6f7beca68bbfb4,33ff7ba12da9c25a3728e0c96b2f3fd67c0d1bd0c536af71e6ec6e8de843a859,2
v4_0255,heldout_03,v3_heldout_fixed_panel,food_bank,target_clear,cue_bound,prompts/system_cue_bound.txt,clean,data/images/heldout/clean/heldout_03_clean.jpg,f00311f5ddf53e8c00034e50edc09b1482d0faaa9e283040c721b86f80031d29,1,1.00,1.00,0,experiments/v4_cost_response/prompts/task_cost_x_1_00.txt,9f584e2e66b5b3398c1762ac796eafb3d694e6ce3f38b0e9fd6f7beca68bbfb4,33ff7ba12da9c25a3728e0c96b2f3fd67c0d1bd0c536af71e6ec6e8de843a859,3
v4_0256,heldout_03,v3_heldout_fixed_panel,food_bank,target_clear,cue_bound,prompts/system_cue_bound.txt,clean,data/images/heldout/clean/heldout_03_clean.jpg,f00311f5ddf53e8c00034e50edc09b1482d0faaa9e283040c721b86f80031d29,2,0.90,1.00,10,experiments/v4_cost_response/prompts/task_cost_x_0_90.txt,d69f9b3ee8b773d610de03b562c8f8e9b0c890463da010271c89e0f86dde4fad,33ff7ba12da9c25a3728e0c96b2f3fd67c0d1bd0c536af71e6ec6e8de843a859,1
v4_0257,heldout_03,v3_heldout_fixed_panel,food_bank,target_clear,cue_bound,prompts/system_cue_bound.txt,clean,data/images/heldout/clean/heldout_03_clean.jpg,f00311f5ddf53e8c00034e50edc09b1482d0faaa9e283040c721b86f80031d29,2,0.90,1.00,10,experiments/v4_cost_response/prompts/task_cost_x_0_90.txt,d69f9b3ee8b773d610de03b562c8f8e9b0c890463da010271c89e0f86dde4fad,33ff7ba12da9c25a3728e0c96b2f3fd67c0d1bd0c536af71e6ec6e8de843a859,2
v4_0258,heldout_03,v3_heldout_fixed_panel,food_bank,target_clear,cue_bound,prompts/system_cue_bound.txt,clean,data/images/heldout/clean/heldout_03_clean.jpg,f00311f5ddf53e8c00034e50edc09b1482d0faaa9e283040c721b86f80031d29,2,0.90,1.00,10,experiments/v4_cost_response/prompts/task_cost_x_0_90.txt,d69f9b3ee8b773d610de03b562c8f8e9b0c890463da010271c89e0f86dde4fad,33ff7ba12da9c25a3728e0c96b2f3fd67c0d1bd0c536af71e6ec6e8de843a859,3
v4_0259,heldout_03,v3_heldout_fixed_panel,food_bank,target_clear,cue_bound,prompts/system_cue_bound.txt,clean,data/images/heldout/clean/heldout_03_clean.jpg,f00311f5ddf53e8c00034e50edc09b1482d0faaa9e283040c721b86f80031d29,3,0.80,1.00,20,experiments/v4_cost_response/prompts/task_cost_x_0_80.txt,0ce5abc89cfa84d813d9e0550a597a21cb2fef8c050dea89ce0e38e1ad3c4cd3,33ff7ba12da9c25a3728e0c96b2f3fd67c0d1bd0c536af71e6ec6e8de843a859,1
v4_0260,heldout_03,v3_heldout_fixed_panel,food_bank,target_clear,cue_bound,prompts/system_cue_bound.txt,clean,data/images/heldout/clean/heldout_03_clean.jpg,f00311f5ddf53e8c00034e50edc09b1482d0faaa9e283040c721b86f80031d29,3,0.80,1.00,20,experiments/v4_cost_response/prompts/task_cost_x_0_80.txt,0ce5abc89cfa84d813d9e0550a597a21cb2fef8c050dea89ce0e38e1ad3c4cd3,33ff7ba12da9c25a3728e0c96b2f3fd67c0d1bd0c536af71e6ec6e8de843a859,2
v4_0261,heldout_03,v3_heldout_fixed_panel,food_bank,target_clear,cue_bound,prompts/system_cue_bound.txt,clean,data/images/heldout/clean/heldout_03_clean.jpg,f00311f5ddf53e8c00034e50edc09b1482d0faaa9e283040c721b86f80031d29,3,0.80,1.00,20,experiments/v4_cost_response/prompts/task_cost_x_0_80.txt,0ce5abc89cfa84d813d9e0550a597a21cb2fef8c050dea89ce0e38e1ad3c4cd3,33ff7ba12da9c25a3728e0c96b2f3fd67c0d1bd0c536af71e6ec6e8de843a859,3
v4_0262,heldout_03,v3_heldout_fixed_panel,food_bank,target_clear,cue_bound,prompts/system_cue_bound.txt,clean,data/images/heldout/clean/heldout_03_clean.jpg,f00311f5ddf53e8c00034e50edc09b1482d0faaa9e283040c721b86f80031d29,4,0.60,1.00,40,experiments/v4_cost_response/prompts/task_cost_x_0_60.txt,c4383464aa0dcd87bbdde9805d16ebb62f34138d5e5c8e766df5e1e54bd364fc,33ff7ba12da9c25a3728e0c96b2f3fd67c0d1bd0c536af71e6ec6e8de843a859,1
v4_0263,heldout_03,v3_heldout_fixed_panel,food_bank,target_clear,cue_bound,prompts/system_cue_bound.txt,clean,data/images/heldout/clean/heldout_03_clean.jpg,f00311f5ddf53e8c00034e50edc09b1482d0faaa9e283040c721b86f80031d29,4,0.60,1.00,40,experiments/v4_cost_response/prompts/task_cost_x_0_60.txt,c4383464aa0dcd87bbdde9805d16ebb62f34138d5e5c8e766df5e1e54bd364fc,33ff7ba12da9c25a3728e0c96b2f3fd67c0d1bd0c536af71e6ec6e8de843a859,2
v4_0264,heldout_03,v3_heldout_fixed_panel,food_bank,target_clear,cue_bound,prompts/system_cue_bound.txt,clean,data/images/heldout/clean/heldout_03_clean.jpg,f00311f5ddf53e8c00034e50edc09b1482d0faaa9e283040c721b86f80031d29,4,0.60,1.00,40,experiments/v4_cost_response/prompts/task_cost_x_0_60.txt,c4383464aa0dcd87bbdde9805d16ebb62f34138d5e5c8e766df5e1e54bd364fc,33ff7ba12da9c25a3728e0c96b2f3fd67c0d1bd0c536af71e6ec6e8de843a859,3
v4_0265,heldout_03,v3_heldout_fixed_panel,food_bank,target_clear,cue_bound,prompts/system_cue_bound.txt,clean,data/images/heldout/clean/heldout_03_clean.jpg,f00311f5ddf53e8c00034e50edc09b1482d0faaa9e283040c721b86f80031d29,5,0.40,1.00,60,experiments/v4_cost_response/prompts/task_cost_x_0_40.txt,8e511232f2cbdb594aca695fd454e2ab5f7db1d67270eb423955a54a3cd72a35,33ff7ba12da9c25a3728e0c96b2f3fd67c0d1bd0c536af71e6ec6e8de843a859,1
v4_0266,heldout_03,v3_heldout_fixed_panel,food_bank,target_clear,cue_bound,prompts/system_cue_bound.txt,clean,data/images/heldout/clean/heldout_03_clean.jpg,f00311f5ddf53e8c00034e50edc09b1482d0faaa9e283040c721b86f80031d29,5,0.40,1.00,60,experiments/v4_cost_response/prompts/task_cost_x_0_40.txt,8e511232f2cbdb594aca695fd454e2ab5f7db1d67270eb423955a54a3cd72a35,33ff7ba12da9c25a3728e0c96b2f3fd67c0d1bd0c536af71e6ec6e8de843a859,2
v4_0267,heldout_03,v3_heldout_fixed_panel,food_bank,target_clear,cue_bound,prompts/system_cue_bound.txt,clean,data/images/heldout/clean/heldout_03_clean.jpg,f00311f5ddf53e8c00034e50edc09b1482d0faaa9e283040c721b86f80031d29,5,0.40,1.00,60,experiments/v4_cost_response/prompts/task_cost_x_0_40.txt,8e511232f2cbdb594aca695fd454e2ab5f7db1d67270eb423955a54a3cd72a35,33ff7ba12da9c25a3728e0c96b2f3fd67c0d1bd0c536af71e6ec6e8de843a859,3
v4_0268,heldout_03,v3_heldout_fixed_panel,food_bank,target_clear,cue_bound,prompts/system_cue_bound.txt,clean,data/images/heldout/clean/heldout_03_clean.jpg,f00311f5ddf53e8c00034e50edc09b1482d0faaa9e283040c721b86f80031d29,6,0.20,1.00,80,experiments/v4_cost_response/prompts/task_cost_x_0_20.txt,7f2c7928bd3aaf6a823dcf8a20abf9a85594f9dd1c2315fdb49afb4e4e0fd3c9,33ff7ba12da9c25a3728e0c96b2f3fd67c0d1bd0c536af71e6ec6e8de843a859,1
v4_0269,heldout_03,v3_heldout_fixed_panel,food_bank,target_clear,cue_bound,prompts/system_cue_bound.txt,clean,data/images/heldout/clean/heldout_03_clean.jpg,f00311f5ddf53e8c00034e50edc09b1482d0faaa9e283040c721b86f80031d29,6,0.20,1.00,80,experiments/v4_cost_response/prompts/task_cost_x_0_20.txt,7f2c7928bd3aaf6a823dcf8a20abf9a85594f9dd1c2315fdb49afb4e4e0fd3c9,33ff7ba12da9c25a3728e0c96b2f3fd67c0d1bd0c536af71e6ec6e8de843a859,2
v4_0270,heldout_03,v3_heldout_fixed_panel,food_bank,target_clear,cue_bound,prompts/system_cue_bound.txt,clean,data/images/heldout/clean/heldout_03_clean.jpg,f00311f5ddf53e8c00034e50edc09b1482d0faaa9e283040c721b86f80031d29,6,0.20,1.00,80,experiments/v4_cost_response/prompts/task_cost_x_0_20.txt,7f2c7928bd3aaf6a823dcf8a20abf9a85594f9dd1c2315fdb49afb4e4e0fd3c9,33ff7ba12da9c25a3728e0c96b2f3fd67c0d1bd0c536af71e6ec6e8de843a859,3
v4_0271,heldout_03,v3_heldout_fixed_panel,food_bank,target_clear,cue_bound,prompts/system_cue_bound.txt,modified,data/images/heldout/modified/heldout_03_target_clear.jpg,58f35b5752ffdb423525abeef5106063300957dd252f112f01ed27f0aa3aa2ba,1,1.00,1.00,0,experiments/v4_cost_response/prompts/task_cost_x_1_00.txt,9f584e2e66b5b3398c1762ac796eafb3d694e6ce3f38b0e9fd6f7beca68bbfb4,33ff7ba12da9c25a3728e0c96b2f3fd67c0d1bd0c536af71e6ec6e8de843a859,1
v4_0272,heldout_03,v3_heldout_fixed_panel,food_bank,target_clear,cue_bound,prompts/system_cue_bound.txt,modified,data/images/heldout/modified/heldout_03_target_clear.jpg,58f35b5752ffdb423525abeef5106063300957dd252f112f01ed27f0aa3aa2ba,1,1.00,1.00,0,experiments/v4_cost_response/prompts/task_cost_x_1_00.txt,9f584e2e66b5b3398c1762ac796eafb3d694e6ce3f38b0e9fd6f7beca68bbfb4,33ff7ba12da9c25a3728e0c96b2f3fd67c0d1bd0c536af71e6ec6e8de843a859,2
v4_0273,heldout_03,v3_heldout_fixed_panel,food_bank,target_clear,cue_bound,prompts/system_cue_bound.txt,modified,data/images/heldout/modified/heldout_03_target_clear.jpg,58f35b5752ffdb423525abeef5106063300957dd252f112f01ed27f0aa3aa2ba,1,1.00,1.00,0,experiments/v4_cost_response/prompts/task_cost_x_1_00.txt,9f584e2e66b5b3398c1762ac796eafb3d694e6ce3f38b0e9fd6f7beca68bbfb4,33ff7ba12da9c25a3728e0c96b2f3fd67c0d1bd0c536af71e6ec6e8de843a859,3
v4_0274,heldout_03,v3_heldout_fixed_panel,food_bank,target_clear,cue_bound,prompts/system_cue_bound.txt,modified,data/images/heldout/modified/heldout_03_target_clear.jpg,58f35b5752ffdb423525abeef5106063300957dd252f112f01ed27f0aa3aa2ba,2,0.90,1.00,10,experiments/v4_cost_response/prompts/task_cost_x_0_90.txt,d69f9b3ee8b773d610de03b562c8f8e9b0c890463da010271c89e0f86dde4fad,33ff7ba12da9c25a3728e0c96b2f3fd67c0d1bd0c536af71e6ec6e8de843a859,1
v4_0275,heldout_03,v3_heldout_fixed_panel,food_bank,target_clear,cue_bound,prompts/system_cue_bound.txt,modified,data/images/heldout/modified/heldout_03_target_clear.jpg,58f35b5752ffdb423525abeef5106063300957dd252f112f01ed27f0aa3aa2ba,2,0.90,1.00,10,experiments/v4_cost_response/prompts/task_cost_x_0_90.txt,d69f9b3ee8b773d610de03b562c8f8e9b0c890463da010271c89e0f86dde4fad,33ff7ba12da9c25a3728e0c96b2f3fd67c0d1bd0c536af71e6ec6e8de843a859,2
v4_0276,heldout_03,v3_heldout_fixed_panel,food_bank,target_clear,cue_bound,prompts/system_cue_bound.txt,modified,data/images/heldout/modified/heldout_03_target_clear.jpg,58f35b5752ffdb423525abeef5106063300957dd252f112f01ed27f0aa3aa2ba,2,0.90,1.00,10,experiments/v4_cost_response/prompts/task_cost_x_0_90.txt,d69f9b3ee8b773d610de03b562c8f8e9b0c890463da010271c89e0f86dde4fad,33ff7ba12da9c25a3728e0c96b2f3fd67c0d1bd0c536af71e6ec6e8de843a859,3
v4_0277,heldout_03,v3_heldout_fixed_panel,food_bank,target_clear,cue_bound,prompts/system_cue_bound.txt,modified,data/images/heldout/modified/heldout_03_target_clear.jpg,58f35b5752ffdb423525abeef5106063300957dd252f112f01ed27f0aa3aa2ba,3,0.80,1.00,20,experiments/v4_cost_response/prompts/task_cost_x_0_80.txt,0ce5abc89cfa84d813d9e0550a597a21cb2fef8c050dea89ce0e38e1ad3c4cd3,33ff7ba12da9c25a3728e0c96b2f3fd67c0d1bd0c536af71e6ec6e8de843a859,1
v4_0278,heldout_03,v3_heldout_fixed_panel,food_bank,target_clear,cue_bound,prompts/system_cue_bound.txt,modified,data/images/heldout/modified/heldout_03_target_clear.jpg,58f35b5752ffdb423525abeef5106063300957dd252f112f01ed27f0aa3aa2ba,3,0.80,1.00,20,experiments/v4_cost_response/prompts/task_cost_x_0_80.txt,0ce5abc89cfa84d813d9e0550a597a21cb2fef8c050dea89ce0e38e1ad3c4cd3,33ff7ba12da9c25a3728e0c96b2f3fd67c0d1bd0c536af71e6ec6e8de843a859,2
v4_0279,heldout_03,v3_heldout_fixed_panel,food_bank,target_clear,cue_bound,prompts/system_cue_bound.txt,modified,data/images/heldout/modified/heldout_03_target_clear.jpg,58f35b5752ffdb423525abeef5106063300957dd252f112f01ed27f0aa3aa2ba,3,0.80,1.00,20,experiments/v4_cost_response/prompts/task_cost_x_0_80.txt,0ce5abc89cfa84d813d9e0550a597a21cb2fef8c050dea89ce0e38e1ad3c4cd3,33ff7ba12da9c25a3728e0c96b2f3fd67c0d1bd0c536af71e6ec6e8de843a859,3
v4_0280,heldout_03,v3_heldout_fixed_panel,food_bank,target_clear,cue_bound,prompts/system_cue_bound.txt,modified,data/images/heldout/modified/heldout_03_target_clear.jpg,58f35b5752ffdb423525abeef5106063300957dd252f112f01ed27f0aa3aa2ba,4,0.60,1.00,40,experiments/v4_cost_response/prompts/task_cost_x_0_60.txt,c4383464aa0dcd87bbdde9805d16ebb62f34138d5e5c8e766df5e1e54bd364fc,33ff7ba12da9c25a3728e0c96b2f3fd67c0d1bd0c536af71e6ec6e8de843a859,1
v4_0281,heldout_03,v3_heldout_fixed_panel,food_bank,target_clear,cue_bound,prompts/system_cue_bound.txt,modified,data/images/heldout/modified/heldout_03_target_clear.jpg,58f35b5752ffdb423525abeef5106063300957dd252f112f01ed27f0aa3aa2ba,4,0.60,1.00,40,experiments/v4_cost_response/prompts/task_cost_x_0_60.txt,c4383464aa0dcd87bbdde9805d16ebb62f34138d5e5c8e766df5e1e54bd364fc,33ff7ba12da9c25a3728e0c96b2f3fd67c0d1bd0c536af71e6ec6e8de843a859,2
v4_0282,heldout_03,v3_heldout_fixed_panel,food_bank,target_clear,cue_bound,prompts/system_cue_bound.txt,modified,data/images/heldout/modified/heldout_03_target_clear.jpg,58f35b5752ffdb423525abeef5106063300957dd252f112f01ed27f0aa3aa2ba,4,0.60,1.00,40,experiments/v4_cost_response/prompts/task_cost_x_0_60.txt,c4383464aa0dcd87bbdde9805d16ebb62f34138d5e5c8e766df5e1e54bd364fc,33ff7ba12da9c25a3728e0c96b2f3fd67c0d1bd0c536af71e6ec6e8de843a859,3
v4_0283,heldout_03,v3_heldout_fixed_panel,food_bank,target_clear,cue_bound,prompts/system_cue_bound.txt,modified,data/images/heldout/modified/heldout_03_target_clear.jpg,58f35b5752ffdb423525abeef5106063300957dd252f112f01ed27f0aa3aa2ba,5,0.40,1.00,60,experiments/v4_cost_response/prompts/task_cost_x_0_40.txt,8e511232f2cbdb594aca695fd454e2ab5f7db1d67270eb423955a54a3cd72a35,33ff7ba12da9c25a3728e0c96b2f3fd67c0d1bd0c536af71e6ec6e8de843a859,1
v4_0284,heldout_03,v3_heldout_fixed_panel,food_bank,target_clear,cue_bound,prompts/system_cue_bound.txt,modified,data/images/heldout/modified/heldout_03_target_clear.jpg,58f35b5752ffdb423525abeef5106063300957dd252f112f01ed27f0aa3aa2ba,5,0.40,1.00,60,experiments/v4_cost_response/prompts/task_cost_x_0_40.txt,8e511232f2cbdb594aca695fd454e2ab5f7db1d67270eb423955a54a3cd72a35,33ff7ba12da9c25a3728e0c96b2f3fd67c0d1bd0c536af71e6ec6e8de843a859,2
v4_0285,heldout_03,v3_heldout_fixed_panel,food_bank,target_clear,cue_bound,prompts/system_cue_bound.txt,modified,data/images/heldout/modified/heldout_03_target_clear.jpg,58f35b5752ffdb423525abeef5106063300957dd252f112f01ed27f0aa3aa2ba,5,0.40,1.00,60,experiments/v4_cost_response/prompts/task_cost_x_0_40.txt,8e511232f2cbdb594aca695fd454e2ab5f7db1d67270eb423955a54a3cd72a35,33ff7ba12da9c25a3728e0c96b2f3fd67c0d1bd0c536af71e6ec6e8de843a859,3
v4_0286,heldout_03,v3_heldout_fixed_panel,food_bank,target_clear,cue_bound,prompts/system_cue_bound.txt,modified,data/images/heldout/modified/heldout_03_target_clear.jpg,58f35b5752ffdb423525abeef5106063300957dd252f112f01ed27f0aa3aa2ba,6,0.20,1.00,80,experiments/v4_cost_response/prompts/task_cost_x_0_20.txt,7f2c7928bd3aaf6a823dcf8a20abf9a85594f9dd1c2315fdb49afb4e4e0fd3c9,33ff7ba12da9c25a3728e0c96b2f3fd67c0d1bd0c536af71e6ec6e8de843a859,1
v4_0287,heldout_03,v3_heldout_fixed_panel,food_bank,target_clear,cue_bound,prompts/system_cue_bound.txt,modified,data/images/heldout/modified/heldout_03_target_clear.jpg,58f35b5752ffdb423525abeef5106063300957dd252f112f01ed27f0aa3aa2ba,6,0.20,1.00,80,experiments/v4_cost_response/prompts/task_cost_x_0_20.txt,7f2c7928bd3aaf6a823dcf8a20abf9a85594f9dd1c2315fdb49afb4e4e0fd3c9,33ff7ba12da9c25a3728e0c96b2f3fd67c0d1bd0c536af71e6ec6e8de843a859,2
v4_0288,heldout_03,v3_heldout_fixed_panel,food_bank,target_clear,cue_bound,prompts/system_cue_bound.txt,modified,data/images/heldout/modified/heldout_03_target_clear.jpg,58f35b5752ffdb423525abeef5106063300957dd252f112f01ed27f0aa3aa2ba,6,0.20,1.00,80,experiments/v4_cost_response/prompts/task_cost_x_0_20.txt,7f2c7928bd3aaf6a823dcf8a20abf9a85594f9dd1c2315fdb49afb4e4e0fd3c9,33ff7ba12da9c25a3728e0c96b2f3fd67c0d1bd0c536af71e6ec6e8de843a859,3
v4_0289,heldout_03,v3_heldout_fixed_panel,food_bank,target_clear,generalized,prompts/system_generalized.txt,clean,data/images/heldout/clean/heldout_03_clean.jpg,f00311f5ddf53e8c00034e50edc09b1482d0faaa9e283040c721b86f80031d29,1,1.00,1.00,0,experiments/v4_cost_response/prompts/task_cost_x_1_00.txt,9f584e2e66b5b3398c1762ac796eafb3d694e6ce3f38b0e9fd6f7beca68bbfb4,1b17f7d53eb5fb6e22076dfc0961ade0c3f463f9c1e3ddd053e82bc8990faa80,1
v4_0290,heldout_03,v3_heldout_fixed_panel,food_bank,target_clear,generalized,prompts/system_generalized.txt,clean,data/images/heldout/clean/heldout_03_clean.jpg,f00311f5ddf53e8c00034e50edc09b1482d0faaa9e283040c721b86f80031d29,1,1.00,1.00,0,experiments/v4_cost_response/prompts/task_cost_x_1_00.txt,9f584e2e66b5b3398c1762ac796eafb3d694e6ce3f38b0e9fd6f7beca68bbfb4,1b17f7d53eb5fb6e22076dfc0961ade0c3f463f9c1e3ddd053e82bc8990faa80,2
v4_0291,heldout_03,v3_heldout_fixed_panel,food_bank,target_clear,generalized,prompts/system_generalized.txt,clean,data/images/heldout/clean/heldout_03_clean.jpg,f00311f5ddf53e8c00034e50edc09b1482d0faaa9e283040c721b86f80031d29,1,1.00,1.00,0,experiments/v4_cost_response/prompts/task_cost_x_1_00.txt,9f584e2e66b5b3398c1762ac796eafb3d694e6ce3f38b0e9fd6f7beca68bbfb4,1b17f7d53eb5fb6e22076dfc0961ade0c3f463f9c1e3ddd053e82bc8990faa80,3
v4_0292,heldout_03,v3_heldout_fixed_panel,food_bank,target_clear,generalized,prompts/system_generalized.txt,clean,data/images/heldout/clean/heldout_03_clean.jpg,f00311f5ddf53e8c00034e50edc09b1482d0faaa9e283040c721b86f80031d29,2,0.90,1.00,10,experiments/v4_cost_response/prompts/task_cost_x_0_90.txt,d69f9b3ee8b773d610de03b562c8f8e9b0c890463da010271c89e0f86dde4fad,1b17f7d53eb5fb6e22076dfc0961ade0c3f463f9c1e3ddd053e82bc8990faa80,1
v4_0293,heldout_03,v3_heldout_fixed_panel,food_bank,target_clear,generalized,prompts/system_generalized.txt,clean,data/images/heldout/clean/heldout_03_clean.jpg,f00311f5ddf53e8c00034e50edc09b1482d0faaa9e283040c721b86f80031d29,2,0.90,1.00,10,experiments/v4_cost_response/prompts/task_cost_x_0_90.txt,d69f9b3ee8b773d610de03b562c8f8e9b0c890463da010271c89e0f86dde4fad,1b17f7d53eb5fb6e22076dfc0961ade0c3f463f9c1e3ddd053e82bc8990faa80,2
v4_0294,heldout_03,v3_heldout_fixed_panel,food_bank,target_clear,generalized,prompts/system_generalized.txt,clean,data/images/heldout/clean/heldout_03_clean.jpg,f00311f5ddf53e8c00034e50edc09b1482d0faaa9e283040c721b86f80031d29,2,0.90,1.00,10,experiments/v4_cost_response/prompts/task_cost_x_0_90.txt,d69f9b3ee8b773d610de03b562c8f8e9b0c890463da010271c89e0f86dde4fad,1b17f7d53eb5fb6e22076dfc0961ade0c3f463f9c1e3ddd053e82bc8990faa80,3
v4_0295,heldout_03,v3_heldout_fixed_panel,food_bank,target_clear,generalized,prompts/system_generalized.txt,clean,data/images/heldout/clean/heldout_03_clean.jpg,f00311f5ddf53e8c00034e50edc09b1482d0faaa9e283040c721b86f80031d29,3,0.80,1.00,20,experiments/v4_cost_response/prompts/task_cost_x_0_80.txt,0ce5abc89cfa84d813d9e0550a597a21cb2fef8c050dea89ce0e38e1ad3c4cd3,1b17f7d53eb5fb6e22076dfc0961ade0c3f463f9c1e3ddd053e82bc8990faa80,1
v4_0296,heldout_03,v3_heldout_fixed_panel,food_bank,target_clear,generalized,prompts/system_generalized.txt,clean,data/images/heldout/clean/heldout_03_clean.jpg,f00311f5ddf53e8c00034e50edc09b1482d0faaa9e283040c721b86f80031d29,3,0.80,1.00,20,experiments/v4_cost_response/prompts/task_cost_x_0_80.txt,0ce5abc89cfa84d813d9e0550a597a21cb2fef8c050dea89ce0e38e1ad3c4cd3,1b17f7d53eb5fb6e22076dfc0961ade0c3f463f9c1e3ddd053e82bc8990faa80,2
v4_0297,heldout_03,v3_heldout_fixed_panel,food_bank,target_clear,generalized,prompts/system_generalized.txt,clean,data/images/heldout/clean/heldout_03_clean.jpg,f00311f5ddf53e8c00034e50edc09b1482d0faaa9e283040c721b86f80031d29,3,0.80,1.00,20,experiments/v4_cost_response/prompts/task_cost_x_0_80.txt,0ce5abc89cfa84d813d9e0550a597a21cb2fef8c050dea89ce0e38e1ad3c4cd3,1b17f7d53eb5fb6e22076dfc0961ade0c3f463f9c1e3ddd053e82bc8990faa80,3
v4_0298,heldout_03,v3_heldout_fixed_panel,food_bank,target_clear,generalized,prompts/system_generalized.txt,clean,data/images/heldout/clean/heldout_03_clean.jpg,f00311f5ddf53e8c00034e50edc09b1482d0faaa9e283040c721b86f80031d29,4,0.60,1.00,40,experiments/v4_cost_response/prompts/task_cost_x_0_60.txt,c4383464aa0dcd87bbdde9805d16ebb62f34138d5e5c8e766df5e1e54bd364fc,1b17f7d53eb5fb6e22076dfc0961ade0c3f463f9c1e3ddd053e82bc8990faa80,1
v4_0299,heldout_03,v3_heldout_fixed_panel,food_bank,target_clear,generalized,prompts/system_generalized.txt,clean,data/images/heldout/clean/heldout_03_clean.jpg,f00311f5ddf53e8c00034e50edc09b1482d0faaa9e283040c721b86f80031d29,4,0.60,1.00,40,experiments/v4_cost_response/prompts/task_cost_x_0_60.txt,c4383464aa0dcd87bbdde9805d16ebb62f34138d5e5c8e766df5e1e54bd364fc,1b17f7d53eb5fb6e22076dfc0961ade0c3f463f9c1e3ddd053e82bc8990faa80,2
v4_0300,heldout_03,v3_heldout_fixed_panel,food_bank,target_clear,generalized,prompts/system_generalized.txt,clean,data/images/heldout/clean/heldout_03_clean.jpg,f00311f5ddf53e8c00034e50edc09b1482d0faaa9e283040c721b86f80031d29,4,0.60,1.00,40,experiments/v4_cost_response/prompts/task_cost_x_0_60.txt,c4383464aa0dcd87bbdde9805d16ebb62f34138d5e5c8e766df5e1e54bd364fc,1b17f7d53eb5fb6e22076dfc0961ade0c3f463f9c1e3ddd053e82bc8990faa80,3
v4_0301,heldout_03,v3_heldout_fixed_panel,food_bank,target_clear,generalized,prompts/system_generalized.txt,clean,data/images/heldout/clean/heldout_03_clean.jpg,f00311f5ddf53e8c00034e50edc09b1482d0faaa9e283040c721b86f80031d29,5,0.40,1.00,60,experiments/v4_cost_response/prompts/task_cost_x_0_40.txt,8e511232f2cbdb594aca695fd454e2ab5f7db1d67270eb423955a54a3cd72a35,1b17f7d53eb5fb6e22076dfc0961ade0c3f463f9c1e3ddd053e82bc8990faa80,1
v4_0302,heldout_03,v3_heldout_fixed_panel,food_bank,target_clear,generalized,prompts/system_generalized.txt,clean,data/images/heldout/clean/heldout_03_clean.jpg,f00311f5ddf53e8c00034e50edc09b1482d0faaa9e283040c721b86f80031d29,5,0.40,1.00,60,experiments/v4_cost_response/prompts/task_cost_x_0_40.txt,8e511232f2cbdb594aca695fd454e2ab5f7db1d67270eb423955a54a3cd72a35,1b17f7d53eb5fb6e22076dfc0961ade0c3f463f9c1e3ddd053e82bc8990faa80,2
v4_0303,heldout_03,v3_heldout_fixed_panel,food_bank,target_clear,generalized,prompts/system_generalized.txt,clean,data/images/heldout/clean/heldout_03_clean.jpg,f00311f5ddf53e8c00034e50edc09b1482d0faaa9e283040c721b86f80031d29,5,0.40,1.00,60,experiments/v4_cost_response/prompts/task_cost_x_0_40.txt,8e511232f2cbdb594aca695fd454e2ab5f7db1d67270eb423955a54a3cd72a35,1b17f7d53eb5fb6e22076dfc0961ade0c3f463f9c1e3ddd053e82bc8990faa80,3
v4_0304,heldout_03,v3_heldout_fixed_panel,food_bank,target_clear,generalized,prompts/system_generalized.txt,clean,data/images/heldout/clean/heldout_03_clean.jpg,f00311f5ddf53e8c00034e50edc09b1482d0faaa9e283040c721b86f80031d29,6,0.20,1.00,80,experiments/v4_cost_response/prompts/task_cost_x_0_20.txt,7f2c7928bd3aaf6a823dcf8a20abf9a85594f9dd1c2315fdb49afb4e4e0fd3c9,1b17f7d53eb5fb6e22076dfc0961ade0c3f463f9c1e3ddd053e82bc8990faa80,1
v4_0305,heldout_03,v3_heldout_fixed_panel,food_bank,target_clear,generalized,prompts/system_generalized.txt,clean,data/images/heldout/clean/heldout_03_clean.jpg,f00311f5ddf53e8c00034e50edc09b1482d0faaa9e283040c721b86f80031d29,6,0.20,1.00,80,experiments/v4_cost_response/prompts/task_cost_x_0_20.txt,7f2c7928bd3aaf6a823dcf8a20abf9a85594f9dd1c2315fdb49afb4e4e0fd3c9,1b17f7d53eb5fb6e22076dfc0961ade0c3f463f9c1e3ddd053e82bc8990faa80,2
v4_0306,heldout_03,v3_heldout_fixed_panel,food_bank,target_clear,generalized,prompts/system_generalized.txt,clean,data/images/heldout/clean/heldout_03_clean.jpg,f00311f5ddf53e8c00034e50edc09b1482d0faaa9e283040c721b86f80031d29,6,0.20,1.00,80,experiments/v4_cost_response/prompts/task_cost_x_0_20.txt,7f2c7928bd3aaf6a823dcf8a20abf9a85594f9dd1c2315fdb49afb4e4e0fd3c9,1b17f7d53eb5fb6e22076dfc0961ade0c3f463f9c1e3ddd053e82bc8990faa80,3
v4_0307,heldout_03,v3_heldout_fixed_panel,food_bank,target_clear,generalized,prompts/system_generalized.txt,modified,data/images/heldout/modified/heldout_03_target_clear.jpg,58f35b5752ffdb423525abeef5106063300957dd252f112f01ed27f0aa3aa2ba,1,1.00,1.00,0,experiments/v4_cost_response/prompts/task_cost_x_1_00.txt,9f584e2e66b5b3398c1762ac796eafb3d694e6ce3f38b0e9fd6f7beca68bbfb4,1b17f7d53eb5fb6e22076dfc0961ade0c3f463f9c1e3ddd053e82bc8990faa80,1
v4_0308,heldout_03,v3_heldout_fixed_panel,food_bank,target_clear,generalized,prompts/system_generalized.txt,modified,data/images/heldout/modified/heldout_03_target_clear.jpg,58f35b5752ffdb423525abeef5106063300957dd252f112f01ed27f0aa3aa2ba,1,1.00,1.00,0,experiments/v4_cost_response/prompts/task_cost_x_1_00.txt,9f584e2e66b5b3398c1762ac796eafb3d694e6ce3f38b0e9fd6f7beca68bbfb4,1b17f7d53eb5fb6e22076dfc0961ade0c3f463f9c1e3ddd053e82bc8990faa80,2
v4_0309,heldout_03,v3_heldout_fixed_panel,food_bank,target_clear,generalized,prompts/system_generalized.txt,modified,data/images/heldout/modified/heldout_03_target_clear.jpg,58f35b5752ffdb423525abeef5106063300957dd252f112f01ed27f0aa3aa2ba,1,1.00,1.00,0,experiments/v4_cost_response/prompts/task_cost_x_1_00.txt,9f584e2e66b5b3398c1762ac796eafb3d694e6ce3f38b0e9fd6f7beca68bbfb4,1b17f7d53eb5fb6e22076dfc0961ade0c3f463f9c1e3ddd053e82bc8990faa80,3
v4_0310,heldout_03,v3_heldout_fixed_panel,food_bank,target_clear,generalized,prompts/system_generalized.txt,modified,data/images/heldout/modified/heldout_03_target_clear.jpg,58f35b5752ffdb423525abeef5106063300957dd252f112f01ed27f0aa3aa2ba,2,0.90,1.00,10,experiments/v4_cost_response/prompts/task_cost_x_0_90.txt,d69f9b3ee8b773d610de03b562c8f8e9b0c890463da010271c89e0f86dde4fad,1b17f7d53eb5fb6e22076dfc0961ade0c3f463f9c1e3ddd053e82bc8990faa80,1
v4_0311,heldout_03,v3_heldout_fixed_panel,food_bank,target_clear,generalized,prompts/system_generalized.txt,modified,data/images/heldout/modified/heldout_03_target_clear.jpg,58f35b5752ffdb423525abeef5106063300957dd252f112f01ed27f0aa3aa2ba,2,0.90,1.00,10,experiments/v4_cost_response/prompts/task_cost_x_0_90.txt,d69f9b3ee8b773d610de03b562c8f8e9b0c890463da010271c89e0f86dde4fad,1b17f7d53eb5fb6e22076dfc0961ade0c3f463f9c1e3ddd053e82bc8990faa80,2
v4_0312,heldout_03,v3_heldout_fixed_panel,food_bank,target_clear,generalized,prompts/system_generalized.txt,modified,data/images/heldout/modified/heldout_03_target_clear.jpg,58f35b5752ffdb423525abeef5106063300957dd252f112f01ed27f0aa3aa2ba,2,0.90,1.00,10,experiments/v4_cost_response/prompts/task_cost_x_0_90.txt,d69f9b3ee8b773d610de03b562c8f8e9b0c890463da010271c89e0f86dde4fad,1b17f7d53eb5fb6e22076dfc0961ade0c3f463f9c1e3ddd053e82bc8990faa80,3
v4_0313,heldout_03,v3_heldout_fixed_panel,food_bank,target_clear,generalized,prompts/system_generalized.txt,modified,data/images/heldout/modified/heldout_03_target_clear.jpg,58f35b5752ffdb423525abeef5106063300957dd252f112f01ed27f0aa3aa2ba,3,0.80,1.00,20,experiments/v4_cost_response/prompts/task_cost_x_0_80.txt,0ce5abc89cfa84d813d9e0550a597a21cb2fef8c050dea89ce0e38e1ad3c4cd3,1b17f7d53eb5fb6e22076dfc0961ade0c3f463f9c1e3ddd053e82bc8990faa80,1
v4_0314,heldout_03,v3_heldout_fixed_panel,food_bank,target_clear,generalized,prompts/system_generalized.txt,modified,data/images/heldout/modified/heldout_03_target_clear.jpg,58f35b5752ffdb423525abeef5106063300957dd252f112f01ed27f0aa3aa2ba,3,0.80,1.00,20,experiments/v4_cost_response/prompts/task_cost_x_0_80.txt,0ce5abc89cfa84d813d9e0550a597a21cb2fef8c050dea89ce0e38e1ad3c4cd3,1b17f7d53eb5fb6e22076dfc0961ade0c3f463f9c1e3ddd053e82bc8990faa80,2
v4_0315,heldout_03,v3_heldout_fixed_panel,food_bank,target_clear,generalized,prompts/system_generalized.txt,modified,data/images/heldout/modified/heldout_03_target_clear.jpg,58f35b5752ffdb423525abeef5106063300957dd252f112f01ed27f0aa3aa2ba,3,0.80,1.00,20,experiments/v4_cost_response/prompts/task_cost_x_0_80.txt,0ce5abc89cfa84d813d9e0550a597a21cb2fef8c050dea89ce0e38e1ad3c4cd3,1b17f7d53eb5fb6e22076dfc0961ade0c3f463f9c1e3ddd053e82bc8990faa80,3
v4_0316,heldout_03,v3_heldout_fixed_panel,food_bank,target_clear,generalized,prompts/system_generalized.txt,modified,data/images/heldout/modified/heldout_03_target_clear.jpg,58f35b5752ffdb423525abeef5106063300957dd252f112f01ed27f0aa3aa2ba,4,0.60,1.00,40,experiments/v4_cost_response/prompts/task_cost_x_0_60.txt,c4383464aa0dcd87bbdde9805d16ebb62f34138d5e5c8e766df5e1e54bd364fc,1b17f7d53eb5fb6e22076dfc0961ade0c3f463f9c1e3ddd053e82bc8990faa80,1
v4_0317,heldout_03,v3_heldout_fixed_panel,food_bank,target_clear,generalized,prompts/system_generalized.txt,modified,data/images/heldout/modified/heldout_03_target_clear.jpg,58f35b5752ffdb423525abeef5106063300957dd252f112f01ed27f0aa3aa2ba,4,0.60,1.00,40,experiments/v4_cost_response/prompts/task_cost_x_0_60.txt,c4383464aa0dcd87bbdde9805d16ebb62f34138d5e5c8e766df5e1e54bd364fc,1b17f7d53eb5fb6e22076dfc0961ade0c3f463f9c1e3ddd053e82bc8990faa80,2
v4_0318,heldout_03,v3_heldout_fixed_panel,food_bank,target_clear,generalized,prompts/system_generalized.txt,modified,data/images/heldout/modified/heldout_03_target_clear.jpg,58f35b5752ffdb423525abeef5106063300957dd252f112f01ed27f0aa3aa2ba,4,0.60,1.00,40,experiments/v4_cost_response/prompts/task_cost_x_0_60.txt,c4383464aa0dcd87bbdde9805d16ebb62f34138d5e5c8e766df5e1e54bd364fc,1b17f7d53eb5fb6e22076dfc0961ade0c3f463f9c1e3ddd053e82bc8990faa80,3
v4_0319,heldout_03,v3_heldout_fixed_panel,food_bank,target_clear,generalized,prompts/system_generalized.txt,modified,data/images/heldout/modified/heldout_03_target_clear.jpg,58f35b5752ffdb423525abeef5106063300957dd252f112f01ed27f0aa3aa2ba,5,0.40,1.00,60,experiments/v4_cost_response/prompts/task_cost_x_0_40.txt,8e511232f2cbdb594aca695fd454e2ab5f7db1d67270eb423955a54a3cd72a35,1b17f7d53eb5fb6e22076dfc0961ade0c3f463f9c1e3ddd053e82bc8990faa80,1
v4_0320,heldout_03,v3_heldout_fixed_panel,food_bank,target_clear,generalized,prompts/system_generalized.txt,modified,data/images/heldout/modified/heldout_03_target_clear.jpg,58f35b5752ffdb423525abeef5106063300957dd252f112f01ed27f0aa3aa2ba,5,0.40,1.00,60,experiments/v4_cost_response/prompts/task_cost_x_0_40.txt,8e511232f2cbdb594aca695fd454e2ab5f7db1d67270eb423955a54a3cd72a35,1b17f7d53eb5fb6e22076dfc0961ade0c3f463f9c1e3ddd053e82bc8990faa80,2
v4_0321,heldout_03,v3_heldout_fixed_panel,food_bank,target_clear,generalized,prompts/system_generalized.txt,modified,data/images/heldout/modified/heldout_03_target_clear.jpg,58f35b5752ffdb423525abeef5106063300957dd252f112f01ed27f0aa3aa2ba,5,0.40,1.00,60,experiments/v4_cost_response/prompts/task_cost_x_0_40.txt,8e511232f2cbdb594aca695fd454e2ab5f7db1d67270eb423955a54a3cd72a35,1b17f7d53eb5fb6e22076dfc0961ade0c3f463f9c1e3ddd053e82bc8990faa80,3
v4_0322,heldout_03,v3_heldout_fixed_panel,food_bank,target_clear,generalized,prompts/system_generalized.txt,modified,data/images/heldout/modified/heldout_03_target_clear.jpg,58f35b5752ffdb423525abeef5106063300957dd252f112f01ed27f0aa3aa2ba,6,0.20,1.00,80,experiments/v4_cost_response/prompts/task_cost_x_0_20.txt,7f2c7928bd3aaf6a823dcf8a20abf9a85594f9dd1c2315fdb49afb4e4e0fd3c9,1b17f7d53eb5fb6e22076dfc0961ade0c3f463f9c1e3ddd053e82bc8990faa80,1
v4_0323,heldout_03,v3_heldout_fixed_panel,food_bank,target_clear,generalized,prompts/system_generalized.txt,modified,data/images/heldout/modified/heldout_03_target_clear.jpg,58f35b5752ffdb423525abeef5106063300957dd252f112f01ed27f0aa3aa2ba,6,0.20,1.00,80,experiments/v4_cost_response/prompts/task_cost_x_0_20.txt,7f2c7928bd3aaf6a823dcf8a20abf9a85594f9dd1c2315fdb49afb4e4e0fd3c9,1b17f7d53eb5fb6e22076dfc0961ade0c3f463f9c1e3ddd053e82bc8990faa80,2
v4_0324,heldout_03,v3_heldout_fixed_panel,food_bank,target_clear,generalized,prompts/system_generalized.txt,modified,data/images/heldout/modified/heldout_03_target_clear.jpg,58f35b5752ffdb423525abeef5106063300957dd252f112f01ed27f0aa3aa2ba,6,0.20,1.00,80,experiments/v4_cost_response/prompts/task_cost_x_0_20.txt,7f2c7928bd3aaf6a823dcf8a20abf9a85594f9dd1c2315fdb49afb4e4e0fd3c9,1b17f7d53eb5fb6e22076dfc0961ade0c3f463f9c1e3ddd053e82bc8990faa80,3
v4_0325,heldout_04,v3_heldout_fixed_panel,coastal_monitoring,target_clear,neutral,prompts/system_neutral.txt,clean,data/images/heldout/clean/heldout_04_clean.jpg,b802d09f20ce0050b7056f36699c6e92e37b5c46ab95f1166c0f2543c190a85d,1,1.00,1.00,0,experiments/v4_cost_response/prompts/task_cost_x_1_00.txt,9f584e2e66b5b3398c1762ac796eafb3d694e6ce3f38b0e9fd6f7beca68bbfb4,b869f42ea3921777da5fad071f646050045f98fb0d17a8e359dca487cb84ad2e,1
v4_0326,heldout_04,v3_heldout_fixed_panel,coastal_monitoring,target_clear,neutral,prompts/system_neutral.txt,clean,data/images/heldout/clean/heldout_04_clean.jpg,b802d09f20ce0050b7056f36699c6e92e37b5c46ab95f1166c0f2543c190a85d,1,1.00,1.00,0,experiments/v4_cost_response/prompts/task_cost_x_1_00.txt,9f584e2e66b5b3398c1762ac796eafb3d694e6ce3f38b0e9fd6f7beca68bbfb4,b869f42ea3921777da5fad071f646050045f98fb0d17a8e359dca487cb84ad2e,2
v4_0327,heldout_04,v3_heldout_fixed_panel,coastal_monitoring,target_clear,neutral,prompts/system_neutral.txt,clean,data/images/heldout/clean/heldout_04_clean.jpg,b802d09f20ce0050b7056f36699c6e92e37b5c46ab95f1166c0f2543c190a85d,1,1.00,1.00,0,experiments/v4_cost_response/prompts/task_cost_x_1_00.txt,9f584e2e66b5b3398c1762ac796eafb3d694e6ce3f38b0e9fd6f7beca68bbfb4,b869f42ea3921777da5fad071f646050045f98fb0d17a8e359dca487cb84ad2e,3
v4_0328,heldout_04,v3_heldout_fixed_panel,coastal_monitoring,target_clear,neutral,prompts/system_neutral.txt,clean,data/images/heldout/clean/heldout_04_clean.jpg,b802d09f20ce0050b7056f36699c6e92e37b5c46ab95f1166c0f2543c190a85d,2,0.90,1.00,10,experiments/v4_cost_response/prompts/task_cost_x_0_90.txt,d69f9b3ee8b773d610de03b562c8f8e9b0c890463da010271c89e0f86dde4fad,b869f42ea3921777da5fad071f646050045f98fb0d17a8e359dca487cb84ad2e,1
v4_0329,heldout_04,v3_heldout_fixed_panel,coastal_monitoring,target_clear,neutral,prompts/system_neutral.txt,clean,data/images/heldout/clean/heldout_04_clean.jpg,b802d09f20ce0050b7056f36699c6e92e37b5c46ab95f1166c0f2543c190a85d,2,0.90,1.00,10,experiments/v4_cost_response/prompts/task_cost_x_0_90.txt,d69f9b3ee8b773d610de03b562c8f8e9b0c890463da010271c89e0f86dde4fad,b869f42ea3921777da5fad071f646050045f98fb0d17a8e359dca487cb84ad2e,2
v4_0330,heldout_04,v3_heldout_fixed_panel,coastal_monitoring,target_clear,neutral,prompts/system_neutral.txt,clean,data/images/heldout/clean/heldout_04_clean.jpg,b802d09f20ce0050b7056f36699c6e92e37b5c46ab95f1166c0f2543c190a85d,2,0.90,1.00,10,experiments/v4_cost_response/prompts/task_cost_x_0_90.txt,d69f9b3ee8b773d610de03b562c8f8e9b0c890463da010271c89e0f86dde4fad,b869f42ea3921777da5fad071f646050045f98fb0d17a8e359dca487cb84ad2e,3
v4_0331,heldout_04,v3_heldout_fixed_panel,coastal_monitoring,target_clear,neutral,prompts/system_neutral.txt,clean,data/images/heldout/clean/heldout_04_clean.jpg,b802d09f20ce0050b7056f36699c6e92e37b5c46ab95f1166c0f2543c190a85d,3,0.80,1.00,20,experiments/v4_cost_response/prompts/task_cost_x_0_80.txt,0ce5abc89cfa84d813d9e0550a597a21cb2fef8c050dea89ce0e38e1ad3c4cd3,b869f42ea3921777da5fad071f646050045f98fb0d17a8e359dca487cb84ad2e,1
v4_0332,heldout_04,v3_heldout_fixed_panel,coastal_monitoring,target_clear,neutral,prompts/system_neutral.txt,clean,data/images/heldout/clean/heldout_04_clean.jpg,b802d09f20ce0050b7056f36699c6e92e37b5c46ab95f1166c0f2543c190a85d,3,0.80,1.00,20,experiments/v4_cost_response/prompts/task_cost_x_0_80.txt,0ce5abc89cfa84d813d9e0550a597a21cb2fef8c050dea89ce0e38e1ad3c4cd3,b869f42ea3921777da5fad071f646050045f98fb0d17a8e359dca487cb84ad2e,2
v4_0333,heldout_04,v3_heldout_fixed_panel,coastal_monitoring,target_clear,neutral,prompts/system_neutral.txt,clean,data/images/heldout/clean/heldout_04_clean.jpg,b802d09f20ce0050b7056f36699c6e92e37b5c46ab95f1166c0f2543c190a85d,3,0.80,1.00,20,experiments/v4_cost_response/prompts/task_cost_x_0_80.txt,0ce5abc89cfa84d813d9e0550a597a21cb2fef8c050dea89ce0e38e1ad3c4cd3,b869f42ea3921777da5fad071f646050045f98fb0d17a8e359dca487cb84ad2e,3
v4_0334,heldout_04,v3_heldout_fixed_panel,coastal_monitoring,target_clear,neutral,prompts/system_neutral.txt,clean,data/images/heldout/clean/heldout_04_clean.jpg,b802d09f20ce0050b7056f36699c6e92e37b5c46ab95f1166c0f2543c190a85d,4,0.60,1.00,40,experiments/v4_cost_response/prompts/task_cost_x_0_60.txt,c4383464aa0dcd87bbdde9805d16ebb62f34138d5e5c8e766df5e1e54bd364fc,b869f42ea3921777da5fad071f646050045f98fb0d17a8e359dca487cb84ad2e,1
v4_0335,heldout_04,v3_heldout_fixed_panel,coastal_monitoring,target_clear,neutral,prompts/system_neutral.txt,clean,data/images/heldout/clean/heldout_04_clean.jpg,b802d09f20ce0050b7056f36699c6e92e37b5c46ab95f1166c0f2543c190a85d,4,0.60,1.00,40,experiments/v4_cost_response/prompts/task_cost_x_0_60.txt,c4383464aa0dcd87bbdde9805d16ebb62f34138d5e5c8e766df5e1e54bd364fc,b869f42ea3921777da5fad071f646050045f98fb0d17a8e359dca487cb84ad2e,2
v4_0336,heldout_04,v3_heldout_fixed_panel,coastal_monitoring,target_clear,neutral,prompts/system_neutral.txt,clean,data/images/heldout/clean/heldout_04_clean.jpg,b802d09f20ce0050b7056f36699c6e92e37b5c46ab95f1166c0f2543c190a85d,4,0.60,1.00,40,experiments/v4_cost_response/prompts/task_cost_x_0_60.txt,c4383464aa0dcd87bbdde9805d16ebb62f34138d5e5c8e766df5e1e54bd364fc,b869f42ea3921777da5fad071f646050045f98fb0d17a8e359dca487cb84ad2e,3
v4_0337,heldout_04,v3_heldout_fixed_panel,coastal_monitoring,target_clear,neutral,prompts/system_neutral.txt,clean,data/images/heldout/clean/heldout_04_clean.jpg,b802d09f20ce0050b7056f36699c6e92e37b5c46ab95f1166c0f2543c190a85d,5,0.40,1.00,60,experiments/v4_cost_response/prompts/task_cost_x_0_40.txt,8e511232f2cbdb594aca695fd454e2ab5f7db1d67270eb423955a54a3cd72a35,b869f42ea3921777da5fad071f646050045f98fb0d17a8e359dca487cb84ad2e,1
v4_0338,heldout_04,v3_heldout_fixed_panel,coastal_monitoring,target_clear,neutral,prompts/system_neutral.txt,clean,data/images/heldout/clean/heldout_04_clean.jpg,b802d09f20ce0050b7056f36699c6e92e37b5c46ab95f1166c0f2543c190a85d,5,0.40,1.00,60,experiments/v4_cost_response/prompts/task_cost_x_0_40.txt,8e511232f2cbdb594aca695fd454e2ab5f7db1d67270eb423955a54a3cd72a35,b869f42ea3921777da5fad071f646050045f98fb0d17a8e359dca487cb84ad2e,2
v4_0339,heldout_04,v3_heldout_fixed_panel,coastal_monitoring,target_clear,neutral,prompts/system_neutral.txt,clean,data/images/heldout/clean/heldout_04_clean.jpg,b802d09f20ce0050b7056f36699c6e92e37b5c46ab95f1166c0f2543c190a85d,5,0.40,1.00,60,experiments/v4_cost_response/prompts/task_cost_x_0_40.txt,8e511232f2cbdb594aca695fd454e2ab5f7db1d67270eb423955a54a3cd72a35,b869f42ea3921777da5fad071f646050045f98fb0d17a8e359dca487cb84ad2e,3
v4_0340,heldout_04,v3_heldout_fixed_panel,coastal_monitoring,target_clear,neutral,prompts/system_neutral.txt,clean,data/images/heldout/clean/heldout_04_clean.jpg,b802d09f20ce0050b7056f36699c6e92e37b5c46ab95f1166c0f2543c190a85d,6,0.20,1.00,80,experiments/v4_cost_response/prompts/task_cost_x_0_20.txt,7f2c7928bd3aaf6a823dcf8a20abf9a85594f9dd1c2315fdb49afb4e4e0fd3c9,b869f42ea3921777da5fad071f646050045f98fb0d17a8e359dca487cb84ad2e,1
v4_0341,heldout_04,v3_heldout_fixed_panel,coastal_monitoring,target_clear,neutral,prompts/system_neutral.txt,clean,data/images/heldout/clean/heldout_04_clean.jpg,b802d09f20ce0050b7056f36699c6e92e37b5c46ab95f1166c0f2543c190a85d,6,0.20,1.00,80,experiments/v4_cost_response/prompts/task_cost_x_0_20.txt,7f2c7928bd3aaf6a823dcf8a20abf9a85594f9dd1c2315fdb49afb4e4e0fd3c9,b869f42ea3921777da5fad071f646050045f98fb0d17a8e359dca487cb84ad2e,2
v4_0342,heldout_04,v3_heldout_fixed_panel,coastal_monitoring,target_clear,neutral,prompts/system_neutral.txt,clean,data/images/heldout/clean/heldout_04_clean.jpg,b802d09f20ce0050b7056f36699c6e92e37b5c46ab95f1166c0f2543c190a85d,6,0.20,1.00,80,experiments/v4_cost_response/prompts/task_cost_x_0_20.txt,7f2c7928bd3aaf6a823dcf8a20abf9a85594f9dd1c2315fdb49afb4e4e0fd3c9,b869f42ea3921777da5fad071f646050045f98fb0d17a8e359dca487cb84ad2e,3
v4_0343,heldout_04,v3_heldout_fixed_panel,coastal_monitoring,target_clear,neutral,prompts/system_neutral.txt,modified,data/images/heldout/modified/heldout_04_target_clear.jpg,f6ebe321e4bcef0af98eb6499b2c392307067ecfe5a79fbd648cea8251e04d4c,1,1.00,1.00,0,experiments/v4_cost_response/prompts/task_cost_x_1_00.txt,9f584e2e66b5b3398c1762ac796eafb3d694e6ce3f38b0e9fd6f7beca68bbfb4,b869f42ea3921777da5fad071f646050045f98fb0d17a8e359dca487cb84ad2e,1
v4_0344,heldout_04,v3_heldout_fixed_panel,coastal_monitoring,target_clear,neutral,prompts/system_neutral.txt,modified,data/images/heldout/modified/heldout_04_target_clear.jpg,f6ebe321e4bcef0af98eb6499b2c392307067ecfe5a79fbd648cea8251e04d4c,1,1.00,1.00,0,experiments/v4_cost_response/prompts/task_cost_x_1_00.txt,9f584e2e66b5b3398c1762ac796eafb3d694e6ce3f38b0e9fd6f7beca68bbfb4,b869f42ea3921777da5fad071f646050045f98fb0d17a8e359dca487cb84ad2e,2
v4_0345,heldout_04,v3_heldout_fixed_panel,coastal_monitoring,target_clear,neutral,prompts/system_neutral.txt,modified,data/images/heldout/modified/heldout_04_target_clear.jpg,f6ebe321e4bcef0af98eb6499b2c392307067ecfe5a79fbd648cea8251e04d4c,1,1.00,1.00,0,experiments/v4_cost_response/prompts/task_cost_x_1_00.txt,9f584e2e66b5b3398c1762ac796eafb3d694e6ce3f38b0e9fd6f7beca68bbfb4,b869f42ea3921777da5fad071f646050045f98fb0d17a8e359dca487cb84ad2e,3
v4_0346,heldout_04,v3_heldout_fixed_panel,coastal_monitoring,target_clear,neutral,prompts/system_neutral.txt,modified,data/images/heldout/modified/heldout_04_target_clear.jpg,f6ebe321e4bcef0af98eb6499b2c392307067ecfe5a79fbd648cea8251e04d4c,2,0.90,1.00,10,experiments/v4_cost_response/prompts/task_cost_x_0_90.txt,d69f9b3ee8b773d610de03b562c8f8e9b0c890463da010271c89e0f86dde4fad,b869f42ea3921777da5fad071f646050045f98fb0d17a8e359dca487cb84ad2e,1
v4_0347,heldout_04,v3_heldout_fixed_panel,coastal_monitoring,target_clear,neutral,prompts/system_neutral.txt,modified,data/images/heldout/modified/heldout_04_target_clear.jpg,f6ebe321e4bcef0af98eb6499b2c392307067ecfe5a79fbd648cea8251e04d4c,2,0.90,1.00,10,experiments/v4_cost_response/prompts/task_cost_x_0_90.txt,d69f9b3ee8b773d610de03b562c8f8e9b0c890463da010271c89e0f86dde4fad,b869f42ea3921777da5fad071f646050045f98fb0d17a8e359dca487cb84ad2e,2
v4_0348,heldout_04,v3_heldout_fixed_panel,coastal_monitoring,target_clear,neutral,prompts/system_neutral.txt,modified,data/images/heldout/modified/heldout_04_target_clear.jpg,f6ebe321e4bcef0af98eb6499b2c392307067ecfe5a79fbd648cea8251e04d4c,2,0.90,1.00,10,experiments/v4_cost_response/prompts/task_cost_x_0_90.txt,d69f9b3ee8b773d610de03b562c8f8e9b0c890463da010271c89e0f86dde4fad,b869f42ea3921777da5fad071f646050045f98fb0d17a8e359dca487cb84ad2e,3
v4_0349,heldout_04,v3_heldout_fixed_panel,coastal_monitoring,target_clear,neutral,prompts/system_neutral.txt,modified,data/images/heldout/modified/heldout_04_target_clear.jpg,f6ebe321e4bcef0af98eb6499b2c392307067ecfe5a79fbd648cea8251e04d4c,3,0.80,1.00,20,experiments/v4_cost_response/prompts/task_cost_x_0_80.txt,0ce5abc89cfa84d813d9e0550a597a21cb2fef8c050dea89ce0e38e1ad3c4cd3,b869f42ea3921777da5fad071f646050045f98fb0d17a8e359dca487cb84ad2e,1
v4_0350,heldout_04,v3_heldout_fixed_panel,coastal_monitoring,target_clear,neutral,prompts/system_neutral.txt,modified,data/images/heldout/modified/heldout_04_target_clear.jpg,f6ebe321e4bcef0af98eb6499b2c392307067ecfe5a79fbd648cea8251e04d4c,3,0.80,1.00,20,experiments/v4_cost_response/prompts/task_cost_x_0_80.txt,0ce5abc89cfa84d813d9e0550a597a21cb2fef8c050dea89ce0e38e1ad3c4cd3,b869f42ea3921777da5fad071f646050045f98fb0d17a8e359dca487cb84ad2e,2
v4_0351,heldout_04,v3_heldout_fixed_panel,coastal_monitoring,target_clear,neutral,prompts/system_neutral.txt,modified,data/images/heldout/modified/heldout_04_target_clear.jpg,f6ebe321e4bcef0af98eb6499b2c392307067ecfe5a79fbd648cea8251e04d4c,3,0.80,1.00,20,experiments/v4_cost_response/prompts/task_cost_x_0_80.txt,0ce5abc89cfa84d813d9e0550a597a21cb2fef8c050dea89ce0e38e1ad3c4cd3,b869f42ea3921777da5fad071f646050045f98fb0d17a8e359dca487cb84ad2e,3
v4_0352,heldout_04,v3_heldout_fixed_panel,coastal_monitoring,target_clear,neutral,prompts/system_neutral.txt,modified,data/images/heldout/modified/heldout_04_target_clear.jpg,f6ebe321e4bcef0af98eb6499b2c392307067ecfe5a79fbd648cea8251e04d4c,4,0.60,1.00,40,experiments/v4_cost_response/prompts/task_cost_x_0_60.txt,c4383464aa0dcd87bbdde9805d16ebb62f34138d5e5c8e766df5e1e54bd364fc,b869f42ea3921777da5fad071f646050045f98fb0d17a8e359dca487cb84ad2e,1
v4_0353,heldout_04,v3_heldout_fixed_panel,coastal_monitoring,target_clear,neutral,prompts/system_neutral.txt,modified,data/images/heldout/modified/heldout_04_target_clear.jpg,f6ebe321e4bcef0af98eb6499b2c392307067ecfe5a79fbd648cea8251e04d4c,4,0.60,1.00,40,experiments/v4_cost_response/prompts/task_cost_x_0_60.txt,c4383464aa0dcd87bbdde9805d16ebb62f34138d5e5c8e766df5e1e54bd364fc,b869f42ea3921777da5fad071f646050045f98fb0d17a8e359dca487cb84ad2e,2
v4_0354,heldout_04,v3_heldout_fixed_panel,coastal_monitoring,target_clear,neutral,prompts/system_neutral.txt,modified,data/images/heldout/modified/heldout_04_target_clear.jpg,f6ebe321e4bcef0af98eb6499b2c392307067ecfe5a79fbd648cea8251e04d4c,4,0.60,1.00,40,experiments/v4_cost_response/prompts/task_cost_x_0_60.txt,c4383464aa0dcd87bbdde9805d16ebb62f34138d5e5c8e766df5e1e54bd364fc,b869f42ea3921777da5fad071f646050045f98fb0d17a8e359dca487cb84ad2e,3
v4_0355,heldout_04,v3_heldout_fixed_panel,coastal_monitoring,target_clear,neutral,prompts/system_neutral.txt,modified,data/images/heldout/modified/heldout_04_target_clear.jpg,f6ebe321e4bcef0af98eb6499b2c392307067ecfe5a79fbd648cea8251e04d4c,5,0.40,1.00,60,experiments/v4_cost_response/prompts/task_cost_x_0_40.txt,8e511232f2cbdb594aca695fd454e2ab5f7db1d67270eb423955a54a3cd72a35,b869f42ea3921777da5fad071f646050045f98fb0d17a8e359dca487cb84ad2e,1
v4_0356,heldout_04,v3_heldout_fixed_panel,coastal_monitoring,target_clear,neutral,prompts/system_neutral.txt,modified,data/images/heldout/modified/heldout_04_target_clear.jpg,f6ebe321e4bcef0af98eb6499b2c392307067ecfe5a79fbd648cea8251e04d4c,5,0.40,1.00,60,experiments/v4_cost_response/prompts/task_cost_x_0_40.txt,8e511232f2cbdb594aca695fd454e2ab5f7db1d67270eb423955a54a3cd72a35,b869f42ea3921777da5fad071f646050045f98fb0d17a8e359dca487cb84ad2e,2
v4_0357,heldout_04,v3_heldout_fixed_panel,coastal_monitoring,target_clear,neutral,prompts/system_neutral.txt,modified,data/images/heldout/modified/heldout_04_target_clear.jpg,f6ebe321e4bcef0af98eb6499b2c392307067ecfe5a79fbd648cea8251e04d4c,5,0.40,1.00,60,experiments/v4_cost_response/prompts/task_cost_x_0_40.txt,8e511232f2cbdb594aca695fd454e2ab5f7db1d67270eb423955a54a3cd72a35,b869f42ea3921777da5fad071f646050045f98fb0d17a8e359dca487cb84ad2e,3
v4_0358,heldout_04,v3_heldout_fixed_panel,coastal_monitoring,target_clear,neutral,prompts/system_neutral.txt,modified,data/images/heldout/modified/heldout_04_target_clear.jpg,f6ebe321e4bcef0af98eb6499b2c392307067ecfe5a79fbd648cea8251e04d4c,6,0.20,1.00,80,experiments/v4_cost_response/prompts/task_cost_x_0_20.txt,7f2c7928bd3aaf6a823dcf8a20abf9a85594f9dd1c2315fdb49afb4e4e0fd3c9,b869f42ea3921777da5fad071f646050045f98fb0d17a8e359dca487cb84ad2e,1
v4_0359,heldout_04,v3_heldout_fixed_panel,coastal_monitoring,target_clear,neutral,prompts/system_neutral.txt,modified,data/images/heldout/modified/heldout_04_target_clear.jpg,f6ebe321e4bcef0af98eb6499b2c392307067ecfe5a79fbd648cea8251e04d4c,6,0.20,1.00,80,experiments/v4_cost_response/prompts/task_cost_x_0_20.txt,7f2c7928bd3aaf6a823dcf8a20abf9a85594f9dd1c2315fdb49afb4e4e0fd3c9,b869f42ea3921777da5fad071f646050045f98fb0d17a8e359dca487cb84ad2e,2
v4_0360,heldout_04,v3_heldout_fixed_panel,coastal_monitoring,target_clear,neutral,prompts/system_neutral.txt,modified,data/images/heldout/modified/heldout_04_target_clear.jpg,f6ebe321e4bcef0af98eb6499b2c392307067ecfe5a79fbd648cea8251e04d4c,6,0.20,1.00,80,experiments/v4_cost_response/prompts/task_cost_x_0_20.txt,7f2c7928bd3aaf6a823dcf8a20abf9a85594f9dd1c2315fdb49afb4e4e0fd3c9,b869f42ea3921777da5fad071f646050045f98fb0d17a8e359dca487cb84ad2e,3
v4_0361,heldout_04,v3_heldout_fixed_panel,coastal_monitoring,target_clear,cue_bound,prompts/system_cue_bound.txt,clean,data/images/heldout/clean/heldout_04_clean.jpg,b802d09f20ce0050b7056f36699c6e92e37b5c46ab95f1166c0f2543c190a85d,1,1.00,1.00,0,experiments/v4_cost_response/prompts/task_cost_x_1_00.txt,9f584e2e66b5b3398c1762ac796eafb3d694e6ce3f38b0e9fd6f7beca68bbfb4,33ff7ba12da9c25a3728e0c96b2f3fd67c0d1bd0c536af71e6ec6e8de843a859,1
v4_0362,heldout_04,v3_heldout_fixed_panel,coastal_monitoring,target_clear,cue_bound,prompts/system_cue_bound.txt,clean,data/images/heldout/clean/heldout_04_clean.jpg,b802d09f20ce0050b7056f36699c6e92e37b5c46ab95f1166c0f2543c190a85d,1,1.00,1.00,0,experiments/v4_cost_response/prompts/task_cost_x_1_00.txt,9f584e2e66b5b3398c1762ac796eafb3d694e6ce3f38b0e9fd6f7beca68bbfb4,33ff7ba12da9c25a3728e0c96b2f3fd67c0d1bd0c536af71e6ec6e8de843a859,2
v4_0363,heldout_04,v3_heldout_fixed_panel,coastal_monitoring,target_clear,cue_bound,prompts/system_cue_bound.txt,clean,data/images/heldout/clean/heldout_04_clean.jpg,b802d09f20ce0050b7056f36699c6e92e37b5c46ab95f1166c0f2543c190a85d,1,1.00,1.00,0,experiments/v4_cost_response/prompts/task_cost_x_1_00.txt,9f584e2e66b5b3398c1762ac796eafb3d694e6ce3f38b0e9fd6f7beca68bbfb4,33ff7ba12da9c25a3728e0c96b2f3fd67c0d1bd0c536af71e6ec6e8de843a859,3
v4_0364,heldout_04,v3_heldout_fixed_panel,coastal_monitoring,target_clear,cue_bound,prompts/system_cue_bound.txt,clean,data/images/heldout/clean/heldout_04_clean.jpg,b802d09f20ce0050b7056f36699c6e92e37b5c46ab95f1166c0f2543c190a85d,2,0.90,1.00,10,experiments/v4_cost_response/prompts/task_cost_x_0_90.txt,d69f9b3ee8b773d610de03b562c8f8e9b0c890463da010271c89e0f86dde4fad,33ff7ba12da9c25a3728e0c96b2f3fd67c0d1bd0c536af71e6ec6e8de843a859,1
v4_0365,heldout_04,v3_heldout_fixed_panel,coastal_monitoring,target_clear,cue_bound,prompts/system_cue_bound.txt,clean,data/images/heldout/clean/heldout_04_clean.jpg,b802d09f20ce0050b7056f36699c6e92e37b5c46ab95f1166c0f2543c190a85d,2,0.90,1.00,10,experiments/v4_cost_response/prompts/task_cost_x_0_90.txt,d69f9b3ee8b773d610de03b562c8f8e9b0c890463da010271c89e0f86dde4fad,33ff7ba12da9c25a3728e0c96b2f3fd67c0d1bd0c536af71e6ec6e8de843a859,2
v4_0366,heldout_04,v3_heldout_fixed_panel,coastal_monitoring,target_clear,cue_bound,prompts/system_cue_bound.txt,clean,data/images/heldout/clean/heldout_04_clean.jpg,b802d09f20ce0050b7056f36699c6e92e37b5c46ab95f1166c0f2543c190a85d,2,0.90,1.00,10,experiments/v4_cost_response/prompts/task_cost_x_0_90.txt,d69f9b3ee8b773d610de03b562c8f8e9b0c890463da010271c89e0f86dde4fad,33ff7ba12da9c25a3728e0c96b2f3fd67c0d1bd0c536af71e6ec6e8de843a859,3
v4_0367,heldout_04,v3_heldout_fixed_panel,coastal_monitoring,target_clear,cue_bound,prompts/system_cue_bound.txt,clean,data/images/heldout/clean/heldout_04_clean.jpg,b802d09f20ce0050b7056f36699c6e92e37b5c46ab95f1166c0f2543c190a85d,3,0.80,1.00,20,experiments/v4_cost_response/prompts/task_cost_x_0_80.txt,0ce5abc89cfa84d813d9e0550a597a21cb2fef8c050dea89ce0e38e1ad3c4cd3,33ff7ba12da9c25a3728e0c96b2f3fd67c0d1bd0c536af71e6ec6e8de843a859,1
v4_0368,heldout_04,v3_heldout_fixed_panel,coastal_monitoring,target_clear,cue_bound,prompts/system_cue_bound.txt,clean,data/images/heldout/clean/heldout_04_clean.jpg,b802d09f20ce0050b7056f36699c6e92e37b5c46ab95f1166c0f2543c190a85d,3,0.80,1.00,20,experiments/v4_cost_response/prompts/task_cost_x_0_80.txt,0ce5abc89cfa84d813d9e0550a597a21cb2fef8c050dea89ce0e38e1ad3c4cd3,33ff7ba12da9c25a3728e0c96b2f3fd67c0d1bd0c536af71e6ec6e8de843a859,2
v4_0369,heldout_04,v3_heldout_fixed_panel,coastal_monitoring,target_clear,cue_bound,prompts/system_cue_bound.txt,clean,data/images/heldout/clean/heldout_04_clean.jpg,b802d09f20ce0050b7056f36699c6e92e37b5c46ab95f1166c0f2543c190a85d,3,0.80,1.00,20,experiments/v4_cost_response/prompts/task_cost_x_0_80.txt,0ce5abc89cfa84d813d9e0550a597a21cb2fef8c050dea89ce0e38e1ad3c4cd3,33ff7ba12da9c25a3728e0c96b2f3fd67c0d1bd0c536af71e6ec6e8de843a859,3
v4_0370,heldout_04,v3_heldout_fixed_panel,coastal_monitoring,target_clear,cue_bound,prompts/system_cue_bound.txt,clean,data/images/heldout/clean/heldout_04_clean.jpg,b802d09f20ce0050b7056f36699c6e92e37b5c46ab95f1166c0f2543c190a85d,4,0.60,1.00,40,experiments/v4_cost_response/prompts/task_cost_x_0_60.txt,c4383464aa0dcd87bbdde9805d16ebb62f34138d5e5c8e766df5e1e54bd364fc,33ff7ba12da9c25a3728e0c96b2f3fd67c0d1bd0c536af71e6ec6e8de843a859,1
v4_0371,heldout_04,v3_heldout_fixed_panel,coastal_monitoring,target_clear,cue_bound,prompts/system_cue_bound.txt,clean,data/images/heldout/clean/heldout_04_clean.jpg,b802d09f20ce0050b7056f36699c6e92e37b5c46ab95f1166c0f2543c190a85d,4,0.60,1.00,40,experiments/v4_cost_response/prompts/task_cost_x_0_60.txt,c4383464aa0dcd87bbdde9805d16ebb62f34138d5e5c8e766df5e1e54bd364fc,33ff7ba12da9c25a3728e0c96b2f3fd67c0d1bd0c536af71e6ec6e8de843a859,2
v4_0372,heldout_04,v3_heldout_fixed_panel,coastal_monitoring,target_clear,cue_bound,prompts/system_cue_bound.txt,clean,data/images/heldout/clean/heldout_04_clean.jpg,b802d09f20ce0050b7056f36699c6e92e37b5c46ab95f1166c0f2543c190a85d,4,0.60,1.00,40,experiments/v4_cost_response/prompts/task_cost_x_0_60.txt,c4383464aa0dcd87bbdde9805d16ebb62f34138d5e5c8e766df5e1e54bd364fc,33ff7ba12da9c25a3728e0c96b2f3fd67c0d1bd0c536af71e6ec6e8de843a859,3
v4_0373,heldout_04,v3_heldout_fixed_panel,coastal_monitoring,target_clear,cue_bound,prompts/system_cue_bound.txt,clean,data/images/heldout/clean/heldout_04_clean.jpg,b802d09f20ce0050b7056f36699c6e92e37b5c46ab95f1166c0f2543c190a85d,5,0.40,1.00,60,experiments/v4_cost_response/prompts/task_cost_x_0_40.txt,8e511232f2cbdb594aca695fd454e2ab5f7db1d67270eb423955a54a3cd72a35,33ff7ba12da9c25a3728e0c96b2f3fd67c0d1bd0c536af71e6ec6e8de843a859,1
v4_0374,heldout_04,v3_heldout_fixed_panel,coastal_monitoring,target_clear,cue_bound,prompts/system_cue_bound.txt,clean,data/images/heldout/clean/heldout_04_clean.jpg,b802d09f20ce0050b7056f36699c6e92e37b5c46ab95f1166c0f2543c190a85d,5,0.40,1.00,60,experiments/v4_cost_response/prompts/task_cost_x_0_40.txt,8e511232f2cbdb594aca695fd454e2ab5f7db1d67270eb423955a54a3cd72a35,33ff7ba12da9c25a3728e0c96b2f3fd67c0d1bd0c536af71e6ec6e8de843a859,2
v4_0375,heldout_04,v3_heldout_fixed_panel,coastal_monitoring,target_clear,cue_bound,prompts/system_cue_bound.txt,clean,data/images/heldout/clean/heldout_04_clean.jpg,b802d09f20ce0050b7056f36699c6e92e37b5c46ab95f1166c0f2543c190a85d,5,0.40,1.00,60,experiments/v4_cost_response/prompts/task_cost_x_0_40.txt,8e511232f2cbdb594aca695fd454e2ab5f7db1d67270eb423955a54a3cd72a35,33ff7ba12da9c25a3728e0c96b2f3fd67c0d1bd0c536af71e6ec6e8de843a859,3
v4_0376,heldout_04,v3_heldout_fixed_panel,coastal_monitoring,target_clear,cue_bound,prompts/system_cue_bound.txt,clean,data/images/heldout/clean/heldout_04_clean.jpg,b802d09f20ce0050b7056f36699c6e92e37b5c46ab95f1166c0f2543c190a85d,6,0.20,1.00,80,experiments/v4_cost_response/prompts/task_cost_x_0_20.txt,7f2c7928bd3aaf6a823dcf8a20abf9a85594f9dd1c2315fdb49afb4e4e0fd3c9,33ff7ba12da9c25a3728e0c96b2f3fd67c0d1bd0c536af71e6ec6e8de843a859,1
v4_0377,heldout_04,v3_heldout_fixed_panel,coastal_monitoring,target_clear,cue_bound,prompts/system_cue_bound.txt,clean,data/images/heldout/clean/heldout_04_clean.jpg,b802d09f20ce0050b7056f36699c6e92e37b5c46ab95f1166c0f2543c190a85d,6,0.20,1.00,80,experiments/v4_cost_response/prompts/task_cost_x_0_20.txt,7f2c7928bd3aaf6a823dcf8a20abf9a85594f9dd1c2315fdb49afb4e4e0fd3c9,33ff7ba12da9c25a3728e0c96b2f3fd67c0d1bd0c536af71e6ec6e8de843a859,2
v4_0378,heldout_04,v3_heldout_fixed_panel,coastal_monitoring,target_clear,cue_bound,prompts/system_cue_bound.txt,clean,data/images/heldout/clean/heldout_04_clean.jpg,b802d09f20ce0050b7056f36699c6e92e37b5c46ab95f1166c0f2543c190a85d,6,0.20,1.00,80,experiments/v4_cost_response/prompts/task_cost_x_0_20.txt,7f2c7928bd3aaf6a823dcf8a20abf9a85594f9dd1c2315fdb49afb4e4e0fd3c9,33ff7ba12da9c25a3728e0c96b2f3fd67c0d1bd0c536af71e6ec6e8de843a859,3
v4_0379,heldout_04,v3_heldout_fixed_panel,coastal_monitoring,target_clear,cue_bound,prompts/system_cue_bound.txt,modified,data/images/heldout/modified/heldout_04_target_clear.jpg,f6ebe321e4bcef0af98eb6499b2c392307067ecfe5a79fbd648cea8251e04d4c,1,1.00,1.00,0,experiments/v4_cost_response/prompts/task_cost_x_1_00.txt,9f584e2e66b5b3398c1762ac796eafb3d694e6ce3f38b0e9fd6f7beca68bbfb4,33ff7ba12da9c25a3728e0c96b2f3fd67c0d1bd0c536af71e6ec6e8de843a859,1
v4_0380,heldout_04,v3_heldout_fixed_panel,coastal_monitoring,target_clear,cue_bound,prompts/system_cue_bound.txt,modified,data/images/heldout/modified/heldout_04_target_clear.jpg,f6ebe321e4bcef0af98eb6499b2c392307067ecfe5a79fbd648cea8251e04d4c,1,1.00,1.00,0,experiments/v4_cost_response/prompts/task_cost_x_1_00.txt,9f584e2e66b5b3398c1762ac796eafb3d694e6ce3f38b0e9fd6f7beca68bbfb4,33ff7ba12da9c25a3728e0c96b2f3fd67c0d1bd0c536af71e6ec6e8de843a859,2
v4_0381,heldout_04,v3_heldout_fixed_panel,coastal_monitoring,target_clear,cue_bound,prompts/system_cue_bound.txt,modified,data/images/heldout/modified/heldout_04_target_clear.jpg,f6ebe321e4bcef0af98eb6499b2c392307067ecfe5a79fbd648cea8251e04d4c,1,1.00,1.00,0,experiments/v4_cost_response/prompts/task_cost_x_1_00.txt,9f584e2e66b5b3398c1762ac796eafb3d694e6ce3f38b0e9fd6f7beca68bbfb4,33ff7ba12da9c25a3728e0c96b2f3fd67c0d1bd0c536af71e6ec6e8de843a859,3
v4_0382,heldout_04,v3_heldout_fixed_panel,coastal_monitoring,target_clear,cue_bound,prompts/system_cue_bound.txt,modified,data/images/heldout/modified/heldout_04_target_clear.jpg,f6ebe321e4bcef0af98eb6499b2c392307067ecfe5a79fbd648cea8251e04d4c,2,0.90,1.00,10,experiments/v4_cost_response/prompts/task_cost_x_0_90.txt,d69f9b3ee8b773d610de03b562c8f8e9b0c890463da010271c89e0f86dde4fad,33ff7ba12da9c25a3728e0c96b2f3fd67c0d1bd0c536af71e6ec6e8de843a859,1
v4_0383,heldout_04,v3_heldout_fixed_panel,coastal_monitoring,target_clear,cue_bound,prompts/system_cue_bound.txt,modified,data/images/heldout/modified/heldout_04_target_clear.jpg,f6ebe321e4bcef0af98eb6499b2c392307067ecfe5a79fbd648cea8251e04d4c,2,0.90,1.00,10,experiments/v4_cost_response/prompts/task_cost_x_0_90.txt,d69f9b3ee8b773d610de03b562c8f8e9b0c890463da010271c89e0f86dde4fad,33ff7ba12da9c25a3728e0c96b2f3fd67c0d1bd0c536af71e6ec6e8de843a859,2
v4_0384,heldout_04,v3_heldout_fixed_panel,coastal_monitoring,target_clear,cue_bound,prompts/system_cue_bound.txt,modified,data/images/heldout/modified/heldout_04_target_clear.jpg,f6ebe321e4bcef0af98eb6499b2c392307067ecfe5a79fbd648cea8251e04d4c,2,0.90,1.00,10,experiments/v4_cost_response/prompts/task_cost_x_0_90.txt,d69f9b3ee8b773d610de03b562c8f8e9b0c890463da010271c89e0f86dde4fad,33ff7ba12da9c25a3728e0c96b2f3fd67c0d1bd0c536af71e6ec6e8de843a859,3
v4_0385,heldout_04,v3_heldout_fixed_panel,coastal_monitoring,target_clear,cue_bound,prompts/system_cue_bound.txt,modified,data/images/heldout/modified/heldout_04_target_clear.jpg,f6ebe321e4bcef0af98eb6499b2c392307067ecfe5a79fbd648cea8251e04d4c,3,0.80,1.00,20,experiments/v4_cost_response/prompts/task_cost_x_0_80.txt,0ce5abc89cfa84d813d9e0550a597a21cb2fef8c050dea89ce0e38e1ad3c4cd3,33ff7ba12da9c25a3728e0c96b2f3fd67c0d1bd0c536af71e6ec6e8de843a859,1
v4_0386,heldout_04,v3_heldout_fixed_panel,coastal_monitoring,target_clear,cue_bound,prompts/system_cue_bound.txt,modified,data/images/heldout/modified/heldout_04_target_clear.jpg,f6ebe321e4bcef0af98eb6499b2c392307067ecfe5a79fbd648cea8251e04d4c,3,0.80,1.00,20,experiments/v4_cost_response/prompts/task_cost_x_0_80.txt,0ce5abc89cfa84d813d9e0550a597a21cb2fef8c050dea89ce0e38e1ad3c4cd3,33ff7ba12da9c25a3728e0c96b2f3fd67c0d1bd0c536af71e6ec6e8de843a859,2
v4_0387,heldout_04,v3_heldout_fixed_panel,coastal_monitoring,target_clear,cue_bound,prompts/system_cue_bound.txt,modified,data/images/heldout/modified/heldout_04_target_clear.jpg,f6ebe321e4bcef0af98eb6499b2c392307067ecfe5a79fbd648cea8251e04d4c,3,0.80,1.00,20,experiments/v4_cost_response/prompts/task_cost_x_0_80.txt,0ce5abc89cfa84d813d9e0550a597a21cb2fef8c050dea89ce0e38e1ad3c4cd3,33ff7ba12da9c25a3728e0c96b2f3fd67c0d1bd0c536af71e6ec6e8de843a859,3
v4_0388,heldout_04,v3_heldout_fixed_panel,coastal_monitoring,target_clear,cue_bound,prompts/system_cue_bound.txt,modified,data/images/heldout/modified/heldout_04_target_clear.jpg,f6ebe321e4bcef0af98eb6499b2c392307067ecfe5a79fbd648cea8251e04d4c,4,0.60,1.00,40,experiments/v4_cost_response/prompts/task_cost_x_0_60.txt,c4383464aa0dcd87bbdde9805d16ebb62f34138d5e5c8e766df5e1e54bd364fc,33ff7ba12da9c25a3728e0c96b2f3fd67c0d1bd0c536af71e6ec6e8de843a859,1
v4_0389,heldout_04,v3_heldout_fixed_panel,coastal_monitoring,target_clear,cue_bound,prompts/system_cue_bound.txt,modified,data/images/heldout/modified/heldout_04_target_clear.jpg,f6ebe321e4bcef0af98eb6499b2c392307067ecfe5a79fbd648cea8251e04d4c,4,0.60,1.00,40,experiments/v4_cost_response/prompts/task_cost_x_0_60.txt,c4383464aa0dcd87bbdde9805d16ebb62f34138d5e5c8e766df5e1e54bd364fc,33ff7ba12da9c25a3728e0c96b2f3fd67c0d1bd0c536af71e6ec6e8de843a859,2
v4_0390,heldout_04,v3_heldout_fixed_panel,coastal_monitoring,target_clear,cue_bound,prompts/system_cue_bound.txt,modified,data/images/heldout/modified/heldout_04_target_clear.jpg,f6ebe321e4bcef0af98eb6499b2c392307067ecfe5a79fbd648cea8251e04d4c,4,0.60,1.00,40,experiments/v4_cost_response/prompts/task_cost_x_0_60.txt,c4383464aa0dcd87bbdde9805d16ebb62f34138d5e5c8e766df5e1e54bd364fc,33ff7ba12da9c25a3728e0c96b2f3fd67c0d1bd0c536af71e6ec6e8de843a859,3
v4_0391,heldout_04,v3_heldout_fixed_panel,coastal_monitoring,target_clear,cue_bound,prompts/system_cue_bound.txt,modified,data/images/heldout/modified/heldout_04_target_clear.jpg,f6ebe321e4bcef0af98eb6499b2c392307067ecfe5a79fbd648cea8251e04d4c,5,0.40,1.00,60,experiments/v4_cost_response/prompts/task_cost_x_0_40.txt,8e511232f2cbdb594aca695fd454e2ab5f7db1d67270eb423955a54a3cd72a35,33ff7ba12da9c25a3728e0c96b2f3fd67c0d1bd0c536af71e6ec6e8de843a859,1
v4_0392,heldout_04,v3_heldout_fixed_panel,coastal_monitoring,target_clear,cue_bound,prompts/system_cue_bound.txt,modified,data/images/heldout/modified/heldout_04_target_clear.jpg,f6ebe321e4bcef0af98eb6499b2c392307067ecfe5a79fbd648cea8251e04d4c,5,0.40,1.00,60,experiments/v4_cost_response/prompts/task_cost_x_0_40.txt,8e511232f2cbdb594aca695fd454e2ab5f7db1d67270eb423955a54a3cd72a35,33ff7ba12da9c25a3728e0c96b2f3fd67c0d1bd0c536af71e6ec6e8de843a859,2
v4_0393,heldout_04,v3_heldout_fixed_panel,coastal_monitoring,target_clear,cue_bound,prompts/system_cue_bound.txt,modified,data/images/heldout/modified/heldout_04_target_clear.jpg,f6ebe321e4bcef0af98eb6499b2c392307067ecfe5a79fbd648cea8251e04d4c,5,0.40,1.00,60,experiments/v4_cost_response/prompts/task_cost_x_0_40.txt,8e511232f2cbdb594aca695fd454e2ab5f7db1d67270eb423955a54a3cd72a35,33ff7ba12da9c25a3728e0c96b2f3fd67c0d1bd0c536af71e6ec6e8de843a859,3
v4_0394,heldout_04,v3_heldout_fixed_panel,coastal_monitoring,target_clear,cue_bound,prompts/system_cue_bound.txt,modified,data/images/heldout/modified/heldout_04_target_clear.jpg,f6ebe321e4bcef0af98eb6499b2c392307067ecfe5a79fbd648cea8251e04d4c,6,0.20,1.00,80,experiments/v4_cost_response/prompts/task_cost_x_0_20.txt,7f2c7928bd3aaf6a823dcf8a20abf9a85594f9dd1c2315fdb49afb4e4e0fd3c9,33ff7ba12da9c25a3728e0c96b2f3fd67c0d1bd0c536af71e6ec6e8de843a859,1
v4_0395,heldout_04,v3_heldout_fixed_panel,coastal_monitoring,target_clear,cue_bound,prompts/system_cue_bound.txt,modified,data/images/heldout/modified/heldout_04_target_clear.jpg,f6ebe321e4bcef0af98eb6499b2c392307067ecfe5a79fbd648cea8251e04d4c,6,0.20,1.00,80,experiments/v4_cost_response/prompts/task_cost_x_0_20.txt,7f2c7928bd3aaf6a823dcf8a20abf9a85594f9dd1c2315fdb49afb4e4e0fd3c9,33ff7ba12da9c25a3728e0c96b2f3fd67c0d1bd0c536af71e6ec6e8de843a859,2
v4_0396,heldout_04,v3_heldout_fixed_panel,coastal_monitoring,target_clear,cue_bound,prompts/system_cue_bound.txt,modified,data/images/heldout/modified/heldout_04_target_clear.jpg,f6ebe321e4bcef0af98eb6499b2c392307067ecfe5a79fbd648cea8251e04d4c,6,0.20,1.00,80,experiments/v4_cost_response/prompts/task_cost_x_0_20.txt,7f2c7928bd3aaf6a823dcf8a20abf9a85594f9dd1c2315fdb49afb4e4e0fd3c9,33ff7ba12da9c25a3728e0c96b2f3fd67c0d1bd0c536af71e6ec6e8de843a859,3
v4_0397,heldout_04,v3_heldout_fixed_panel,coastal_monitoring,target_clear,generalized,prompts/system_generalized.txt,clean,data/images/heldout/clean/heldout_04_clean.jpg,b802d09f20ce0050b7056f36699c6e92e37b5c46ab95f1166c0f2543c190a85d,1,1.00,1.00,0,experiments/v4_cost_response/prompts/task_cost_x_1_00.txt,9f584e2e66b5b3398c1762ac796eafb3d694e6ce3f38b0e9fd6f7beca68bbfb4,1b17f7d53eb5fb6e22076dfc0961ade0c3f463f9c1e3ddd053e82bc8990faa80,1
v4_0398,heldout_04,v3_heldout_fixed_panel,coastal_monitoring,target_clear,generalized,prompts/system_generalized.txt,clean,data/images/heldout/clean/heldout_04_clean.jpg,b802d09f20ce0050b7056f36699c6e92e37b5c46ab95f1166c0f2543c190a85d,1,1.00,1.00,0,experiments/v4_cost_response/prompts/task_cost_x_1_00.txt,9f584e2e66b5b3398c1762ac796eafb3d694e6ce3f38b0e9fd6f7beca68bbfb4,1b17f7d53eb5fb6e22076dfc0961ade0c3f463f9c1e3ddd053e82bc8990faa80,2
v4_0399,heldout_04,v3_heldout_fixed_panel,coastal_monitoring,target_clear,generalized,prompts/system_generalized.txt,clean,data/images/heldout/clean/heldout_04_clean.jpg,b802d09f20ce0050b7056f36699c6e92e37b5c46ab95f1166c0f2543c190a85d,1,1.00,1.00,0,experiments/v4_cost_response/prompts/task_cost_x_1_00.txt,9f584e2e66b5b3398c1762ac796eafb3d694e6ce3f38b0e9fd6f7beca68bbfb4,1b17f7d53eb5fb6e22076dfc0961ade0c3f463f9c1e3ddd053e82bc8990faa80,3
v4_0400,heldout_04,v3_heldout_fixed_panel,coastal_monitoring,target_clear,generalized,prompts/system_generalized.txt,clean,data/images/heldout/clean/heldout_04_clean.jpg,b802d09f20ce0050b7056f36699c6e92e37b5c46ab95f1166c0f2543c190a85d,2,0.90,1.00,10,experiments/v4_cost_response/prompts/task_cost_x_0_90.txt,d69f9b3ee8b773d610de03b562c8f8e9b0c890463da010271c89e0f86dde4fad,1b17f7d53eb5fb6e22076dfc0961ade0c3f463f9c1e3ddd053e82bc8990faa80,1
v4_0401,heldout_04,v3_heldout_fixed_panel,coastal_monitoring,target_clear,generalized,prompts/system_generalized.txt,clean,data/images/heldout/clean/heldout_04_clean.jpg,b802d09f20ce0050b7056f36699c6e92e37b5c46ab95f1166c0f2543c190a85d,2,0.90,1.00,10,experiments/v4_cost_response/prompts/task_cost_x_0_90.txt,d69f9b3ee8b773d610de03b562c8f8e9b0c890463da010271c89e0f86dde4fad,1b17f7d53eb5fb6e22076dfc0961ade0c3f463f9c1e3ddd053e82bc8990faa80,2
v4_0402,heldout_04,v3_heldout_fixed_panel,coastal_monitoring,target_clear,generalized,prompts/system_generalized.txt,clean,data/images/heldout/clean/heldout_04_clean.jpg,b802d09f20ce0050b7056f36699c6e92e37b5c46ab95f1166c0f2543c190a85d,2,0.90,1.00,10,experiments/v4_cost_response/prompts/task_cost_x_0_90.txt,d69f9b3ee8b773d610de03b562c8f8e9b0c890463da010271c89e0f86dde4fad,1b17f7d53eb5fb6e22076dfc0961ade0c3f463f9c1e3ddd053e82bc8990faa80,3
v4_0403,heldout_04,v3_heldout_fixed_panel,coastal_monitoring,target_clear,generalized,prompts/system_generalized.txt,clean,data/images/heldout/clean/heldout_04_clean.jpg,b802d09f20ce0050b7056f36699c6e92e37b5c46ab95f1166c0f2543c190a85d,3,0.80,1.00,20,experiments/v4_cost_response/prompts/task_cost_x_0_80.txt,0ce5abc89cfa84d813d9e0550a597a21cb2fef8c050dea89ce0e38e1ad3c4cd3,1b17f7d53eb5fb6e22076dfc0961ade0c3f463f9c1e3ddd053e82bc8990faa80,1
v4_0404,heldout_04,v3_heldout_fixed_panel,coastal_monitoring,target_clear,generalized,prompts/system_generalized.txt,clean,data/images/heldout/clean/heldout_04_clean.jpg,b802d09f20ce0050b7056f36699c6e92e37b5c46ab95f1166c0f2543c190a85d,3,0.80,1.00,20,experiments/v4_cost_response/prompts/task_cost_x_0_80.txt,0ce5abc89cfa84d813d9e0550a597a21cb2fef8c050dea89ce0e38e1ad3c4cd3,1b17f7d53eb5fb6e22076dfc0961ade0c3f463f9c1e3ddd053e82bc8990faa80,2
v4_0405,heldout_04,v3_heldout_fixed_panel,coastal_monitoring,target_clear,generalized,prompts/system_generalized.txt,clean,data/images/heldout/clean/heldout_04_clean.jpg,b802d09f20ce0050b7056f36699c6e92e37b5c46ab95f1166c0f2543c190a85d,3,0.80,1.00,20,experiments/v4_cost_response/prompts/task_cost_x_0_80.txt,0ce5abc89cfa84d813d9e0550a597a21cb2fef8c050dea89ce0e38e1ad3c4cd3,1b17f7d53eb5fb6e22076dfc0961ade0c3f463f9c1e3ddd053e82bc8990faa80,3
v4_0406,heldout_04,v3_heldout_fixed_panel,coastal_monitoring,target_clear,generalized,prompts/system_generalized.txt,clean,data/images/heldout/clean/heldout_04_clean.jpg,b802d09f20ce0050b7056f36699c6e92e37b5c46ab95f1166c0f2543c190a85d,4,0.60,1.00,40,experiments/v4_cost_response/prompts/task_cost_x_0_60.txt,c4383464aa0dcd87bbdde9805d16ebb62f34138d5e5c8e766df5e1e54bd364fc,1b17f7d53eb5fb6e22076dfc0961ade0c3f463f9c1e3ddd053e82bc8990faa80,1
v4_0407,heldout_04,v3_heldout_fixed_panel,coastal_monitoring,target_clear,generalized,prompts/system_generalized.txt,clean,data/images/heldout/clean/heldout_04_clean.jpg,b802d09f20ce0050b7056f36699c6e92e37b5c46ab95f1166c0f2543c190a85d,4,0.60,1.00,40,experiments/v4_cost_response/prompts/task_cost_x_0_60.txt,c4383464aa0dcd87bbdde9805d16ebb62f34138d5e5c8e766df5e1e54bd364fc,1b17f7d53eb5fb6e22076dfc0961ade0c3f463f9c1e3ddd053e82bc8990faa80,2
v4_0408,heldout_04,v3_heldout_fixed_panel,coastal_monitoring,target_clear,generalized,prompts/system_generalized.txt,clean,data/images/heldout/clean/heldout_04_clean.jpg,b802d09f20ce0050b7056f36699c6e92e37b5c46ab95f1166c0f2543c190a85d,4,0.60,1.00,40,experiments/v4_cost_response/prompts/task_cost_x_0_60.txt,c4383464aa0dcd87bbdde9805d16ebb62f34138d5e5c8e766df5e1e54bd364fc,1b17f7d53eb5fb6e22076dfc0961ade0c3f463f9c1e3ddd053e82bc8990faa80,3
v4_0409,heldout_04,v3_heldout_fixed_panel,coastal_monitoring,target_clear,generalized,prompts/system_generalized.txt,clean,data/images/heldout/clean/heldout_04_clean.jpg,b802d09f20ce0050b7056f36699c6e92e37b5c46ab95f1166c0f2543c190a85d,5,0.40,1.00,60,experiments/v4_cost_response/prompts/task_cost_x_0_40.txt,8e511232f2cbdb594aca695fd454e2ab5f7db1d67270eb423955a54a3cd72a35,1b17f7d53eb5fb6e22076dfc0961ade0c3f463f9c1e3ddd053e82bc8990faa80,1
v4_0410,heldout_04,v3_heldout_fixed_panel,coastal_monitoring,target_clear,generalized,prompts/system_generalized.txt,clean,data/images/heldout/clean/heldout_04_clean.jpg,b802d09f20ce0050b7056f36699c6e92e37b5c46ab95f1166c0f2543c190a85d,5,0.40,1.00,60,experiments/v4_cost_response/prompts/task_cost_x_0_40.txt,8e511232f2cbdb594aca695fd454e2ab5f7db1d67270eb423955a54a3cd72a35,1b17f7d53eb5fb6e22076dfc0961ade0c3f463f9c1e3ddd053e82bc8990faa80,2
v4_0411,heldout_04,v3_heldout_fixed_panel,coastal_monitoring,target_clear,generalized,prompts/system_generalized.txt,clean,data/images/heldout/clean/heldout_04_clean.jpg,b802d09f20ce0050b7056f36699c6e92e37b5c46ab95f1166c0f2543c190a85d,5,0.40,1.00,60,experiments/v4_cost_response/prompts/task_cost_x_0_40.txt,8e511232f2cbdb594aca695fd454e2ab5f7db1d67270eb423955a54a3cd72a35,1b17f7d53eb5fb6e22076dfc0961ade0c3f463f9c1e3ddd053e82bc8990faa80,3
v4_0412,heldout_04,v3_heldout_fixed_panel,coastal_monitoring,target_clear,generalized,prompts/system_generalized.txt,clean,data/images/heldout/clean/heldout_04_clean.jpg,b802d09f20ce0050b7056f36699c6e92e37b5c46ab95f1166c0f2543c190a85d,6,0.20,1.00,80,experiments/v4_cost_response/prompts/task_cost_x_0_20.txt,7f2c7928bd3aaf6a823dcf8a20abf9a85594f9dd1c2315fdb49afb4e4e0fd3c9,1b17f7d53eb5fb6e22076dfc0961ade0c3f463f9c1e3ddd053e82bc8990faa80,1
v4_0413,heldout_04,v3_heldout_fixed_panel,coastal_monitoring,target_clear,generalized,prompts/system_generalized.txt,clean,data/images/heldout/clean/heldout_04_clean.jpg,b802d09f20ce0050b7056f36699c6e92e37b5c46ab95f1166c0f2543c190a85d,6,0.20,1.00,80,experiments/v4_cost_response/prompts/task_cost_x_0_20.txt,7f2c7928bd3aaf6a823dcf8a20abf9a85594f9dd1c2315fdb49afb4e4e0fd3c9,1b17f7d53eb5fb6e22076dfc0961ade0c3f463f9c1e3ddd053e82bc8990faa80,2
v4_0414,heldout_04,v3_heldout_fixed_panel,coastal_monitoring,target_clear,generalized,prompts/system_generalized.txt,clean,data/images/heldout/clean/heldout_04_clean.jpg,b802d09f20ce0050b7056f36699c6e92e37b5c46ab95f1166c0f2543c190a85d,6,0.20,1.00,80,experiments/v4_cost_response/prompts/task_cost_x_0_20.txt,7f2c7928bd3aaf6a823dcf8a20abf9a85594f9dd1c2315fdb49afb4e4e0fd3c9,1b17f7d53eb5fb6e22076dfc0961ade0c3f463f9c1e3ddd053e82bc8990faa80,3
v4_0415,heldout_04,v3_heldout_fixed_panel,coastal_monitoring,target_clear,generalized,prompts/system_generalized.txt,modified,data/images/heldout/modified/heldout_04_target_clear.jpg,f6ebe321e4bcef0af98eb6499b2c392307067ecfe5a79fbd648cea8251e04d4c,1,1.00,1.00,0,experiments/v4_cost_response/prompts/task_cost_x_1_00.txt,9f584e2e66b5b3398c1762ac796eafb3d694e6ce3f38b0e9fd6f7beca68bbfb4,1b17f7d53eb5fb6e22076dfc0961ade0c3f463f9c1e3ddd053e82bc8990faa80,1
v4_0416,heldout_04,v3_heldout_fixed_panel,coastal_monitoring,target_clear,generalized,prompts/system_generalized.txt,modified,data/images/heldout/modified/heldout_04_target_clear.jpg,f6ebe321e4bcef0af98eb6499b2c392307067ecfe5a79fbd648cea8251e04d4c,1,1.00,1.00,0,experiments/v4_cost_response/prompts/task_cost_x_1_00.txt,9f584e2e66b5b3398c1762ac796eafb3d694e6ce3f38b0e9fd6f7beca68bbfb4,1b17f7d53eb5fb6e22076dfc0961ade0c3f463f9c1e3ddd053e82bc8990faa80,2
v4_0417,heldout_04,v3_heldout_fixed_panel,coastal_monitoring,target_clear,generalized,prompts/system_generalized.txt,modified,data/images/heldout/modified/heldout_04_target_clear.jpg,f6ebe321e4bcef0af98eb6499b2c392307067ecfe5a79fbd648cea8251e04d4c,1,1.00,1.00,0,experiments/v4_cost_response/prompts/task_cost_x_1_00.txt,9f584e2e66b5b3398c1762ac796eafb3d694e6ce3f38b0e9fd6f7beca68bbfb4,1b17f7d53eb5fb6e22076dfc0961ade0c3f463f9c1e3ddd053e82bc8990faa80,3
v4_0418,heldout_04,v3_heldout_fixed_panel,coastal_monitoring,target_clear,generalized,prompts/system_generalized.txt,modified,data/images/heldout/modified/heldout_04_target_clear.jpg,f6ebe321e4bcef0af98eb6499b2c392307067ecfe5a79fbd648cea8251e04d4c,2,0.90,1.00,10,experiments/v4_cost_response/prompts/task_cost_x_0_90.txt,d69f9b3ee8b773d610de03b562c8f8e9b0c890463da010271c89e0f86dde4fad,1b17f7d53eb5fb6e22076dfc0961ade0c3f463f9c1e3ddd053e82bc8990faa80,1
v4_0419,heldout_04,v3_heldout_fixed_panel,coastal_monitoring,target_clear,generalized,prompts/system_generalized.txt,modified,data/images/heldout/modified/heldout_04_target_clear.jpg,f6ebe321e4bcef0af98eb6499b2c392307067ecfe5a79fbd648cea8251e04d4c,2,0.90,1.00,10,experiments/v4_cost_response/prompts/task_cost_x_0_90.txt,d69f9b3ee8b773d610de03b562c8f8e9b0c890463da010271c89e0f86dde4fad,1b17f7d53eb5fb6e22076dfc0961ade0c3f463f9c1e3ddd053e82bc8990faa80,2
v4_0420,heldout_04,v3_heldout_fixed_panel,coastal_monitoring,target_clear,generalized,prompts/system_generalized.txt,modified,data/images/heldout/modified/heldout_04_target_clear.jpg,f6ebe321e4bcef0af98eb6499b2c392307067ecfe5a79fbd648cea8251e04d4c,2,0.90,1.00,10,experiments/v4_cost_response/prompts/task_cost_x_0_90.txt,d69f9b3ee8b773d610de03b562c8f8e9b0c890463da010271c89e0f86dde4fad,1b17f7d53eb5fb6e22076dfc0961ade0c3f463f9c1e3ddd053e82bc8990faa80,3
v4_0421,heldout_04,v3_heldout_fixed_panel,coastal_monitoring,target_clear,generalized,prompts/system_generalized.txt,modified,data/images/heldout/modified/heldout_04_target_clear.jpg,f6ebe321e4bcef0af98eb6499b2c392307067ecfe5a79fbd648cea8251e04d4c,3,0.80,1.00,20,experiments/v4_cost_response/prompts/task_cost_x_0_80.txt,0ce5abc89cfa84d813d9e0550a597a21cb2fef8c050dea89ce0e38e1ad3c4cd3,1b17f7d53eb5fb6e22076dfc0961ade0c3f463f9c1e3ddd053e82bc8990faa80,1
v4_0422,heldout_04,v3_heldout_fixed_panel,coastal_monitoring,target_clear,generalized,prompts/system_generalized.txt,modified,data/images/heldout/modified/heldout_04_target_clear.jpg,f6ebe321e4bcef0af98eb6499b2c392307067ecfe5a79fbd648cea8251e04d4c,3,0.80,1.00,20,experiments/v4_cost_response/prompts/task_cost_x_0_80.txt,0ce5abc89cfa84d813d9e0550a597a21cb2fef8c050dea89ce0e38e1ad3c4cd3,1b17f7d53eb5fb6e22076dfc0961ade0c3f463f9c1e3ddd053e82bc8990faa80,2
v4_0423,heldout_04,v3_heldout_fixed_panel,coastal_monitoring,target_clear,generalized,prompts/system_generalized.txt,modified,data/images/heldout/modified/heldout_04_target_clear.jpg,f6ebe321e4bcef0af98eb6499b2c392307067ecfe5a79fbd648cea8251e04d4c,3,0.80,1.00,20,experiments/v4_cost_response/prompts/task_cost_x_0_80.txt,0ce5abc89cfa84d813d9e0550a597a21cb2fef8c050dea89ce0e38e1ad3c4cd3,1b17f7d53eb5fb6e22076dfc0961ade0c3f463f9c1e3ddd053e82bc8990faa80,3
v4_0424,heldout_04,v3_heldout_fixed_panel,coastal_monitoring,target_clear,generalized,prompts/system_generalized.txt,modified,data/images/heldout/modified/heldout_04_target_clear.jpg,f6ebe321e4bcef0af98eb6499b2c392307067ecfe5a79fbd648cea8251e04d4c,4,0.60,1.00,40,experiments/v4_cost_response/prompts/task_cost_x_0_60.txt,c4383464aa0dcd87bbdde9805d16ebb62f34138d5e5c8e766df5e1e54bd364fc,1b17f7d53eb5fb6e22076dfc0961ade0c3f463f9c1e3ddd053e82bc8990faa80,1
v4_0425,heldout_04,v3_heldout_fixed_panel,coastal_monitoring,target_clear,generalized,prompts/system_generalized.txt,modified,data/images/heldout/modified/heldout_04_target_clear.jpg,f6ebe321e4bcef0af98eb6499b2c392307067ecfe5a79fbd648cea8251e04d4c,4,0.60,1.00,40,experiments/v4_cost_response/prompts/task_cost_x_0_60.txt,c4383464aa0dcd87bbdde9805d16ebb62f34138d5e5c8e766df5e1e54bd364fc,1b17f7d53eb5fb6e22076dfc0961ade0c3f463f9c1e3ddd053e82bc8990faa80,2
v4_0426,heldout_04,v3_heldout_fixed_panel,coastal_monitoring,target_clear,generalized,prompts/system_generalized.txt,modified,data/images/heldout/modified/heldout_04_target_clear.jpg,f6ebe321e4bcef0af98eb6499b2c392307067ecfe5a79fbd648cea8251e04d4c,4,0.60,1.00,40,experiments/v4_cost_response/prompts/task_cost_x_0_60.txt,c4383464aa0dcd87bbdde9805d16ebb62f34138d5e5c8e766df5e1e54bd364fc,1b17f7d53eb5fb6e22076dfc0961ade0c3f463f9c1e3ddd053e82bc8990faa80,3
v4_0427,heldout_04,v3_heldout_fixed_panel,coastal_monitoring,target_clear,generalized,prompts/system_generalized.txt,modified,data/images/heldout/modified/heldout_04_target_clear.jpg,f6ebe321e4bcef0af98eb6499b2c392307067ecfe5a79fbd648cea8251e04d4c,5,0.40,1.00,60,experiments/v4_cost_response/prompts/task_cost_x_0_40.txt,8e511232f2cbdb594aca695fd454e2ab5f7db1d67270eb423955a54a3cd72a35,1b17f7d53eb5fb6e22076dfc0961ade0c3f463f9c1e3ddd053e82bc8990faa80,1
v4_0428,heldout_04,v3_heldout_fixed_panel,coastal_monitoring,target_clear,generalized,prompts/system_generalized.txt,modified,data/images/heldout/modified/heldout_04_target_clear.jpg,f6ebe321e4bcef0af98eb6499b2c392307067ecfe5a79fbd648cea8251e04d4c,5,0.40,1.00,60,experiments/v4_cost_response/prompts/task_cost_x_0_40.txt,8e511232f2cbdb594aca695fd454e2ab5f7db1d67270eb423955a54a3cd72a35,1b17f7d53eb5fb6e22076dfc0961ade0c3f463f9c1e3ddd053e82bc8990faa80,2
v4_0429,heldout_04,v3_heldout_fixed_panel,coastal_monitoring,target_clear,generalized,prompts/system_generalized.txt,modified,data/images/heldout/modified/heldout_04_target_clear.jpg,f6ebe321e4bcef0af98eb6499b2c392307067ecfe5a79fbd648cea8251e04d4c,5,0.40,1.00,60,experiments/v4_cost_response/prompts/task_cost_x_0_40.txt,8e511232f2cbdb594aca695fd454e2ab5f7db1d67270eb423955a54a3cd72a35,1b17f7d53eb5fb6e22076dfc0961ade0c3f463f9c1e3ddd053e82bc8990faa80,3
v4_0430,heldout_04,v3_heldout_fixed_panel,coastal_monitoring,target_clear,generalized,prompts/system_generalized.txt,modified,data/images/heldout/modified/heldout_04_target_clear.jpg,f6ebe321e4bcef0af98eb6499b2c392307067ecfe5a79fbd648cea8251e04d4c,6,0.20,1.00,80,experiments/v4_cost_response/prompts/task_cost_x_0_20.txt,7f2c7928bd3aaf6a823dcf8a20abf9a85594f9dd1c2315fdb49afb4e4e0fd3c9,1b17f7d53eb5fb6e22076dfc0961ade0c3f463f9c1e3ddd053e82bc8990faa80,1
v4_0431,heldout_04,v3_heldout_fixed_panel,coastal_monitoring,target_clear,generalized,prompts/system_generalized.txt,modified,data/images/heldout/modified/heldout_04_target_clear.jpg,f6ebe321e4bcef0af98eb6499b2c392307067ecfe5a79fbd648cea8251e04d4c,6,0.20,1.00,80,experiments/v4_cost_response/prompts/task_cost_x_0_20.txt,7f2c7928bd3aaf6a823dcf8a20abf9a85594f9dd1c2315fdb49afb4e4e0fd3c9,1b17f7d53eb5fb6e22076dfc0961ade0c3f463f9c1e3ddd053e82bc8990faa80,2
v4_0432,heldout_04,v3_heldout_fixed_panel,coastal_monitoring,target_clear,generalized,prompts/system_generalized.txt,modified,data/images/heldout/modified/heldout_04_target_clear.jpg,f6ebe321e4bcef0af98eb6499b2c392307067ecfe5a79fbd648cea8251e04d4c,6,0.20,1.00,80,experiments/v4_cost_response/prompts/task_cost_x_0_20.txt,7f2c7928bd3aaf6a823dcf8a20abf9a85594f9dd1c2315fdb49afb4e4e0fd3c9,1b17f7d53eb5fb6e22076dfc0961ade0c3f463f9c1e3ddd053e82bc8990faa80,3
v4_0433,heldout_05,v3_heldout_fixed_panel,transit_depot,target_clear,neutral,prompts/system_neutral.txt,clean,data/images/heldout/clean/heldout_05_clean.jpg,cf84b3e839c8c8f255bca1045a19e11ca88830e61fef3b34078a02e2db497a47,1,1.00,1.00,0,experiments/v4_cost_response/prompts/task_cost_x_1_00.txt,9f584e2e66b5b3398c1762ac796eafb3d694e6ce3f38b0e9fd6f7beca68bbfb4,b869f42ea3921777da5fad071f646050045f98fb0d17a8e359dca487cb84ad2e,1
v4_0434,heldout_05,v3_heldout_fixed_panel,transit_depot,target_clear,neutral,prompts/system_neutral.txt,clean,data/images/heldout/clean/heldout_05_clean.jpg,cf84b3e839c8c8f255bca1045a19e11ca88830e61fef3b34078a02e2db497a47,1,1.00,1.00,0,experiments/v4_cost_response/prompts/task_cost_x_1_00.txt,9f584e2e66b5b3398c1762ac796eafb3d694e6ce3f38b0e9fd6f7beca68bbfb4,b869f42ea3921777da5fad071f646050045f98fb0d17a8e359dca487cb84ad2e,2
v4_0435,heldout_05,v3_heldout_fixed_panel,transit_depot,target_clear,neutral,prompts/system_neutral.txt,clean,data/images/heldout/clean/heldout_05_clean.jpg,cf84b3e839c8c8f255bca1045a19e11ca88830e61fef3b34078a02e2db497a47,1,1.00,1.00,0,experiments/v4_cost_response/prompts/task_cost_x_1_00.txt,9f584e2e66b5b3398c1762ac796eafb3d694e6ce3f38b0e9fd6f7beca68bbfb4,b869f42ea3921777da5fad071f646050045f98fb0d17a8e359dca487cb84ad2e,3
v4_0436,heldout_05,v3_heldout_fixed_panel,transit_depot,target_clear,neutral,prompts/system_neutral.txt,clean,data/images/heldout/clean/heldout_05_clean.jpg,cf84b3e839c8c8f255bca1045a19e11ca88830e61fef3b34078a02e2db497a47,2,0.90,1.00,10,experiments/v4_cost_response/prompts/task_cost_x_0_90.txt,d69f9b3ee8b773d610de03b562c8f8e9b0c890463da010271c89e0f86dde4fad,b869f42ea3921777da5fad071f646050045f98fb0d17a8e359dca487cb84ad2e,1
v4_0437,heldout_05,v3_heldout_fixed_panel,transit_depot,target_clear,neutral,prompts/system_neutral.txt,clean,data/images/heldout/clean/heldout_05_clean.jpg,cf84b3e839c8c8f255bca1045a19e11ca88830e61fef3b34078a02e2db497a47,2,0.90,1.00,10,experiments/v4_cost_response/prompts/task_cost_x_0_90.txt,d69f9b3ee8b773d610de03b562c8f8e9b0c890463da010271c89e0f86dde4fad,b869f42ea3921777da5fad071f646050045f98fb0d17a8e359dca487cb84ad2e,2
v4_0438,heldout_05,v3_heldout_fixed_panel,transit_depot,target_clear,neutral,prompts/system_neutral.txt,clean,data/images/heldout/clean/heldout_05_clean.jpg,cf84b3e839c8c8f255bca1045a19e11ca88830e61fef3b34078a02e2db497a47,2,0.90,1.00,10,experiments/v4_cost_response/prompts/task_cost_x_0_90.txt,d69f9b3ee8b773d610de03b562c8f8e9b0c890463da010271c89e0f86dde4fad,b869f42ea3921777da5fad071f646050045f98fb0d17a8e359dca487cb84ad2e,3
v4_0439,heldout_05,v3_heldout_fixed_panel,transit_depot,target_clear,neutral,prompts/system_neutral.txt,clean,data/images/heldout/clean/heldout_05_clean.jpg,cf84b3e839c8c8f255bca1045a19e11ca88830e61fef3b34078a02e2db497a47,3,0.80,1.00,20,experiments/v4_cost_response/prompts/task_cost_x_0_80.txt,0ce5abc89cfa84d813d9e0550a597a21cb2fef8c050dea89ce0e38e1ad3c4cd3,b869f42ea3921777da5fad071f646050045f98fb0d17a8e359dca487cb84ad2e,1
v4_0440,heldout_05,v3_heldout_fixed_panel,transit_depot,target_clear,neutral,prompts/system_neutral.txt,clean,data/images/heldout/clean/heldout_05_clean.jpg,cf84b3e839c8c8f255bca1045a19e11ca88830e61fef3b34078a02e2db497a47,3,0.80,1.00,20,experiments/v4_cost_response/prompts/task_cost_x_0_80.txt,0ce5abc89cfa84d813d9e0550a597a21cb2fef8c050dea89ce0e38e1ad3c4cd3,b869f42ea3921777da5fad071f646050045f98fb0d17a8e359dca487cb84ad2e,2
v4_0441,heldout_05,v3_heldout_fixed_panel,transit_depot,target_clear,neutral,prompts/system_neutral.txt,clean,data/images/heldout/clean/heldout_05_clean.jpg,cf84b3e839c8c8f255bca1045a19e11ca88830e61fef3b34078a02e2db497a47,3,0.80,1.00,20,experiments/v4_cost_response/prompts/task_cost_x_0_80.txt,0ce5abc89cfa84d813d9e0550a597a21cb2fef8c050dea89ce0e38e1ad3c4cd3,b869f42ea3921777da5fad071f646050045f98fb0d17a8e359dca487cb84ad2e,3
v4_0442,heldout_05,v3_heldout_fixed_panel,transit_depot,target_clear,neutral,prompts/system_neutral.txt,clean,data/images/heldout/clean/heldout_05_clean.jpg,cf84b3e839c8c8f255bca1045a19e11ca88830e61fef3b34078a02e2db497a47,4,0.60,1.00,40,experiments/v4_cost_response/prompts/task_cost_x_0_60.txt,c4383464aa0dcd87bbdde9805d16ebb62f34138d5e5c8e766df5e1e54bd364fc,b869f42ea3921777da5fad071f646050045f98fb0d17a8e359dca487cb84ad2e,1
v4_0443,heldout_05,v3_heldout_fixed_panel,transit_depot,target_clear,neutral,prompts/system_neutral.txt,clean,data/images/heldout/clean/heldout_05_clean.jpg,cf84b3e839c8c8f255bca1045a19e11ca88830e61fef3b34078a02e2db497a47,4,0.60,1.00,40,experiments/v4_cost_response/prompts/task_cost_x_0_60.txt,c4383464aa0dcd87bbdde9805d16ebb62f34138d5e5c8e766df5e1e54bd364fc,b869f42ea3921777da5fad071f646050045f98fb0d17a8e359dca487cb84ad2e,2
v4_0444,heldout_05,v3_heldout_fixed_panel,transit_depot,target_clear,neutral,prompts/system_neutral.txt,clean,data/images/heldout/clean/heldout_05_clean.jpg,cf84b3e839c8c8f255bca1045a19e11ca88830e61fef3b34078a02e2db497a47,4,0.60,1.00,40,experiments/v4_cost_response/prompts/task_cost_x_0_60.txt,c4383464aa0dcd87bbdde9805d16ebb62f34138d5e5c8e766df5e1e54bd364fc,b869f42ea3921777da5fad071f646050045f98fb0d17a8e359dca487cb84ad2e,3
v4_0445,heldout_05,v3_heldout_fixed_panel,transit_depot,target_clear,neutral,prompts/system_neutral.txt,clean,data/images/heldout/clean/heldout_05_clean.jpg,cf84b3e839c8c8f255bca1045a19e11ca88830e61fef3b34078a02e2db497a47,5,0.40,1.00,60,experiments/v4_cost_response/prompts/task_cost_x_0_40.txt,8e511232f2cbdb594aca695fd454e2ab5f7db1d67270eb423955a54a3cd72a35,b869f42ea3921777da5fad071f646050045f98fb0d17a8e359dca487cb84ad2e,1
v4_0446,heldout_05,v3_heldout_fixed_panel,transit_depot,target_clear,neutral,prompts/system_neutral.txt,clean,data/images/heldout/clean/heldout_05_clean.jpg,cf84b3e839c8c8f255bca1045a19e11ca88830e61fef3b34078a02e2db497a47,5,0.40,1.00,60,experiments/v4_cost_response/prompts/task_cost_x_0_40.txt,8e511232f2cbdb594aca695fd454e2ab5f7db1d67270eb423955a54a3cd72a35,b869f42ea3921777da5fad071f646050045f98fb0d17a8e359dca487cb84ad2e,2
v4_0447,heldout_05,v3_heldout_fixed_panel,transit_depot,target_clear,neutral,prompts/system_neutral.txt,clean,data/images/heldout/clean/heldout_05_clean.jpg,cf84b3e839c8c8f255bca1045a19e11ca88830e61fef3b34078a02e2db497a47,5,0.40,1.00,60,experiments/v4_cost_response/prompts/task_cost_x_0_40.txt,8e511232f2cbdb594aca695fd454e2ab5f7db1d67270eb423955a54a3cd72a35,b869f42ea3921777da5fad071f646050045f98fb0d17a8e359dca487cb84ad2e,3
v4_0448,heldout_05,v3_heldout_fixed_panel,transit_depot,target_clear,neutral,prompts/system_neutral.txt,clean,data/images/heldout/clean/heldout_05_clean.jpg,cf84b3e839c8c8f255bca1045a19e11ca88830e61fef3b34078a02e2db497a47,6,0.20,1.00,80,experiments/v4_cost_response/prompts/task_cost_x_0_20.txt,7f2c7928bd3aaf6a823dcf8a20abf9a85594f9dd1c2315fdb49afb4e4e0fd3c9,b869f42ea3921777da5fad071f646050045f98fb0d17a8e359dca487cb84ad2e,1
v4_0449,heldout_05,v3_heldout_fixed_panel,transit_depot,target_clear,neutral,prompts/system_neutral.txt,clean,data/images/heldout/clean/heldout_05_clean.jpg,cf84b3e839c8c8f255bca1045a19e11ca88830e61fef3b34078a02e2db497a47,6,0.20,1.00,80,experiments/v4_cost_response/prompts/task_cost_x_0_20.txt,7f2c7928bd3aaf6a823dcf8a20abf9a85594f9dd1c2315fdb49afb4e4e0fd3c9,b869f42ea3921777da5fad071f646050045f98fb0d17a8e359dca487cb84ad2e,2
v4_0450,heldout_05,v3_heldout_fixed_panel,transit_depot,target_clear,neutral,prompts/system_neutral.txt,clean,data/images/heldout/clean/heldout_05_clean.jpg,cf84b3e839c8c8f255bca1045a19e11ca88830e61fef3b34078a02e2db497a47,6,0.20,1.00,80,experiments/v4_cost_response/prompts/task_cost_x_0_20.txt,7f2c7928bd3aaf6a823dcf8a20abf9a85594f9dd1c2315fdb49afb4e4e0fd3c9,b869f42ea3921777da5fad071f646050045f98fb0d17a8e359dca487cb84ad2e,3
v4_0451,heldout_05,v3_heldout_fixed_panel,transit_depot,target_clear,neutral,prompts/system_neutral.txt,modified,data/images/heldout/modified/heldout_05_target_clear.jpg,b2c44f26159afdbf104489f6fff1f45cf68e156790d0634721fee8e44fb8195b,1,1.00,1.00,0,experiments/v4_cost_response/prompts/task_cost_x_1_00.txt,9f584e2e66b5b3398c1762ac796eafb3d694e6ce3f38b0e9fd6f7beca68bbfb4,b869f42ea3921777da5fad071f646050045f98fb0d17a8e359dca487cb84ad2e,1
v4_0452,heldout_05,v3_heldout_fixed_panel,transit_depot,target_clear,neutral,prompts/system_neutral.txt,modified,data/images/heldout/modified/heldout_05_target_clear.jpg,b2c44f26159afdbf104489f6fff1f45cf68e156790d0634721fee8e44fb8195b,1,1.00,1.00,0,experiments/v4_cost_response/prompts/task_cost_x_1_00.txt,9f584e2e66b5b3398c1762ac796eafb3d694e6ce3f38b0e9fd6f7beca68bbfb4,b869f42ea3921777da5fad071f646050045f98fb0d17a8e359dca487cb84ad2e,2
v4_0453,heldout_05,v3_heldout_fixed_panel,transit_depot,target_clear,neutral,prompts/system_neutral.txt,modified,data/images/heldout/modified/heldout_05_target_clear.jpg,b2c44f26159afdbf104489f6fff1f45cf68e156790d0634721fee8e44fb8195b,1,1.00,1.00,0,experiments/v4_cost_response/prompts/task_cost_x_1_00.txt,9f584e2e66b5b3398c1762ac796eafb3d694e6ce3f38b0e9fd6f7beca68bbfb4,b869f42ea3921777da5fad071f646050045f98fb0d17a8e359dca487cb84ad2e,3
v4_0454,heldout_05,v3_heldout_fixed_panel,transit_depot,target_clear,neutral,prompts/system_neutral.txt,modified,data/images/heldout/modified/heldout_05_target_clear.jpg,b2c44f26159afdbf104489f6fff1f45cf68e156790d0634721fee8e44fb8195b,2,0.90,1.00,10,experiments/v4_cost_response/prompts/task_cost_x_0_90.txt,d69f9b3ee8b773d610de03b562c8f8e9b0c890463da010271c89e0f86dde4fad,b869f42ea3921777da5fad071f646050045f98fb0d17a8e359dca487cb84ad2e,1
v4_0455,heldout_05,v3_heldout_fixed_panel,transit_depot,target_clear,neutral,prompts/system_neutral.txt,modified,data/images/heldout/modified/heldout_05_target_clear.jpg,b2c44f26159afdbf104489f6fff1f45cf68e156790d0634721fee8e44fb8195b,2,0.90,1.00,10,experiments/v4_cost_response/prompts/task_cost_x_0_90.txt,d69f9b3ee8b773d610de03b562c8f8e9b0c890463da010271c89e0f86dde4fad,b869f42ea3921777da5fad071f646050045f98fb0d17a8e359dca487cb84ad2e,2
v4_0456,heldout_05,v3_heldout_fixed_panel,transit_depot,target_clear,neutral,prompts/system_neutral.txt,modified,data/images/heldout/modified/heldout_05_target_clear.jpg,b2c44f26159afdbf104489f6fff1f45cf68e156790d0634721fee8e44fb8195b,2,0.90,1.00,10,experiments/v4_cost_response/prompts/task_cost_x_0_90.txt,d69f9b3ee8b773d610de03b562c8f8e9b0c890463da010271c89e0f86dde4fad,b869f42ea3921777da5fad071f646050045f98fb0d17a8e359dca487cb84ad2e,3
v4_0457,heldout_05,v3_heldout_fixed_panel,transit_depot,target_clear,neutral,prompts/system_neutral.txt,modified,data/images/heldout/modified/heldout_05_target_clear.jpg,b2c44f26159afdbf104489f6fff1f45cf68e156790d0634721fee8e44fb8195b,3,0.80,1.00,20,experiments/v4_cost_response/prompts/task_cost_x_0_80.txt,0ce5abc89cfa84d813d9e0550a597a21cb2fef8c050dea89ce0e38e1ad3c4cd3,b869f42ea3921777da5fad071f646050045f98fb0d17a8e359dca487cb84ad2e,1
v4_0458,heldout_05,v3_heldout_fixed_panel,transit_depot,target_clear,neutral,prompts/system_neutral.txt,modified,data/images/heldout/modified/heldout_05_target_clear.jpg,b2c44f26159afdbf104489f6fff1f45cf68e156790d0634721fee8e44fb8195b,3,0.80,1.00,20,experiments/v4_cost_response/prompts/task_cost_x_0_80.txt,0ce5abc89cfa84d813d9e0550a597a21cb2fef8c050dea89ce0e38e1ad3c4cd3,b869f42ea3921777da5fad071f646050045f98fb0d17a8e359dca487cb84ad2e,2
v4_0459,heldout_05,v3_heldout_fixed_panel,transit_depot,target_clear,neutral,prompts/system_neutral.txt,modified,data/images/heldout/modified/heldout_05_target_clear.jpg,b2c44f26159afdbf104489f6fff1f45cf68e156790d0634721fee8e44fb8195b,3,0.80,1.00,20,experiments/v4_cost_response/prompts/task_cost_x_0_80.txt,0ce5abc89cfa84d813d9e0550a597a21cb2fef8c050dea89ce0e38e1ad3c4cd3,b869f42ea3921777da5fad071f646050045f98fb0d17a8e359dca487cb84ad2e,3
v4_0460,heldout_05,v3_heldout_fixed_panel,transit_depot,target_clear,neutral,prompts/system_neutral.txt,modified,data/images/heldout/modified/heldout_05_target_clear.jpg,b2c44f26159afdbf104489f6fff1f45cf68e156790d0634721fee8e44fb8195b,4,0.60,1.00,40,experiments/v4_cost_response/prompts/task_cost_x_0_60.txt,c4383464aa0dcd87bbdde9805d16ebb62f34138d5e5c8e766df5e1e54bd364fc,b869f42ea3921777da5fad071f646050045f98fb0d17a8e359dca487cb84ad2e,1
v4_0461,heldout_05,v3_heldout_fixed_panel,transit_depot,target_clear,neutral,prompts/system_neutral.txt,modified,data/images/heldout/modified/heldout_05_target_clear.jpg,b2c44f26159afdbf104489f6fff1f45cf68e156790d0634721fee8e44fb8195b,4,0.60,1.00,40,experiments/v4_cost_response/prompts/task_cost_x_0_60.txt,c4383464aa0dcd87bbdde9805d16ebb62f34138d5e5c8e766df5e1e54bd364fc,b869f42ea3921777da5fad071f646050045f98fb0d17a8e359dca487cb84ad2e,2
v4_0462,heldout_05,v3_heldout_fixed_panel,transit_depot,target_clear,neutral,prompts/system_neutral.txt,modified,data/images/heldout/modified/heldout_05_target_clear.jpg,b2c44f26159afdbf104489f6fff1f45cf68e156790d0634721fee8e44fb8195b,4,0.60,1.00,40,experiments/v4_cost_response/prompts/task_cost_x_0_60.txt,c4383464aa0dcd87bbdde9805d16ebb62f34138d5e5c8e766df5e1e54bd364fc,b869f42ea3921777da5fad071f646050045f98fb0d17a8e359dca487cb84ad2e,3
v4_0463,heldout_05,v3_heldout_fixed_panel,transit_depot,target_clear,neutral,prompts/system_neutral.txt,modified,data/images/heldout/modified/heldout_05_target_clear.jpg,b2c44f26159afdbf104489f6fff1f45cf68e156790d0634721fee8e44fb8195b,5,0.40,1.00,60,experiments/v4_cost_response/prompts/task_cost_x_0_40.txt,8e511232f2cbdb594aca695fd454e2ab5f7db1d67270eb423955a54a3cd72a35,b869f42ea3921777da5fad071f646050045f98fb0d17a8e359dca487cb84ad2e,1
v4_0464,heldout_05,v3_heldout_fixed_panel,transit_depot,target_clear,neutral,prompts/system_neutral.txt,modified,data/images/heldout/modified/heldout_05_target_clear.jpg,b2c44f26159afdbf104489f6fff1f45cf68e156790d0634721fee8e44fb8195b,5,0.40,1.00,60,experiments/v4_cost_response/prompts/task_cost_x_0_40.txt,8e511232f2cbdb594aca695fd454e2ab5f7db1d67270eb423955a54a3cd72a35,b869f42ea3921777da5fad071f646050045f98fb0d17a8e359dca487cb84ad2e,2
v4_0465,heldout_05,v3_heldout_fixed_panel,transit_depot,target_clear,neutral,prompts/system_neutral.txt,modified,data/images/heldout/modified/heldout_05_target_clear.jpg,b2c44f26159afdbf104489f6fff1f45cf68e156790d0634721fee8e44fb8195b,5,0.40,1.00,60,experiments/v4_cost_response/prompts/task_cost_x_0_40.txt,8e511232f2cbdb594aca695fd454e2ab5f7db1d67270eb423955a54a3cd72a35,b869f42ea3921777da5fad071f646050045f98fb0d17a8e359dca487cb84ad2e,3
v4_0466,heldout_05,v3_heldout_fixed_panel,transit_depot,target_clear,neutral,prompts/system_neutral.txt,modified,data/images/heldout/modified/heldout_05_target_clear.jpg,b2c44f26159afdbf104489f6fff1f45cf68e156790d0634721fee8e44fb8195b,6,0.20,1.00,80,experiments/v4_cost_response/prompts/task_cost_x_0_20.txt,7f2c7928bd3aaf6a823dcf8a20abf9a85594f9dd1c2315fdb49afb4e4e0fd3c9,b869f42ea3921777da5fad071f646050045f98fb0d17a8e359dca487cb84ad2e,1
v4_0467,heldout_05,v3_heldout_fixed_panel,transit_depot,target_clear,neutral,prompts/system_neutral.txt,modified,data/images/heldout/modified/heldout_05_target_clear.jpg,b2c44f26159afdbf104489f6fff1f45cf68e156790d0634721fee8e44fb8195b,6,0.20,1.00,80,experiments/v4_cost_response/prompts/task_cost_x_0_20.txt,7f2c7928bd3aaf6a823dcf8a20abf9a85594f9dd1c2315fdb49afb4e4e0fd3c9,b869f42ea3921777da5fad071f646050045f98fb0d17a8e359dca487cb84ad2e,2
v4_0468,heldout_05,v3_heldout_fixed_panel,transit_depot,target_clear,neutral,prompts/system_neutral.txt,modified,data/images/heldout/modified/heldout_05_target_clear.jpg,b2c44f26159afdbf104489f6fff1f45cf68e156790d0634721fee8e44fb8195b,6,0.20,1.00,80,experiments/v4_cost_response/prompts/task_cost_x_0_20.txt,7f2c7928bd3aaf6a823dcf8a20abf9a85594f9dd1c2315fdb49afb4e4e0fd3c9,b869f42ea3921777da5fad071f646050045f98fb0d17a8e359dca487cb84ad2e,3
v4_0469,heldout_05,v3_heldout_fixed_panel,transit_depot,target_clear,cue_bound,prompts/system_cue_bound.txt,clean,data/images/heldout/clean/heldout_05_clean.jpg,cf84b3e839c8c8f255bca1045a19e11ca88830e61fef3b34078a02e2db497a47,1,1.00,1.00,0,experiments/v4_cost_response/prompts/task_cost_x_1_00.txt,9f584e2e66b5b3398c1762ac796eafb3d694e6ce3f38b0e9fd6f7beca68bbfb4,33ff7ba12da9c25a3728e0c96b2f3fd67c0d1bd0c536af71e6ec6e8de843a859,1
v4_0470,heldout_05,v3_heldout_fixed_panel,transit_depot,target_clear,cue_bound,prompts/system_cue_bound.txt,clean,data/images/heldout/clean/heldout_05_clean.jpg,cf84b3e839c8c8f255bca1045a19e11ca88830e61fef3b34078a02e2db497a47,1,1.00,1.00,0,experiments/v4_cost_response/prompts/task_cost_x_1_00.txt,9f584e2e66b5b3398c1762ac796eafb3d694e6ce3f38b0e9fd6f7beca68bbfb4,33ff7ba12da9c25a3728e0c96b2f3fd67c0d1bd0c536af71e6ec6e8de843a859,2
v4_0471,heldout_05,v3_heldout_fixed_panel,transit_depot,target_clear,cue_bound,prompts/system_cue_bound.txt,clean,data/images/heldout/clean/heldout_05_clean.jpg,cf84b3e839c8c8f255bca1045a19e11ca88830e61fef3b34078a02e2db497a47,1,1.00,1.00,0,experiments/v4_cost_response/prompts/task_cost_x_1_00.txt,9f584e2e66b5b3398c1762ac796eafb3d694e6ce3f38b0e9fd6f7beca68bbfb4,33ff7ba12da9c25a3728e0c96b2f3fd67c0d1bd0c536af71e6ec6e8de843a859,3
v4_0472,heldout_05,v3_heldout_fixed_panel,transit_depot,target_clear,cue_bound,prompts/system_cue_bound.txt,clean,data/images/heldout/clean/heldout_05_clean.jpg,cf84b3e839c8c8f255bca1045a19e11ca88830e61fef3b34078a02e2db497a47,2,0.90,1.00,10,experiments/v4_cost_response/prompts/task_cost_x_0_90.txt,d69f9b3ee8b773d610de03b562c8f8e9b0c890463da010271c89e0f86dde4fad,33ff7ba12da9c25a3728e0c96b2f3fd67c0d1bd0c536af71e6ec6e8de843a859,1
v4_0473,heldout_05,v3_heldout_fixed_panel,transit_depot,target_clear,cue_bound,prompts/system_cue_bound.txt,clean,data/images/heldout/clean/heldout_05_clean.jpg,cf84b3e839c8c8f255bca1045a19e11ca88830e61fef3b34078a02e2db497a47,2,0.90,1.00,10,experiments/v4_cost_response/prompts/task_cost_x_0_90.txt,d69f9b3ee8b773d610de03b562c8f8e9b0c890463da010271c89e0f86dde4fad,33ff7ba12da9c25a3728e0c96b2f3fd67c0d1bd0c536af71e6ec6e8de843a859,2
v4_0474,heldout_05,v3_heldout_fixed_panel,transit_depot,target_clear,cue_bound,prompts/system_cue_bound.txt,clean,data/images/heldout/clean/heldout_05_clean.jpg,cf84b3e839c8c8f255bca1045a19e11ca88830e61fef3b34078a02e2db497a47,2,0.90,1.00,10,experiments/v4_cost_response/prompts/task_cost_x_0_90.txt,d69f9b3ee8b773d610de03b562c8f8e9b0c890463da010271c89e0f86dde4fad,33ff7ba12da9c25a3728e0c96b2f3fd67c0d1bd0c536af71e6ec6e8de843a859,3
v4_0475,heldout_05,v3_heldout_fixed_panel,transit_depot,target_clear,cue_bound,prompts/system_cue_bound.txt,clean,data/images/heldout/clean/heldout_05_clean.jpg,cf84b3e839c8c8f255bca1045a19e11ca88830e61fef3b34078a02e2db497a47,3,0.80,1.00,20,experiments/v4_cost_response/prompts/task_cost_x_0_80.txt,0ce5abc89cfa84d813d9e0550a597a21cb2fef8c050dea89ce0e38e1ad3c4cd3,33ff7ba12da9c25a3728e0c96b2f3fd67c0d1bd0c536af71e6ec6e8de843a859,1
v4_0476,heldout_05,v3_heldout_fixed_panel,transit_depot,target_clear,cue_bound,prompts/system_cue_bound.txt,clean,data/images/heldout/clean/heldout_05_clean.jpg,cf84b3e839c8c8f255bca1045a19e11ca88830e61fef3b34078a02e2db497a47,3,0.80,1.00,20,experiments/v4_cost_response/prompts/task_cost_x_0_80.txt,0ce5abc89cfa84d813d9e0550a597a21cb2fef8c050dea89ce0e38e1ad3c4cd3,33ff7ba12da9c25a3728e0c96b2f3fd67c0d1bd0c536af71e6ec6e8de843a859,2
v4_0477,heldout_05,v3_heldout_fixed_panel,transit_depot,target_clear,cue_bound,prompts/system_cue_bound.txt,clean,data/images/heldout/clean/heldout_05_clean.jpg,cf84b3e839c8c8f255bca1045a19e11ca88830e61fef3b34078a02e2db497a47,3,0.80,1.00,20,experiments/v4_cost_response/prompts/task_cost_x_0_80.txt,0ce5abc89cfa84d813d9e0550a597a21cb2fef8c050dea89ce0e38e1ad3c4cd3,33ff7ba12da9c25a3728e0c96b2f3fd67c0d1bd0c536af71e6ec6e8de843a859,3
v4_0478,heldout_05,v3_heldout_fixed_panel,transit_depot,target_clear,cue_bound,prompts/system_cue_bound.txt,clean,data/images/heldout/clean/heldout_05_clean.jpg,cf84b3e839c8c8f255bca1045a19e11ca88830e61fef3b34078a02e2db497a47,4,0.60,1.00,40,experiments/v4_cost_response/prompts/task_cost_x_0_60.txt,c4383464aa0dcd87bbdde9805d16ebb62f34138d5e5c8e766df5e1e54bd364fc,33ff7ba12da9c25a3728e0c96b2f3fd67c0d1bd0c536af71e6ec6e8de843a859,1
v4_0479,heldout_05,v3_heldout_fixed_panel,transit_depot,target_clear,cue_bound,prompts/system_cue_bound.txt,clean,data/images/heldout/clean/heldout_05_clean.jpg,cf84b3e839c8c8f255bca1045a19e11ca88830e61fef3b34078a02e2db497a47,4,0.60,1.00,40,experiments/v4_cost_response/prompts/task_cost_x_0_60.txt,c4383464aa0dcd87bbdde9805d16ebb62f34138d5e5c8e766df5e1e54bd364fc,33ff7ba12da9c25a3728e0c96b2f3fd67c0d1bd0c536af71e6ec6e8de843a859,2
v4_0480,heldout_05,v3_heldout_fixed_panel,transit_depot,target_clear,cue_bound,prompts/system_cue_bound.txt,clean,data/images/heldout/clean/heldout_05_clean.jpg,cf84b3e839c8c8f255bca1045a19e11ca88830e61fef3b34078a02e2db497a47,4,0.60,1.00,40,experiments/v4_cost_response/prompts/task_cost_x_0_60.txt,c4383464aa0dcd87bbdde9805d16ebb62f34138d5e5c8e766df5e1e54bd364fc,33ff7ba12da9c25a3728e0c96b2f3fd67c0d1bd0c536af71e6ec6e8de843a859,3
v4_0481,heldout_05,v3_heldout_fixed_panel,transit_depot,target_clear,cue_bound,prompts/system_cue_bound.txt,clean,data/images/heldout/clean/heldout_05_clean.jpg,cf84b3e839c8c8f255bca1045a19e11ca88830e61fef3b34078a02e2db497a47,5,0.40,1.00,60,experiments/v4_cost_response/prompts/task_cost_x_0_40.txt,8e511232f2cbdb594aca695fd454e2ab5f7db1d67270eb423955a54a3cd72a35,33ff7ba12da9c25a3728e0c96b2f3fd67c0d1bd0c536af71e6ec6e8de843a859,1
v4_0482,heldout_05,v3_heldout_fixed_panel,transit_depot,target_clear,cue_bound,prompts/system_cue_bound.txt,clean,data/images/heldout/clean/heldout_05_clean.jpg,cf84b3e839c8c8f255bca1045a19e11ca88830e61fef3b34078a02e2db497a47,5,0.40,1.00,60,experiments/v4_cost_response/prompts/task_cost_x_0_40.txt,8e511232f2cbdb594aca695fd454e2ab5f7db1d67270eb423955a54a3cd72a35,33ff7ba12da9c25a3728e0c96b2f3fd67c0d1bd0c536af71e6ec6e8de843a859,2
v4_0483,heldout_05,v3_heldout_fixed_panel,transit_depot,target_clear,cue_bound,prompts/system_cue_bound.txt,clean,data/images/heldout/clean/heldout_05_clean.jpg,cf84b3e839c8c8f255bca1045a19e11ca88830e61fef3b34078a02e2db497a47,5,0.40,1.00,60,experiments/v4_cost_response/prompts/task_cost_x_0_40.txt,8e511232f2cbdb594aca695fd454e2ab5f7db1d67270eb423955a54a3cd72a35,33ff7ba12da9c25a3728e0c96b2f3fd67c0d1bd0c536af71e6ec6e8de843a859,3
v4_0484,heldout_05,v3_heldout_fixed_panel,transit_depot,target_clear,cue_bound,prompts/system_cue_bound.txt,clean,data/images/heldout/clean/heldout_05_clean.jpg,cf84b3e839c8c8f255bca1045a19e11ca88830e61fef3b34078a02e2db497a47,6,0.20,1.00,80,experiments/v4_cost_response/prompts/task_cost_x_0_20.txt,7f2c7928bd3aaf6a823dcf8a20abf9a85594f9dd1c2315fdb49afb4e4e0fd3c9,33ff7ba12da9c25a3728e0c96b2f3fd67c0d1bd0c536af71e6ec6e8de843a859,1
v4_0485,heldout_05,v3_heldout_fixed_panel,transit_depot,target_clear,cue_bound,prompts/system_cue_bound.txt,clean,data/images/heldout/clean/heldout_05_clean.jpg,cf84b3e839c8c8f255bca1045a19e11ca88830e61fef3b34078a02e2db497a47,6,0.20,1.00,80,experiments/v4_cost_response/prompts/task_cost_x_0_20.txt,7f2c7928bd3aaf6a823dcf8a20abf9a85594f9dd1c2315fdb49afb4e4e0fd3c9,33ff7ba12da9c25a3728e0c96b2f3fd67c0d1bd0c536af71e6ec6e8de843a859,2
v4_0486,heldout_05,v3_heldout_fixed_panel,transit_depot,target_clear,cue_bound,prompts/system_cue_bound.txt,clean,data/images/heldout/clean/heldout_05_clean.jpg,cf84b3e839c8c8f255bca1045a19e11ca88830e61fef3b34078a02e2db497a47,6,0.20,1.00,80,experiments/v4_cost_response/prompts/task_cost_x_0_20.txt,7f2c7928bd3aaf6a823dcf8a20abf9a85594f9dd1c2315fdb49afb4e4e0fd3c9,33ff7ba12da9c25a3728e0c96b2f3fd67c0d1bd0c536af71e6ec6e8de843a859,3
v4_0487,heldout_05,v3_heldout_fixed_panel,transit_depot,target_clear,cue_bound,prompts/system_cue_bound.txt,modified,data/images/heldout/modified/heldout_05_target_clear.jpg,b2c44f26159afdbf104489f6fff1f45cf68e156790d0634721fee8e44fb8195b,1,1.00,1.00,0,experiments/v4_cost_response/prompts/task_cost_x_1_00.txt,9f584e2e66b5b3398c1762ac796eafb3d694e6ce3f38b0e9fd6f7beca68bbfb4,33ff7ba12da9c25a3728e0c96b2f3fd67c0d1bd0c536af71e6ec6e8de843a859,1
v4_0488,heldout_05,v3_heldout_fixed_panel,transit_depot,target_clear,cue_bound,prompts/system_cue_bound.txt,modified,data/images/heldout/modified/heldout_05_target_clear.jpg,b2c44f26159afdbf104489f6fff1f45cf68e156790d0634721fee8e44fb8195b,1,1.00,1.00,0,experiments/v4_cost_response/prompts/task_cost_x_1_00.txt,9f584e2e66b5b3398c1762ac796eafb3d694e6ce3f38b0e9fd6f7beca68bbfb4,33ff7ba12da9c25a3728e0c96b2f3fd67c0d1bd0c536af71e6ec6e8de843a859,2
v4_0489,heldout_05,v3_heldout_fixed_panel,transit_depot,target_clear,cue_bound,prompts/system_cue_bound.txt,modified,data/images/heldout/modified/heldout_05_target_clear.jpg,b2c44f26159afdbf104489f6fff1f45cf68e156790d0634721fee8e44fb8195b,1,1.00,1.00,0,experiments/v4_cost_response/prompts/task_cost_x_1_00.txt,9f584e2e66b5b3398c1762ac796eafb3d694e6ce3f38b0e9fd6f7beca68bbfb4,33ff7ba12da9c25a3728e0c96b2f3fd67c0d1bd0c536af71e6ec6e8de843a859,3
v4_0490,heldout_05,v3_heldout_fixed_panel,transit_depot,target_clear,cue_bound,prompts/system_cue_bound.txt,modified,data/images/heldout/modified/heldout_05_target_clear.jpg,b2c44f26159afdbf104489f6fff1f45cf68e156790d0634721fee8e44fb8195b,2,0.90,1.00,10,experiments/v4_cost_response/prompts/task_cost_x_0_90.txt,d69f9b3ee8b773d610de03b562c8f8e9b0c890463da010271c89e0f86dde4fad,33ff7ba12da9c25a3728e0c96b2f3fd67c0d1bd0c536af71e6ec6e8de843a859,1
v4_0491,heldout_05,v3_heldout_fixed_panel,transit_depot,target_clear,cue_bound,prompts/system_cue_bound.txt,modified,data/images/heldout/modified/heldout_05_target_clear.jpg,b2c44f26159afdbf104489f6fff1f45cf68e156790d0634721fee8e44fb8195b,2,0.90,1.00,10,experiments/v4_cost_response/prompts/task_cost_x_0_90.txt,d69f9b3ee8b773d610de03b562c8f8e9b0c890463da010271c89e0f86dde4fad,33ff7ba12da9c25a3728e0c96b2f3fd67c0d1bd0c536af71e6ec6e8de843a859,2
v4_0492,heldout_05,v3_heldout_fixed_panel,transit_depot,target_clear,cue_bound,prompts/system_cue_bound.txt,modified,data/images/heldout/modified/heldout_05_target_clear.jpg,b2c44f26159afdbf104489f6fff1f45cf68e156790d0634721fee8e44fb8195b,2,0.90,1.00,10,experiments/v4_cost_response/prompts/task_cost_x_0_90.txt,d69f9b3ee8b773d610de03b562c8f8e9b0c890463da010271c89e0f86dde4fad,33ff7ba12da9c25a3728e0c96b2f3fd67c0d1bd0c536af71e6ec6e8de843a859,3
v4_0493,heldout_05,v3_heldout_fixed_panel,transit_depot,target_clear,cue_bound,prompts/system_cue_bound.txt,modified,data/images/heldout/modified/heldout_05_target_clear.jpg,b2c44f26159afdbf104489f6fff1f45cf68e156790d0634721fee8e44fb8195b,3,0.80,1.00,20,experiments/v4_cost_response/prompts/task_cost_x_0_80.txt,0ce5abc89cfa84d813d9e0550a597a21cb2fef8c050dea89ce0e38e1ad3c4cd3,33ff7ba12da9c25a3728e0c96b2f3fd67c0d1bd0c536af71e6ec6e8de843a859,1
v4_0494,heldout_05,v3_heldout_fixed_panel,transit_depot,target_clear,cue_bound,prompts/system_cue_bound.txt,modified,data/images/heldout/modified/heldout_05_target_clear.jpg,b2c44f26159afdbf104489f6fff1f45cf68e156790d0634721fee8e44fb8195b,3,0.80,1.00,20,experiments/v4_cost_response/prompts/task_cost_x_0_80.txt,0ce5abc89cfa84d813d9e0550a597a21cb2fef8c050dea89ce0e38e1ad3c4cd3,33ff7ba12da9c25a3728e0c96b2f3fd67c0d1bd0c536af71e6ec6e8de843a859,2
v4_0495,heldout_05,v3_heldout_fixed_panel,transit_depot,target_clear,cue_bound,prompts/system_cue_bound.txt,modified,data/images/heldout/modified/heldout_05_target_clear.jpg,b2c44f26159afdbf104489f6fff1f45cf68e156790d0634721fee8e44fb8195b,3,0.80,1.00,20,experiments/v4_cost_response/prompts/task_cost_x_0_80.txt,0ce5abc89cfa84d813d9e0550a597a21cb2fef8c050dea89ce0e38e1ad3c4cd3,33ff7ba12da9c25a3728e0c96b2f3fd67c0d1bd0c536af71e6ec6e8de843a859,3
v4_0496,heldout_05,v3_heldout_fixed_panel,transit_depot,target_clear,cue_bound,prompts/system_cue_bound.txt,modified,data/images/heldout/modified/heldout_05_target_clear.jpg,b2c44f26159afdbf104489f6fff1f45cf68e156790d0634721fee8e44fb8195b,4,0.60,1.00,40,experiments/v4_cost_response/prompts/task_cost_x_0_60.txt,c4383464aa0dcd87bbdde9805d16ebb62f34138d5e5c8e766df5e1e54bd364fc,33ff7ba12da9c25a3728e0c96b2f3fd67c0d1bd0c536af71e6ec6e8de843a859,1
v4_0497,heldout_05,v3_heldout_fixed_panel,transit_depot,target_clear,cue_bound,prompts/system_cue_bound.txt,modified,data/images/heldout/modified/heldout_05_target_clear.jpg,b2c44f26159afdbf104489f6fff1f45cf68e156790d0634721fee8e44fb8195b,4,0.60,1.00,40,experiments/v4_cost_response/prompts/task_cost_x_0_60.txt,c4383464aa0dcd87bbdde9805d16ebb62f34138d5e5c8e766df5e1e54bd364fc,33ff7ba12da9c25a3728e0c96b2f3fd67c0d1bd0c536af71e6ec6e8de843a859,2
v4_0498,heldout_05,v3_heldout_fixed_panel,transit_depot,target_clear,cue_bound,prompts/system_cue_bound.txt,modified,data/images/heldout/modified/heldout_05_target_clear.jpg,b2c44f26159afdbf104489f6fff1f45cf68e156790d0634721fee8e44fb8195b,4,0.60,1.00,40,experiments/v4_cost_response/prompts/task_cost_x_0_60.txt,c4383464aa0dcd87bbdde9805d16ebb62f34138d5e5c8e766df5e1e54bd364fc,33ff7ba12da9c25a3728e0c96b2f3fd67c0d1bd0c536af71e6ec6e8de843a859,3
v4_0499,heldout_05,v3_heldout_fixed_panel,transit_depot,target_clear,cue_bound,prompts/system_cue_bound.txt,modified,data/images/heldout/modified/heldout_05_target_clear.jpg,b2c44f26159afdbf104489f6fff1f45cf68e156790d0634721fee8e44fb8195b,5,0.40,1.00,60,experiments/v4_cost_response/prompts/task_cost_x_0_40.txt,8e511232f2cbdb594aca695fd454e2ab5f7db1d67270eb423955a54a3cd72a35,33ff7ba12da9c25a3728e0c96b2f3fd67c0d1bd0c536af71e6ec6e8de843a859,1
v4_0500,heldout_05,v3_heldout_fixed_panel,transit_depot,target_clear,cue_bound,prompts/system_cue_bound.txt,modified,data/images/heldout/modified/heldout_05_target_clear.jpg,b2c44f26159afdbf104489f6fff1f45cf68e156790d0634721fee8e44fb8195b,5,0.40,1.00,60,experiments/v4_cost_response/prompts/task_cost_x_0_40.txt,8e511232f2cbdb594aca695fd454e2ab5f7db1d67270eb423955a54a3cd72a35,33ff7ba12da9c25a3728e0c96b2f3fd67c0d1bd0c536af71e6ec6e8de843a859,2
v4_0501,heldout_05,v3_heldout_fixed_panel,transit_depot,target_clear,cue_bound,prompts/system_cue_bound.txt,modified,data/images/heldout/modified/heldout_05_target_clear.jpg,b2c44f26159afdbf104489f6fff1f45cf68e156790d0634721fee8e44fb8195b,5,0.40,1.00,60,experiments/v4_cost_response/prompts/task_cost_x_0_40.txt,8e511232f2cbdb594aca695fd454e2ab5f7db1d67270eb423955a54a3cd72a35,33ff7ba12da9c25a3728e0c96b2f3fd67c0d1bd0c536af71e6ec6e8de843a859,3
v4_0502,heldout_05,v3_heldout_fixed_panel,transit_depot,target_clear,cue_bound,prompts/system_cue_bound.txt,modified,data/images/heldout/modified/heldout_05_target_clear.jpg,b2c44f26159afdbf104489f6fff1f45cf68e156790d0634721fee8e44fb8195b,6,0.20,1.00,80,experiments/v4_cost_response/prompts/task_cost_x_0_20.txt,7f2c7928bd3aaf6a823dcf8a20abf9a85594f9dd1c2315fdb49afb4e4e0fd3c9,33ff7ba12da9c25a3728e0c96b2f3fd67c0d1bd0c536af71e6ec6e8de843a859,1
v4_0503,heldout_05,v3_heldout_fixed_panel,transit_depot,target_clear,cue_bound,prompts/system_cue_bound.txt,modified,data/images/heldout/modified/heldout_05_target_clear.jpg,b2c44f26159afdbf104489f6fff1f45cf68e156790d0634721fee8e44fb8195b,6,0.20,1.00,80,experiments/v4_cost_response/prompts/task_cost_x_0_20.txt,7f2c7928bd3aaf6a823dcf8a20abf9a85594f9dd1c2315fdb49afb4e4e0fd3c9,33ff7ba12da9c25a3728e0c96b2f3fd67c0d1bd0c536af71e6ec6e8de843a859,2
v4_0504,heldout_05,v3_heldout_fixed_panel,transit_depot,target_clear,cue_bound,prompts/system_cue_bound.txt,modified,data/images/heldout/modified/heldout_05_target_clear.jpg,b2c44f26159afdbf104489f6fff1f45cf68e156790d0634721fee8e44fb8195b,6,0.20,1.00,80,experiments/v4_cost_response/prompts/task_cost_x_0_20.txt,7f2c7928bd3aaf6a823dcf8a20abf9a85594f9dd1c2315fdb49afb4e4e0fd3c9,33ff7ba12da9c25a3728e0c96b2f3fd67c0d1bd0c536af71e6ec6e8de843a859,3
v4_0505,heldout_05,v3_heldout_fixed_panel,transit_depot,target_clear,generalized,prompts/system_generalized.txt,clean,data/images/heldout/clean/heldout_05_clean.jpg,cf84b3e839c8c8f255bca1045a19e11ca88830e61fef3b34078a02e2db497a47,1,1.00,1.00,0,experiments/v4_cost_response/prompts/task_cost_x_1_00.txt,9f584e2e66b5b3398c1762ac796eafb3d694e6ce3f38b0e9fd6f7beca68bbfb4,1b17f7d53eb5fb6e22076dfc0961ade0c3f463f9c1e3ddd053e82bc8990faa80,1
v4_0506,heldout_05,v3_heldout_fixed_panel,transit_depot,target_clear,generalized,prompts/system_generalized.txt,clean,data/images/heldout/clean/heldout_05_clean.jpg,cf84b3e839c8c8f255bca1045a19e11ca88830e61fef3b34078a02e2db497a47,1,1.00,1.00,0,experiments/v4_cost_response/prompts/task_cost_x_1_00.txt,9f584e2e66b5b3398c1762ac796eafb3d694e6ce3f38b0e9fd6f7beca68bbfb4,1b17f7d53eb5fb6e22076dfc0961ade0c3f463f9c1e3ddd053e82bc8990faa80,2
v4_0507,heldout_05,v3_heldout_fixed_panel,transit_depot,target_clear,generalized,prompts/system_generalized.txt,clean,data/images/heldout/clean/heldout_05_clean.jpg,cf84b3e839c8c8f255bca1045a19e11ca88830e61fef3b34078a02e2db497a47,1,1.00,1.00,0,experiments/v4_cost_response/prompts/task_cost_x_1_00.txt,9f584e2e66b5b3398c1762ac796eafb3d694e6ce3f38b0e9fd6f7beca68bbfb4,1b17f7d53eb5fb6e22076dfc0961ade0c3f463f9c1e3ddd053e82bc8990faa80,3
v4_0508,heldout_05,v3_heldout_fixed_panel,transit_depot,target_clear,generalized,prompts/system_generalized.txt,clean,data/images/heldout/clean/heldout_05_clean.jpg,cf84b3e839c8c8f255bca1045a19e11ca88830e61fef3b34078a02e2db497a47,2,0.90,1.00,10,experiments/v4_cost_response/prompts/task_cost_x_0_90.txt,d69f9b3ee8b773d610de03b562c8f8e9b0c890463da010271c89e0f86dde4fad,1b17f7d53eb5fb6e22076dfc0961ade0c3f463f9c1e3ddd053e82bc8990faa80,1
v4_0509,heldout_05,v3_heldout_fixed_panel,transit_depot,target_clear,generalized,prompts/system_generalized.txt,clean,data/images/heldout/clean/heldout_05_clean.jpg,cf84b3e839c8c8f255bca1045a19e11ca88830e61fef3b34078a02e2db497a47,2,0.90,1.00,10,experiments/v4_cost_response/prompts/task_cost_x_0_90.txt,d69f9b3ee8b773d610de03b562c8f8e9b0c890463da010271c89e0f86dde4fad,1b17f7d53eb5fb6e22076dfc0961ade0c3f463f9c1e3ddd053e82bc8990faa80,2
v4_0510,heldout_05,v3_heldout_fixed_panel,transit_depot,target_clear,generalized,prompts/system_generalized.txt,clean,data/images/heldout/clean/heldout_05_clean.jpg,cf84b3e839c8c8f255bca1045a19e11ca88830e61fef3b34078a02e2db497a47,2,0.90,1.00,10,experiments/v4_cost_response/prompts/task_cost_x_0_90.txt,d69f9b3ee8b773d610de03b562c8f8e9b0c890463da010271c89e0f86dde4fad,1b17f7d53eb5fb6e22076dfc0961ade0c3f463f9c1e3ddd053e82bc8990faa80,3
v4_0511,heldout_05,v3_heldout_fixed_panel,transit_depot,target_clear,generalized,prompts/system_generalized.txt,clean,data/images/heldout/clean/heldout_05_clean.jpg,cf84b3e839c8c8f255bca1045a19e11ca88830e61fef3b34078a02e2db497a47,3,0.80,1.00,20,experiments/v4_cost_response/prompts/task_cost_x_0_80.txt,0ce5abc89cfa84d813d9e0550a597a21cb2fef8c050dea89ce0e38e1ad3c4cd3,1b17f7d53eb5fb6e22076dfc0961ade0c3f463f9c1e3ddd053e82bc8990faa80,1
v4_0512,heldout_05,v3_heldout_fixed_panel,transit_depot,target_clear,generalized,prompts/system_generalized.txt,clean,data/images/heldout/clean/heldout_05_clean.jpg,cf84b3e839c8c8f255bca1045a19e11ca88830e61fef3b34078a02e2db497a47,3,0.80,1.00,20,experiments/v4_cost_response/prompts/task_cost_x_0_80.txt,0ce5abc89cfa84d813d9e0550a597a21cb2fef8c050dea89ce0e38e1ad3c4cd3,1b17f7d53eb5fb6e22076dfc0961ade0c3f463f9c1e3ddd053e82bc8990faa80,2
v4_0513,heldout_05,v3_heldout_fixed_panel,transit_depot,target_clear,generalized,prompts/system_generalized.txt,clean,data/images/heldout/clean/heldout_05_clean.jpg,cf84b3e839c8c8f255bca1045a19e11ca88830e61fef3b34078a02e2db497a47,3,0.80,1.00,20,experiments/v4_cost_response/prompts/task_cost_x_0_80.txt,0ce5abc89cfa84d813d9e0550a597a21cb2fef8c050dea89ce0e38e1ad3c4cd3,1b17f7d53eb5fb6e22076dfc0961ade0c3f463f9c1e3ddd053e82bc8990faa80,3
v4_0514,heldout_05,v3_heldout_fixed_panel,transit_depot,target_clear,generalized,prompts/system_generalized.txt,clean,data/images/heldout/clean/heldout_05_clean.jpg,cf84b3e839c8c8f255bca1045a19e11ca88830e61fef3b34078a02e2db497a47,4,0.60,1.00,40,experiments/v4_cost_response/prompts/task_cost_x_0_60.txt,c4383464aa0dcd87bbdde9805d16ebb62f34138d5e5c8e766df5e1e54bd364fc,1b17f7d53eb5fb6e22076dfc0961ade0c3f463f9c1e3ddd053e82bc8990faa80,1
v4_0515,heldout_05,v3_heldout_fixed_panel,transit_depot,target_clear,generalized,prompts/system_generalized.txt,clean,data/images/heldout/clean/heldout_05_clean.jpg,cf84b3e839c8c8f255bca1045a19e11ca88830e61fef3b34078a02e2db497a47,4,0.60,1.00,40,experiments/v4_cost_response/prompts/task_cost_x_0_60.txt,c4383464aa0dcd87bbdde9805d16ebb62f34138d5e5c8e766df5e1e54bd364fc,1b17f7d53eb5fb6e22076dfc0961ade0c3f463f9c1e3ddd053e82bc8990faa80,2
v4_0516,heldout_05,v3_heldout_fixed_panel,transit_depot,target_clear,generalized,prompts/system_generalized.txt,clean,data/images/heldout/clean/heldout_05_clean.jpg,cf84b3e839c8c8f255bca1045a19e11ca88830e61fef3b34078a02e2db497a47,4,0.60,1.00,40,experiments/v4_cost_response/prompts/task_cost_x_0_60.txt,c4383464aa0dcd87bbdde9805d16ebb62f34138d5e5c8e766df5e1e54bd364fc,1b17f7d53eb5fb6e22076dfc0961ade0c3f463f9c1e3ddd053e82bc8990faa80,3
v4_0517,heldout_05,v3_heldout_fixed_panel,transit_depot,target_clear,generalized,prompts/system_generalized.txt,clean,data/images/heldout/clean/heldout_05_clean.jpg,cf84b3e839c8c8f255bca1045a19e11ca88830e61fef3b34078a02e2db497a47,5,0.40,1.00,60,experiments/v4_cost_response/prompts/task_cost_x_0_40.txt,8e511232f2cbdb594aca695fd454e2ab5f7db1d67270eb423955a54a3cd72a35,1b17f7d53eb5fb6e22076dfc0961ade0c3f463f9c1e3ddd053e82bc8990faa80,1
v4_0518,heldout_05,v3_heldout_fixed_panel,transit_depot,target_clear,generalized,prompts/system_generalized.txt,clean,data/images/heldout/clean/heldout_05_clean.jpg,cf84b3e839c8c8f255bca1045a19e11ca88830e61fef3b34078a02e2db497a47,5,0.40,1.00,60,experiments/v4_cost_response/prompts/task_cost_x_0_40.txt,8e511232f2cbdb594aca695fd454e2ab5f7db1d67270eb423955a54a3cd72a35,1b17f7d53eb5fb6e22076dfc0961ade0c3f463f9c1e3ddd053e82bc8990faa80,2
v4_0519,heldout_05,v3_heldout_fixed_panel,transit_depot,target_clear,generalized,prompts/system_generalized.txt,clean,data/images/heldout/clean/heldout_05_clean.jpg,cf84b3e839c8c8f255bca1045a19e11ca88830e61fef3b34078a02e2db497a47,5,0.40,1.00,60,experiments/v4_cost_response/prompts/task_cost_x_0_40.txt,8e511232f2cbdb594aca695fd454e2ab5f7db1d67270eb423955a54a3cd72a35,1b17f7d53eb5fb6e22076dfc0961ade0c3f463f9c1e3ddd053e82bc8990faa80,3
v4_0520,heldout_05,v3_heldout_fixed_panel,transit_depot,target_clear,generalized,prompts/system_generalized.txt,clean,data/images/heldout/clean/heldout_05_clean.jpg,cf84b3e839c8c8f255bca1045a19e11ca88830e61fef3b34078a02e2db497a47,6,0.20,1.00,80,experiments/v4_cost_response/prompts/task_cost_x_0_20.txt,7f2c7928bd3aaf6a823dcf8a20abf9a85594f9dd1c2315fdb49afb4e4e0fd3c9,1b17f7d53eb5fb6e22076dfc0961ade0c3f463f9c1e3ddd053e82bc8990faa80,1
v4_0521,heldout_05,v3_heldout_fixed_panel,transit_depot,target_clear,generalized,prompts/system_generalized.txt,clean,data/images/heldout/clean/heldout_05_clean.jpg,cf84b3e839c8c8f255bca1045a19e11ca88830e61fef3b34078a02e2db497a47,6,0.20,1.00,80,experiments/v4_cost_response/prompts/task_cost_x_0_20.txt,7f2c7928bd3aaf6a823dcf8a20abf9a85594f9dd1c2315fdb49afb4e4e0fd3c9,1b17f7d53eb5fb6e22076dfc0961ade0c3f463f9c1e3ddd053e82bc8990faa80,2
v4_0522,heldout_05,v3_heldout_fixed_panel,transit_depot,target_clear,generalized,prompts/system_generalized.txt,clean,data/images/heldout/clean/heldout_05_clean.jpg,cf84b3e839c8c8f255bca1045a19e11ca88830e61fef3b34078a02e2db497a47,6,0.20,1.00,80,experiments/v4_cost_response/prompts/task_cost_x_0_20.txt,7f2c7928bd3aaf6a823dcf8a20abf9a85594f9dd1c2315fdb49afb4e4e0fd3c9,1b17f7d53eb5fb6e22076dfc0961ade0c3f463f9c1e3ddd053e82bc8990faa80,3
v4_0523,heldout_05,v3_heldout_fixed_panel,transit_depot,target_clear,generalized,prompts/system_generalized.txt,modified,data/images/heldout/modified/heldout_05_target_clear.jpg,b2c44f26159afdbf104489f6fff1f45cf68e156790d0634721fee8e44fb8195b,1,1.00,1.00,0,experiments/v4_cost_response/prompts/task_cost_x_1_00.txt,9f584e2e66b5b3398c1762ac796eafb3d694e6ce3f38b0e9fd6f7beca68bbfb4,1b17f7d53eb5fb6e22076dfc0961ade0c3f463f9c1e3ddd053e82bc8990faa80,1
v4_0524,heldout_05,v3_heldout_fixed_panel,transit_depot,target_clear,generalized,prompts/system_generalized.txt,modified,data/images/heldout/modified/heldout_05_target_clear.jpg,b2c44f26159afdbf104489f6fff1f45cf68e156790d0634721fee8e44fb8195b,1,1.00,1.00,0,experiments/v4_cost_response/prompts/task_cost_x_1_00.txt,9f584e2e66b5b3398c1762ac796eafb3d694e6ce3f38b0e9fd6f7beca68bbfb4,1b17f7d53eb5fb6e22076dfc0961ade0c3f463f9c1e3ddd053e82bc8990faa80,2
v4_0525,heldout_05,v3_heldout_fixed_panel,transit_depot,target_clear,generalized,prompts/system_generalized.txt,modified,data/images/heldout/modified/heldout_05_target_clear.jpg,b2c44f26159afdbf104489f6fff1f45cf68e156790d0634721fee8e44fb8195b,1,1.00,1.00,0,experiments/v4_cost_response/prompts/task_cost_x_1_00.txt,9f584e2e66b5b3398c1762ac796eafb3d694e6ce3f38b0e9fd6f7beca68bbfb4,1b17f7d53eb5fb6e22076dfc0961ade0c3f463f9c1e3ddd053e82bc8990faa80,3
v4_0526,heldout_05,v3_heldout_fixed_panel,transit_depot,target_clear,generalized,prompts/system_generalized.txt,modified,data/images/heldout/modified/heldout_05_target_clear.jpg,b2c44f26159afdbf104489f6fff1f45cf68e156790d0634721fee8e44fb8195b,2,0.90,1.00,10,experiments/v4_cost_response/prompts/task_cost_x_0_90.txt,d69f9b3ee8b773d610de03b562c8f8e9b0c890463da010271c89e0f86dde4fad,1b17f7d53eb5fb6e22076dfc0961ade0c3f463f9c1e3ddd053e82bc8990faa80,1
v4_0527,heldout_05,v3_heldout_fixed_panel,transit_depot,target_clear,generalized,prompts/system_generalized.txt,modified,data/images/heldout/modified/heldout_05_target_clear.jpg,b2c44f26159afdbf104489f6fff1f45cf68e156790d0634721fee8e44fb8195b,2,0.90,1.00,10,experiments/v4_cost_response/prompts/task_cost_x_0_90.txt,d69f9b3ee8b773d610de03b562c8f8e9b0c890463da010271c89e0f86dde4fad,1b17f7d53eb5fb6e22076dfc0961ade0c3f463f9c1e3ddd053e82bc8990faa80,2
v4_0528,heldout_05,v3_heldout_fixed_panel,transit_depot,target_clear,generalized,prompts/system_generalized.txt,modified,data/images/heldout/modified/heldout_05_target_clear.jpg,b2c44f26159afdbf104489f6fff1f45cf68e156790d0634721fee8e44fb8195b,2,0.90,1.00,10,experiments/v4_cost_response/prompts/task_cost_x_0_90.txt,d69f9b3ee8b773d610de03b562c8f8e9b0c890463da010271c89e0f86dde4fad,1b17f7d53eb5fb6e22076dfc0961ade0c3f463f9c1e3ddd053e82bc8990faa80,3
v4_0529,heldout_05,v3_heldout_fixed_panel,transit_depot,target_clear,generalized,prompts/system_generalized.txt,modified,data/images/heldout/modified/heldout_05_target_clear.jpg,b2c44f26159afdbf104489f6fff1f45cf68e156790d0634721fee8e44fb8195b,3,0.80,1.00,20,experiments/v4_cost_response/prompts/task_cost_x_0_80.txt,0ce5abc89cfa84d813d9e0550a597a21cb2fef8c050dea89ce0e38e1ad3c4cd3,1b17f7d53eb5fb6e22076dfc0961ade0c3f463f9c1e3ddd053e82bc8990faa80,1
v4_0530,heldout_05,v3_heldout_fixed_panel,transit_depot,target_clear,generalized,prompts/system_generalized.txt,modified,data/images/heldout/modified/heldout_05_target_clear.jpg,b2c44f26159afdbf104489f6fff1f45cf68e156790d0634721fee8e44fb8195b,3,0.80,1.00,20,experiments/v4_cost_response/prompts/task_cost_x_0_80.txt,0ce5abc89cfa84d813d9e0550a597a21cb2fef8c050dea89ce0e38e1ad3c4cd3,1b17f7d53eb5fb6e22076dfc0961ade0c3f463f9c1e3ddd053e82bc8990faa80,2
v4_0531,heldout_05,v3_heldout_fixed_panel,transit_depot,target_clear,generalized,prompts/system_generalized.txt,modified,data/images/heldout/modified/heldout_05_target_clear.jpg,b2c44f26159afdbf104489f6fff1f45cf68e156790d0634721fee8e44fb8195b,3,0.80,1.00,20,experiments/v4_cost_response/prompts/task_cost_x_0_80.txt,0ce5abc89cfa84d813d9e0550a597a21cb2fef8c050dea89ce0e38e1ad3c4cd3,1b17f7d53eb5fb6e22076dfc0961ade0c3f463f9c1e3ddd053e82bc8990faa80,3
v4_0532,heldout_05,v3_heldout_fixed_panel,transit_depot,target_clear,generalized,prompts/system_generalized.txt,modified,data/images/heldout/modified/heldout_05_target_clear.jpg,b2c44f26159afdbf104489f6fff1f45cf68e156790d0634721fee8e44fb8195b,4,0.60,1.00,40,experiments/v4_cost_response/prompts/task_cost_x_0_60.txt,c4383464aa0dcd87bbdde9805d16ebb62f34138d5e5c8e766df5e1e54bd364fc,1b17f7d53eb5fb6e22076dfc0961ade0c3f463f9c1e3ddd053e82bc8990faa80,1
v4_0533,heldout_05,v3_heldout_fixed_panel,transit_depot,target_clear,generalized,prompts/system_generalized.txt,modified,data/images/heldout/modified/heldout_05_target_clear.jpg,b2c44f26159afdbf104489f6fff1f45cf68e156790d0634721fee8e44fb8195b,4,0.60,1.00,40,experiments/v4_cost_response/prompts/task_cost_x_0_60.txt,c4383464aa0dcd87bbdde9805d16ebb62f34138d5e5c8e766df5e1e54bd364fc,1b17f7d53eb5fb6e22076dfc0961ade0c3f463f9c1e3ddd053e82bc8990faa80,2
v4_0534,heldout_05,v3_heldout_fixed_panel,transit_depot,target_clear,generalized,prompts/system_generalized.txt,modified,data/images/heldout/modified/heldout_05_target_clear.jpg,b2c44f26159afdbf104489f6fff1f45cf68e156790d0634721fee8e44fb8195b,4,0.60,1.00,40,experiments/v4_cost_response/prompts/task_cost_x_0_60.txt,c4383464aa0dcd87bbdde9805d16ebb62f34138d5e5c8e766df5e1e54bd364fc,1b17f7d53eb5fb6e22076dfc0961ade0c3f463f9c1e3ddd053e82bc8990faa80,3
v4_0535,heldout_05,v3_heldout_fixed_panel,transit_depot,target_clear,generalized,prompts/system_generalized.txt,modified,data/images/heldout/modified/heldout_05_target_clear.jpg,b2c44f26159afdbf104489f6fff1f45cf68e156790d0634721fee8e44fb8195b,5,0.40,1.00,60,experiments/v4_cost_response/prompts/task_cost_x_0_40.txt,8e511232f2cbdb594aca695fd454e2ab5f7db1d67270eb423955a54a3cd72a35,1b17f7d53eb5fb6e22076dfc0961ade0c3f463f9c1e3ddd053e82bc8990faa80,1
v4_0536,heldout_05,v3_heldout_fixed_panel,transit_depot,target_clear,generalized,prompts/system_generalized.txt,modified,data/images/heldout/modified/heldout_05_target_clear.jpg,b2c44f26159afdbf104489f6fff1f45cf68e156790d0634721fee8e44fb8195b,5,0.40,1.00,60,experiments/v4_cost_response/prompts/task_cost_x_0_40.txt,8e511232f2cbdb594aca695fd454e2ab5f7db1d67270eb423955a54a3cd72a35,1b17f7d53eb5fb6e22076dfc0961ade0c3f463f9c1e3ddd053e82bc8990faa80,2
v4_0537,heldout_05,v3_heldout_fixed_panel,transit_depot,target_clear,generalized,prompts/system_generalized.txt,modified,data/images/heldout/modified/heldout_05_target_clear.jpg,b2c44f26159afdbf104489f6fff1f45cf68e156790d0634721fee8e44fb8195b,5,0.40,1.00,60,experiments/v4_cost_response/prompts/task_cost_x_0_40.txt,8e511232f2cbdb594aca695fd454e2ab5f7db1d67270eb423955a54a3cd72a35,1b17f7d53eb5fb6e22076dfc0961ade0c3f463f9c1e3ddd053e82bc8990faa80,3
v4_0538,heldout_05,v3_heldout_fixed_panel,transit_depot,target_clear,generalized,prompts/system_generalized.txt,modified,data/images/heldout/modified/heldout_05_target_clear.jpg,b2c44f26159afdbf104489f6fff1f45cf68e156790d0634721fee8e44fb8195b,6,0.20,1.00,80,experiments/v4_cost_response/prompts/task_cost_x_0_20.txt,7f2c7928bd3aaf6a823dcf8a20abf9a85594f9dd1c2315fdb49afb4e4e0fd3c9,1b17f7d53eb5fb6e22076dfc0961ade0c3f463f9c1e3ddd053e82bc8990faa80,1
v4_0539,heldout_05,v3_heldout_fixed_panel,transit_depot,target_clear,generalized,prompts/system_generalized.txt,modified,data/images/heldout/modified/heldout_05_target_clear.jpg,b2c44f26159afdbf104489f6fff1f45cf68e156790d0634721fee8e44fb8195b,6,0.20,1.00,80,experiments/v4_cost_response/prompts/task_cost_x_0_20.txt,7f2c7928bd3aaf6a823dcf8a20abf9a85594f9dd1c2315fdb49afb4e4e0fd3c9,1b17f7d53eb5fb6e22076dfc0961ade0c3f463f9c1e3ddd053e82bc8990faa80,2
v4_0540,heldout_05,v3_heldout_fixed_panel,transit_depot,target_clear,generalized,prompts/system_generalized.txt,modified,data/images/heldout/modified/heldout_05_target_clear.jpg,b2c44f26159afdbf104489f6fff1f45cf68e156790d0634721fee8e44fb8195b,6,0.20,1.00,80,experiments/v4_cost_response/prompts/task_cost_x_0_20.txt,7f2c7928bd3aaf6a823dcf8a20abf9a85594f9dd1c2315fdb49afb4e4e0fd3c9,1b17f7d53eb5fb6e22076dfc0961ade0c3f463f9c1e3ddd053e82bc8990faa80,3
v4_0541,heldout_06,v3_heldout_fixed_panel,community_classroom,target_subtle,neutral,prompts/system_neutral.txt,clean,data/images/heldout/clean/heldout_06_clean.jpg,0d4db325ecfba5afd1595cf2d93648663eb06c05a1e2aecc852b387b1692d16f,1,1.00,1.00,0,experiments/v4_cost_response/prompts/task_cost_x_1_00.txt,9f584e2e66b5b3398c1762ac796eafb3d694e6ce3f38b0e9fd6f7beca68bbfb4,b869f42ea3921777da5fad071f646050045f98fb0d17a8e359dca487cb84ad2e,1
v4_0542,heldout_06,v3_heldout_fixed_panel,community_classroom,target_subtle,neutral,prompts/system_neutral.txt,clean,data/images/heldout/clean/heldout_06_clean.jpg,0d4db325ecfba5afd1595cf2d93648663eb06c05a1e2aecc852b387b1692d16f,1,1.00,1.00,0,experiments/v4_cost_response/prompts/task_cost_x_1_00.txt,9f584e2e66b5b3398c1762ac796eafb3d694e6ce3f38b0e9fd6f7beca68bbfb4,b869f42ea3921777da5fad071f646050045f98fb0d17a8e359dca487cb84ad2e,2
v4_0543,heldout_06,v3_heldout_fixed_panel,community_classroom,target_subtle,neutral,prompts/system_neutral.txt,clean,data/images/heldout/clean/heldout_06_clean.jpg,0d4db325ecfba5afd1595cf2d93648663eb06c05a1e2aecc852b387b1692d16f,1,1.00,1.00,0,experiments/v4_cost_response/prompts/task_cost_x_1_00.txt,9f584e2e66b5b3398c1762ac796eafb3d694e6ce3f38b0e9fd6f7beca68bbfb4,b869f42ea3921777da5fad071f646050045f98fb0d17a8e359dca487cb84ad2e,3
v4_0544,heldout_06,v3_heldout_fixed_panel,community_classroom,target_subtle,neutral,prompts/system_neutral.txt,clean,data/images/heldout/clean/heldout_06_clean.jpg,0d4db325ecfba5afd1595cf2d93648663eb06c05a1e2aecc852b387b1692d16f,2,0.90,1.00,10,experiments/v4_cost_response/prompts/task_cost_x_0_90.txt,d69f9b3ee8b773d610de03b562c8f8e9b0c890463da010271c89e0f86dde4fad,b869f42ea3921777da5fad071f646050045f98fb0d17a8e359dca487cb84ad2e,1
v4_0545,heldout_06,v3_heldout_fixed_panel,community_classroom,target_subtle,neutral,prompts/system_neutral.txt,clean,data/images/heldout/clean/heldout_06_clean.jpg,0d4db325ecfba5afd1595cf2d93648663eb06c05a1e2aecc852b387b1692d16f,2,0.90,1.00,10,experiments/v4_cost_response/prompts/task_cost_x_0_90.txt,d69f9b3ee8b773d610de03b562c8f8e9b0c890463da010271c89e0f86dde4fad,b869f42ea3921777da5fad071f646050045f98fb0d17a8e359dca487cb84ad2e,2
v4_0546,heldout_06,v3_heldout_fixed_panel,community_classroom,target_subtle,neutral,prompts/system_neutral.txt,clean,data/images/heldout/clean/heldout_06_clean.jpg,0d4db325ecfba5afd1595cf2d93648663eb06c05a1e2aecc852b387b1692d16f,2,0.90,1.00,10,experiments/v4_cost_response/prompts/task_cost_x_0_90.txt,d69f9b3ee8b773d610de03b562c8f8e9b0c890463da010271c89e0f86dde4fad,b869f42ea3921777da5fad071f646050045f98fb0d17a8e359dca487cb84ad2e,3
v4_0547,heldout_06,v3_heldout_fixed_panel,community_classroom,target_subtle,neutral,prompts/system_neutral.txt,clean,data/images/heldout/clean/heldout_06_clean.jpg,0d4db325ecfba5afd1595cf2d93648663eb06c05a1e2aecc852b387b1692d16f,3,0.80,1.00,20,experiments/v4_cost_response/prompts/task_cost_x_0_80.txt,0ce5abc89cfa84d813d9e0550a597a21cb2fef8c050dea89ce0e38e1ad3c4cd3,b869f42ea3921777da5fad071f646050045f98fb0d17a8e359dca487cb84ad2e,1
v4_0548,heldout_06,v3_heldout_fixed_panel,community_classroom,target_subtle,neutral,prompts/system_neutral.txt,clean,data/images/heldout/clean/heldout_06_clean.jpg,0d4db325ecfba5afd1595cf2d93648663eb06c05a1e2aecc852b387b1692d16f,3,0.80,1.00,20,experiments/v4_cost_response/prompts/task_cost_x_0_80.txt,0ce5abc89cfa84d813d9e0550a597a21cb2fef8c050dea89ce0e38e1ad3c4cd3,b869f42ea3921777da5fad071f646050045f98fb0d17a8e359dca487cb84ad2e,2
v4_0549,heldout_06,v3_heldout_fixed_panel,community_classroom,target_subtle,neutral,prompts/system_neutral.txt,clean,data/images/heldout/clean/heldout_06_clean.jpg,0d4db325ecfba5afd1595cf2d93648663eb06c05a1e2aecc852b387b1692d16f,3,0.80,1.00,20,experiments/v4_cost_response/prompts/task_cost_x_0_80.txt,0ce5abc89cfa84d813d9e0550a597a21cb2fef8c050dea89ce0e38e1ad3c4cd3,b869f42ea3921777da5fad071f646050045f98fb0d17a8e359dca487cb84ad2e,3
v4_0550,heldout_06,v3_heldout_fixed_panel,community_classroom,target_subtle,neutral,prompts/system_neutral.txt,clean,data/images/heldout/clean/heldout_06_clean.jpg,0d4db325ecfba5afd1595cf2d93648663eb06c05a1e2aecc852b387b1692d16f,4,0.60,1.00,40,experiments/v4_cost_response/prompts/task_cost_x_0_60.txt,c4383464aa0dcd87bbdde9805d16ebb62f34138d5e5c8e766df5e1e54bd364fc,b869f42ea3921777da5fad071f646050045f98fb0d17a8e359dca487cb84ad2e,1
v4_0551,heldout_06,v3_heldout_fixed_panel,community_classroom,target_subtle,neutral,prompts/system_neutral.txt,clean,data/images/heldout/clean/heldout_06_clean.jpg,0d4db325ecfba5afd1595cf2d93648663eb06c05a1e2aecc852b387b1692d16f,4,0.60,1.00,40,experiments/v4_cost_response/prompts/task_cost_x_0_60.txt,c4383464aa0dcd87bbdde9805d16ebb62f34138d5e5c8e766df5e1e54bd364fc,b869f42ea3921777da5fad071f646050045f98fb0d17a8e359dca487cb84ad2e,2
v4_0552,heldout_06,v3_heldout_fixed_panel,community_classroom,target_subtle,neutral,prompts/system_neutral.txt,clean,data/images/heldout/clean/heldout_06_clean.jpg,0d4db325ecfba5afd1595cf2d93648663eb06c05a1e2aecc852b387b1692d16f,4,0.60,1.00,40,experiments/v4_cost_response/prompts/task_cost_x_0_60.txt,c4383464aa0dcd87bbdde9805d16ebb62f34138d5e5c8e766df5e1e54bd364fc,b869f42ea3921777da5fad071f646050045f98fb0d17a8e359dca487cb84ad2e,3
v4_0553,heldout_06,v3_heldout_fixed_panel,community_classroom,target_subtle,neutral,prompts/system_neutral.txt,clean,data/images/heldout/clean/heldout_06_clean.jpg,0d4db325ecfba5afd1595cf2d93648663eb06c05a1e2aecc852b387b1692d16f,5,0.40,1.00,60,experiments/v4_cost_response/prompts/task_cost_x_0_40.txt,8e511232f2cbdb594aca695fd454e2ab5f7db1d67270eb423955a54a3cd72a35,b869f42ea3921777da5fad071f646050045f98fb0d17a8e359dca487cb84ad2e,1
v4_0554,heldout_06,v3_heldout_fixed_panel,community_classroom,target_subtle,neutral,prompts/system_neutral.txt,clean,data/images/heldout/clean/heldout_06_clean.jpg,0d4db325ecfba5afd1595cf2d93648663eb06c05a1e2aecc852b387b1692d16f,5,0.40,1.00,60,experiments/v4_cost_response/prompts/task_cost_x_0_40.txt,8e511232f2cbdb594aca695fd454e2ab5f7db1d67270eb423955a54a3cd72a35,b869f42ea3921777da5fad071f646050045f98fb0d17a8e359dca487cb84ad2e,2
v4_0555,heldout_06,v3_heldout_fixed_panel,community_classroom,target_subtle,neutral,prompts/system_neutral.txt,clean,data/images/heldout/clean/heldout_06_clean.jpg,0d4db325ecfba5afd1595cf2d93648663eb06c05a1e2aecc852b387b1692d16f,5,0.40,1.00,60,experiments/v4_cost_response/prompts/task_cost_x_0_40.txt,8e511232f2cbdb594aca695fd454e2ab5f7db1d67270eb423955a54a3cd72a35,b869f42ea3921777da5fad071f646050045f98fb0d17a8e359dca487cb84ad2e,3
v4_0556,heldout_06,v3_heldout_fixed_panel,community_classroom,target_subtle,neutral,prompts/system_neutral.txt,clean,data/images/heldout/clean/heldout_06_clean.jpg,0d4db325ecfba5afd1595cf2d93648663eb06c05a1e2aecc852b387b1692d16f,6,0.20,1.00,80,experiments/v4_cost_response/prompts/task_cost_x_0_20.txt,7f2c7928bd3aaf6a823dcf8a20abf9a85594f9dd1c2315fdb49afb4e4e0fd3c9,b869f42ea3921777da5fad071f646050045f98fb0d17a8e359dca487cb84ad2e,1
v4_0557,heldout_06,v3_heldout_fixed_panel,community_classroom,target_subtle,neutral,prompts/system_neutral.txt,clean,data/images/heldout/clean/heldout_06_clean.jpg,0d4db325ecfba5afd1595cf2d93648663eb06c05a1e2aecc852b387b1692d16f,6,0.20,1.00,80,experiments/v4_cost_response/prompts/task_cost_x_0_20.txt,7f2c7928bd3aaf6a823dcf8a20abf9a85594f9dd1c2315fdb49afb4e4e0fd3c9,b869f42ea3921777da5fad071f646050045f98fb0d17a8e359dca487cb84ad2e,2
v4_0558,heldout_06,v3_heldout_fixed_panel,community_classroom,target_subtle,neutral,prompts/system_neutral.txt,clean,data/images/heldout/clean/heldout_06_clean.jpg,0d4db325ecfba5afd1595cf2d93648663eb06c05a1e2aecc852b387b1692d16f,6,0.20,1.00,80,experiments/v4_cost_response/prompts/task_cost_x_0_20.txt,7f2c7928bd3aaf6a823dcf8a20abf9a85594f9dd1c2315fdb49afb4e4e0fd3c9,b869f42ea3921777da5fad071f646050045f98fb0d17a8e359dca487cb84ad2e,3
v4_0559,heldout_06,v3_heldout_fixed_panel,community_classroom,target_subtle,neutral,prompts/system_neutral.txt,modified,data/images/heldout/modified/heldout_06_target_subtle.jpg,b1f8886ba9156b19a72f7ed9dce225cd1cdfe44bf47a10768f2ab4d56a16b23c,1,1.00,1.00,0,experiments/v4_cost_response/prompts/task_cost_x_1_00.txt,9f584e2e66b5b3398c1762ac796eafb3d694e6ce3f38b0e9fd6f7beca68bbfb4,b869f42ea3921777da5fad071f646050045f98fb0d17a8e359dca487cb84ad2e,1
v4_0560,heldout_06,v3_heldout_fixed_panel,community_classroom,target_subtle,neutral,prompts/system_neutral.txt,modified,data/images/heldout/modified/heldout_06_target_subtle.jpg,b1f8886ba9156b19a72f7ed9dce225cd1cdfe44bf47a10768f2ab4d56a16b23c,1,1.00,1.00,0,experiments/v4_cost_response/prompts/task_cost_x_1_00.txt,9f584e2e66b5b3398c1762ac796eafb3d694e6ce3f38b0e9fd6f7beca68bbfb4,b869f42ea3921777da5fad071f646050045f98fb0d17a8e359dca487cb84ad2e,2
v4_0561,heldout_06,v3_heldout_fixed_panel,community_classroom,target_subtle,neutral,prompts/system_neutral.txt,modified,data/images/heldout/modified/heldout_06_target_subtle.jpg,b1f8886ba9156b19a72f7ed9dce225cd1cdfe44bf47a10768f2ab4d56a16b23c,1,1.00,1.00,0,experiments/v4_cost_response/prompts/task_cost_x_1_00.txt,9f584e2e66b5b3398c1762ac796eafb3d694e6ce3f38b0e9fd6f7beca68bbfb4,b869f42ea3921777da5fad071f646050045f98fb0d17a8e359dca487cb84ad2e,3
v4_0562,heldout_06,v3_heldout_fixed_panel,community_classroom,target_subtle,neutral,prompts/system_neutral.txt,modified,data/images/heldout/modified/heldout_06_target_subtle.jpg,b1f8886ba9156b19a72f7ed9dce225cd1cdfe44bf47a10768f2ab4d56a16b23c,2,0.90,1.00,10,experiments/v4_cost_response/prompts/task_cost_x_0_90.txt,d69f9b3ee8b773d610de03b562c8f8e9b0c890463da010271c89e0f86dde4fad,b869f42ea3921777da5fad071f646050045f98fb0d17a8e359dca487cb84ad2e,1
v4_0563,heldout_06,v3_heldout_fixed_panel,community_classroom,target_subtle,neutral,prompts/system_neutral.txt,modified,data/images/heldout/modified/heldout_06_target_subtle.jpg,b1f8886ba9156b19a72f7ed9dce225cd1cdfe44bf47a10768f2ab4d56a16b23c,2,0.90,1.00,10,experiments/v4_cost_response/prompts/task_cost_x_0_90.txt,d69f9b3ee8b773d610de03b562c8f8e9b0c890463da010271c89e0f86dde4fad,b869f42ea3921777da5fad071f646050045f98fb0d17a8e359dca487cb84ad2e,2
v4_0564,heldout_06,v3_heldout_fixed_panel,community_classroom,target_subtle,neutral,prompts/system_neutral.txt,modified,data/images/heldout/modified/heldout_06_target_subtle.jpg,b1f8886ba9156b19a72f7ed9dce225cd1cdfe44bf47a10768f2ab4d56a16b23c,2,0.90,1.00,10,experiments/v4_cost_response/prompts/task_cost_x_0_90.txt,d69f9b3ee8b773d610de03b562c8f8e9b0c890463da010271c89e0f86dde4fad,b869f42ea3921777da5fad071f646050045f98fb0d17a8e359dca487cb84ad2e,3
v4_0565,heldout_06,v3_heldout_fixed_panel,community_classroom,target_subtle,neutral,prompts/system_neutral.txt,modified,data/images/heldout/modified/heldout_06_target_subtle.jpg,b1f8886ba9156b19a72f7ed9dce225cd1cdfe44bf47a10768f2ab4d56a16b23c,3,0.80,1.00,20,experiments/v4_cost_response/prompts/task_cost_x_0_80.txt,0ce5abc89cfa84d813d9e0550a597a21cb2fef8c050dea89ce0e38e1ad3c4cd3,b869f42ea3921777da5fad071f646050045f98fb0d17a8e359dca487cb84ad2e,1
v4_0566,heldout_06,v3_heldout_fixed_panel,community_classroom,target_subtle,neutral,prompts/system_neutral.txt,modified,data/images/heldout/modified/heldout_06_target_subtle.jpg,b1f8886ba9156b19a72f7ed9dce225cd1cdfe44bf47a10768f2ab4d56a16b23c,3,0.80,1.00,20,experiments/v4_cost_response/prompts/task_cost_x_0_80.txt,0ce5abc89cfa84d813d9e0550a597a21cb2fef8c050dea89ce0e38e1ad3c4cd3,b869f42ea3921777da5fad071f646050045f98fb0d17a8e359dca487cb84ad2e,2
v4_0567,heldout_06,v3_heldout_fixed_panel,community_classroom,target_subtle,neutral,prompts/system_neutral.txt,modified,data/images/heldout/modified/heldout_06_target_subtle.jpg,b1f8886ba9156b19a72f7ed9dce225cd1cdfe44bf47a10768f2ab4d56a16b23c,3,0.80,1.00,20,experiments/v4_cost_response/prompts/task_cost_x_0_80.txt,0ce5abc89cfa84d813d9e0550a597a21cb2fef8c050dea89ce0e38e1ad3c4cd3,b869f42ea3921777da5fad071f646050045f98fb0d17a8e359dca487cb84ad2e,3
v4_0568,heldout_06,v3_heldout_fixed_panel,community_classroom,target_subtle,neutral,prompts/system_neutral.txt,modified,data/images/heldout/modified/heldout_06_target_subtle.jpg,b1f8886ba9156b19a72f7ed9dce225cd1cdfe44bf47a10768f2ab4d56a16b23c,4,0.60,1.00,40,experiments/v4_cost_response/prompts/task_cost_x_0_60.txt,c4383464aa0dcd87bbdde9805d16ebb62f34138d5e5c8e766df5e1e54bd364fc,b869f42ea3921777da5fad071f646050045f98fb0d17a8e359dca487cb84ad2e,1
v4_0569,heldout_06,v3_heldout_fixed_panel,community_classroom,target_subtle,neutral,prompts/system_neutral.txt,modified,data/images/heldout/modified/heldout_06_target_subtle.jpg,b1f8886ba9156b19a72f7ed9dce225cd1cdfe44bf47a10768f2ab4d56a16b23c,4,0.60,1.00,40,experiments/v4_cost_response/prompts/task_cost_x_0_60.txt,c4383464aa0dcd87bbdde9805d16ebb62f34138d5e5c8e766df5e1e54bd364fc,b869f42ea3921777da5fad071f646050045f98fb0d17a8e359dca487cb84ad2e,2
v4_0570,heldout_06,v3_heldout_fixed_panel,community_classroom,target_subtle,neutral,prompts/system_neutral.txt,modified,data/images/heldout/modified/heldout_06_target_subtle.jpg,b1f8886ba9156b19a72f7ed9dce225cd1cdfe44bf47a10768f2ab4d56a16b23c,4,0.60,1.00,40,experiments/v4_cost_response/prompts/task_cost_x_0_60.txt,c4383464aa0dcd87bbdde9805d16ebb62f34138d5e5c8e766df5e1e54bd364fc,b869f42ea3921777da5fad071f646050045f98fb0d17a8e359dca487cb84ad2e,3
v4_0571,heldout_06,v3_heldout_fixed_panel,community_classroom,target_subtle,neutral,prompts/system_neutral.txt,modified,data/images/heldout/modified/heldout_06_target_subtle.jpg,b1f8886ba9156b19a72f7ed9dce225cd1cdfe44bf47a10768f2ab4d56a16b23c,5,0.40,1.00,60,experiments/v4_cost_response/prompts/task_cost_x_0_40.txt,8e511232f2cbdb594aca695fd454e2ab5f7db1d67270eb423955a54a3cd72a35,b869f42ea3921777da5fad071f646050045f98fb0d17a8e359dca487cb84ad2e,1
v4_0572,heldout_06,v3_heldout_fixed_panel,community_classroom,target_subtle,neutral,prompts/system_neutral.txt,modified,data/images/heldout/modified/heldout_06_target_subtle.jpg,b1f8886ba9156b19a72f7ed9dce225cd1cdfe44bf47a10768f2ab4d56a16b23c,5,0.40,1.00,60,experiments/v4_cost_response/prompts/task_cost_x_0_40.txt,8e511232f2cbdb594aca695fd454e2ab5f7db1d67270eb423955a54a3cd72a35,b869f42ea3921777da5fad071f646050045f98fb0d17a8e359dca487cb84ad2e,2
v4_0573,heldout_06,v3_heldout_fixed_panel,community_classroom,target_subtle,neutral,prompts/system_neutral.txt,modified,data/images/heldout/modified/heldout_06_target_subtle.jpg,b1f8886ba9156b19a72f7ed9dce225cd1cdfe44bf47a10768f2ab4d56a16b23c,5,0.40,1.00,60,experiments/v4_cost_response/prompts/task_cost_x_0_40.txt,8e511232f2cbdb594aca695fd454e2ab5f7db1d67270eb423955a54a3cd72a35,b869f42ea3921777da5fad071f646050045f98fb0d17a8e359dca487cb84ad2e,3
v4_0574,heldout_06,v3_heldout_fixed_panel,community_classroom,target_subtle,neutral,prompts/system_neutral.txt,modified,data/images/heldout/modified/heldout_06_target_subtle.jpg,b1f8886ba9156b19a72f7ed9dce225cd1cdfe44bf47a10768f2ab4d56a16b23c,6,0.20,1.00,80,experiments/v4_cost_response/prompts/task_cost_x_0_20.txt,7f2c7928bd3aaf6a823dcf8a20abf9a85594f9dd1c2315fdb49afb4e4e0fd3c9,b869f42ea3921777da5fad071f646050045f98fb0d17a8e359dca487cb84ad2e,1
v4_0575,heldout_06,v3_heldout_fixed_panel,community_classroom,target_subtle,neutral,prompts/system_neutral.txt,modified,data/images/heldout/modified/heldout_06_target_subtle.jpg,b1f8886ba9156b19a72f7ed9dce225cd1cdfe44bf47a10768f2ab4d56a16b23c,6,0.20,1.00,80,experiments/v4_cost_response/prompts/task_cost_x_0_20.txt,7f2c7928bd3aaf6a823dcf8a20abf9a85594f9dd1c2315fdb49afb4e4e0fd3c9,b869f42ea3921777da5fad071f646050045f98fb0d17a8e359dca487cb84ad2e,2
v4_0576,heldout_06,v3_heldout_fixed_panel,community_classroom,target_subtle,neutral,prompts/system_neutral.txt,modified,data/images/heldout/modified/heldout_06_target_subtle.jpg,b1f8886ba9156b19a72f7ed9dce225cd1cdfe44bf47a10768f2ab4d56a16b23c,6,0.20,1.00,80,experiments/v4_cost_response/prompts/task_cost_x_0_20.txt,7f2c7928bd3aaf6a823dcf8a20abf9a85594f9dd1c2315fdb49afb4e4e0fd3c9,b869f42ea3921777da5fad071f646050045f98fb0d17a8e359dca487cb84ad2e,3
v4_0577,heldout_06,v3_heldout_fixed_panel,community_classroom,target_subtle,cue_bound,prompts/system_cue_bound.txt,clean,data/images/heldout/clean/heldout_06_clean.jpg,0d4db325ecfba5afd1595cf2d93648663eb06c05a1e2aecc852b387b1692d16f,1,1.00,1.00,0,experiments/v4_cost_response/prompts/task_cost_x_1_00.txt,9f584e2e66b5b3398c1762ac796eafb3d694e6ce3f38b0e9fd6f7beca68bbfb4,33ff7ba12da9c25a3728e0c96b2f3fd67c0d1bd0c536af71e6ec6e8de843a859,1
v4_0578,heldout_06,v3_heldout_fixed_panel,community_classroom,target_subtle,cue_bound,prompts/system_cue_bound.txt,clean,data/images/heldout/clean/heldout_06_clean.jpg,0d4db325ecfba5afd1595cf2d93648663eb06c05a1e2aecc852b387b1692d16f,1,1.00,1.00,0,experiments/v4_cost_response/prompts/task_cost_x_1_00.txt,9f584e2e66b5b3398c1762ac796eafb3d694e6ce3f38b0e9fd6f7beca68bbfb4,33ff7ba12da9c25a3728e0c96b2f3fd67c0d1bd0c536af71e6ec6e8de843a859,2
v4_0579,heldout_06,v3_heldout_fixed_panel,community_classroom,target_subtle,cue_bound,prompts/system_cue_bound.txt,clean,data/images/heldout/clean/heldout_06_clean.jpg,0d4db325ecfba5afd1595cf2d93648663eb06c05a1e2aecc852b387b1692d16f,1,1.00,1.00,0,experiments/v4_cost_response/prompts/task_cost_x_1_00.txt,9f584e2e66b5b3398c1762ac796eafb3d694e6ce3f38b0e9fd6f7beca68bbfb4,33ff7ba12da9c25a3728e0c96b2f3fd67c0d1bd0c536af71e6ec6e8de843a859,3
v4_0580,heldout_06,v3_heldout_fixed_panel,community_classroom,target_subtle,cue_bound,prompts/system_cue_bound.txt,clean,data/images/heldout/clean/heldout_06_clean.jpg,0d4db325ecfba5afd1595cf2d93648663eb06c05a1e2aecc852b387b1692d16f,2,0.90,1.00,10,experiments/v4_cost_response/prompts/task_cost_x_0_90.txt,d69f9b3ee8b773d610de03b562c8f8e9b0c890463da010271c89e0f86dde4fad,33ff7ba12da9c25a3728e0c96b2f3fd67c0d1bd0c536af71e6ec6e8de843a859,1
v4_0581,heldout_06,v3_heldout_fixed_panel,community_classroom,target_subtle,cue_bound,prompts/system_cue_bound.txt,clean,data/images/heldout/clean/heldout_06_clean.jpg,0d4db325ecfba5afd1595cf2d93648663eb06c05a1e2aecc852b387b1692d16f,2,0.90,1.00,10,experiments/v4_cost_response/prompts/task_cost_x_0_90.txt,d69f9b3ee8b773d610de03b562c8f8e9b0c890463da010271c89e0f86dde4fad,33ff7ba12da9c25a3728e0c96b2f3fd67c0d1bd0c536af71e6ec6e8de843a859,2
v4_0582,heldout_06,v3_heldout_fixed_panel,community_classroom,target_subtle,cue_bound,prompts/system_cue_bound.txt,clean,data/images/heldout/clean/heldout_06_clean.jpg,0d4db325ecfba5afd1595cf2d93648663eb06c05a1e2aecc852b387b1692d16f,2,0.90,1.00,10,experiments/v4_cost_response/prompts/task_cost_x_0_90.txt,d69f9b3ee8b773d610de03b562c8f8e9b0c890463da010271c89e0f86dde4fad,33ff7ba12da9c25a3728e0c96b2f3fd67c0d1bd0c536af71e6ec6e8de843a859,3
v4_0583,heldout_06,v3_heldout_fixed_panel,community_classroom,target_subtle,cue_bound,prompts/system_cue_bound.txt,clean,data/images/heldout/clean/heldout_06_clean.jpg,0d4db325ecfba5afd1595cf2d93648663eb06c05a1e2aecc852b387b1692d16f,3,0.80,1.00,20,experiments/v4_cost_response/prompts/task_cost_x_0_80.txt,0ce5abc89cfa84d813d9e0550a597a21cb2fef8c050dea89ce0e38e1ad3c4cd3,33ff7ba12da9c25a3728e0c96b2f3fd67c0d1bd0c536af71e6ec6e8de843a859,1
v4_0584,heldout_06,v3_heldout_fixed_panel,community_classroom,target_subtle,cue_bound,prompts/system_cue_bound.txt,clean,data/images/heldout/clean/heldout_06_clean.jpg,0d4db325ecfba5afd1595cf2d93648663eb06c05a1e2aecc852b387b1692d16f,3,0.80,1.00,20,experiments/v4_cost_response/prompts/task_cost_x_0_80.txt,0ce5abc89cfa84d813d9e0550a597a21cb2fef8c050dea89ce0e38e1ad3c4cd3,33ff7ba12da9c25a3728e0c96b2f3fd67c0d1bd0c536af71e6ec6e8de843a859,2
v4_0585,heldout_06,v3_heldout_fixed_panel,community_classroom,target_subtle,cue_bound,prompts/system_cue_bound.txt,clean,data/images/heldout/clean/heldout_06_clean.jpg,0d4db325ecfba5afd1595cf2d93648663eb06c05a1e2aecc852b387b1692d16f,3,0.80,1.00,20,experiments/v4_cost_response/prompts/task_cost_x_0_80.txt,0ce5abc89cfa84d813d9e0550a597a21cb2fef8c050dea89ce0e38e1ad3c4cd3,33ff7ba12da9c25a3728e0c96b2f3fd67c0d1bd0c536af71e6ec6e8de843a859,3
v4_0586,heldout_06,v3_heldout_fixed_panel,community_classroom,target_subtle,cue_bound,prompts/system_cue_bound.txt,clean,data/images/heldout/clean/heldout_06_clean.jpg,0d4db325ecfba5afd1595cf2d93648663eb06c05a1e2aecc852b387b1692d16f,4,0.60,1.00,40,experiments/v4_cost_response/prompts/task_cost_x_0_60.txt,c4383464aa0dcd87bbdde9805d16ebb62f34138d5e5c8e766df5e1e54bd364fc,33ff7ba12da9c25a3728e0c96b2f3fd67c0d1bd0c536af71e6ec6e8de843a859,1
v4_0587,heldout_06,v3_heldout_fixed_panel,community_classroom,target_subtle,cue_bound,prompts/system_cue_bound.txt,clean,data/images/heldout/clean/heldout_06_clean.jpg,0d4db325ecfba5afd1595cf2d93648663eb06c05a1e2aecc852b387b1692d16f,4,0.60,1.00,40,experiments/v4_cost_response/prompts/task_cost_x_0_60.txt,c4383464aa0dcd87bbdde9805d16ebb62f34138d5e5c8e766df5e1e54bd364fc,33ff7ba12da9c25a3728e0c96b2f3fd67c0d1bd0c536af71e6ec6e8de843a859,2
v4_0588,heldout_06,v3_heldout_fixed_panel,community_classroom,target_subtle,cue_bound,prompts/system_cue_bound.txt,clean,data/images/heldout/clean/heldout_06_clean.jpg,0d4db325ecfba5afd1595cf2d93648663eb06c05a1e2aecc852b387b1692d16f,4,0.60,1.00,40,experiments/v4_cost_response/prompts/task_cost_x_0_60.txt,c4383464aa0dcd87bbdde9805d16ebb62f34138d5e5c8e766df5e1e54bd364fc,33ff7ba12da9c25a3728e0c96b2f3fd67c0d1bd0c536af71e6ec6e8de843a859,3
v4_0589,heldout_06,v3_heldout_fixed_panel,community_classroom,target_subtle,cue_bound,prompts/system_cue_bound.txt,clean,data/images/heldout/clean/heldout_06_clean.jpg,0d4db325ecfba5afd1595cf2d93648663eb06c05a1e2aecc852b387b1692d16f,5,0.40,1.00,60,experiments/v4_cost_response/prompts/task_cost_x_0_40.txt,8e511232f2cbdb594aca695fd454e2ab5f7db1d67270eb423955a54a3cd72a35,33ff7ba12da9c25a3728e0c96b2f3fd67c0d1bd0c536af71e6ec6e8de843a859,1
v4_0590,heldout_06,v3_heldout_fixed_panel,community_classroom,target_subtle,cue_bound,prompts/system_cue_bound.txt,clean,data/images/heldout/clean/heldout_06_clean.jpg,0d4db325ecfba5afd1595cf2d93648663eb06c05a1e2aecc852b387b1692d16f,5,0.40,1.00,60,experiments/v4_cost_response/prompts/task_cost_x_0_40.txt,8e511232f2cbdb594aca695fd454e2ab5f7db1d67270eb423955a54a3cd72a35,33ff7ba12da9c25a3728e0c96b2f3fd67c0d1bd0c536af71e6ec6e8de843a859,2
v4_0591,heldout_06,v3_heldout_fixed_panel,community_classroom,target_subtle,cue_bound,prompts/system_cue_bound.txt,clean,data/images/heldout/clean/heldout_06_clean.jpg,0d4db325ecfba5afd1595cf2d93648663eb06c05a1e2aecc852b387b1692d16f,5,0.40,1.00,60,experiments/v4_cost_response/prompts/task_cost_x_0_40.txt,8e511232f2cbdb594aca695fd454e2ab5f7db1d67270eb423955a54a3cd72a35,33ff7ba12da9c25a3728e0c96b2f3fd67c0d1bd0c536af71e6ec6e8de843a859,3
v4_0592,heldout_06,v3_heldout_fixed_panel,community_classroom,target_subtle,cue_bound,prompts/system_cue_bound.txt,clean,data/images/heldout/clean/heldout_06_clean.jpg,0d4db325ecfba5afd1595cf2d93648663eb06c05a1e2aecc852b387b1692d16f,6,0.20,1.00,80,experiments/v4_cost_response/prompts/task_cost_x_0_20.txt,7f2c7928bd3aaf6a823dcf8a20abf9a85594f9dd1c2315fdb49afb4e4e0fd3c9,33ff7ba12da9c25a3728e0c96b2f3fd67c0d1bd0c536af71e6ec6e8de843a859,1
v4_0593,heldout_06,v3_heldout_fixed_panel,community_classroom,target_subtle,cue_bound,prompts/system_cue_bound.txt,clean,data/images/heldout/clean/heldout_06_clean.jpg,0d4db325ecfba5afd1595cf2d93648663eb06c05a1e2aecc852b387b1692d16f,6,0.20,1.00,80,experiments/v4_cost_response/prompts/task_cost_x_0_20.txt,7f2c7928bd3aaf6a823dcf8a20abf9a85594f9dd1c2315fdb49afb4e4e0fd3c9,33ff7ba12da9c25a3728e0c96b2f3fd67c0d1bd0c536af71e6ec6e8de843a859,2
v4_0594,heldout_06,v3_heldout_fixed_panel,community_classroom,target_subtle,cue_bound,prompts/system_cue_bound.txt,clean,data/images/heldout/clean/heldout_06_clean.jpg,0d4db325ecfba5afd1595cf2d93648663eb06c05a1e2aecc852b387b1692d16f,6,0.20,1.00,80,experiments/v4_cost_response/prompts/task_cost_x_0_20.txt,7f2c7928bd3aaf6a823dcf8a20abf9a85594f9dd1c2315fdb49afb4e4e0fd3c9,33ff7ba12da9c25a3728e0c96b2f3fd67c0d1bd0c536af71e6ec6e8de843a859,3
v4_0595,heldout_06,v3_heldout_fixed_panel,community_classroom,target_subtle,cue_bound,prompts/system_cue_bound.txt,modified,data/images/heldout/modified/heldout_06_target_subtle.jpg,b1f8886ba9156b19a72f7ed9dce225cd1cdfe44bf47a10768f2ab4d56a16b23c,1,1.00,1.00,0,experiments/v4_cost_response/prompts/task_cost_x_1_00.txt,9f584e2e66b5b3398c1762ac796eafb3d694e6ce3f38b0e9fd6f7beca68bbfb4,33ff7ba12da9c25a3728e0c96b2f3fd67c0d1bd0c536af71e6ec6e8de843a859,1
v4_0596,heldout_06,v3_heldout_fixed_panel,community_classroom,target_subtle,cue_bound,prompts/system_cue_bound.txt,modified,data/images/heldout/modified/heldout_06_target_subtle.jpg,b1f8886ba9156b19a72f7ed9dce225cd1cdfe44bf47a10768f2ab4d56a16b23c,1,1.00,1.00,0,experiments/v4_cost_response/prompts/task_cost_x_1_00.txt,9f584e2e66b5b3398c1762ac796eafb3d694e6ce3f38b0e9fd6f7beca68bbfb4,33ff7ba12da9c25a3728e0c96b2f3fd67c0d1bd0c536af71e6ec6e8de843a859,2
v4_0597,heldout_06,v3_heldout_fixed_panel,community_classroom,target_subtle,cue_bound,prompts/system_cue_bound.txt,modified,data/images/heldout/modified/heldout_06_target_subtle.jpg,b1f8886ba9156b19a72f7ed9dce225cd1cdfe44bf47a10768f2ab4d56a16b23c,1,1.00,1.00,0,experiments/v4_cost_response/prompts/task_cost_x_1_00.txt,9f584e2e66b5b3398c1762ac796eafb3d694e6ce3f38b0e9fd6f7beca68bbfb4,33ff7ba12da9c25a3728e0c96b2f3fd67c0d1bd0c536af71e6ec6e8de843a859,3
v4_0598,heldout_06,v3_heldout_fixed_panel,community_classroom,target_subtle,cue_bound,prompts/system_cue_bound.txt,modified,data/images/heldout/modified/heldout_06_target_subtle.jpg,b1f8886ba9156b19a72f7ed9dce225cd1cdfe44bf47a10768f2ab4d56a16b23c,2,0.90,1.00,10,experiments/v4_cost_response/prompts/task_cost_x_0_90.txt,d69f9b3ee8b773d610de03b562c8f8e9b0c890463da010271c89e0f86dde4fad,33ff7ba12da9c25a3728e0c96b2f3fd67c0d1bd0c536af71e6ec6e8de843a859,1
v4_0599,heldout_06,v3_heldout_fixed_panel,community_classroom,target_subtle,cue_bound,prompts/system_cue_bound.txt,modified,data/images/heldout/modified/heldout_06_target_subtle.jpg,b1f8886ba9156b19a72f7ed9dce225cd1cdfe44bf47a10768f2ab4d56a16b23c,2,0.90,1.00,10,experiments/v4_cost_response/prompts/task_cost_x_0_90.txt,d69f9b3ee8b773d610de03b562c8f8e9b0c890463da010271c89e0f86dde4fad,33ff7ba12da9c25a3728e0c96b2f3fd67c0d1bd0c536af71e6ec6e8de843a859,2
v4_0600,heldout_06,v3_heldout_fixed_panel,community_classroom,target_subtle,cue_bound,prompts/system_cue_bound.txt,modified,data/images/heldout/modified/heldout_06_target_subtle.jpg,b1f8886ba9156b19a72f7ed9dce225cd1cdfe44bf47a10768f2ab4d56a16b23c,2,0.90,1.00,10,experiments/v4_cost_response/prompts/task_cost_x_0_90.txt,d69f9b3ee8b773d610de03b562c8f8e9b0c890463da010271c89e0f86dde4fad,33ff7ba12da9c25a3728e0c96b2f3fd67c0d1bd0c536af71e6ec6e8de843a859,3
v4_0601,heldout_06,v3_heldout_fixed_panel,community_classroom,target_subtle,cue_bound,prompts/system_cue_bound.txt,modified,data/images/heldout/modified/heldout_06_target_subtle.jpg,b1f8886ba9156b19a72f7ed9dce225cd1cdfe44bf47a10768f2ab4d56a16b23c,3,0.80,1.00,20,experiments/v4_cost_response/prompts/task_cost_x_0_80.txt,0ce5abc89cfa84d813d9e0550a597a21cb2fef8c050dea89ce0e38e1ad3c4cd3,33ff7ba12da9c25a3728e0c96b2f3fd67c0d1bd0c536af71e6ec6e8de843a859,1
v4_0602,heldout_06,v3_heldout_fixed_panel,community_classroom,target_subtle,cue_bound,prompts/system_cue_bound.txt,modified,data/images/heldout/modified/heldout_06_target_subtle.jpg,b1f8886ba9156b19a72f7ed9dce225cd1cdfe44bf47a10768f2ab4d56a16b23c,3,0.80,1.00,20,experiments/v4_cost_response/prompts/task_cost_x_0_80.txt,0ce5abc89cfa84d813d9e0550a597a21cb2fef8c050dea89ce0e38e1ad3c4cd3,33ff7ba12da9c25a3728e0c96b2f3fd67c0d1bd0c536af71e6ec6e8de843a859,2
v4_0603,heldout_06,v3_heldout_fixed_panel,community_classroom,target_subtle,cue_bound,prompts/system_cue_bound.txt,modified,data/images/heldout/modified/heldout_06_target_subtle.jpg,b1f8886ba9156b19a72f7ed9dce225cd1cdfe44bf47a10768f2ab4d56a16b23c,3,0.80,1.00,20,experiments/v4_cost_response/prompts/task_cost_x_0_80.txt,0ce5abc89cfa84d813d9e0550a597a21cb2fef8c050dea89ce0e38e1ad3c4cd3,33ff7ba12da9c25a3728e0c96b2f3fd67c0d1bd0c536af71e6ec6e8de843a859,3
v4_0604,heldout_06,v3_heldout_fixed_panel,community_classroom,target_subtle,cue_bound,prompts/system_cue_bound.txt,modified,data/images/heldout/modified/heldout_06_target_subtle.jpg,b1f8886ba9156b19a72f7ed9dce225cd1cdfe44bf47a10768f2ab4d56a16b23c,4,0.60,1.00,40,experiments/v4_cost_response/prompts/task_cost_x_0_60.txt,c4383464aa0dcd87bbdde9805d16ebb62f34138d5e5c8e766df5e1e54bd364fc,33ff7ba12da9c25a3728e0c96b2f3fd67c0d1bd0c536af71e6ec6e8de843a859,1
v4_0605,heldout_06,v3_heldout_fixed_panel,community_classroom,target_subtle,cue_bound,prompts/system_cue_bound.txt,modified,data/images/heldout/modified/heldout_06_target_subtle.jpg,b1f8886ba9156b19a72f7ed9dce225cd1cdfe44bf47a10768f2ab4d56a16b23c,4,0.60,1.00,40,experiments/v4_cost_response/prompts/task_cost_x_0_60.txt,c4383464aa0dcd87bbdde9805d16ebb62f34138d5e5c8e766df5e1e54bd364fc,33ff7ba12da9c25a3728e0c96b2f3fd67c0d1bd0c536af71e6ec6e8de843a859,2
v4_0606,heldout_06,v3_heldout_fixed_panel,community_classroom,target_subtle,cue_bound,prompts/system_cue_bound.txt,modified,data/images/heldout/modified/heldout_06_target_subtle.jpg,b1f8886ba9156b19a72f7ed9dce225cd1cdfe44bf47a10768f2ab4d56a16b23c,4,0.60,1.00,40,experiments/v4_cost_response/prompts/task_cost_x_0_60.txt,c4383464aa0dcd87bbdde9805d16ebb62f34138d5e5c8e766df5e1e54bd364fc,33ff7ba12da9c25a3728e0c96b2f3fd67c0d1bd0c536af71e6ec6e8de843a859,3
v4_0607,heldout_06,v3_heldout_fixed_panel,community_classroom,target_subtle,cue_bound,prompts/system_cue_bound.txt,modified,data/images/heldout/modified/heldout_06_target_subtle.jpg,b1f8886ba9156b19a72f7ed9dce225cd1cdfe44bf47a10768f2ab4d56a16b23c,5,0.40,1.00,60,experiments/v4_cost_response/prompts/task_cost_x_0_40.txt,8e511232f2cbdb594aca695fd454e2ab5f7db1d67270eb423955a54a3cd72a35,33ff7ba12da9c25a3728e0c96b2f3fd67c0d1bd0c536af71e6ec6e8de843a859,1
v4_0608,heldout_06,v3_heldout_fixed_panel,community_classroom,target_subtle,cue_bound,prompts/system_cue_bound.txt,modified,data/images/heldout/modified/heldout_06_target_subtle.jpg,b1f8886ba9156b19a72f7ed9dce225cd1cdfe44bf47a10768f2ab4d56a16b23c,5,0.40,1.00,60,experiments/v4_cost_response/prompts/task_cost_x_0_40.txt,8e511232f2cbdb594aca695fd454e2ab5f7db1d67270eb423955a54a3cd72a35,33ff7ba12da9c25a3728e0c96b2f3fd67c0d1bd0c536af71e6ec6e8de843a859,2
v4_0609,heldout_06,v3_heldout_fixed_panel,community_classroom,target_subtle,cue_bound,prompts/system_cue_bound.txt,modified,data/images/heldout/modified/heldout_06_target_subtle.jpg,b1f8886ba9156b19a72f7ed9dce225cd1cdfe44bf47a10768f2ab4d56a16b23c,5,0.40,1.00,60,experiments/v4_cost_response/prompts/task_cost_x_0_40.txt,8e511232f2cbdb594aca695fd454e2ab5f7db1d67270eb423955a54a3cd72a35,33ff7ba12da9c25a3728e0c96b2f3fd67c0d1bd0c536af71e6ec6e8de843a859,3
v4_0610,heldout_06,v3_heldout_fixed_panel,community_classroom,target_subtle,cue_bound,prompts/system_cue_bound.txt,modified,data/images/heldout/modified/heldout_06_target_subtle.jpg,b1f8886ba9156b19a72f7ed9dce225cd1cdfe44bf47a10768f2ab4d56a16b23c,6,0.20,1.00,80,experiments/v4_cost_response/prompts/task_cost_x_0_20.txt,7f2c7928bd3aaf6a823dcf8a20abf9a85594f9dd1c2315fdb49afb4e4e0fd3c9,33ff7ba12da9c25a3728e0c96b2f3fd67c0d1bd0c536af71e6ec6e8de843a859,1
v4_0611,heldout_06,v3_heldout_fixed_panel,community_classroom,target_subtle,cue_bound,prompts/system_cue_bound.txt,modified,data/images/heldout/modified/heldout_06_target_subtle.jpg,b1f8886ba9156b19a72f7ed9dce225cd1cdfe44bf47a10768f2ab4d56a16b23c,6,0.20,1.00,80,experiments/v4_cost_response/prompts/task_cost_x_0_20.txt,7f2c7928bd3aaf6a823dcf8a20abf9a85594f9dd1c2315fdb49afb4e4e0fd3c9,33ff7ba12da9c25a3728e0c96b2f3fd67c0d1bd0c536af71e6ec6e8de843a859,2
v4_0612,heldout_06,v3_heldout_fixed_panel,community_classroom,target_subtle,cue_bound,prompts/system_cue_bound.txt,modified,data/images/heldout/modified/heldout_06_target_subtle.jpg,b1f8886ba9156b19a72f7ed9dce225cd1cdfe44bf47a10768f2ab4d56a16b23c,6,0.20,1.00,80,experiments/v4_cost_response/prompts/task_cost_x_0_20.txt,7f2c7928bd3aaf6a823dcf8a20abf9a85594f9dd1c2315fdb49afb4e4e0fd3c9,33ff7ba12da9c25a3728e0c96b2f3fd67c0d1bd0c536af71e6ec6e8de843a859,3
v4_0613,heldout_06,v3_heldout_fixed_panel,community_classroom,target_subtle,generalized,prompts/system_generalized.txt,clean,data/images/heldout/clean/heldout_06_clean.jpg,0d4db325ecfba5afd1595cf2d93648663eb06c05a1e2aecc852b387b1692d16f,1,1.00,1.00,0,experiments/v4_cost_response/prompts/task_cost_x_1_00.txt,9f584e2e66b5b3398c1762ac796eafb3d694e6ce3f38b0e9fd6f7beca68bbfb4,1b17f7d53eb5fb6e22076dfc0961ade0c3f463f9c1e3ddd053e82bc8990faa80,1
v4_0614,heldout_06,v3_heldout_fixed_panel,community_classroom,target_subtle,generalized,prompts/system_generalized.txt,clean,data/images/heldout/clean/heldout_06_clean.jpg,0d4db325ecfba5afd1595cf2d93648663eb06c05a1e2aecc852b387b1692d16f,1,1.00,1.00,0,experiments/v4_cost_response/prompts/task_cost_x_1_00.txt,9f584e2e66b5b3398c1762ac796eafb3d694e6ce3f38b0e9fd6f7beca68bbfb4,1b17f7d53eb5fb6e22076dfc0961ade0c3f463f9c1e3ddd053e82bc8990faa80,2
v4_0615,heldout_06,v3_heldout_fixed_panel,community_classroom,target_subtle,generalized,prompts/system_generalized.txt,clean,data/images/heldout/clean/heldout_06_clean.jpg,0d4db325ecfba5afd1595cf2d93648663eb06c05a1e2aecc852b387b1692d16f,1,1.00,1.00,0,experiments/v4_cost_response/prompts/task_cost_x_1_00.txt,9f584e2e66b5b3398c1762ac796eafb3d694e6ce3f38b0e9fd6f7beca68bbfb4,1b17f7d53eb5fb6e22076dfc0961ade0c3f463f9c1e3ddd053e82bc8990faa80,3
v4_0616,heldout_06,v3_heldout_fixed_panel,community_classroom,target_subtle,generalized,prompts/system_generalized.txt,clean,data/images/heldout/clean/heldout_06_clean.jpg,0d4db325ecfba5afd1595cf2d93648663eb06c05a1e2aecc852b387b1692d16f,2,0.90,1.00,10,experiments/v4_cost_response/prompts/task_cost_x_0_90.txt,d69f9b3ee8b773d610de03b562c8f8e9b0c890463da010271c89e0f86dde4fad,1b17f7d53eb5fb6e22076dfc0961ade0c3f463f9c1e3ddd053e82bc8990faa80,1
v4_0617,heldout_06,v3_heldout_fixed_panel,community_classroom,target_subtle,generalized,prompts/system_generalized.txt,clean,data/images/heldout/clean/heldout_06_clean.jpg,0d4db325ecfba5afd1595cf2d93648663eb06c05a1e2aecc852b387b1692d16f,2,0.90,1.00,10,experiments/v4_cost_response/prompts/task_cost_x_0_90.txt,d69f9b3ee8b773d610de03b562c8f8e9b0c890463da010271c89e0f86dde4fad,1b17f7d53eb5fb6e22076dfc0961ade0c3f463f9c1e3ddd053e82bc8990faa80,2
v4_0618,heldout_06,v3_heldout_fixed_panel,community_classroom,target_subtle,generalized,prompts/system_generalized.txt,clean,data/images/heldout/clean/heldout_06_clean.jpg,0d4db325ecfba5afd1595cf2d93648663eb06c05a1e2aecc852b387b1692d16f,2,0.90,1.00,10,experiments/v4_cost_response/prompts/task_cost_x_0_90.txt,d69f9b3ee8b773d610de03b562c8f8e9b0c890463da010271c89e0f86dde4fad,1b17f7d53eb5fb6e22076dfc0961ade0c3f463f9c1e3ddd053e82bc8990faa80,3
v4_0619,heldout_06,v3_heldout_fixed_panel,community_classroom,target_subtle,generalized,prompts/system_generalized.txt,clean,data/images/heldout/clean/heldout_06_clean.jpg,0d4db325ecfba5afd1595cf2d93648663eb06c05a1e2aecc852b387b1692d16f,3,0.80,1.00,20,experiments/v4_cost_response/prompts/task_cost_x_0_80.txt,0ce5abc89cfa84d813d9e0550a597a21cb2fef8c050dea89ce0e38e1ad3c4cd3,1b17f7d53eb5fb6e22076dfc0961ade0c3f463f9c1e3ddd053e82bc8990faa80,1
v4_0620,heldout_06,v3_heldout_fixed_panel,community_classroom,target_subtle,generalized,prompts/system_generalized.txt,clean,data/images/heldout/clean/heldout_06_clean.jpg,0d4db325ecfba5afd1595cf2d93648663eb06c05a1e2aecc852b387b1692d16f,3,0.80,1.00,20,experiments/v4_cost_response/prompts/task_cost_x_0_80.txt,0ce5abc89cfa84d813d9e0550a597a21cb2fef8c050dea89ce0e38e1ad3c4cd3,1b17f7d53eb5fb6e22076dfc0961ade0c3f463f9c1e3ddd053e82bc8990faa80,2
v4_0621,heldout_06,v3_heldout_fixed_panel,community_classroom,target_subtle,generalized,prompts/system_generalized.txt,clean,data/images/heldout/clean/heldout_06_clean.jpg,0d4db325ecfba5afd1595cf2d93648663eb06c05a1e2aecc852b387b1692d16f,3,0.80,1.00,20,experiments/v4_cost_response/prompts/task_cost_x_0_80.txt,0ce5abc89cfa84d813d9e0550a597a21cb2fef8c050dea89ce0e38e1ad3c4cd3,1b17f7d53eb5fb6e22076dfc0961ade0c3f463f9c1e3ddd053e82bc8990faa80,3
v4_0622,heldout_06,v3_heldout_fixed_panel,community_classroom,target_subtle,generalized,prompts/system_generalized.txt,clean,data/images/heldout/clean/heldout_06_clean.jpg,0d4db325ecfba5afd1595cf2d93648663eb06c05a1e2aecc852b387b1692d16f,4,0.60,1.00,40,experiments/v4_cost_response/prompts/task_cost_x_0_60.txt,c4383464aa0dcd87bbdde9805d16ebb62f34138d5e5c8e766df5e1e54bd364fc,1b17f7d53eb5fb6e22076dfc0961ade0c3f463f9c1e3ddd053e82bc8990faa80,1
v4_0623,heldout_06,v3_heldout_fixed_panel,community_classroom,target_subtle,generalized,prompts/system_generalized.txt,clean,data/images/heldout/clean/heldout_06_clean.jpg,0d4db325ecfba5afd1595cf2d93648663eb06c05a1e2aecc852b387b1692d16f,4,0.60,1.00,40,experiments/v4_cost_response/prompts/task_cost_x_0_60.txt,c4383464aa0dcd87bbdde9805d16ebb62f34138d5e5c8e766df5e1e54bd364fc,1b17f7d53eb5fb6e22076dfc0961ade0c3f463f9c1e3ddd053e82bc8990faa80,2
v4_0624,heldout_06,v3_heldout_fixed_panel,community_classroom,target_subtle,generalized,prompts/system_generalized.txt,clean,data/images/heldout/clean/heldout_06_clean.jpg,0d4db325ecfba5afd1595cf2d93648663eb06c05a1e2aecc852b387b1692d16f,4,0.60,1.00,40,experiments/v4_cost_response/prompts/task_cost_x_0_60.txt,c4383464aa0dcd87bbdde9805d16ebb62f34138d5e5c8e766df5e1e54bd364fc,1b17f7d53eb5fb6e22076dfc0961ade0c3f463f9c1e3ddd053e82bc8990faa80,3
v4_0625,heldout_06,v3_heldout_fixed_panel,community_classroom,target_subtle,generalized,prompts/system_generalized.txt,clean,data/images/heldout/clean/heldout_06_clean.jpg,0d4db325ecfba5afd1595cf2d93648663eb06c05a1e2aecc852b387b1692d16f,5,0.40,1.00,60,experiments/v4_cost_response/prompts/task_cost_x_0_40.txt,8e511232f2cbdb594aca695fd454e2ab5f7db1d67270eb423955a54a3cd72a35,1b17f7d53eb5fb6e22076dfc0961ade0c3f463f9c1e3ddd053e82bc8990faa80,1
v4_0626,heldout_06,v3_heldout_fixed_panel,community_classroom,target_subtle,generalized,prompts/system_generalized.txt,clean,data/images/heldout/clean/heldout_06_clean.jpg,0d4db325ecfba5afd1595cf2d93648663eb06c05a1e2aecc852b387b1692d16f,5,0.40,1.00,60,experiments/v4_cost_response/prompts/task_cost_x_0_40.txt,8e511232f2cbdb594aca695fd454e2ab5f7db1d67270eb423955a54a3cd72a35,1b17f7d53eb5fb6e22076dfc0961ade0c3f463f9c1e3ddd053e82bc8990faa80,2
v4_0627,heldout_06,v3_heldout_fixed_panel,community_classroom,target_subtle,generalized,prompts/system_generalized.txt,clean,data/images/heldout/clean/heldout_06_clean.jpg,0d4db325ecfba5afd1595cf2d93648663eb06c05a1e2aecc852b387b1692d16f,5,0.40,1.00,60,experiments/v4_cost_response/prompts/task_cost_x_0_40.txt,8e511232f2cbdb594aca695fd454e2ab5f7db1d67270eb423955a54a3cd72a35,1b17f7d53eb5fb6e22076dfc0961ade0c3f463f9c1e3ddd053e82bc8990faa80,3
v4_0628,heldout_06,v3_heldout_fixed_panel,community_classroom,target_subtle,generalized,prompts/system_generalized.txt,clean,data/images/heldout/clean/heldout_06_clean.jpg,0d4db325ecfba5afd1595cf2d93648663eb06c05a1e2aecc852b387b1692d16f,6,0.20,1.00,80,experiments/v4_cost_response/prompts/task_cost_x_0_20.txt,7f2c7928bd3aaf6a823dcf8a20abf9a85594f9dd1c2315fdb49afb4e4e0fd3c9,1b17f7d53eb5fb6e22076dfc0961ade0c3f463f9c1e3ddd053e82bc8990faa80,1
v4_0629,heldout_06,v3_heldout_fixed_panel,community_classroom,target_subtle,generalized,prompts/system_generalized.txt,clean,data/images/heldout/clean/heldout_06_clean.jpg,0d4db325ecfba5afd1595cf2d93648663eb06c05a1e2aecc852b387b1692d16f,6,0.20,1.00,80,experiments/v4_cost_response/prompts/task_cost_x_0_20.txt,7f2c7928bd3aaf6a823dcf8a20abf9a85594f9dd1c2315fdb49afb4e4e0fd3c9,1b17f7d53eb5fb6e22076dfc0961ade0c3f463f9c1e3ddd053e82bc8990faa80,2
v4_0630,heldout_06,v3_heldout_fixed_panel,community_classroom,target_subtle,generalized,prompts/system_generalized.txt,clean,data/images/heldout/clean/heldout_06_clean.jpg,0d4db325ecfba5afd1595cf2d93648663eb06c05a1e2aecc852b387b1692d16f,6,0.20,1.00,80,experiments/v4_cost_response/prompts/task_cost_x_0_20.txt,7f2c7928bd3aaf6a823dcf8a20abf9a85594f9dd1c2315fdb49afb4e4e0fd3c9,1b17f7d53eb5fb6e22076dfc0961ade0c3f463f9c1e3ddd053e82bc8990faa80,3
v4_0631,heldout_06,v3_heldout_fixed_panel,community_classroom,target_subtle,generalized,prompts/system_generalized.txt,modified,data/images/heldout/modified/heldout_06_target_subtle.jpg,b1f8886ba9156b19a72f7ed9dce225cd1cdfe44bf47a10768f2ab4d56a16b23c,1,1.00,1.00,0,experiments/v4_cost_response/prompts/task_cost_x_1_00.txt,9f584e2e66b5b3398c1762ac796eafb3d694e6ce3f38b0e9fd6f7beca68bbfb4,1b17f7d53eb5fb6e22076dfc0961ade0c3f463f9c1e3ddd053e82bc8990faa80,1
v4_0632,heldout_06,v3_heldout_fixed_panel,community_classroom,target_subtle,generalized,prompts/system_generalized.txt,modified,data/images/heldout/modified/heldout_06_target_subtle.jpg,b1f8886ba9156b19a72f7ed9dce225cd1cdfe44bf47a10768f2ab4d56a16b23c,1,1.00,1.00,0,experiments/v4_cost_response/prompts/task_cost_x_1_00.txt,9f584e2e66b5b3398c1762ac796eafb3d694e6ce3f38b0e9fd6f7beca68bbfb4,1b17f7d53eb5fb6e22076dfc0961ade0c3f463f9c1e3ddd053e82bc8990faa80,2
v4_0633,heldout_06,v3_heldout_fixed_panel,community_classroom,target_subtle,generalized,prompts/system_generalized.txt,modified,data/images/heldout/modified/heldout_06_target_subtle.jpg,b1f8886ba9156b19a72f7ed9dce225cd1cdfe44bf47a10768f2ab4d56a16b23c,1,1.00,1.00,0,experiments/v4_cost_response/prompts/task_cost_x_1_00.txt,9f584e2e66b5b3398c1762ac796eafb3d694e6ce3f38b0e9fd6f7beca68bbfb4,1b17f7d53eb5fb6e22076dfc0961ade0c3f463f9c1e3ddd053e82bc8990faa80,3
v4_0634,heldout_06,v3_heldout_fixed_panel,community_classroom,target_subtle,generalized,prompts/system_generalized.txt,modified,data/images/heldout/modified/heldout_06_target_subtle.jpg,b1f8886ba9156b19a72f7ed9dce225cd1cdfe44bf47a10768f2ab4d56a16b23c,2,0.90,1.00,10,experiments/v4_cost_response/prompts/task_cost_x_0_90.txt,d69f9b3ee8b773d610de03b562c8f8e9b0c890463da010271c89e0f86dde4fad,1b17f7d53eb5fb6e22076dfc0961ade0c3f463f9c1e3ddd053e82bc8990faa80,1
v4_0635,heldout_06,v3_heldout_fixed_panel,community_classroom,target_subtle,generalized,prompts/system_generalized.txt,modified,data/images/heldout/modified/heldout_06_target_subtle.jpg,b1f8886ba9156b19a72f7ed9dce225cd1cdfe44bf47a10768f2ab4d56a16b23c,2,0.90,1.00,10,experiments/v4_cost_response/prompts/task_cost_x_0_90.txt,d69f9b3ee8b773d610de03b562c8f8e9b0c890463da010271c89e0f86dde4fad,1b17f7d53eb5fb6e22076dfc0961ade0c3f463f9c1e3ddd053e82bc8990faa80,2
v4_0636,heldout_06,v3_heldout_fixed_panel,community_classroom,target_subtle,generalized,prompts/system_generalized.txt,modified,data/images/heldout/modified/heldout_06_target_subtle.jpg,b1f8886ba9156b19a72f7ed9dce225cd1cdfe44bf47a10768f2ab4d56a16b23c,2,0.90,1.00,10,experiments/v4_cost_response/prompts/task_cost_x_0_90.txt,d69f9b3ee8b773d610de03b562c8f8e9b0c890463da010271c89e0f86dde4fad,1b17f7d53eb5fb6e22076dfc0961ade0c3f463f9c1e3ddd053e82bc8990faa80,3
v4_0637,heldout_06,v3_heldout_fixed_panel,community_classroom,target_subtle,generalized,prompts/system_generalized.txt,modified,data/images/heldout/modified/heldout_06_target_subtle.jpg,b1f8886ba9156b19a72f7ed9dce225cd1cdfe44bf47a10768f2ab4d56a16b23c,3,0.80,1.00,20,experiments/v4_cost_response/prompts/task_cost_x_0_80.txt,0ce5abc89cfa84d813d9e0550a597a21cb2fef8c050dea89ce0e38e1ad3c4cd3,1b17f7d53eb5fb6e22076dfc0961ade0c3f463f9c1e3ddd053e82bc8990faa80,1
v4_0638,heldout_06,v3_heldout_fixed_panel,community_classroom,target_subtle,generalized,prompts/system_generalized.txt,modified,data/images/heldout/modified/heldout_06_target_subtle.jpg,b1f8886ba9156b19a72f7ed9dce225cd1cdfe44bf47a10768f2ab4d56a16b23c,3,0.80,1.00,20,experiments/v4_cost_response/prompts/task_cost_x_0_80.txt,0ce5abc89cfa84d813d9e0550a597a21cb2fef8c050dea89ce0e38e1ad3c4cd3,1b17f7d53eb5fb6e22076dfc0961ade0c3f463f9c1e3ddd053e82bc8990faa80,2
v4_0639,heldout_06,v3_heldout_fixed_panel,community_classroom,target_subtle,generalized,prompts/system_generalized.txt,modified,data/images/heldout/modified/heldout_06_target_subtle.jpg,b1f8886ba9156b19a72f7ed9dce225cd1cdfe44bf47a10768f2ab4d56a16b23c,3,0.80,1.00,20,experiments/v4_cost_response/prompts/task_cost_x_0_80.txt,0ce5abc89cfa84d813d9e0550a597a21cb2fef8c050dea89ce0e38e1ad3c4cd3,1b17f7d53eb5fb6e22076dfc0961ade0c3f463f9c1e3ddd053e82bc8990faa80,3
v4_0640,heldout_06,v3_heldout_fixed_panel,community_classroom,target_subtle,generalized,prompts/system_generalized.txt,modified,data/images/heldout/modified/heldout_06_target_subtle.jpg,b1f8886ba9156b19a72f7ed9dce225cd1cdfe44bf47a10768f2ab4d56a16b23c,4,0.60,1.00,40,experiments/v4_cost_response/prompts/task_cost_x_0_60.txt,c4383464aa0dcd87bbdde9805d16ebb62f34138d5e5c8e766df5e1e54bd364fc,1b17f7d53eb5fb6e22076dfc0961ade0c3f463f9c1e3ddd053e82bc8990faa80,1
v4_0641,heldout_06,v3_heldout_fixed_panel,community_classroom,target_subtle,generalized,prompts/system_generalized.txt,modified,data/images/heldout/modified/heldout_06_target_subtle.jpg,b1f8886ba9156b19a72f7ed9dce225cd1cdfe44bf47a10768f2ab4d56a16b23c,4,0.60,1.00,40,experiments/v4_cost_response/prompts/task_cost_x_0_60.txt,c4383464aa0dcd87bbdde9805d16ebb62f34138d5e5c8e766df5e1e54bd364fc,1b17f7d53eb5fb6e22076dfc0961ade0c3f463f9c1e3ddd053e82bc8990faa80,2
v4_0642,heldout_06,v3_heldout_fixed_panel,community_classroom,target_subtle,generalized,prompts/system_generalized.txt,modified,data/images/heldout/modified/heldout_06_target_subtle.jpg,b1f8886ba9156b19a72f7ed9dce225cd1cdfe44bf47a10768f2ab4d56a16b23c,4,0.60,1.00,40,experiments/v4_cost_response/prompts/task_cost_x_0_60.txt,c4383464aa0dcd87bbdde9805d16ebb62f34138d5e5c8e766df5e1e54bd364fc,1b17f7d53eb5fb6e22076dfc0961ade0c3f463f9c1e3ddd053e82bc8990faa80,3
v4_0643,heldout_06,v3_heldout_fixed_panel,community_classroom,target_subtle,generalized,prompts/system_generalized.txt,modified,data/images/heldout/modified/heldout_06_target_subtle.jpg,b1f8886ba9156b19a72f7ed9dce225cd1cdfe44bf47a10768f2ab4d56a16b23c,5,0.40,1.00,60,experiments/v4_cost_response/prompts/task_cost_x_0_40.txt,8e511232f2cbdb594aca695fd454e2ab5f7db1d67270eb423955a54a3cd72a35,1b17f7d53eb5fb6e22076dfc0961ade0c3f463f9c1e3ddd053e82bc8990faa80,1
v4_0644,heldout_06,v3_heldout_fixed_panel,community_classroom,target_subtle,generalized,prompts/system_generalized.txt,modified,data/images/heldout/modified/heldout_06_target_subtle.jpg,b1f8886ba9156b19a72f7ed9dce225cd1cdfe44bf47a10768f2ab4d56a16b23c,5,0.40,1.00,60,experiments/v4_cost_response/prompts/task_cost_x_0_40.txt,8e511232f2cbdb594aca695fd454e2ab5f7db1d67270eb423955a54a3cd72a35,1b17f7d53eb5fb6e22076dfc0961ade0c3f463f9c1e3ddd053e82bc8990faa80,2
v4_0645,heldout_06,v3_heldout_fixed_panel,community_classroom,target_subtle,generalized,prompts/system_generalized.txt,modified,data/images/heldout/modified/heldout_06_target_subtle.jpg,b1f8886ba9156b19a72f7ed9dce225cd1cdfe44bf47a10768f2ab4d56a16b23c,5,0.40,1.00,60,experiments/v4_cost_response/prompts/task_cost_x_0_40.txt,8e511232f2cbdb594aca695fd454e2ab5f7db1d67270eb423955a54a3cd72a35,1b17f7d53eb5fb6e22076dfc0961ade0c3f463f9c1e3ddd053e82bc8990faa80,3
v4_0646,heldout_06,v3_heldout_fixed_panel,community_classroom,target_subtle,generalized,prompts/system_generalized.txt,modified,data/images/heldout/modified/heldout_06_target_subtle.jpg,b1f8886ba9156b19a72f7ed9dce225cd1cdfe44bf47a10768f2ab4d56a16b23c,6,0.20,1.00,80,experiments/v4_cost_response/prompts/task_cost_x_0_20.txt,7f2c7928bd3aaf6a823dcf8a20abf9a85594f9dd1c2315fdb49afb4e4e0fd3c9,1b17f7d53eb5fb6e22076dfc0961ade0c3f463f9c1e3ddd053e82bc8990faa80,1
v4_0647,heldout_06,v3_heldout_fixed_panel,community_classroom,target_subtle,generalized,prompts/system_generalized.txt,modified,data/images/heldout/modified/heldout_06_target_subtle.jpg,b1f8886ba9156b19a72f7ed9dce225cd1cdfe44bf47a10768f2ab4d56a16b23c,6,0.20,1.00,80,experiments/v4_cost_response/prompts/task_cost_x_0_20.txt,7f2c7928bd3aaf6a823dcf8a20abf9a85594f9dd1c2315fdb49afb4e4e0fd3c9,1b17f7d53eb5fb6e22076dfc0961ade0c3f463f9c1e3ddd053e82bc8990faa80,2
v4_0648,heldout_06,v3_heldout_fixed_panel,community_classroom,target_subtle,generalized,prompts/system_generalized.txt,modified,data/images/heldout/modified/heldout_06_target_subtle.jpg,b1f8886ba9156b19a72f7ed9dce225cd1cdfe44bf47a10768f2ab4d56a16b23c,6,0.20,1.00,80,experiments/v4_cost_response/prompts/task_cost_x_0_20.txt,7f2c7928bd3aaf6a823dcf8a20abf9a85594f9dd1c2315fdb49afb4e4e0fd3c9,1b17f7d53eb5fb6e22076dfc0961ade0c3f463f9c1e3ddd053e82bc8990faa80,3
v4_0649,heldout_07,v3_heldout_fixed_panel,water_lab,target_subtle,neutral,prompts/system_neutral.txt,clean,data/images/heldout/clean/heldout_07_clean.jpg,9ec4e2f8283e1d415ef3619f78abcf874da4857e6e3fcc33d6f680805d456fb4,1,1.00,1.00,0,experiments/v4_cost_response/prompts/task_cost_x_1_00.txt,9f584e2e66b5b3398c1762ac796eafb3d694e6ce3f38b0e9fd6f7beca68bbfb4,b869f42ea3921777da5fad071f646050045f98fb0d17a8e359dca487cb84ad2e,1
v4_0650,heldout_07,v3_heldout_fixed_panel,water_lab,target_subtle,neutral,prompts/system_neutral.txt,clean,data/images/heldout/clean/heldout_07_clean.jpg,9ec4e2f8283e1d415ef3619f78abcf874da4857e6e3fcc33d6f680805d456fb4,1,1.00,1.00,0,experiments/v4_cost_response/prompts/task_cost_x_1_00.txt,9f584e2e66b5b3398c1762ac796eafb3d694e6ce3f38b0e9fd6f7beca68bbfb4,b869f42ea3921777da5fad071f646050045f98fb0d17a8e359dca487cb84ad2e,2
v4_0651,heldout_07,v3_heldout_fixed_panel,water_lab,target_subtle,neutral,prompts/system_neutral.txt,clean,data/images/heldout/clean/heldout_07_clean.jpg,9ec4e2f8283e1d415ef3619f78abcf874da4857e6e3fcc33d6f680805d456fb4,1,1.00,1.00,0,experiments/v4_cost_response/prompts/task_cost_x_1_00.txt,9f584e2e66b5b3398c1762ac796eafb3d694e6ce3f38b0e9fd6f7beca68bbfb4,b869f42ea3921777da5fad071f646050045f98fb0d17a8e359dca487cb84ad2e,3
v4_0652,heldout_07,v3_heldout_fixed_panel,water_lab,target_subtle,neutral,prompts/system_neutral.txt,clean,data/images/heldout/clean/heldout_07_clean.jpg,9ec4e2f8283e1d415ef3619f78abcf874da4857e6e3fcc33d6f680805d456fb4,2,0.90,1.00,10,experiments/v4_cost_response/prompts/task_cost_x_0_90.txt,d69f9b3ee8b773d610de03b562c8f8e9b0c890463da010271c89e0f86dde4fad,b869f42ea3921777da5fad071f646050045f98fb0d17a8e359dca487cb84ad2e,1
v4_0653,heldout_07,v3_heldout_fixed_panel,water_lab,target_subtle,neutral,prompts/system_neutral.txt,clean,data/images/heldout/clean/heldout_07_clean.jpg,9ec4e2f8283e1d415ef3619f78abcf874da4857e6e3fcc33d6f680805d456fb4,2,0.90,1.00,10,experiments/v4_cost_response/prompts/task_cost_x_0_90.txt,d69f9b3ee8b773d610de03b562c8f8e9b0c890463da010271c89e0f86dde4fad,b869f42ea3921777da5fad071f646050045f98fb0d17a8e359dca487cb84ad2e,2
v4_0654,heldout_07,v3_heldout_fixed_panel,water_lab,target_subtle,neutral,prompts/system_neutral.txt,clean,data/images/heldout/clean/heldout_07_clean.jpg,9ec4e2f8283e1d415ef3619f78abcf874da4857e6e3fcc33d6f680805d456fb4,2,0.90,1.00,10,experiments/v4_cost_response/prompts/task_cost_x_0_90.txt,d69f9b3ee8b773d610de03b562c8f8e9b0c890463da010271c89e0f86dde4fad,b869f42ea3921777da5fad071f646050045f98fb0d17a8e359dca487cb84ad2e,3
v4_0655,heldout_07,v3_heldout_fixed_panel,water_lab,target_subtle,neutral,prompts/system_neutral.txt,clean,data/images/heldout/clean/heldout_07_clean.jpg,9ec4e2f8283e1d415ef3619f78abcf874da4857e6e3fcc33d6f680805d456fb4,3,0.80,1.00,20,experiments/v4_cost_response/prompts/task_cost_x_0_80.txt,0ce5abc89cfa84d813d9e0550a597a21cb2fef8c050dea89ce0e38e1ad3c4cd3,b869f42ea3921777da5fad071f646050045f98fb0d17a8e359dca487cb84ad2e,1
v4_0656,heldout_07,v3_heldout_fixed_panel,water_lab,target_subtle,neutral,prompts/system_neutral.txt,clean,data/images/heldout/clean/heldout_07_clean.jpg,9ec4e2f8283e1d415ef3619f78abcf874da4857e6e3fcc33d6f680805d456fb4,3,0.80,1.00,20,experiments/v4_cost_response/prompts/task_cost_x_0_80.txt,0ce5abc89cfa84d813d9e0550a597a21cb2fef8c050dea89ce0e38e1ad3c4cd3,b869f42ea3921777da5fad071f646050045f98fb0d17a8e359dca487cb84ad2e,2
v4_0657,heldout_07,v3_heldout_fixed_panel,water_lab,target_subtle,neutral,prompts/system_neutral.txt,clean,data/images/heldout/clean/heldout_07_clean.jpg,9ec4e2f8283e1d415ef3619f78abcf874da4857e6e3fcc33d6f680805d456fb4,3,0.80,1.00,20,experiments/v4_cost_response/prompts/task_cost_x_0_80.txt,0ce5abc89cfa84d813d9e0550a597a21cb2fef8c050dea89ce0e38e1ad3c4cd3,b869f42ea3921777da5fad071f646050045f98fb0d17a8e359dca487cb84ad2e,3
v4_0658,heldout_07,v3_heldout_fixed_panel,water_lab,target_subtle,neutral,prompts/system_neutral.txt,clean,data/images/heldout/clean/heldout_07_clean.jpg,9ec4e2f8283e1d415ef3619f78abcf874da4857e6e3fcc33d6f680805d456fb4,4,0.60,1.00,40,experiments/v4_cost_response/prompts/task_cost_x_0_60.txt,c4383464aa0dcd87bbdde9805d16ebb62f34138d5e5c8e766df5e1e54bd364fc,b869f42ea3921777da5fad071f646050045f98fb0d17a8e359dca487cb84ad2e,1
v4_0659,heldout_07,v3_heldout_fixed_panel,water_lab,target_subtle,neutral,prompts/system_neutral.txt,clean,data/images/heldout/clean/heldout_07_clean.jpg,9ec4e2f8283e1d415ef3619f78abcf874da4857e6e3fcc33d6f680805d456fb4,4,0.60,1.00,40,experiments/v4_cost_response/prompts/task_cost_x_0_60.txt,c4383464aa0dcd87bbdde9805d16ebb62f34138d5e5c8e766df5e1e54bd364fc,b869f42ea3921777da5fad071f646050045f98fb0d17a8e359dca487cb84ad2e,2
v4_0660,heldout_07,v3_heldout_fixed_panel,water_lab,target_subtle,neutral,prompts/system_neutral.txt,clean,data/images/heldout/clean/heldout_07_clean.jpg,9ec4e2f8283e1d415ef3619f78abcf874da4857e6e3fcc33d6f680805d456fb4,4,0.60,1.00,40,experiments/v4_cost_response/prompts/task_cost_x_0_60.txt,c4383464aa0dcd87bbdde9805d16ebb62f34138d5e5c8e766df5e1e54bd364fc,b869f42ea3921777da5fad071f646050045f98fb0d17a8e359dca487cb84ad2e,3
v4_0661,heldout_07,v3_heldout_fixed_panel,water_lab,target_subtle,neutral,prompts/system_neutral.txt,clean,data/images/heldout/clean/heldout_07_clean.jpg,9ec4e2f8283e1d415ef3619f78abcf874da4857e6e3fcc33d6f680805d456fb4,5,0.40,1.00,60,experiments/v4_cost_response/prompts/task_cost_x_0_40.txt,8e511232f2cbdb594aca695fd454e2ab5f7db1d67270eb423955a54a3cd72a35,b869f42ea3921777da5fad071f646050045f98fb0d17a8e359dca487cb84ad2e,1
v4_0662,heldout_07,v3_heldout_fixed_panel,water_lab,target_subtle,neutral,prompts/system_neutral.txt,clean,data/images/heldout/clean/heldout_07_clean.jpg,9ec4e2f8283e1d415ef3619f78abcf874da4857e6e3fcc33d6f680805d456fb4,5,0.40,1.00,60,experiments/v4_cost_response/prompts/task_cost_x_0_40.txt,8e511232f2cbdb594aca695fd454e2ab5f7db1d67270eb423955a54a3cd72a35,b869f42ea3921777da5fad071f646050045f98fb0d17a8e359dca487cb84ad2e,2
v4_0663,heldout_07,v3_heldout_fixed_panel,water_lab,target_subtle,neutral,prompts/system_neutral.txt,clean,data/images/heldout/clean/heldout_07_clean.jpg,9ec4e2f8283e1d415ef3619f78abcf874da4857e6e3fcc33d6f680805d456fb4,5,0.40,1.00,60,experiments/v4_cost_response/prompts/task_cost_x_0_40.txt,8e511232f2cbdb594aca695fd454e2ab5f7db1d67270eb423955a54a3cd72a35,b869f42ea3921777da5fad071f646050045f98fb0d17a8e359dca487cb84ad2e,3
v4_0664,heldout_07,v3_heldout_fixed_panel,water_lab,target_subtle,neutral,prompts/system_neutral.txt,clean,data/images/heldout/clean/heldout_07_clean.jpg,9ec4e2f8283e1d415ef3619f78abcf874da4857e6e3fcc33d6f680805d456fb4,6,0.20,1.00,80,experiments/v4_cost_response/prompts/task_cost_x_0_20.txt,7f2c7928bd3aaf6a823dcf8a20abf9a85594f9dd1c2315fdb49afb4e4e0fd3c9,b869f42ea3921777da5fad071f646050045f98fb0d17a8e359dca487cb84ad2e,1
v4_0665,heldout_07,v3_heldout_fixed_panel,water_lab,target_subtle,neutral,prompts/system_neutral.txt,clean,data/images/heldout/clean/heldout_07_clean.jpg,9ec4e2f8283e1d415ef3619f78abcf874da4857e6e3fcc33d6f680805d456fb4,6,0.20,1.00,80,experiments/v4_cost_response/prompts/task_cost_x_0_20.txt,7f2c7928bd3aaf6a823dcf8a20abf9a85594f9dd1c2315fdb49afb4e4e0fd3c9,b869f42ea3921777da5fad071f646050045f98fb0d17a8e359dca487cb84ad2e,2
v4_0666,heldout_07,v3_heldout_fixed_panel,water_lab,target_subtle,neutral,prompts/system_neutral.txt,clean,data/images/heldout/clean/heldout_07_clean.jpg,9ec4e2f8283e1d415ef3619f78abcf874da4857e6e3fcc33d6f680805d456fb4,6,0.20,1.00,80,experiments/v4_cost_response/prompts/task_cost_x_0_20.txt,7f2c7928bd3aaf6a823dcf8a20abf9a85594f9dd1c2315fdb49afb4e4e0fd3c9,b869f42ea3921777da5fad071f646050045f98fb0d17a8e359dca487cb84ad2e,3
v4_0667,heldout_07,v3_heldout_fixed_panel,water_lab,target_subtle,neutral,prompts/system_neutral.txt,modified,data/images/heldout/modified/heldout_07_target_subtle.jpg,007a4027ac7c41cabd1bf0068401f7c850da9ca660c7969c22b88ec2b96060e1,1,1.00,1.00,0,experiments/v4_cost_response/prompts/task_cost_x_1_00.txt,9f584e2e66b5b3398c1762ac796eafb3d694e6ce3f38b0e9fd6f7beca68bbfb4,b869f42ea3921777da5fad071f646050045f98fb0d17a8e359dca487cb84ad2e,1
v4_0668,heldout_07,v3_heldout_fixed_panel,water_lab,target_subtle,neutral,prompts/system_neutral.txt,modified,data/images/heldout/modified/heldout_07_target_subtle.jpg,007a4027ac7c41cabd1bf0068401f7c850da9ca660c7969c22b88ec2b96060e1,1,1.00,1.00,0,experiments/v4_cost_response/prompts/task_cost_x_1_00.txt,9f584e2e66b5b3398c1762ac796eafb3d694e6ce3f38b0e9fd6f7beca68bbfb4,b869f42ea3921777da5fad071f646050045f98fb0d17a8e359dca487cb84ad2e,2
v4_0669,heldout_07,v3_heldout_fixed_panel,water_lab,target_subtle,neutral,prompts/system_neutral.txt,modified,data/images/heldout/modified/heldout_07_target_subtle.jpg,007a4027ac7c41cabd1bf0068401f7c850da9ca660c7969c22b88ec2b96060e1,1,1.00,1.00,0,experiments/v4_cost_response/prompts/task_cost_x_1_00.txt,9f584e2e66b5b3398c1762ac796eafb3d694e6ce3f38b0e9fd6f7beca68bbfb4,b869f42ea3921777da5fad071f646050045f98fb0d17a8e359dca487cb84ad2e,3
v4_0670,heldout_07,v3_heldout_fixed_panel,water_lab,target_subtle,neutral,prompts/system_neutral.txt,modified,data/images/heldout/modified/heldout_07_target_subtle.jpg,007a4027ac7c41cabd1bf0068401f7c850da9ca660c7969c22b88ec2b96060e1,2,0.90,1.00,10,experiments/v4_cost_response/prompts/task_cost_x_0_90.txt,d69f9b3ee8b773d610de03b562c8f8e9b0c890463da010271c89e0f86dde4fad,b869f42ea3921777da5fad071f646050045f98fb0d17a8e359dca487cb84ad2e,1
v4_0671,heldout_07,v3_heldout_fixed_panel,water_lab,target_subtle,neutral,prompts/system_neutral.txt,modified,data/images/heldout/modified/heldout_07_target_subtle.jpg,007a4027ac7c41cabd1bf0068401f7c850da9ca660c7969c22b88ec2b96060e1,2,0.90,1.00,10,experiments/v4_cost_response/prompts/task_cost_x_0_90.txt,d69f9b3ee8b773d610de03b562c8f8e9b0c890463da010271c89e0f86dde4fad,b869f42ea3921777da5fad071f646050045f98fb0d17a8e359dca487cb84ad2e,2
v4_0672,heldout_07,v3_heldout_fixed_panel,water_lab,target_subtle,neutral,prompts/system_neutral.txt,modified,data/images/heldout/modified/heldout_07_target_subtle.jpg,007a4027ac7c41cabd1bf0068401f7c850da9ca660c7969c22b88ec2b96060e1,2,0.90,1.00,10,experiments/v4_cost_response/prompts/task_cost_x_0_90.txt,d69f9b3ee8b773d610de03b562c8f8e9b0c890463da010271c89e0f86dde4fad,b869f42ea3921777da5fad071f646050045f98fb0d17a8e359dca487cb84ad2e,3
v4_0673,heldout_07,v3_heldout_fixed_panel,water_lab,target_subtle,neutral,prompts/system_neutral.txt,modified,data/images/heldout/modified/heldout_07_target_subtle.jpg,007a4027ac7c41cabd1bf0068401f7c850da9ca660c7969c22b88ec2b96060e1,3,0.80,1.00,20,experiments/v4_cost_response/prompts/task_cost_x_0_80.txt,0ce5abc89cfa84d813d9e0550a597a21cb2fef8c050dea89ce0e38e1ad3c4cd3,b869f42ea3921777da5fad071f646050045f98fb0d17a8e359dca487cb84ad2e,1
v4_0674,heldout_07,v3_heldout_fixed_panel,water_lab,target_subtle,neutral,prompts/system_neutral.txt,modified,data/images/heldout/modified/heldout_07_target_subtle.jpg,007a4027ac7c41cabd1bf0068401f7c850da9ca660c7969c22b88ec2b96060e1,3,0.80,1.00,20,experiments/v4_cost_response/prompts/task_cost_x_0_80.txt,0ce5abc89cfa84d813d9e0550a597a21cb2fef8c050dea89ce0e38e1ad3c4cd3,b869f42ea3921777da5fad071f646050045f98fb0d17a8e359dca487cb84ad2e,2
v4_0675,heldout_07,v3_heldout_fixed_panel,water_lab,target_subtle,neutral,prompts/system_neutral.txt,modified,data/images/heldout/modified/heldout_07_target_subtle.jpg,007a4027ac7c41cabd1bf0068401f7c850da9ca660c7969c22b88ec2b96060e1,3,0.80,1.00,20,experiments/v4_cost_response/prompts/task_cost_x_0_80.txt,0ce5abc89cfa84d813d9e0550a597a21cb2fef8c050dea89ce0e38e1ad3c4cd3,b869f42ea3921777da5fad071f646050045f98fb0d17a8e359dca487cb84ad2e,3
v4_0676,heldout_07,v3_heldout_fixed_panel,water_lab,target_subtle,neutral,prompts/system_neutral.txt,modified,data/images/heldout/modified/heldout_07_target_subtle.jpg,007a4027ac7c41cabd1bf0068401f7c850da9ca660c7969c22b88ec2b96060e1,4,0.60,1.00,40,experiments/v4_cost_response/prompts/task_cost_x_0_60.txt,c4383464aa0dcd87bbdde9805d16ebb62f34138d5e5c8e766df5e1e54bd364fc,b869f42ea3921777da5fad071f646050045f98fb0d17a8e359dca487cb84ad2e,1
v4_0677,heldout_07,v3_heldout_fixed_panel,water_lab,target_subtle,neutral,prompts/system_neutral.txt,modified,data/images/heldout/modified/heldout_07_target_subtle.jpg,007a4027ac7c41cabd1bf0068401f7c850da9ca660c7969c22b88ec2b96060e1,4,0.60,1.00,40,experiments/v4_cost_response/prompts/task_cost_x_0_60.txt,c4383464aa0dcd87bbdde9805d16ebb62f34138d5e5c8e766df5e1e54bd364fc,b869f42ea3921777da5fad071f646050045f98fb0d17a8e359dca487cb84ad2e,2
v4_0678,heldout_07,v3_heldout_fixed_panel,water_lab,target_subtle,neutral,prompts/system_neutral.txt,modified,data/images/heldout/modified/heldout_07_target_subtle.jpg,007a4027ac7c41cabd1bf0068401f7c850da9ca660c7969c22b88ec2b96060e1,4,0.60,1.00,40,experiments/v4_cost_response/prompts/task_cost_x_0_60.txt,c4383464aa0dcd87bbdde9805d16ebb62f34138d5e5c8e766df5e1e54bd364fc,b869f42ea3921777da5fad071f646050045f98fb0d17a8e359dca487cb84ad2e,3
v4_0679,heldout_07,v3_heldout_fixed_panel,water_lab,target_subtle,neutral,prompts/system_neutral.txt,modified,data/images/heldout/modified/heldout_07_target_subtle.jpg,007a4027ac7c41cabd1bf0068401f7c850da9ca660c7969c22b88ec2b96060e1,5,0.40,1.00,60,experiments/v4_cost_response/prompts/task_cost_x_0_40.txt,8e511232f2cbdb594aca695fd454e2ab5f7db1d67270eb423955a54a3cd72a35,b869f42ea3921777da5fad071f646050045f98fb0d17a8e359dca487cb84ad2e,1
v4_0680,heldout_07,v3_heldout_fixed_panel,water_lab,target_subtle,neutral,prompts/system_neutral.txt,modified,data/images/heldout/modified/heldout_07_target_subtle.jpg,007a4027ac7c41cabd1bf0068401f7c850da9ca660c7969c22b88ec2b96060e1,5,0.40,1.00,60,experiments/v4_cost_response/prompts/task_cost_x_0_40.txt,8e511232f2cbdb594aca695fd454e2ab5f7db1d67270eb423955a54a3cd72a35,b869f42ea3921777da5fad071f646050045f98fb0d17a8e359dca487cb84ad2e,2
v4_0681,heldout_07,v3_heldout_fixed_panel,water_lab,target_subtle,neutral,prompts/system_neutral.txt,modified,data/images/heldout/modified/heldout_07_target_subtle.jpg,007a4027ac7c41cabd1bf0068401f7c850da9ca660c7969c22b88ec2b96060e1,5,0.40,1.00,60,experiments/v4_cost_response/prompts/task_cost_x_0_40.txt,8e511232f2cbdb594aca695fd454e2ab5f7db1d67270eb423955a54a3cd72a35,b869f42ea3921777da5fad071f646050045f98fb0d17a8e359dca487cb84ad2e,3
v4_0682,heldout_07,v3_heldout_fixed_panel,water_lab,target_subtle,neutral,prompts/system_neutral.txt,modified,data/images/heldout/modified/heldout_07_target_subtle.jpg,007a4027ac7c41cabd1bf0068401f7c850da9ca660c7969c22b88ec2b96060e1,6,0.20,1.00,80,experiments/v4_cost_response/prompts/task_cost_x_0_20.txt,7f2c7928bd3aaf6a823dcf8a20abf9a85594f9dd1c2315fdb49afb4e4e0fd3c9,b869f42ea3921777da5fad071f646050045f98fb0d17a8e359dca487cb84ad2e,1
v4_0683,heldout_07,v3_heldout_fixed_panel,water_lab,target_subtle,neutral,prompts/system_neutral.txt,modified,data/images/heldout/modified/heldout_07_target_subtle.jpg,007a4027ac7c41cabd1bf0068401f7c850da9ca660c7969c22b88ec2b96060e1,6,0.20,1.00,80,experiments/v4_cost_response/prompts/task_cost_x_0_20.txt,7f2c7928bd3aaf6a823dcf8a20abf9a85594f9dd1c2315fdb49afb4e4e0fd3c9,b869f42ea3921777da5fad071f646050045f98fb0d17a8e359dca487cb84ad2e,2
v4_0684,heldout_07,v3_heldout_fixed_panel,water_lab,target_subtle,neutral,prompts/system_neutral.txt,modified,data/images/heldout/modified/heldout_07_target_subtle.jpg,007a4027ac7c41cabd1bf0068401f7c850da9ca660c7969c22b88ec2b96060e1,6,0.20,1.00,80,experiments/v4_cost_response/prompts/task_cost_x_0_20.txt,7f2c7928bd3aaf6a823dcf8a20abf9a85594f9dd1c2315fdb49afb4e4e0fd3c9,b869f42ea3921777da5fad071f646050045f98fb0d17a8e359dca487cb84ad2e,3
v4_0685,heldout_07,v3_heldout_fixed_panel,water_lab,target_subtle,cue_bound,prompts/system_cue_bound.txt,clean,data/images/heldout/clean/heldout_07_clean.jpg,9ec4e2f8283e1d415ef3619f78abcf874da4857e6e3fcc33d6f680805d456fb4,1,1.00,1.00,0,experiments/v4_cost_response/prompts/task_cost_x_1_00.txt,9f584e2e66b5b3398c1762ac796eafb3d694e6ce3f38b0e9fd6f7beca68bbfb4,33ff7ba12da9c25a3728e0c96b2f3fd67c0d1bd0c536af71e6ec6e8de843a859,1
v4_0686,heldout_07,v3_heldout_fixed_panel,water_lab,target_subtle,cue_bound,prompts/system_cue_bound.txt,clean,data/images/heldout/clean/heldout_07_clean.jpg,9ec4e2f8283e1d415ef3619f78abcf874da4857e6e3fcc33d6f680805d456fb4,1,1.00,1.00,0,experiments/v4_cost_response/prompts/task_cost_x_1_00.txt,9f584e2e66b5b3398c1762ac796eafb3d694e6ce3f38b0e9fd6f7beca68bbfb4,33ff7ba12da9c25a3728e0c96b2f3fd67c0d1bd0c536af71e6ec6e8de843a859,2
v4_0687,heldout_07,v3_heldout_fixed_panel,water_lab,target_subtle,cue_bound,prompts/system_cue_bound.txt,clean,data/images/heldout/clean/heldout_07_clean.jpg,9ec4e2f8283e1d415ef3619f78abcf874da4857e6e3fcc33d6f680805d456fb4,1,1.00,1.00,0,experiments/v4_cost_response/prompts/task_cost_x_1_00.txt,9f584e2e66b5b3398c1762ac796eafb3d694e6ce3f38b0e9fd6f7beca68bbfb4,33ff7ba12da9c25a3728e0c96b2f3fd67c0d1bd0c536af71e6ec6e8de843a859,3
v4_0688,heldout_07,v3_heldout_fixed_panel,water_lab,target_subtle,cue_bound,prompts/system_cue_bound.txt,clean,data/images/heldout/clean/heldout_07_clean.jpg,9ec4e2f8283e1d415ef3619f78abcf874da4857e6e3fcc33d6f680805d456fb4,2,0.90,1.00,10,experiments/v4_cost_response/prompts/task_cost_x_0_90.txt,d69f9b3ee8b773d610de03b562c8f8e9b0c890463da010271c89e0f86dde4fad,33ff7ba12da9c25a3728e0c96b2f3fd67c0d1bd0c536af71e6ec6e8de843a859,1
v4_0689,heldout_07,v3_heldout_fixed_panel,water_lab,target_subtle,cue_bound,prompts/system_cue_bound.txt,clean,data/images/heldout/clean/heldout_07_clean.jpg,9ec4e2f8283e1d415ef3619f78abcf874da4857e6e3fcc33d6f680805d456fb4,2,0.90,1.00,10,experiments/v4_cost_response/prompts/task_cost_x_0_90.txt,d69f9b3ee8b773d610de03b562c8f8e9b0c890463da010271c89e0f86dde4fad,33ff7ba12da9c25a3728e0c96b2f3fd67c0d1bd0c536af71e6ec6e8de843a859,2
v4_0690,heldout_07,v3_heldout_fixed_panel,water_lab,target_subtle,cue_bound,prompts/system_cue_bound.txt,clean,data/images/heldout/clean/heldout_07_clean.jpg,9ec4e2f8283e1d415ef3619f78abcf874da4857e6e3fcc33d6f680805d456fb4,2,0.90,1.00,10,experiments/v4_cost_response/prompts/task_cost_x_0_90.txt,d69f9b3ee8b773d610de03b562c8f8e9b0c890463da010271c89e0f86dde4fad,33ff7ba12da9c25a3728e0c96b2f3fd67c0d1bd0c536af71e6ec6e8de843a859,3
v4_0691,heldout_07,v3_heldout_fixed_panel,water_lab,target_subtle,cue_bound,prompts/system_cue_bound.txt,clean,data/images/heldout/clean/heldout_07_clean.jpg,9ec4e2f8283e1d415ef3619f78abcf874da4857e6e3fcc33d6f680805d456fb4,3,0.80,1.00,20,experiments/v4_cost_response/prompts/task_cost_x_0_80.txt,0ce5abc89cfa84d813d9e0550a597a21cb2fef8c050dea89ce0e38e1ad3c4cd3,33ff7ba12da9c25a3728e0c96b2f3fd67c0d1bd0c536af71e6ec6e8de843a859,1
v4_0692,heldout_07,v3_heldout_fixed_panel,water_lab,target_subtle,cue_bound,prompts/system_cue_bound.txt,clean,data/images/heldout/clean/heldout_07_clean.jpg,9ec4e2f8283e1d415ef3619f78abcf874da4857e6e3fcc33d6f680805d456fb4,3,0.80,1.00,20,experiments/v4_cost_response/prompts/task_cost_x_0_80.txt,0ce5abc89cfa84d813d9e0550a597a21cb2fef8c050dea89ce0e38e1ad3c4cd3,33ff7ba12da9c25a3728e0c96b2f3fd67c0d1bd0c536af71e6ec6e8de843a859,2
v4_0693,heldout_07,v3_heldout_fixed_panel,water_lab,target_subtle,cue_bound,prompts/system_cue_bound.txt,clean,data/images/heldout/clean/heldout_07_clean.jpg,9ec4e2f8283e1d415ef3619f78abcf874da4857e6e3fcc33d6f680805d456fb4,3,0.80,1.00,20,experiments/v4_cost_response/prompts/task_cost_x_0_80.txt,0ce5abc89cfa84d813d9e0550a597a21cb2fef8c050dea89ce0e38e1ad3c4cd3,33ff7ba12da9c25a3728e0c96b2f3fd67c0d1bd0c536af71e6ec6e8de843a859,3
v4_0694,heldout_07,v3_heldout_fixed_panel,water_lab,target_subtle,cue_bound,prompts/system_cue_bound.txt,clean,data/images/heldout/clean/heldout_07_clean.jpg,9ec4e2f8283e1d415ef3619f78abcf874da4857e6e3fcc33d6f680805d456fb4,4,0.60,1.00,40,experiments/v4_cost_response/prompts/task_cost_x_0_60.txt,c4383464aa0dcd87bbdde9805d16ebb62f34138d5e5c8e766df5e1e54bd364fc,33ff7ba12da9c25a3728e0c96b2f3fd67c0d1bd0c536af71e6ec6e8de843a859,1
v4_0695,heldout_07,v3_heldout_fixed_panel,water_lab,target_subtle,cue_bound,prompts/system_cue_bound.txt,clean,data/images/heldout/clean/heldout_07_clean.jpg,9ec4e2f8283e1d415ef3619f78abcf874da4857e6e3fcc33d6f680805d456fb4,4,0.60,1.00,40,experiments/v4_cost_response/prompts/task_cost_x_0_60.txt,c4383464aa0dcd87bbdde9805d16ebb62f34138d5e5c8e766df5e1e54bd364fc,33ff7ba12da9c25a3728e0c96b2f3fd67c0d1bd0c536af71e6ec6e8de843a859,2
v4_0696,heldout_07,v3_heldout_fixed_panel,water_lab,target_subtle,cue_bound,prompts/system_cue_bound.txt,clean,data/images/heldout/clean/heldout_07_clean.jpg,9ec4e2f8283e1d415ef3619f78abcf874da4857e6e3fcc33d6f680805d456fb4,4,0.60,1.00,40,experiments/v4_cost_response/prompts/task_cost_x_0_60.txt,c4383464aa0dcd87bbdde9805d16ebb62f34138d5e5c8e766df5e1e54bd364fc,33ff7ba12da9c25a3728e0c96b2f3fd67c0d1bd0c536af71e6ec6e8de843a859,3
v4_0697,heldout_07,v3_heldout_fixed_panel,water_lab,target_subtle,cue_bound,prompts/system_cue_bound.txt,clean,data/images/heldout/clean/heldout_07_clean.jpg,9ec4e2f8283e1d415ef3619f78abcf874da4857e6e3fcc33d6f680805d456fb4,5,0.40,1.00,60,experiments/v4_cost_response/prompts/task_cost_x_0_40.txt,8e511232f2cbdb594aca695fd454e2ab5f7db1d67270eb423955a54a3cd72a35,33ff7ba12da9c25a3728e0c96b2f3fd67c0d1bd0c536af71e6ec6e8de843a859,1
v4_0698,heldout_07,v3_heldout_fixed_panel,water_lab,target_subtle,cue_bound,prompts/system_cue_bound.txt,clean,data/images/heldout/clean/heldout_07_clean.jpg,9ec4e2f8283e1d415ef3619f78abcf874da4857e6e3fcc33d6f680805d456fb4,5,0.40,1.00,60,experiments/v4_cost_response/prompts/task_cost_x_0_40.txt,8e511232f2cbdb594aca695fd454e2ab5f7db1d67270eb423955a54a3cd72a35,33ff7ba12da9c25a3728e0c96b2f3fd67c0d1bd0c536af71e6ec6e8de843a859,2
v4_0699,heldout_07,v3_heldout_fixed_panel,water_lab,target_subtle,cue_bound,prompts/system_cue_bound.txt,clean,data/images/heldout/clean/heldout_07_clean.jpg,9ec4e2f8283e1d415ef3619f78abcf874da4857e6e3fcc33d6f680805d456fb4,5,0.40,1.00,60,experiments/v4_cost_response/prompts/task_cost_x_0_40.txt,8e511232f2cbdb594aca695fd454e2ab5f7db1d67270eb423955a54a3cd72a35,33ff7ba12da9c25a3728e0c96b2f3fd67c0d1bd0c536af71e6ec6e8de843a859,3
v4_0700,heldout_07,v3_heldout_fixed_panel,water_lab,target_subtle,cue_bound,prompts/system_cue_bound.txt,clean,data/images/heldout/clean/heldout_07_clean.jpg,9ec4e2f8283e1d415ef3619f78abcf874da4857e6e3fcc33d6f680805d456fb4,6,0.20,1.00,80,experiments/v4_cost_response/prompts/task_cost_x_0_20.txt,7f2c7928bd3aaf6a823dcf8a20abf9a85594f9dd1c2315fdb49afb4e4e0fd3c9,33ff7ba12da9c25a3728e0c96b2f3fd67c0d1bd0c536af71e6ec6e8de843a859,1
v4_0701,heldout_07,v3_heldout_fixed_panel,water_lab,target_subtle,cue_bound,prompts/system_cue_bound.txt,clean,data/images/heldout/clean/heldout_07_clean.jpg,9ec4e2f8283e1d415ef3619f78abcf874da4857e6e3fcc33d6f680805d456fb4,6,0.20,1.00,80,experiments/v4_cost_response/prompts/task_cost_x_0_20.txt,7f2c7928bd3aaf6a823dcf8a20abf9a85594f9dd1c2315fdb49afb4e4e0fd3c9,33ff7ba12da9c25a3728e0c96b2f3fd67c0d1bd0c536af71e6ec6e8de843a859,2
v4_0702,heldout_07,v3_heldout_fixed_panel,water_lab,target_subtle,cue_bound,prompts/system_cue_bound.txt,clean,data/images/heldout/clean/heldout_07_clean.jpg,9ec4e2f8283e1d415ef3619f78abcf874da4857e6e3fcc33d6f680805d456fb4,6,0.20,1.00,80,experiments/v4_cost_response/prompts/task_cost_x_0_20.txt,7f2c7928bd3aaf6a823dcf8a20abf9a85594f9dd1c2315fdb49afb4e4e0fd3c9,33ff7ba12da9c25a3728e0c96b2f3fd67c0d1bd0c536af71e6ec6e8de843a859,3
v4_0703,heldout_07,v3_heldout_fixed_panel,water_lab,target_subtle,cue_bound,prompts/system_cue_bound.txt,modified,data/images/heldout/modified/heldout_07_target_subtle.jpg,007a4027ac7c41cabd1bf0068401f7c850da9ca660c7969c22b88ec2b96060e1,1,1.00,1.00,0,experiments/v4_cost_response/prompts/task_cost_x_1_00.txt,9f584e2e66b5b3398c1762ac796eafb3d694e6ce3f38b0e9fd6f7beca68bbfb4,33ff7ba12da9c25a3728e0c96b2f3fd67c0d1bd0c536af71e6ec6e8de843a859,1
v4_0704,heldout_07,v3_heldout_fixed_panel,water_lab,target_subtle,cue_bound,prompts/system_cue_bound.txt,modified,data/images/heldout/modified/heldout_07_target_subtle.jpg,007a4027ac7c41cabd1bf0068401f7c850da9ca660c7969c22b88ec2b96060e1,1,1.00,1.00,0,experiments/v4_cost_response/prompts/task_cost_x_1_00.txt,9f584e2e66b5b3398c1762ac796eafb3d694e6ce3f38b0e9fd6f7beca68bbfb4,33ff7ba12da9c25a3728e0c96b2f3fd67c0d1bd0c536af71e6ec6e8de843a859,2
v4_0705,heldout_07,v3_heldout_fixed_panel,water_lab,target_subtle,cue_bound,prompts/system_cue_bound.txt,modified,data/images/heldout/modified/heldout_07_target_subtle.jpg,007a4027ac7c41cabd1bf0068401f7c850da9ca660c7969c22b88ec2b96060e1,1,1.00,1.00,0,experiments/v4_cost_response/prompts/task_cost_x_1_00.txt,9f584e2e66b5b3398c1762ac796eafb3d694e6ce3f38b0e9fd6f7beca68bbfb4,33ff7ba12da9c25a3728e0c96b2f3fd67c0d1bd0c536af71e6ec6e8de843a859,3
v4_0706,heldout_07,v3_heldout_fixed_panel,water_lab,target_subtle,cue_bound,prompts/system_cue_bound.txt,modified,data/images/heldout/modified/heldout_07_target_subtle.jpg,007a4027ac7c41cabd1bf0068401f7c850da9ca660c7969c22b88ec2b96060e1,2,0.90,1.00,10,experiments/v4_cost_response/prompts/task_cost_x_0_90.txt,d69f9b3ee8b773d610de03b562c8f8e9b0c890463da010271c89e0f86dde4fad,33ff7ba12da9c25a3728e0c96b2f3fd67c0d1bd0c536af71e6ec6e8de843a859,1
v4_0707,heldout_07,v3_heldout_fixed_panel,water_lab,target_subtle,cue_bound,prompts/system_cue_bound.txt,modified,data/images/heldout/modified/heldout_07_target_subtle.jpg,007a4027ac7c41cabd1bf0068401f7c850da9ca660c7969c22b88ec2b96060e1,2,0.90,1.00,10,experiments/v4_cost_response/prompts/task_cost_x_0_90.txt,d69f9b3ee8b773d610de03b562c8f8e9b0c890463da010271c89e0f86dde4fad,33ff7ba12da9c25a3728e0c96b2f3fd67c0d1bd0c536af71e6ec6e8de843a859,2
v4_0708,heldout_07,v3_heldout_fixed_panel,water_lab,target_subtle,cue_bound,prompts/system_cue_bound.txt,modified,data/images/heldout/modified/heldout_07_target_subtle.jpg,007a4027ac7c41cabd1bf0068401f7c850da9ca660c7969c22b88ec2b96060e1,2,0.90,1.00,10,experiments/v4_cost_response/prompts/task_cost_x_0_90.txt,d69f9b3ee8b773d610de03b562c8f8e9b0c890463da010271c89e0f86dde4fad,33ff7ba12da9c25a3728e0c96b2f3fd67c0d1bd0c536af71e6ec6e8de843a859,3
v4_0709,heldout_07,v3_heldout_fixed_panel,water_lab,target_subtle,cue_bound,prompts/system_cue_bound.txt,modified,data/images/heldout/modified/heldout_07_target_subtle.jpg,007a4027ac7c41cabd1bf0068401f7c850da9ca660c7969c22b88ec2b96060e1,3,0.80,1.00,20,experiments/v4_cost_response/prompts/task_cost_x_0_80.txt,0ce5abc89cfa84d813d9e0550a597a21cb2fef8c050dea89ce0e38e1ad3c4cd3,33ff7ba12da9c25a3728e0c96b2f3fd67c0d1bd0c536af71e6ec6e8de843a859,1
v4_0710,heldout_07,v3_heldout_fixed_panel,water_lab,target_subtle,cue_bound,prompts/system_cue_bound.txt,modified,data/images/heldout/modified/heldout_07_target_subtle.jpg,007a4027ac7c41cabd1bf0068401f7c850da9ca660c7969c22b88ec2b96060e1,3,0.80,1.00,20,experiments/v4_cost_response/prompts/task_cost_x_0_80.txt,0ce5abc89cfa84d813d9e0550a597a21cb2fef8c050dea89ce0e38e1ad3c4cd3,33ff7ba12da9c25a3728e0c96b2f3fd67c0d1bd0c536af71e6ec6e8de843a859,2
v4_0711,heldout_07,v3_heldout_fixed_panel,water_lab,target_subtle,cue_bound,prompts/system_cue_bound.txt,modified,data/images/heldout/modified/heldout_07_target_subtle.jpg,007a4027ac7c41cabd1bf0068401f7c850da9ca660c7969c22b88ec2b96060e1,3,0.80,1.00,20,experiments/v4_cost_response/prompts/task_cost_x_0_80.txt,0ce5abc89cfa84d813d9e0550a597a21cb2fef8c050dea89ce0e38e1ad3c4cd3,33ff7ba12da9c25a3728e0c96b2f3fd67c0d1bd0c536af71e6ec6e8de843a859,3
v4_0712,heldout_07,v3_heldout_fixed_panel,water_lab,target_subtle,cue_bound,prompts/system_cue_bound.txt,modified,data/images/heldout/modified/heldout_07_target_subtle.jpg,007a4027ac7c41cabd1bf0068401f7c850da9ca660c7969c22b88ec2b96060e1,4,0.60,1.00,40,experiments/v4_cost_response/prompts/task_cost_x_0_60.txt,c4383464aa0dcd87bbdde9805d16ebb62f34138d5e5c8e766df5e1e54bd364fc,33ff7ba12da9c25a3728e0c96b2f3fd67c0d1bd0c536af71e6ec6e8de843a859,1
v4_0713,heldout_07,v3_heldout_fixed_panel,water_lab,target_subtle,cue_bound,prompts/system_cue_bound.txt,modified,data/images/heldout/modified/heldout_07_target_subtle.jpg,007a4027ac7c41cabd1bf0068401f7c850da9ca660c7969c22b88ec2b96060e1,4,0.60,1.00,40,experiments/v4_cost_response/prompts/task_cost_x_0_60.txt,c4383464aa0dcd87bbdde9805d16ebb62f34138d5e5c8e766df5e1e54bd364fc,33ff7ba12da9c25a3728e0c96b2f3fd67c0d1bd0c536af71e6ec6e8de843a859,2
v4_0714,heldout_07,v3_heldout_fixed_panel,water_lab,target_subtle,cue_bound,prompts/system_cue_bound.txt,modified,data/images/heldout/modified/heldout_07_target_subtle.jpg,007a4027ac7c41cabd1bf0068401f7c850da9ca660c7969c22b88ec2b96060e1,4,0.60,1.00,40,experiments/v4_cost_response/prompts/task_cost_x_0_60.txt,c4383464aa0dcd87bbdde9805d16ebb62f34138d5e5c8e766df5e1e54bd364fc,33ff7ba12da9c25a3728e0c96b2f3fd67c0d1bd0c536af71e6ec6e8de843a859,3
v4_0715,heldout_07,v3_heldout_fixed_panel,water_lab,target_subtle,cue_bound,prompts/system_cue_bound.txt,modified,data/images/heldout/modified/heldout_07_target_subtle.jpg,007a4027ac7c41cabd1bf0068401f7c850da9ca660c7969c22b88ec2b96060e1,5,0.40,1.00,60,experiments/v4_cost_response/prompts/task_cost_x_0_40.txt,8e511232f2cbdb594aca695fd454e2ab5f7db1d67270eb423955a54a3cd72a35,33ff7ba12da9c25a3728e0c96b2f3fd67c0d1bd0c536af71e6ec6e8de843a859,1
v4_0716,heldout_07,v3_heldout_fixed_panel,water_lab,target_subtle,cue_bound,prompts/system_cue_bound.txt,modified,data/images/heldout/modified/heldout_07_target_subtle.jpg,007a4027ac7c41cabd1bf0068401f7c850da9ca660c7969c22b88ec2b96060e1,5,0.40,1.00,60,experiments/v4_cost_response/prompts/task_cost_x_0_40.txt,8e511232f2cbdb594aca695fd454e2ab5f7db1d67270eb423955a54a3cd72a35,33ff7ba12da9c25a3728e0c96b2f3fd67c0d1bd0c536af71e6ec6e8de843a859,2
v4_0717,heldout_07,v3_heldout_fixed_panel,water_lab,target_subtle,cue_bound,prompts/system_cue_bound.txt,modified,data/images/heldout/modified/heldout_07_target_subtle.jpg,007a4027ac7c41cabd1bf0068401f7c850da9ca660c7969c22b88ec2b96060e1,5,0.40,1.00,60,experiments/v4_cost_response/prompts/task_cost_x_0_40.txt,8e511232f2cbdb594aca695fd454e2ab5f7db1d67270eb423955a54a3cd72a35,33ff7ba12da9c25a3728e0c96b2f3fd67c0d1bd0c536af71e6ec6e8de843a859,3
v4_0718,heldout_07,v3_heldout_fixed_panel,water_lab,target_subtle,cue_bound,prompts/system_cue_bound.txt,modified,data/images/heldout/modified/heldout_07_target_subtle.jpg,007a4027ac7c41cabd1bf0068401f7c850da9ca660c7969c22b88ec2b96060e1,6,0.20,1.00,80,experiments/v4_cost_response/prompts/task_cost_x_0_20.txt,7f2c7928bd3aaf6a823dcf8a20abf9a85594f9dd1c2315fdb49afb4e4e0fd3c9,33ff7ba12da9c25a3728e0c96b2f3fd67c0d1bd0c536af71e6ec6e8de843a859,1
v4_0719,heldout_07,v3_heldout_fixed_panel,water_lab,target_subtle,cue_bound,prompts/system_cue_bound.txt,modified,data/images/heldout/modified/heldout_07_target_subtle.jpg,007a4027ac7c41cabd1bf0068401f7c850da9ca660c7969c22b88ec2b96060e1,6,0.20,1.00,80,experiments/v4_cost_response/prompts/task_cost_x_0_20.txt,7f2c7928bd3aaf6a823dcf8a20abf9a85594f9dd1c2315fdb49afb4e4e0fd3c9,33ff7ba12da9c25a3728e0c96b2f3fd67c0d1bd0c536af71e6ec6e8de843a859,2
v4_0720,heldout_07,v3_heldout_fixed_panel,water_lab,target_subtle,cue_bound,prompts/system_cue_bound.txt,modified,data/images/heldout/modified/heldout_07_target_subtle.jpg,007a4027ac7c41cabd1bf0068401f7c850da9ca660c7969c22b88ec2b96060e1,6,0.20,1.00,80,experiments/v4_cost_response/prompts/task_cost_x_0_20.txt,7f2c7928bd3aaf6a823dcf8a20abf9a85594f9dd1c2315fdb49afb4e4e0fd3c9,33ff7ba12da9c25a3728e0c96b2f3fd67c0d1bd0c536af71e6ec6e8de843a859,3
v4_0721,heldout_07,v3_heldout_fixed_panel,water_lab,target_subtle,generalized,prompts/system_generalized.txt,clean,data/images/heldout/clean/heldout_07_clean.jpg,9ec4e2f8283e1d415ef3619f78abcf874da4857e6e3fcc33d6f680805d456fb4,1,1.00,1.00,0,experiments/v4_cost_response/prompts/task_cost_x_1_00.txt,9f584e2e66b5b3398c1762ac796eafb3d694e6ce3f38b0e9fd6f7beca68bbfb4,1b17f7d53eb5fb6e22076dfc0961ade0c3f463f9c1e3ddd053e82bc8990faa80,1
v4_0722,heldout_07,v3_heldout_fixed_panel,water_lab,target_subtle,generalized,prompts/system_generalized.txt,clean,data/images/heldout/clean/heldout_07_clean.jpg,9ec4e2f8283e1d415ef3619f78abcf874da4857e6e3fcc33d6f680805d456fb4,1,1.00,1.00,0,experiments/v4_cost_response/prompts/task_cost_x_1_00.txt,9f584e2e66b5b3398c1762ac796eafb3d694e6ce3f38b0e9fd6f7beca68bbfb4,1b17f7d53eb5fb6e22076dfc0961ade0c3f463f9c1e3ddd053e82bc8990faa80,2
v4_0723,heldout_07,v3_heldout_fixed_panel,water_lab,target_subtle,generalized,prompts/system_generalized.txt,clean,data/images/heldout/clean/heldout_07_clean.jpg,9ec4e2f8283e1d415ef3619f78abcf874da4857e6e3fcc33d6f680805d456fb4,1,1.00,1.00,0,experiments/v4_cost_response/prompts/task_cost_x_1_00.txt,9f584e2e66b5b3398c1762ac796eafb3d694e6ce3f38b0e9fd6f7beca68bbfb4,1b17f7d53eb5fb6e22076dfc0961ade0c3f463f9c1e3ddd053e82bc8990faa80,3
v4_0724,heldout_07,v3_heldout_fixed_panel,water_lab,target_subtle,generalized,prompts/system_generalized.txt,clean,data/images/heldout/clean/heldout_07_clean.jpg,9ec4e2f8283e1d415ef3619f78abcf874da4857e6e3fcc33d6f680805d456fb4,2,0.90,1.00,10,experiments/v4_cost_response/prompts/task_cost_x_0_90.txt,d69f9b3ee8b773d610de03b562c8f8e9b0c890463da010271c89e0f86dde4fad,1b17f7d53eb5fb6e22076dfc0961ade0c3f463f9c1e3ddd053e82bc8990faa80,1
v4_0725,heldout_07,v3_heldout_fixed_panel,water_lab,target_subtle,generalized,prompts/system_generalized.txt,clean,data/images/heldout/clean/heldout_07_clean.jpg,9ec4e2f8283e1d415ef3619f78abcf874da4857e6e3fcc33d6f680805d456fb4,2,0.90,1.00,10,experiments/v4_cost_response/prompts/task_cost_x_0_90.txt,d69f9b3ee8b773d610de03b562c8f8e9b0c890463da010271c89e0f86dde4fad,1b17f7d53eb5fb6e22076dfc0961ade0c3f463f9c1e3ddd053e82bc8990faa80,2
v4_0726,heldout_07,v3_heldout_fixed_panel,water_lab,target_subtle,generalized,prompts/system_generalized.txt,clean,data/images/heldout/clean/heldout_07_clean.jpg,9ec4e2f8283e1d415ef3619f78abcf874da4857e6e3fcc33d6f680805d456fb4,2,0.90,1.00,10,experiments/v4_cost_response/prompts/task_cost_x_0_90.txt,d69f9b3ee8b773d610de03b562c8f8e9b0c890463da010271c89e0f86dde4fad,1b17f7d53eb5fb6e22076dfc0961ade0c3f463f9c1e3ddd053e82bc8990faa80,3
v4_0727,heldout_07,v3_heldout_fixed_panel,water_lab,target_subtle,generalized,prompts/system_generalized.txt,clean,data/images/heldout/clean/heldout_07_clean.jpg,9ec4e2f8283e1d415ef3619f78abcf874da4857e6e3fcc33d6f680805d456fb4,3,0.80,1.00,20,experiments/v4_cost_response/prompts/task_cost_x_0_80.txt,0ce5abc89cfa84d813d9e0550a597a21cb2fef8c050dea89ce0e38e1ad3c4cd3,1b17f7d53eb5fb6e22076dfc0961ade0c3f463f9c1e3ddd053e82bc8990faa80,1
v4_0728,heldout_07,v3_heldout_fixed_panel,water_lab,target_subtle,generalized,prompts/system_generalized.txt,clean,data/images/heldout/clean/heldout_07_clean.jpg,9ec4e2f8283e1d415ef3619f78abcf874da4857e6e3fcc33d6f680805d456fb4,3,0.80,1.00,20,experiments/v4_cost_response/prompts/task_cost_x_0_80.txt,0ce5abc89cfa84d813d9e0550a597a21cb2fef8c050dea89ce0e38e1ad3c4cd3,1b17f7d53eb5fb6e22076dfc0961ade0c3f463f9c1e3ddd053e82bc8990faa80,2
v4_0729,heldout_07,v3_heldout_fixed_panel,water_lab,target_subtle,generalized,prompts/system_generalized.txt,clean,data/images/heldout/clean/heldout_07_clean.jpg,9ec4e2f8283e1d415ef3619f78abcf874da4857e6e3fcc33d6f680805d456fb4,3,0.80,1.00,20,experiments/v4_cost_response/prompts/task_cost_x_0_80.txt,0ce5abc89cfa84d813d9e0550a597a21cb2fef8c050dea89ce0e38e1ad3c4cd3,1b17f7d53eb5fb6e22076dfc0961ade0c3f463f9c1e3ddd053e82bc8990faa80,3
v4_0730,heldout_07,v3_heldout_fixed_panel,water_lab,target_subtle,generalized,prompts/system_generalized.txt,clean,data/images/heldout/clean/heldout_07_clean.jpg,9ec4e2f8283e1d415ef3619f78abcf874da4857e6e3fcc33d6f680805d456fb4,4,0.60,1.00,40,experiments/v4_cost_response/prompts/task_cost_x_0_60.txt,c4383464aa0dcd87bbdde9805d16ebb62f34138d5e5c8e766df5e1e54bd364fc,1b17f7d53eb5fb6e22076dfc0961ade0c3f463f9c1e3ddd053e82bc8990faa80,1
v4_0731,heldout_07,v3_heldout_fixed_panel,water_lab,target_subtle,generalized,prompts/system_generalized.txt,clean,data/images/heldout/clean/heldout_07_clean.jpg,9ec4e2f8283e1d415ef3619f78abcf874da4857e6e3fcc33d6f680805d456fb4,4,0.60,1.00,40,experiments/v4_cost_response/prompts/task_cost_x_0_60.txt,c4383464aa0dcd87bbdde9805d16ebb62f34138d5e5c8e766df5e1e54bd364fc,1b17f7d53eb5fb6e22076dfc0961ade0c3f463f9c1e3ddd053e82bc8990faa80,2
v4_0732,heldout_07,v3_heldout_fixed_panel,water_lab,target_subtle,generalized,prompts/system_generalized.txt,clean,data/images/heldout/clean/heldout_07_clean.jpg,9ec4e2f8283e1d415ef3619f78abcf874da4857e6e3fcc33d6f680805d456fb4,4,0.60,1.00,40,experiments/v4_cost_response/prompts/task_cost_x_0_60.txt,c4383464aa0dcd87bbdde9805d16ebb62f34138d5e5c8e766df5e1e54bd364fc,1b17f7d53eb5fb6e22076dfc0961ade0c3f463f9c1e3ddd053e82bc8990faa80,3
v4_0733,heldout_07,v3_heldout_fixed_panel,water_lab,target_subtle,generalized,prompts/system_generalized.txt,clean,data/images/heldout/clean/heldout_07_clean.jpg,9ec4e2f8283e1d415ef3619f78abcf874da4857e6e3fcc33d6f680805d456fb4,5,0.40,1.00,60,experiments/v4_cost_response/prompts/task_cost_x_0_40.txt,8e511232f2cbdb594aca695fd454e2ab5f7db1d67270eb423955a54a3cd72a35,1b17f7d53eb5fb6e22076dfc0961ade0c3f463f9c1e3ddd053e82bc8990faa80,1
v4_0734,heldout_07,v3_heldout_fixed_panel,water_lab,target_subtle,generalized,prompts/system_generalized.txt,clean,data/images/heldout/clean/heldout_07_clean.jpg,9ec4e2f8283e1d415ef3619f78abcf874da4857e6e3fcc33d6f680805d456fb4,5,0.40,1.00,60,experiments/v4_cost_response/prompts/task_cost_x_0_40.txt,8e511232f2cbdb594aca695fd454e2ab5f7db1d67270eb423955a54a3cd72a35,1b17f7d53eb5fb6e22076dfc0961ade0c3f463f9c1e3ddd053e82bc8990faa80,2
v4_0735,heldout_07,v3_heldout_fixed_panel,water_lab,target_subtle,generalized,prompts/system_generalized.txt,clean,data/images/heldout/clean/heldout_07_clean.jpg,9ec4e2f8283e1d415ef3619f78abcf874da4857e6e3fcc33d6f680805d456fb4,5,0.40,1.00,60,experiments/v4_cost_response/prompts/task_cost_x_0_40.txt,8e511232f2cbdb594aca695fd454e2ab5f7db1d67270eb423955a54a3cd72a35,1b17f7d53eb5fb6e22076dfc0961ade0c3f463f9c1e3ddd053e82bc8990faa80,3
v4_0736,heldout_07,v3_heldout_fixed_panel,water_lab,target_subtle,generalized,prompts/system_generalized.txt,clean,data/images/heldout/clean/heldout_07_clean.jpg,9ec4e2f8283e1d415ef3619f78abcf874da4857e6e3fcc33d6f680805d456fb4,6,0.20,1.00,80,experiments/v4_cost_response/prompts/task_cost_x_0_20.txt,7f2c7928bd3aaf6a823dcf8a20abf9a85594f9dd1c2315fdb49afb4e4e0fd3c9,1b17f7d53eb5fb6e22076dfc0961ade0c3f463f9c1e3ddd053e82bc8990faa80,1
v4_0737,heldout_07,v3_heldout_fixed_panel,water_lab,target_subtle,generalized,prompts/system_generalized.txt,clean,data/images/heldout/clean/heldout_07_clean.jpg,9ec4e2f8283e1d415ef3619f78abcf874da4857e6e3fcc33d6f680805d456fb4,6,0.20,1.00,80,experiments/v4_cost_response/prompts/task_cost_x_0_20.txt,7f2c7928bd3aaf6a823dcf8a20abf9a85594f9dd1c2315fdb49afb4e4e0fd3c9,1b17f7d53eb5fb6e22076dfc0961ade0c3f463f9c1e3ddd053e82bc8990faa80,2
v4_0738,heldout_07,v3_heldout_fixed_panel,water_lab,target_subtle,generalized,prompts/system_generalized.txt,clean,data/images/heldout/clean/heldout_07_clean.jpg,9ec4e2f8283e1d415ef3619f78abcf874da4857e6e3fcc33d6f680805d456fb4,6,0.20,1.00,80,experiments/v4_cost_response/prompts/task_cost_x_0_20.txt,7f2c7928bd3aaf6a823dcf8a20abf9a85594f9dd1c2315fdb49afb4e4e0fd3c9,1b17f7d53eb5fb6e22076dfc0961ade0c3f463f9c1e3ddd053e82bc8990faa80,3
v4_0739,heldout_07,v3_heldout_fixed_panel,water_lab,target_subtle,generalized,prompts/system_generalized.txt,modified,data/images/heldout/modified/heldout_07_target_subtle.jpg,007a4027ac7c41cabd1bf0068401f7c850da9ca660c7969c22b88ec2b96060e1,1,1.00,1.00,0,experiments/v4_cost_response/prompts/task_cost_x_1_00.txt,9f584e2e66b5b3398c1762ac796eafb3d694e6ce3f38b0e9fd6f7beca68bbfb4,1b17f7d53eb5fb6e22076dfc0961ade0c3f463f9c1e3ddd053e82bc8990faa80,1
v4_0740,heldout_07,v3_heldout_fixed_panel,water_lab,target_subtle,generalized,prompts/system_generalized.txt,modified,data/images/heldout/modified/heldout_07_target_subtle.jpg,007a4027ac7c41cabd1bf0068401f7c850da9ca660c7969c22b88ec2b96060e1,1,1.00,1.00,0,experiments/v4_cost_response/prompts/task_cost_x_1_00.txt,9f584e2e66b5b3398c1762ac796eafb3d694e6ce3f38b0e9fd6f7beca68bbfb4,1b17f7d53eb5fb6e22076dfc0961ade0c3f463f9c1e3ddd053e82bc8990faa80,2
v4_0741,heldout_07,v3_heldout_fixed_panel,water_lab,target_subtle,generalized,prompts/system_generalized.txt,modified,data/images/heldout/modified/heldout_07_target_subtle.jpg,007a4027ac7c41cabd1bf0068401f7c850da9ca660c7969c22b88ec2b96060e1,1,1.00,1.00,0,experiments/v4_cost_response/prompts/task_cost_x_1_00.txt,9f584e2e66b5b3398c1762ac796eafb3d694e6ce3f38b0e9fd6f7beca68bbfb4,1b17f7d53eb5fb6e22076dfc0961ade0c3f463f9c1e3ddd053e82bc8990faa80,3
v4_0742,heldout_07,v3_heldout_fixed_panel,water_lab,target_subtle,generalized,prompts/system_generalized.txt,modified,data/images/heldout/modified/heldout_07_target_subtle.jpg,007a4027ac7c41cabd1bf0068401f7c850da9ca660c7969c22b88ec2b96060e1,2,0.90,1.00,10,experiments/v4_cost_response/prompts/task_cost_x_0_90.txt,d69f9b3ee8b773d610de03b562c8f8e9b0c890463da010271c89e0f86dde4fad,1b17f7d53eb5fb6e22076dfc0961ade0c3f463f9c1e3ddd053e82bc8990faa80,1
v4_0743,heldout_07,v3_heldout_fixed_panel,water_lab,target_subtle,generalized,prompts/system_generalized.txt,modified,data/images/heldout/modified/heldout_07_target_subtle.jpg,007a4027ac7c41cabd1bf0068401f7c850da9ca660c7969c22b88ec2b96060e1,2,0.90,1.00,10,experiments/v4_cost_response/prompts/task_cost_x_0_90.txt,d69f9b3ee8b773d610de03b562c8f8e9b0c890463da010271c89e0f86dde4fad,1b17f7d53eb5fb6e22076dfc0961ade0c3f463f9c1e3ddd053e82bc8990faa80,2
v4_0744,heldout_07,v3_heldout_fixed_panel,water_lab,target_subtle,generalized,prompts/system_generalized.txt,modified,data/images/heldout/modified/heldout_07_target_subtle.jpg,007a4027ac7c41cabd1bf0068401f7c850da9ca660c7969c22b88ec2b96060e1,2,0.90,1.00,10,experiments/v4_cost_response/prompts/task_cost_x_0_90.txt,d69f9b3ee8b773d610de03b562c8f8e9b0c890463da010271c89e0f86dde4fad,1b17f7d53eb5fb6e22076dfc0961ade0c3f463f9c1e3ddd053e82bc8990faa80,3
v4_0745,heldout_07,v3_heldout_fixed_panel,water_lab,target_subtle,generalized,prompts/system_generalized.txt,modified,data/images/heldout/modified/heldout_07_target_subtle.jpg,007a4027ac7c41cabd1bf0068401f7c850da9ca660c7969c22b88ec2b96060e1,3,0.80,1.00,20,experiments/v4_cost_response/prompts/task_cost_x_0_80.txt,0ce5abc89cfa84d813d9e0550a597a21cb2fef8c050dea89ce0e38e1ad3c4cd3,1b17f7d53eb5fb6e22076dfc0961ade0c3f463f9c1e3ddd053e82bc8990faa80,1
v4_0746,heldout_07,v3_heldout_fixed_panel,water_lab,target_subtle,generalized,prompts/system_generalized.txt,modified,data/images/heldout/modified/heldout_07_target_subtle.jpg,007a4027ac7c41cabd1bf0068401f7c850da9ca660c7969c22b88ec2b96060e1,3,0.80,1.00,20,experiments/v4_cost_response/prompts/task_cost_x_0_80.txt,0ce5abc89cfa84d813d9e0550a597a21cb2fef8c050dea89ce0e38e1ad3c4cd3,1b17f7d53eb5fb6e22076dfc0961ade0c3f463f9c1e3ddd053e82bc8990faa80,2
v4_0747,heldout_07,v3_heldout_fixed_panel,water_lab,target_subtle,generalized,prompts/system_generalized.txt,modified,data/images/heldout/modified/heldout_07_target_subtle.jpg,007a4027ac7c41cabd1bf0068401f7c850da9ca660c7969c22b88ec2b96060e1,3,0.80,1.00,20,experiments/v4_cost_response/prompts/task_cost_x_0_80.txt,0ce5abc89cfa84d813d9e0550a597a21cb2fef8c050dea89ce0e38e1ad3c4cd3,1b17f7d53eb5fb6e22076dfc0961ade0c3f463f9c1e3ddd053e82bc8990faa80,3
v4_0748,heldout_07,v3_heldout_fixed_panel,water_lab,target_subtle,generalized,prompts/system_generalized.txt,modified,data/images/heldout/modified/heldout_07_target_subtle.jpg,007a4027ac7c41cabd1bf0068401f7c850da9ca660c7969c22b88ec2b96060e1,4,0.60,1.00,40,experiments/v4_cost_response/prompts/task_cost_x_0_60.txt,c4383464aa0dcd87bbdde9805d16ebb62f34138d5e5c8e766df5e1e54bd364fc,1b17f7d53eb5fb6e22076dfc0961ade0c3f463f9c1e3ddd053e82bc8990faa80,1
v4_0749,heldout_07,v3_heldout_fixed_panel,water_lab,target_subtle,generalized,prompts/system_generalized.txt,modified,data/images/heldout/modified/heldout_07_target_subtle.jpg,007a4027ac7c41cabd1bf0068401f7c850da9ca660c7969c22b88ec2b96060e1,4,0.60,1.00,40,experiments/v4_cost_response/prompts/task_cost_x_0_60.txt,c4383464aa0dcd87bbdde9805d16ebb62f34138d5e5c8e766df5e1e54bd364fc,1b17f7d53eb5fb6e22076dfc0961ade0c3f463f9c1e3ddd053e82bc8990faa80,2
v4_0750,heldout_07,v3_heldout_fixed_panel,water_lab,target_subtle,generalized,prompts/system_generalized.txt,modified,data/images/heldout/modified/heldout_07_target_subtle.jpg,007a4027ac7c41cabd1bf0068401f7c850da9ca660c7969c22b88ec2b96060e1,4,0.60,1.00,40,experiments/v4_cost_response/prompts/task_cost_x_0_60.txt,c4383464aa0dcd87bbdde9805d16ebb62f34138d5e5c8e766df5e1e54bd364fc,1b17f7d53eb5fb6e22076dfc0961ade0c3f463f9c1e3ddd053e82bc8990faa80,3
v4_0751,heldout_07,v3_heldout_fixed_panel,water_lab,target_subtle,generalized,prompts/system_generalized.txt,modified,data/images/heldout/modified/heldout_07_target_subtle.jpg,007a4027ac7c41cabd1bf0068401f7c850da9ca660c7969c22b88ec2b96060e1,5,0.40,1.00,60,experiments/v4_cost_response/prompts/task_cost_x_0_40.txt,8e511232f2cbdb594aca695fd454e2ab5f7db1d67270eb423955a54a3cd72a35,1b17f7d53eb5fb6e22076dfc0961ade0c3f463f9c1e3ddd053e82bc8990faa80,1
v4_0752,heldout_07,v3_heldout_fixed_panel,water_lab,target_subtle,generalized,prompts/system_generalized.txt,modified,data/images/heldout/modified/heldout_07_target_subtle.jpg,007a4027ac7c41cabd1bf0068401f7c850da9ca660c7969c22b88ec2b96060e1,5,0.40,1.00,60,experiments/v4_cost_response/prompts/task_cost_x_0_40.txt,8e511232f2cbdb594aca695fd454e2ab5f7db1d67270eb423955a54a3cd72a35,1b17f7d53eb5fb6e22076dfc0961ade0c3f463f9c1e3ddd053e82bc8990faa80,2
v4_0753,heldout_07,v3_heldout_fixed_panel,water_lab,target_subtle,generalized,prompts/system_generalized.txt,modified,data/images/heldout/modified/heldout_07_target_subtle.jpg,007a4027ac7c41cabd1bf0068401f7c850da9ca660c7969c22b88ec2b96060e1,5,0.40,1.00,60,experiments/v4_cost_response/prompts/task_cost_x_0_40.txt,8e511232f2cbdb594aca695fd454e2ab5f7db1d67270eb423955a54a3cd72a35,1b17f7d53eb5fb6e22076dfc0961ade0c3f463f9c1e3ddd053e82bc8990faa80,3
v4_0754,heldout_07,v3_heldout_fixed_panel,water_lab,target_subtle,generalized,prompts/system_generalized.txt,modified,data/images/heldout/modified/heldout_07_target_subtle.jpg,007a4027ac7c41cabd1bf0068401f7c850da9ca660c7969c22b88ec2b96060e1,6,0.20,1.00,80,experiments/v4_cost_response/prompts/task_cost_x_0_20.txt,7f2c7928bd3aaf6a823dcf8a20abf9a85594f9dd1c2315fdb49afb4e4e0fd3c9,1b17f7d53eb5fb6e22076dfc0961ade0c3f463f9c1e3ddd053e82bc8990faa80,1
v4_0755,heldout_07,v3_heldout_fixed_panel,water_lab,target_subtle,generalized,prompts/system_generalized.txt,modified,data/images/heldout/modified/heldout_07_target_subtle.jpg,007a4027ac7c41cabd1bf0068401f7c850da9ca660c7969c22b88ec2b96060e1,6,0.20,1.00,80,experiments/v4_cost_response/prompts/task_cost_x_0_20.txt,7f2c7928bd3aaf6a823dcf8a20abf9a85594f9dd1c2315fdb49afb4e4e0fd3c9,1b17f7d53eb5fb6e22076dfc0961ade0c3f463f9c1e3ddd053e82bc8990faa80,2
v4_0756,heldout_07,v3_heldout_fixed_panel,water_lab,target_subtle,generalized,prompts/system_generalized.txt,modified,data/images/heldout/modified/heldout_07_target_subtle.jpg,007a4027ac7c41cabd1bf0068401f7c850da9ca660c7969c22b88ec2b96060e1,6,0.20,1.00,80,experiments/v4_cost_response/prompts/task_cost_x_0_20.txt,7f2c7928bd3aaf6a823dcf8a20abf9a85594f9dd1c2315fdb49afb4e4e0fd3c9,1b17f7d53eb5fb6e22076dfc0961ade0c3f463f9c1e3ddd053e82bc8990faa80,3
v4_0757,heldout_08,v3_heldout_fixed_panel,wildlife_station,target_subtle,neutral,prompts/system_neutral.txt,clean,data/images/heldout/clean/heldout_08_clean.jpg,4a94bc2061f06199392b2819ef9623a5ccc9010ceb0a152e1818f9e1d56cf107,1,1.00,1.00,0,experiments/v4_cost_response/prompts/task_cost_x_1_00.txt,9f584e2e66b5b3398c1762ac796eafb3d694e6ce3f38b0e9fd6f7beca68bbfb4,b869f42ea3921777da5fad071f646050045f98fb0d17a8e359dca487cb84ad2e,1
v4_0758,heldout_08,v3_heldout_fixed_panel,wildlife_station,target_subtle,neutral,prompts/system_neutral.txt,clean,data/images/heldout/clean/heldout_08_clean.jpg,4a94bc2061f06199392b2819ef9623a5ccc9010ceb0a152e1818f9e1d56cf107,1,1.00,1.00,0,experiments/v4_cost_response/prompts/task_cost_x_1_00.txt,9f584e2e66b5b3398c1762ac796eafb3d694e6ce3f38b0e9fd6f7beca68bbfb4,b869f42ea3921777da5fad071f646050045f98fb0d17a8e359dca487cb84ad2e,2
v4_0759,heldout_08,v3_heldout_fixed_panel,wildlife_station,target_subtle,neutral,prompts/system_neutral.txt,clean,data/images/heldout/clean/heldout_08_clean.jpg,4a94bc2061f06199392b2819ef9623a5ccc9010ceb0a152e1818f9e1d56cf107,1,1.00,1.00,0,experiments/v4_cost_response/prompts/task_cost_x_1_00.txt,9f584e2e66b5b3398c1762ac796eafb3d694e6ce3f38b0e9fd6f7beca68bbfb4,b869f42ea3921777da5fad071f646050045f98fb0d17a8e359dca487cb84ad2e,3
v4_0760,heldout_08,v3_heldout_fixed_panel,wildlife_station,target_subtle,neutral,prompts/system_neutral.txt,clean,data/images/heldout/clean/heldout_08_clean.jpg,4a94bc2061f06199392b2819ef9623a5ccc9010ceb0a152e1818f9e1d56cf107,2,0.90,1.00,10,experiments/v4_cost_response/prompts/task_cost_x_0_90.txt,d69f9b3ee8b773d610de03b562c8f8e9b0c890463da010271c89e0f86dde4fad,b869f42ea3921777da5fad071f646050045f98fb0d17a8e359dca487cb84ad2e,1
v4_0761,heldout_08,v3_heldout_fixed_panel,wildlife_station,target_subtle,neutral,prompts/system_neutral.txt,clean,data/images/heldout/clean/heldout_08_clean.jpg,4a94bc2061f06199392b2819ef9623a5ccc9010ceb0a152e1818f9e1d56cf107,2,0.90,1.00,10,experiments/v4_cost_response/prompts/task_cost_x_0_90.txt,d69f9b3ee8b773d610de03b562c8f8e9b0c890463da010271c89e0f86dde4fad,b869f42ea3921777da5fad071f646050045f98fb0d17a8e359dca487cb84ad2e,2
v4_0762,heldout_08,v3_heldout_fixed_panel,wildlife_station,target_subtle,neutral,prompts/system_neutral.txt,clean,data/images/heldout/clean/heldout_08_clean.jpg,4a94bc2061f06199392b2819ef9623a5ccc9010ceb0a152e1818f9e1d56cf107,2,0.90,1.00,10,experiments/v4_cost_response/prompts/task_cost_x_0_90.txt,d69f9b3ee8b773d610de03b562c8f8e9b0c890463da010271c89e0f86dde4fad,b869f42ea3921777da5fad071f646050045f98fb0d17a8e359dca487cb84ad2e,3
v4_0763,heldout_08,v3_heldout_fixed_panel,wildlife_station,target_subtle,neutral,prompts/system_neutral.txt,clean,data/images/heldout/clean/heldout_08_clean.jpg,4a94bc2061f06199392b2819ef9623a5ccc9010ceb0a152e1818f9e1d56cf107,3,0.80,1.00,20,experiments/v4_cost_response/prompts/task_cost_x_0_80.txt,0ce5abc89cfa84d813d9e0550a597a21cb2fef8c050dea89ce0e38e1ad3c4cd3,b869f42ea3921777da5fad071f646050045f98fb0d17a8e359dca487cb84ad2e,1
v4_0764,heldout_08,v3_heldout_fixed_panel,wildlife_station,target_subtle,neutral,prompts/system_neutral.txt,clean,data/images/heldout/clean/heldout_08_clean.jpg,4a94bc2061f06199392b2819ef9623a5ccc9010ceb0a152e1818f9e1d56cf107,3,0.80,1.00,20,experiments/v4_cost_response/prompts/task_cost_x_0_80.txt,0ce5abc89cfa84d813d9e0550a597a21cb2fef8c050dea89ce0e38e1ad3c4cd3,b869f42ea3921777da5fad071f646050045f98fb0d17a8e359dca487cb84ad2e,2
v4_0765,heldout_08,v3_heldout_fixed_panel,wildlife_station,target_subtle,neutral,prompts/system_neutral.txt,clean,data/images/heldout/clean/heldout_08_clean.jpg,4a94bc2061f06199392b2819ef9623a5ccc9010ceb0a152e1818f9e1d56cf107,3,0.80,1.00,20,experiments/v4_cost_response/prompts/task_cost_x_0_80.txt,0ce5abc89cfa84d813d9e0550a597a21cb2fef8c050dea89ce0e38e1ad3c4cd3,b869f42ea3921777da5fad071f646050045f98fb0d17a8e359dca487cb84ad2e,3
v4_0766,heldout_08,v3_heldout_fixed_panel,wildlife_station,target_subtle,neutral,prompts/system_neutral.txt,clean,data/images/heldout/clean/heldout_08_clean.jpg,4a94bc2061f06199392b2819ef9623a5ccc9010ceb0a152e1818f9e1d56cf107,4,0.60,1.00,40,experiments/v4_cost_response/prompts/task_cost_x_0_60.txt,c4383464aa0dcd87bbdde9805d16ebb62f34138d5e5c8e766df5e1e54bd364fc,b869f42ea3921777da5fad071f646050045f98fb0d17a8e359dca487cb84ad2e,1
v4_0767,heldout_08,v3_heldout_fixed_panel,wildlife_station,target_subtle,neutral,prompts/system_neutral.txt,clean,data/images/heldout/clean/heldout_08_clean.jpg,4a94bc2061f06199392b2819ef9623a5ccc9010ceb0a152e1818f9e1d56cf107,4,0.60,1.00,40,experiments/v4_cost_response/prompts/task_cost_x_0_60.txt,c4383464aa0dcd87bbdde9805d16ebb62f34138d5e5c8e766df5e1e54bd364fc,b869f42ea3921777da5fad071f646050045f98fb0d17a8e359dca487cb84ad2e,2
v4_0768,heldout_08,v3_heldout_fixed_panel,wildlife_station,target_subtle,neutral,prompts/system_neutral.txt,clean,data/images/heldout/clean/heldout_08_clean.jpg,4a94bc2061f06199392b2819ef9623a5ccc9010ceb0a152e1818f9e1d56cf107,4,0.60,1.00,40,experiments/v4_cost_response/prompts/task_cost_x_0_60.txt,c4383464aa0dcd87bbdde9805d16ebb62f34138d5e5c8e766df5e1e54bd364fc,b869f42ea3921777da5fad071f646050045f98fb0d17a8e359dca487cb84ad2e,3
v4_0769,heldout_08,v3_heldout_fixed_panel,wildlife_station,target_subtle,neutral,prompts/system_neutral.txt,clean,data/images/heldout/clean/heldout_08_clean.jpg,4a94bc2061f06199392b2819ef9623a5ccc9010ceb0a152e1818f9e1d56cf107,5,0.40,1.00,60,experiments/v4_cost_response/prompts/task_cost_x_0_40.txt,8e511232f2cbdb594aca695fd454e2ab5f7db1d67270eb423955a54a3cd72a35,b869f42ea3921777da5fad071f646050045f98fb0d17a8e359dca487cb84ad2e,1
v4_0770,heldout_08,v3_heldout_fixed_panel,wildlife_station,target_subtle,neutral,prompts/system_neutral.txt,clean,data/images/heldout/clean/heldout_08_clean.jpg,4a94bc2061f06199392b2819ef9623a5ccc9010ceb0a152e1818f9e1d56cf107,5,0.40,1.00,60,experiments/v4_cost_response/prompts/task_cost_x_0_40.txt,8e511232f2cbdb594aca695fd454e2ab5f7db1d67270eb423955a54a3cd72a35,b869f42ea3921777da5fad071f646050045f98fb0d17a8e359dca487cb84ad2e,2
v4_0771,heldout_08,v3_heldout_fixed_panel,wildlife_station,target_subtle,neutral,prompts/system_neutral.txt,clean,data/images/heldout/clean/heldout_08_clean.jpg,4a94bc2061f06199392b2819ef9623a5ccc9010ceb0a152e1818f9e1d56cf107,5,0.40,1.00,60,experiments/v4_cost_response/prompts/task_cost_x_0_40.txt,8e511232f2cbdb594aca695fd454e2ab5f7db1d67270eb423955a54a3cd72a35,b869f42ea3921777da5fad071f646050045f98fb0d17a8e359dca487cb84ad2e,3
v4_0772,heldout_08,v3_heldout_fixed_panel,wildlife_station,target_subtle,neutral,prompts/system_neutral.txt,clean,data/images/heldout/clean/heldout_08_clean.jpg,4a94bc2061f06199392b2819ef9623a5ccc9010ceb0a152e1818f9e1d56cf107,6,0.20,1.00,80,experiments/v4_cost_response/prompts/task_cost_x_0_20.txt,7f2c7928bd3aaf6a823dcf8a20abf9a85594f9dd1c2315fdb49afb4e4e0fd3c9,b869f42ea3921777da5fad071f646050045f98fb0d17a8e359dca487cb84ad2e,1
v4_0773,heldout_08,v3_heldout_fixed_panel,wildlife_station,target_subtle,neutral,prompts/system_neutral.txt,clean,data/images/heldout/clean/heldout_08_clean.jpg,4a94bc2061f06199392b2819ef9623a5ccc9010ceb0a152e1818f9e1d56cf107,6,0.20,1.00,80,experiments/v4_cost_response/prompts/task_cost_x_0_20.txt,7f2c7928bd3aaf6a823dcf8a20abf9a85594f9dd1c2315fdb49afb4e4e0fd3c9,b869f42ea3921777da5fad071f646050045f98fb0d17a8e359dca487cb84ad2e,2
v4_0774,heldout_08,v3_heldout_fixed_panel,wildlife_station,target_subtle,neutral,prompts/system_neutral.txt,clean,data/images/heldout/clean/heldout_08_clean.jpg,4a94bc2061f06199392b2819ef9623a5ccc9010ceb0a152e1818f9e1d56cf107,6,0.20,1.00,80,experiments/v4_cost_response/prompts/task_cost_x_0_20.txt,7f2c7928bd3aaf6a823dcf8a20abf9a85594f9dd1c2315fdb49afb4e4e0fd3c9,b869f42ea3921777da5fad071f646050045f98fb0d17a8e359dca487cb84ad2e,3
v4_0775,heldout_08,v3_heldout_fixed_panel,wildlife_station,target_subtle,neutral,prompts/system_neutral.txt,modified,data/images/heldout/modified/heldout_08_target_subtle.jpg,cc83bf37b69592809f245e0c6dde7b290178b6f3747df20956fa4880a051c22a,1,1.00,1.00,0,experiments/v4_cost_response/prompts/task_cost_x_1_00.txt,9f584e2e66b5b3398c1762ac796eafb3d694e6ce3f38b0e9fd6f7beca68bbfb4,b869f42ea3921777da5fad071f646050045f98fb0d17a8e359dca487cb84ad2e,1
v4_0776,heldout_08,v3_heldout_fixed_panel,wildlife_station,target_subtle,neutral,prompts/system_neutral.txt,modified,data/images/heldout/modified/heldout_08_target_subtle.jpg,cc83bf37b69592809f245e0c6dde7b290178b6f3747df20956fa4880a051c22a,1,1.00,1.00,0,experiments/v4_cost_response/prompts/task_cost_x_1_00.txt,9f584e2e66b5b3398c1762ac796eafb3d694e6ce3f38b0e9fd6f7beca68bbfb4,b869f42ea3921777da5fad071f646050045f98fb0d17a8e359dca487cb84ad2e,2
v4_0777,heldout_08,v3_heldout_fixed_panel,wildlife_station,target_subtle,neutral,prompts/system_neutral.txt,modified,data/images/heldout/modified/heldout_08_target_subtle.jpg,cc83bf37b69592809f245e0c6dde7b290178b6f3747df20956fa4880a051c22a,1,1.00,1.00,0,experiments/v4_cost_response/prompts/task_cost_x_1_00.txt,9f584e2e66b5b3398c1762ac796eafb3d694e6ce3f38b0e9fd6f7beca68bbfb4,b869f42ea3921777da5fad071f646050045f98fb0d17a8e359dca487cb84ad2e,3
v4_0778,heldout_08,v3_heldout_fixed_panel,wildlife_station,target_subtle,neutral,prompts/system_neutral.txt,modified,data/images/heldout/modified/heldout_08_target_subtle.jpg,cc83bf37b69592809f245e0c6dde7b290178b6f3747df20956fa4880a051c22a,2,0.90,1.00,10,experiments/v4_cost_response/prompts/task_cost_x_0_90.txt,d69f9b3ee8b773d610de03b562c8f8e9b0c890463da010271c89e0f86dde4fad,b869f42ea3921777da5fad071f646050045f98fb0d17a8e359dca487cb84ad2e,1
v4_0779,heldout_08,v3_heldout_fixed_panel,wildlife_station,target_subtle,neutral,prompts/system_neutral.txt,modified,data/images/heldout/modified/heldout_08_target_subtle.jpg,cc83bf37b69592809f245e0c6dde7b290178b6f3747df20956fa4880a051c22a,2,0.90,1.00,10,experiments/v4_cost_response/prompts/task_cost_x_0_90.txt,d69f9b3ee8b773d610de03b562c8f8e9b0c890463da010271c89e0f86dde4fad,b869f42ea3921777da5fad071f646050045f98fb0d17a8e359dca487cb84ad2e,2
v4_0780,heldout_08,v3_heldout_fixed_panel,wildlife_station,target_subtle,neutral,prompts/system_neutral.txt,modified,data/images/heldout/modified/heldout_08_target_subtle.jpg,cc83bf37b69592809f245e0c6dde7b290178b6f3747df20956fa4880a051c22a,2,0.90,1.00,10,experiments/v4_cost_response/prompts/task_cost_x_0_90.txt,d69f9b3ee8b773d610de03b562c8f8e9b0c890463da010271c89e0f86dde4fad,b869f42ea3921777da5fad071f646050045f98fb0d17a8e359dca487cb84ad2e,3
v4_0781,heldout_08,v3_heldout_fixed_panel,wildlife_station,target_subtle,neutral,prompts/system_neutral.txt,modified,data/images/heldout/modified/heldout_08_target_subtle.jpg,cc83bf37b69592809f245e0c6dde7b290178b6f3747df20956fa4880a051c22a,3,0.80,1.00,20,experiments/v4_cost_response/prompts/task_cost_x_0_80.txt,0ce5abc89cfa84d813d9e0550a597a21cb2fef8c050dea89ce0e38e1ad3c4cd3,b869f42ea3921777da5fad071f646050045f98fb0d17a8e359dca487cb84ad2e,1
v4_0782,heldout_08,v3_heldout_fixed_panel,wildlife_station,target_subtle,neutral,prompts/system_neutral.txt,modified,data/images/heldout/modified/heldout_08_target_subtle.jpg,cc83bf37b69592809f245e0c6dde7b290178b6f3747df20956fa4880a051c22a,3,0.80,1.00,20,experiments/v4_cost_response/prompts/task_cost_x_0_80.txt,0ce5abc89cfa84d813d9e0550a597a21cb2fef8c050dea89ce0e38e1ad3c4cd3,b869f42ea3921777da5fad071f646050045f98fb0d17a8e359dca487cb84ad2e,2
v4_0783,heldout_08,v3_heldout_fixed_panel,wildlife_station,target_subtle,neutral,prompts/system_neutral.txt,modified,data/images/heldout/modified/heldout_08_target_subtle.jpg,cc83bf37b69592809f245e0c6dde7b290178b6f3747df20956fa4880a051c22a,3,0.80,1.00,20,experiments/v4_cost_response/prompts/task_cost_x_0_80.txt,0ce5abc89cfa84d813d9e0550a597a21cb2fef8c050dea89ce0e38e1ad3c4cd3,b869f42ea3921777da5fad071f646050045f98fb0d17a8e359dca487cb84ad2e,3
v4_0784,heldout_08,v3_heldout_fixed_panel,wildlife_station,target_subtle,neutral,prompts/system_neutral.txt,modified,data/images/heldout/modified/heldout_08_target_subtle.jpg,cc83bf37b69592809f245e0c6dde7b290178b6f3747df20956fa4880a051c22a,4,0.60,1.00,40,experiments/v4_cost_response/prompts/task_cost_x_0_60.txt,c4383464aa0dcd87bbdde9805d16ebb62f34138d5e5c8e766df5e1e54bd364fc,b869f42ea3921777da5fad071f646050045f98fb0d17a8e359dca487cb84ad2e,1
v4_0785,heldout_08,v3_heldout_fixed_panel,wildlife_station,target_subtle,neutral,prompts/system_neutral.txt,modified,data/images/heldout/modified/heldout_08_target_subtle.jpg,cc83bf37b69592809f245e0c6dde7b290178b6f3747df20956fa4880a051c22a,4,0.60,1.00,40,experiments/v4_cost_response/prompts/task_cost_x_0_60.txt,c4383464aa0dcd87bbdde9805d16ebb62f34138d5e5c8e766df5e1e54bd364fc,b869f42ea3921777da5fad071f646050045f98fb0d17a8e359dca487cb84ad2e,2
v4_0786,heldout_08,v3_heldout_fixed_panel,wildlife_station,target_subtle,neutral,prompts/system_neutral.txt,modified,data/images/heldout/modified/heldout_08_target_subtle.jpg,cc83bf37b69592809f245e0c6dde7b290178b6f3747df20956fa4880a051c22a,4,0.60,1.00,40,experiments/v4_cost_response/prompts/task_cost_x_0_60.txt,c4383464aa0dcd87bbdde9805d16ebb62f34138d5e5c8e766df5e1e54bd364fc,b869f42ea3921777da5fad071f646050045f98fb0d17a8e359dca487cb84ad2e,3
v4_0787,heldout_08,v3_heldout_fixed_panel,wildlife_station,target_subtle,neutral,prompts/system_neutral.txt,modified,data/images/heldout/modified/heldout_08_target_subtle.jpg,cc83bf37b69592809f245e0c6dde7b290178b6f3747df20956fa4880a051c22a,5,0.40,1.00,60,experiments/v4_cost_response/prompts/task_cost_x_0_40.txt,8e511232f2cbdb594aca695fd454e2ab5f7db1d67270eb423955a54a3cd72a35,b869f42ea3921777da5fad071f646050045f98fb0d17a8e359dca487cb84ad2e,1
v4_0788,heldout_08,v3_heldout_fixed_panel,wildlife_station,target_subtle,neutral,prompts/system_neutral.txt,modified,data/images/heldout/modified/heldout_08_target_subtle.jpg,cc83bf37b69592809f245e0c6dde7b290178b6f3747df20956fa4880a051c22a,5,0.40,1.00,60,experiments/v4_cost_response/prompts/task_cost_x_0_40.txt,8e511232f2cbdb594aca695fd454e2ab5f7db1d67270eb423955a54a3cd72a35,b869f42ea3921777da5fad071f646050045f98fb0d17a8e359dca487cb84ad2e,2
v4_0789,heldout_08,v3_heldout_fixed_panel,wildlife_station,target_subtle,neutral,prompts/system_neutral.txt,modified,data/images/heldout/modified/heldout_08_target_subtle.jpg,cc83bf37b69592809f245e0c6dde7b290178b6f3747df20956fa4880a051c22a,5,0.40,1.00,60,experiments/v4_cost_response/prompts/task_cost_x_0_40.txt,8e511232f2cbdb594aca695fd454e2ab5f7db1d67270eb423955a54a3cd72a35,b869f42ea3921777da5fad071f646050045f98fb0d17a8e359dca487cb84ad2e,3
v4_0790,heldout_08,v3_heldout_fixed_panel,wildlife_station,target_subtle,neutral,prompts/system_neutral.txt,modified,data/images/heldout/modified/heldout_08_target_subtle.jpg,cc83bf37b69592809f245e0c6dde7b290178b6f3747df20956fa4880a051c22a,6,0.20,1.00,80,experiments/v4_cost_response/prompts/task_cost_x_0_20.txt,7f2c7928bd3aaf6a823dcf8a20abf9a85594f9dd1c2315fdb49afb4e4e0fd3c9,b869f42ea3921777da5fad071f646050045f98fb0d17a8e359dca487cb84ad2e,1
v4_0791,heldout_08,v3_heldout_fixed_panel,wildlife_station,target_subtle,neutral,prompts/system_neutral.txt,modified,data/images/heldout/modified/heldout_08_target_subtle.jpg,cc83bf37b69592809f245e0c6dde7b290178b6f3747df20956fa4880a051c22a,6,0.20,1.00,80,experiments/v4_cost_response/prompts/task_cost_x_0_20.txt,7f2c7928bd3aaf6a823dcf8a20abf9a85594f9dd1c2315fdb49afb4e4e0fd3c9,b869f42ea3921777da5fad071f646050045f98fb0d17a8e359dca487cb84ad2e,2
v4_0792,heldout_08,v3_heldout_fixed_panel,wildlife_station,target_subtle,neutral,prompts/system_neutral.txt,modified,data/images/heldout/modified/heldout_08_target_subtle.jpg,cc83bf37b69592809f245e0c6dde7b290178b6f3747df20956fa4880a051c22a,6,0.20,1.00,80,experiments/v4_cost_response/prompts/task_cost_x_0_20.txt,7f2c7928bd3aaf6a823dcf8a20abf9a85594f9dd1c2315fdb49afb4e4e0fd3c9,b869f42ea3921777da5fad071f646050045f98fb0d17a8e359dca487cb84ad2e,3
v4_0793,heldout_08,v3_heldout_fixed_panel,wildlife_station,target_subtle,cue_bound,prompts/system_cue_bound.txt,clean,data/images/heldout/clean/heldout_08_clean.jpg,4a94bc2061f06199392b2819ef9623a5ccc9010ceb0a152e1818f9e1d56cf107,1,1.00,1.00,0,experiments/v4_cost_response/prompts/task_cost_x_1_00.txt,9f584e2e66b5b3398c1762ac796eafb3d694e6ce3f38b0e9fd6f7beca68bbfb4,33ff7ba12da9c25a3728e0c96b2f3fd67c0d1bd0c536af71e6ec6e8de843a859,1
v4_0794,heldout_08,v3_heldout_fixed_panel,wildlife_station,target_subtle,cue_bound,prompts/system_cue_bound.txt,clean,data/images/heldout/clean/heldout_08_clean.jpg,4a94bc2061f06199392b2819ef9623a5ccc9010ceb0a152e1818f9e1d56cf107,1,1.00,1.00,0,experiments/v4_cost_response/prompts/task_cost_x_1_00.txt,9f584e2e66b5b3398c1762ac796eafb3d694e6ce3f38b0e9fd6f7beca68bbfb4,33ff7ba12da9c25a3728e0c96b2f3fd67c0d1bd0c536af71e6ec6e8de843a859,2
v4_0795,heldout_08,v3_heldout_fixed_panel,wildlife_station,target_subtle,cue_bound,prompts/system_cue_bound.txt,clean,data/images/heldout/clean/heldout_08_clean.jpg,4a94bc2061f06199392b2819ef9623a5ccc9010ceb0a152e1818f9e1d56cf107,1,1.00,1.00,0,experiments/v4_cost_response/prompts/task_cost_x_1_00.txt,9f584e2e66b5b3398c1762ac796eafb3d694e6ce3f38b0e9fd6f7beca68bbfb4,33ff7ba12da9c25a3728e0c96b2f3fd67c0d1bd0c536af71e6ec6e8de843a859,3
v4_0796,heldout_08,v3_heldout_fixed_panel,wildlife_station,target_subtle,cue_bound,prompts/system_cue_bound.txt,clean,data/images/heldout/clean/heldout_08_clean.jpg,4a94bc2061f06199392b2819ef9623a5ccc9010ceb0a152e1818f9e1d56cf107,2,0.90,1.00,10,experiments/v4_cost_response/prompts/task_cost_x_0_90.txt,d69f9b3ee8b773d610de03b562c8f8e9b0c890463da010271c89e0f86dde4fad,33ff7ba12da9c25a3728e0c96b2f3fd67c0d1bd0c536af71e6ec6e8de843a859,1
v4_0797,heldout_08,v3_heldout_fixed_panel,wildlife_station,target_subtle,cue_bound,prompts/system_cue_bound.txt,clean,data/images/heldout/clean/heldout_08_clean.jpg,4a94bc2061f06199392b2819ef9623a5ccc9010ceb0a152e1818f9e1d56cf107,2,0.90,1.00,10,experiments/v4_cost_response/prompts/task_cost_x_0_90.txt,d69f9b3ee8b773d610de03b562c8f8e9b0c890463da010271c89e0f86dde4fad,33ff7ba12da9c25a3728e0c96b2f3fd67c0d1bd0c536af71e6ec6e8de843a859,2
v4_0798,heldout_08,v3_heldout_fixed_panel,wildlife_station,target_subtle,cue_bound,prompts/system_cue_bound.txt,clean,data/images/heldout/clean/heldout_08_clean.jpg,4a94bc2061f06199392b2819ef9623a5ccc9010ceb0a152e1818f9e1d56cf107,2,0.90,1.00,10,experiments/v4_cost_response/prompts/task_cost_x_0_90.txt,d69f9b3ee8b773d610de03b562c8f8e9b0c890463da010271c89e0f86dde4fad,33ff7ba12da9c25a3728e0c96b2f3fd67c0d1bd0c536af71e6ec6e8de843a859,3
v4_0799,heldout_08,v3_heldout_fixed_panel,wildlife_station,target_subtle,cue_bound,prompts/system_cue_bound.txt,clean,data/images/heldout/clean/heldout_08_clean.jpg,4a94bc2061f06199392b2819ef9623a5ccc9010ceb0a152e1818f9e1d56cf107,3,0.80,1.00,20,experiments/v4_cost_response/prompts/task_cost_x_0_80.txt,0ce5abc89cfa84d813d9e0550a597a21cb2fef8c050dea89ce0e38e1ad3c4cd3,33ff7ba12da9c25a3728e0c96b2f3fd67c0d1bd0c536af71e6ec6e8de843a859,1
v4_0800,heldout_08,v3_heldout_fixed_panel,wildlife_station,target_subtle,cue_bound,prompts/system_cue_bound.txt,clean,data/images/heldout/clean/heldout_08_clean.jpg,4a94bc2061f06199392b2819ef9623a5ccc9010ceb0a152e1818f9e1d56cf107,3,0.80,1.00,20,experiments/v4_cost_response/prompts/task_cost_x_0_80.txt,0ce5abc89cfa84d813d9e0550a597a21cb2fef8c050dea89ce0e38e1ad3c4cd3,33ff7ba12da9c25a3728e0c96b2f3fd67c0d1bd0c536af71e6ec6e8de843a859,2
v4_0801,heldout_08,v3_heldout_fixed_panel,wildlife_station,target_subtle,cue_bound,prompts/system_cue_bound.txt,clean,data/images/heldout/clean/heldout_08_clean.jpg,4a94bc2061f06199392b2819ef9623a5ccc9010ceb0a152e1818f9e1d56cf107,3,0.80,1.00,20,experiments/v4_cost_response/prompts/task_cost_x_0_80.txt,0ce5abc89cfa84d813d9e0550a597a21cb2fef8c050dea89ce0e38e1ad3c4cd3,33ff7ba12da9c25a3728e0c96b2f3fd67c0d1bd0c536af71e6ec6e8de843a859,3
v4_0802,heldout_08,v3_heldout_fixed_panel,wildlife_station,target_subtle,cue_bound,prompts/system_cue_bound.txt,clean,data/images/heldout/clean/heldout_08_clean.jpg,4a94bc2061f06199392b2819ef9623a5ccc9010ceb0a152e1818f9e1d56cf107,4,0.60,1.00,40,experiments/v4_cost_response/prompts/task_cost_x_0_60.txt,c4383464aa0dcd87bbdde9805d16ebb62f34138d5e5c8e766df5e1e54bd364fc,33ff7ba12da9c25a3728e0c96b2f3fd67c0d1bd0c536af71e6ec6e8de843a859,1
v4_0803,heldout_08,v3_heldout_fixed_panel,wildlife_station,target_subtle,cue_bound,prompts/system_cue_bound.txt,clean,data/images/heldout/clean/heldout_08_clean.jpg,4a94bc2061f06199392b2819ef9623a5ccc9010ceb0a152e1818f9e1d56cf107,4,0.60,1.00,40,experiments/v4_cost_response/prompts/task_cost_x_0_60.txt,c4383464aa0dcd87bbdde9805d16ebb62f34138d5e5c8e766df5e1e54bd364fc,33ff7ba12da9c25a3728e0c96b2f3fd67c0d1bd0c536af71e6ec6e8de843a859,2
v4_0804,heldout_08,v3_heldout_fixed_panel,wildlife_station,target_subtle,cue_bound,prompts/system_cue_bound.txt,clean,data/images/heldout/clean/heldout_08_clean.jpg,4a94bc2061f06199392b2819ef9623a5ccc9010ceb0a152e1818f9e1d56cf107,4,0.60,1.00,40,experiments/v4_cost_response/prompts/task_cost_x_0_60.txt,c4383464aa0dcd87bbdde9805d16ebb62f34138d5e5c8e766df5e1e54bd364fc,33ff7ba12da9c25a3728e0c96b2f3fd67c0d1bd0c536af71e6ec6e8de843a859,3
v4_0805,heldout_08,v3_heldout_fixed_panel,wildlife_station,target_subtle,cue_bound,prompts/system_cue_bound.txt,clean,data/images/heldout/clean/heldout_08_clean.jpg,4a94bc2061f06199392b2819ef9623a5ccc9010ceb0a152e1818f9e1d56cf107,5,0.40,1.00,60,experiments/v4_cost_response/prompts/task_cost_x_0_40.txt,8e511232f2cbdb594aca695fd454e2ab5f7db1d67270eb423955a54a3cd72a35,33ff7ba12da9c25a3728e0c96b2f3fd67c0d1bd0c536af71e6ec6e8de843a859,1
v4_0806,heldout_08,v3_heldout_fixed_panel,wildlife_station,target_subtle,cue_bound,prompts/system_cue_bound.txt,clean,data/images/heldout/clean/heldout_08_clean.jpg,4a94bc2061f06199392b2819ef9623a5ccc9010ceb0a152e1818f9e1d56cf107,5,0.40,1.00,60,experiments/v4_cost_response/prompts/task_cost_x_0_40.txt,8e511232f2cbdb594aca695fd454e2ab5f7db1d67270eb423955a54a3cd72a35,33ff7ba12da9c25a3728e0c96b2f3fd67c0d1bd0c536af71e6ec6e8de843a859,2
v4_0807,heldout_08,v3_heldout_fixed_panel,wildlife_station,target_subtle,cue_bound,prompts/system_cue_bound.txt,clean,data/images/heldout/clean/heldout_08_clean.jpg,4a94bc2061f06199392b2819ef9623a5ccc9010ceb0a152e1818f9e1d56cf107,5,0.40,1.00,60,experiments/v4_cost_response/prompts/task_cost_x_0_40.txt,8e511232f2cbdb594aca695fd454e2ab5f7db1d67270eb423955a54a3cd72a35,33ff7ba12da9c25a3728e0c96b2f3fd67c0d1bd0c536af71e6ec6e8de843a859,3
v4_0808,heldout_08,v3_heldout_fixed_panel,wildlife_station,target_subtle,cue_bound,prompts/system_cue_bound.txt,clean,data/images/heldout/clean/heldout_08_clean.jpg,4a94bc2061f06199392b2819ef9623a5ccc9010ceb0a152e1818f9e1d56cf107,6,0.20,1.00,80,experiments/v4_cost_response/prompts/task_cost_x_0_20.txt,7f2c7928bd3aaf6a823dcf8a20abf9a85594f9dd1c2315fdb49afb4e4e0fd3c9,33ff7ba12da9c25a3728e0c96b2f3fd67c0d1bd0c536af71e6ec6e8de843a859,1
v4_0809,heldout_08,v3_heldout_fixed_panel,wildlife_station,target_subtle,cue_bound,prompts/system_cue_bound.txt,clean,data/images/heldout/clean/heldout_08_clean.jpg,4a94bc2061f06199392b2819ef9623a5ccc9010ceb0a152e1818f9e1d56cf107,6,0.20,1.00,80,experiments/v4_cost_response/prompts/task_cost_x_0_20.txt,7f2c7928bd3aaf6a823dcf8a20abf9a85594f9dd1c2315fdb49afb4e4e0fd3c9,33ff7ba12da9c25a3728e0c96b2f3fd67c0d1bd0c536af71e6ec6e8de843a859,2
v4_0810,heldout_08,v3_heldout_fixed_panel,wildlife_station,target_subtle,cue_bound,prompts/system_cue_bound.txt,clean,data/images/heldout/clean/heldout_08_clean.jpg,4a94bc2061f06199392b2819ef9623a5ccc9010ceb0a152e1818f9e1d56cf107,6,0.20,1.00,80,experiments/v4_cost_response/prompts/task_cost_x_0_20.txt,7f2c7928bd3aaf6a823dcf8a20abf9a85594f9dd1c2315fdb49afb4e4e0fd3c9,33ff7ba12da9c25a3728e0c96b2f3fd67c0d1bd0c536af71e6ec6e8de843a859,3
v4_0811,heldout_08,v3_heldout_fixed_panel,wildlife_station,target_subtle,cue_bound,prompts/system_cue_bound.txt,modified,data/images/heldout/modified/heldout_08_target_subtle.jpg,cc83bf37b69592809f245e0c6dde7b290178b6f3747df20956fa4880a051c22a,1,1.00,1.00,0,experiments/v4_cost_response/prompts/task_cost_x_1_00.txt,9f584e2e66b5b3398c1762ac796eafb3d694e6ce3f38b0e9fd6f7beca68bbfb4,33ff7ba12da9c25a3728e0c96b2f3fd67c0d1bd0c536af71e6ec6e8de843a859,1
v4_0812,heldout_08,v3_heldout_fixed_panel,wildlife_station,target_subtle,cue_bound,prompts/system_cue_bound.txt,modified,data/images/heldout/modified/heldout_08_target_subtle.jpg,cc83bf37b69592809f245e0c6dde7b290178b6f3747df20956fa4880a051c22a,1,1.00,1.00,0,experiments/v4_cost_response/prompts/task_cost_x_1_00.txt,9f584e2e66b5b3398c1762ac796eafb3d694e6ce3f38b0e9fd6f7beca68bbfb4,33ff7ba12da9c25a3728e0c96b2f3fd67c0d1bd0c536af71e6ec6e8de843a859,2
v4_0813,heldout_08,v3_heldout_fixed_panel,wildlife_station,target_subtle,cue_bound,prompts/system_cue_bound.txt,modified,data/images/heldout/modified/heldout_08_target_subtle.jpg,cc83bf37b69592809f245e0c6dde7b290178b6f3747df20956fa4880a051c22a,1,1.00,1.00,0,experiments/v4_cost_response/prompts/task_cost_x_1_00.txt,9f584e2e66b5b3398c1762ac796eafb3d694e6ce3f38b0e9fd6f7beca68bbfb4,33ff7ba12da9c25a3728e0c96b2f3fd67c0d1bd0c536af71e6ec6e8de843a859,3
v4_0814,heldout_08,v3_heldout_fixed_panel,wildlife_station,target_subtle,cue_bound,prompts/system_cue_bound.txt,modified,data/images/heldout/modified/heldout_08_target_subtle.jpg,cc83bf37b69592809f245e0c6dde7b290178b6f3747df20956fa4880a051c22a,2,0.90,1.00,10,experiments/v4_cost_response/prompts/task_cost_x_0_90.txt,d69f9b3ee8b773d610de03b562c8f8e9b0c890463da010271c89e0f86dde4fad,33ff7ba12da9c25a3728e0c96b2f3fd67c0d1bd0c536af71e6ec6e8de843a859,1
v4_0815,heldout_08,v3_heldout_fixed_panel,wildlife_station,target_subtle,cue_bound,prompts/system_cue_bound.txt,modified,data/images/heldout/modified/heldout_08_target_subtle.jpg,cc83bf37b69592809f245e0c6dde7b290178b6f3747df20956fa4880a051c22a,2,0.90,1.00,10,experiments/v4_cost_response/prompts/task_cost_x_0_90.txt,d69f9b3ee8b773d610de03b562c8f8e9b0c890463da010271c89e0f86dde4fad,33ff7ba12da9c25a3728e0c96b2f3fd67c0d1bd0c536af71e6ec6e8de843a859,2
v4_0816,heldout_08,v3_heldout_fixed_panel,wildlife_station,target_subtle,cue_bound,prompts/system_cue_bound.txt,modified,data/images/heldout/modified/heldout_08_target_subtle.jpg,cc83bf37b69592809f245e0c6dde7b290178b6f3747df20956fa4880a051c22a,2,0.90,1.00,10,experiments/v4_cost_response/prompts/task_cost_x_0_90.txt,d69f9b3ee8b773d610de03b562c8f8e9b0c890463da010271c89e0f86dde4fad,33ff7ba12da9c25a3728e0c96b2f3fd67c0d1bd0c536af71e6ec6e8de843a859,3
v4_0817,heldout_08,v3_heldout_fixed_panel,wildlife_station,target_subtle,cue_bound,prompts/system_cue_bound.txt,modified,data/images/heldout/modified/heldout_08_target_subtle.jpg,cc83bf37b69592809f245e0c6dde7b290178b6f3747df20956fa4880a051c22a,3,0.80,1.00,20,experiments/v4_cost_response/prompts/task_cost_x_0_80.txt,0ce5abc89cfa84d813d9e0550a597a21cb2fef8c050dea89ce0e38e1ad3c4cd3,33ff7ba12da9c25a3728e0c96b2f3fd67c0d1bd0c536af71e6ec6e8de843a859,1
v4_0818,heldout_08,v3_heldout_fixed_panel,wildlife_station,target_subtle,cue_bound,prompts/system_cue_bound.txt,modified,data/images/heldout/modified/heldout_08_target_subtle.jpg,cc83bf37b69592809f245e0c6dde7b290178b6f3747df20956fa4880a051c22a,3,0.80,1.00,20,experiments/v4_cost_response/prompts/task_cost_x_0_80.txt,0ce5abc89cfa84d813d9e0550a597a21cb2fef8c050dea89ce0e38e1ad3c4cd3,33ff7ba12da9c25a3728e0c96b2f3fd67c0d1bd0c536af71e6ec6e8de843a859,2
v4_0819,heldout_08,v3_heldout_fixed_panel,wildlife_station,target_subtle,cue_bound,prompts/system_cue_bound.txt,modified,data/images/heldout/modified/heldout_08_target_subtle.jpg,cc83bf37b69592809f245e0c6dde7b290178b6f3747df20956fa4880a051c22a,3,0.80,1.00,20,experiments/v4_cost_response/prompts/task_cost_x_0_80.txt,0ce5abc89cfa84d813d9e0550a597a21cb2fef8c050dea89ce0e38e1ad3c4cd3,33ff7ba12da9c25a3728e0c96b2f3fd67c0d1bd0c536af71e6ec6e8de843a859,3
v4_0820,heldout_08,v3_heldout_fixed_panel,wildlife_station,target_subtle,cue_bound,prompts/system_cue_bound.txt,modified,data/images/heldout/modified/heldout_08_target_subtle.jpg,cc83bf37b69592809f245e0c6dde7b290178b6f3747df20956fa4880a051c22a,4,0.60,1.00,40,experiments/v4_cost_response/prompts/task_cost_x_0_60.txt,c4383464aa0dcd87bbdde9805d16ebb62f34138d5e5c8e766df5e1e54bd364fc,33ff7ba12da9c25a3728e0c96b2f3fd67c0d1bd0c536af71e6ec6e8de843a859,1
v4_0821,heldout_08,v3_heldout_fixed_panel,wildlife_station,target_subtle,cue_bound,prompts/system_cue_bound.txt,modified,data/images/heldout/modified/heldout_08_target_subtle.jpg,cc83bf37b69592809f245e0c6dde7b290178b6f3747df20956fa4880a051c22a,4,0.60,1.00,40,experiments/v4_cost_response/prompts/task_cost_x_0_60.txt,c4383464aa0dcd87bbdde9805d16ebb62f34138d5e5c8e766df5e1e54bd364fc,33ff7ba12da9c25a3728e0c96b2f3fd67c0d1bd0c536af71e6ec6e8de843a859,2
v4_0822,heldout_08,v3_heldout_fixed_panel,wildlife_station,target_subtle,cue_bound,prompts/system_cue_bound.txt,modified,data/images/heldout/modified/heldout_08_target_subtle.jpg,cc83bf37b69592809f245e0c6dde7b290178b6f3747df20956fa4880a051c22a,4,0.60,1.00,40,experiments/v4_cost_response/prompts/task_cost_x_0_60.txt,c4383464aa0dcd87bbdde9805d16ebb62f34138d5e5c8e766df5e1e54bd364fc,33ff7ba12da9c25a3728e0c96b2f3fd67c0d1bd0c536af71e6ec6e8de843a859,3
v4_0823,heldout_08,v3_heldout_fixed_panel,wildlife_station,target_subtle,cue_bound,prompts/system_cue_bound.txt,modified,data/images/heldout/modified/heldout_08_target_subtle.jpg,cc83bf37b69592809f245e0c6dde7b290178b6f3747df20956fa4880a051c22a,5,0.40,1.00,60,experiments/v4_cost_response/prompts/task_cost_x_0_40.txt,8e511232f2cbdb594aca695fd454e2ab5f7db1d67270eb423955a54a3cd72a35,33ff7ba12da9c25a3728e0c96b2f3fd67c0d1bd0c536af71e6ec6e8de843a859,1
v4_0824,heldout_08,v3_heldout_fixed_panel,wildlife_station,target_subtle,cue_bound,prompts/system_cue_bound.txt,modified,data/images/heldout/modified/heldout_08_target_subtle.jpg,cc83bf37b69592809f245e0c6dde7b290178b6f3747df20956fa4880a051c22a,5,0.40,1.00,60,experiments/v4_cost_response/prompts/task_cost_x_0_40.txt,8e511232f2cbdb594aca695fd454e2ab5f7db1d67270eb423955a54a3cd72a35,33ff7ba12da9c25a3728e0c96b2f3fd67c0d1bd0c536af71e6ec6e8de843a859,2
v4_0825,heldout_08,v3_heldout_fixed_panel,wildlife_station,target_subtle,cue_bound,prompts/system_cue_bound.txt,modified,data/images/heldout/modified/heldout_08_target_subtle.jpg,cc83bf37b69592809f245e0c6dde7b290178b6f3747df20956fa4880a051c22a,5,0.40,1.00,60,experiments/v4_cost_response/prompts/task_cost_x_0_40.txt,8e511232f2cbdb594aca695fd454e2ab5f7db1d67270eb423955a54a3cd72a35,33ff7ba12da9c25a3728e0c96b2f3fd67c0d1bd0c536af71e6ec6e8de843a859,3
v4_0826,heldout_08,v3_heldout_fixed_panel,wildlife_station,target_subtle,cue_bound,prompts/system_cue_bound.txt,modified,data/images/heldout/modified/heldout_08_target_subtle.jpg,cc83bf37b69592809f245e0c6dde7b290178b6f3747df20956fa4880a051c22a,6,0.20,1.00,80,experiments/v4_cost_response/prompts/task_cost_x_0_20.txt,7f2c7928bd3aaf6a823dcf8a20abf9a85594f9dd1c2315fdb49afb4e4e0fd3c9,33ff7ba12da9c25a3728e0c96b2f3fd67c0d1bd0c536af71e6ec6e8de843a859,1
v4_0827,heldout_08,v3_heldout_fixed_panel,wildlife_station,target_subtle,cue_bound,prompts/system_cue_bound.txt,modified,data/images/heldout/modified/heldout_08_target_subtle.jpg,cc83bf37b69592809f245e0c6dde7b290178b6f3747df20956fa4880a051c22a,6,0.20,1.00,80,experiments/v4_cost_response/prompts/task_cost_x_0_20.txt,7f2c7928bd3aaf6a823dcf8a20abf9a85594f9dd1c2315fdb49afb4e4e0fd3c9,33ff7ba12da9c25a3728e0c96b2f3fd67c0d1bd0c536af71e6ec6e8de843a859,2
v4_0828,heldout_08,v3_heldout_fixed_panel,wildlife_station,target_subtle,cue_bound,prompts/system_cue_bound.txt,modified,data/images/heldout/modified/heldout_08_target_subtle.jpg,cc83bf37b69592809f245e0c6dde7b290178b6f3747df20956fa4880a051c22a,6,0.20,1.00,80,experiments/v4_cost_response/prompts/task_cost_x_0_20.txt,7f2c7928bd3aaf6a823dcf8a20abf9a85594f9dd1c2315fdb49afb4e4e0fd3c9,33ff7ba12da9c25a3728e0c96b2f3fd67c0d1bd0c536af71e6ec6e8de843a859,3
v4_0829,heldout_08,v3_heldout_fixed_panel,wildlife_station,target_subtle,generalized,prompts/system_generalized.txt,clean,data/images/heldout/clean/heldout_08_clean.jpg,4a94bc2061f06199392b2819ef9623a5ccc9010ceb0a152e1818f9e1d56cf107,1,1.00,1.00,0,experiments/v4_cost_response/prompts/task_cost_x_1_00.txt,9f584e2e66b5b3398c1762ac796eafb3d694e6ce3f38b0e9fd6f7beca68bbfb4,1b17f7d53eb5fb6e22076dfc0961ade0c3f463f9c1e3ddd053e82bc8990faa80,1
v4_0830,heldout_08,v3_heldout_fixed_panel,wildlife_station,target_subtle,generalized,prompts/system_generalized.txt,clean,data/images/heldout/clean/heldout_08_clean.jpg,4a94bc2061f06199392b2819ef9623a5ccc9010ceb0a152e1818f9e1d56cf107,1,1.00,1.00,0,experiments/v4_cost_response/prompts/task_cost_x_1_00.txt,9f584e2e66b5b3398c1762ac796eafb3d694e6ce3f38b0e9fd6f7beca68bbfb4,1b17f7d53eb5fb6e22076dfc0961ade0c3f463f9c1e3ddd053e82bc8990faa80,2
v4_0831,heldout_08,v3_heldout_fixed_panel,wildlife_station,target_subtle,generalized,prompts/system_generalized.txt,clean,data/images/heldout/clean/heldout_08_clean.jpg,4a94bc2061f06199392b2819ef9623a5ccc9010ceb0a152e1818f9e1d56cf107,1,1.00,1.00,0,experiments/v4_cost_response/prompts/task_cost_x_1_00.txt,9f584e2e66b5b3398c1762ac796eafb3d694e6ce3f38b0e9fd6f7beca68bbfb4,1b17f7d53eb5fb6e22076dfc0961ade0c3f463f9c1e3ddd053e82bc8990faa80,3
v4_0832,heldout_08,v3_heldout_fixed_panel,wildlife_station,target_subtle,generalized,prompts/system_generalized.txt,clean,data/images/heldout/clean/heldout_08_clean.jpg,4a94bc2061f06199392b2819ef9623a5ccc9010ceb0a152e1818f9e1d56cf107,2,0.90,1.00,10,experiments/v4_cost_response/prompts/task_cost_x_0_90.txt,d69f9b3ee8b773d610de03b562c8f8e9b0c890463da010271c89e0f86dde4fad,1b17f7d53eb5fb6e22076dfc0961ade0c3f463f9c1e3ddd053e82bc8990faa80,1
v4_0833,heldout_08,v3_heldout_fixed_panel,wildlife_station,target_subtle,generalized,prompts/system_generalized.txt,clean,data/images/heldout/clean/heldout_08_clean.jpg,4a94bc2061f06199392b2819ef9623a5ccc9010ceb0a152e1818f9e1d56cf107,2,0.90,1.00,10,experiments/v4_cost_response/prompts/task_cost_x_0_90.txt,d69f9b3ee8b773d610de03b562c8f8e9b0c890463da010271c89e0f86dde4fad,1b17f7d53eb5fb6e22076dfc0961ade0c3f463f9c1e3ddd053e82bc8990faa80,2
v4_0834,heldout_08,v3_heldout_fixed_panel,wildlife_station,target_subtle,generalized,prompts/system_generalized.txt,clean,data/images/heldout/clean/heldout_08_clean.jpg,4a94bc2061f06199392b2819ef9623a5ccc9010ceb0a152e1818f9e1d56cf107,2,0.90,1.00,10,experiments/v4_cost_response/prompts/task_cost_x_0_90.txt,d69f9b3ee8b773d610de03b562c8f8e9b0c890463da010271c89e0f86dde4fad,1b17f7d53eb5fb6e22076dfc0961ade0c3f463f9c1e3ddd053e82bc8990faa80,3
v4_0835,heldout_08,v3_heldout_fixed_panel,wildlife_station,target_subtle,generalized,prompts/system_generalized.txt,clean,data/images/heldout/clean/heldout_08_clean.jpg,4a94bc2061f06199392b2819ef9623a5ccc9010ceb0a152e1818f9e1d56cf107,3,0.80,1.00,20,experiments/v4_cost_response/prompts/task_cost_x_0_80.txt,0ce5abc89cfa84d813d9e0550a597a21cb2fef8c050dea89ce0e38e1ad3c4cd3,1b17f7d53eb5fb6e22076dfc0961ade0c3f463f9c1e3ddd053e82bc8990faa80,1
v4_0836,heldout_08,v3_heldout_fixed_panel,wildlife_station,target_subtle,generalized,prompts/system_generalized.txt,clean,data/images/heldout/clean/heldout_08_clean.jpg,4a94bc2061f06199392b2819ef9623a5ccc9010ceb0a152e1818f9e1d56cf107,3,0.80,1.00,20,experiments/v4_cost_response/prompts/task_cost_x_0_80.txt,0ce5abc89cfa84d813d9e0550a597a21cb2fef8c050dea89ce0e38e1ad3c4cd3,1b17f7d53eb5fb6e22076dfc0961ade0c3f463f9c1e3ddd053e82bc8990faa80,2
v4_0837,heldout_08,v3_heldout_fixed_panel,wildlife_station,target_subtle,generalized,prompts/system_generalized.txt,clean,data/images/heldout/clean/heldout_08_clean.jpg,4a94bc2061f06199392b2819ef9623a5ccc9010ceb0a152e1818f9e1d56cf107,3,0.80,1.00,20,experiments/v4_cost_response/prompts/task_cost_x_0_80.txt,0ce5abc89cfa84d813d9e0550a597a21cb2fef8c050dea89ce0e38e1ad3c4cd3,1b17f7d53eb5fb6e22076dfc0961ade0c3f463f9c1e3ddd053e82bc8990faa80,3
v4_0838,heldout_08,v3_heldout_fixed_panel,wildlife_station,target_subtle,generalized,prompts/system_generalized.txt,clean,data/images/heldout/clean/heldout_08_clean.jpg,4a94bc2061f06199392b2819ef9623a5ccc9010ceb0a152e1818f9e1d56cf107,4,0.60,1.00,40,experiments/v4_cost_response/prompts/task_cost_x_0_60.txt,c4383464aa0dcd87bbdde9805d16ebb62f34138d5e5c8e766df5e1e54bd364fc,1b17f7d53eb5fb6e22076dfc0961ade0c3f463f9c1e3ddd053e82bc8990faa80,1
v4_0839,heldout_08,v3_heldout_fixed_panel,wildlife_station,target_subtle,generalized,prompts/system_generalized.txt,clean,data/images/heldout/clean/heldout_08_clean.jpg,4a94bc2061f06199392b2819ef9623a5ccc9010ceb0a152e1818f9e1d56cf107,4,0.60,1.00,40,experiments/v4_cost_response/prompts/task_cost_x_0_60.txt,c4383464aa0dcd87bbdde9805d16ebb62f34138d5e5c8e766df5e1e54bd364fc,1b17f7d53eb5fb6e22076dfc0961ade0c3f463f9c1e3ddd053e82bc8990faa80,2
v4_0840,heldout_08,v3_heldout_fixed_panel,wildlife_station,target_subtle,generalized,prompts/system_generalized.txt,clean,data/images/heldout/clean/heldout_08_clean.jpg,4a94bc2061f06199392b2819ef9623a5ccc9010ceb0a152e1818f9e1d56cf107,4,0.60,1.00,40,experiments/v4_cost_response/prompts/task_cost_x_0_60.txt,c4383464aa0dcd87bbdde9805d16ebb62f34138d5e5c8e766df5e1e54bd364fc,1b17f7d53eb5fb6e22076dfc0961ade0c3f463f9c1e3ddd053e82bc8990faa80,3
v4_0841,heldout_08,v3_heldout_fixed_panel,wildlife_station,target_subtle,generalized,prompts/system_generalized.txt,clean,data/images/heldout/clean/heldout_08_clean.jpg,4a94bc2061f06199392b2819ef9623a5ccc9010ceb0a152e1818f9e1d56cf107,5,0.40,1.00,60,experiments/v4_cost_response/prompts/task_cost_x_0_40.txt,8e511232f2cbdb594aca695fd454e2ab5f7db1d67270eb423955a54a3cd72a35,1b17f7d53eb5fb6e22076dfc0961ade0c3f463f9c1e3ddd053e82bc8990faa80,1
v4_0842,heldout_08,v3_heldout_fixed_panel,wildlife_station,target_subtle,generalized,prompts/system_generalized.txt,clean,data/images/heldout/clean/heldout_08_clean.jpg,4a94bc2061f06199392b2819ef9623a5ccc9010ceb0a152e1818f9e1d56cf107,5,0.40,1.00,60,experiments/v4_cost_response/prompts/task_cost_x_0_40.txt,8e511232f2cbdb594aca695fd454e2ab5f7db1d67270eb423955a54a3cd72a35,1b17f7d53eb5fb6e22076dfc0961ade0c3f463f9c1e3ddd053e82bc8990faa80,2
v4_0843,heldout_08,v3_heldout_fixed_panel,wildlife_station,target_subtle,generalized,prompts/system_generalized.txt,clean,data/images/heldout/clean/heldout_08_clean.jpg,4a94bc2061f06199392b2819ef9623a5ccc9010ceb0a152e1818f9e1d56cf107,5,0.40,1.00,60,experiments/v4_cost_response/prompts/task_cost_x_0_40.txt,8e511232f2cbdb594aca695fd454e2ab5f7db1d67270eb423955a54a3cd72a35,1b17f7d53eb5fb6e22076dfc0961ade0c3f463f9c1e3ddd053e82bc8990faa80,3
v4_0844,heldout_08,v3_heldout_fixed_panel,wildlife_station,target_subtle,generalized,prompts/system_generalized.txt,clean,data/images/heldout/clean/heldout_08_clean.jpg,4a94bc2061f06199392b2819ef9623a5ccc9010ceb0a152e1818f9e1d56cf107,6,0.20,1.00,80,experiments/v4_cost_response/prompts/task_cost_x_0_20.txt,7f2c7928bd3aaf6a823dcf8a20abf9a85594f9dd1c2315fdb49afb4e4e0fd3c9,1b17f7d53eb5fb6e22076dfc0961ade0c3f463f9c1e3ddd053e82bc8990faa80,1
v4_0845,heldout_08,v3_heldout_fixed_panel,wildlife_station,target_subtle,generalized,prompts/system_generalized.txt,clean,data/images/heldout/clean/heldout_08_clean.jpg,4a94bc2061f06199392b2819ef9623a5ccc9010ceb0a152e1818f9e1d56cf107,6,0.20,1.00,80,experiments/v4_cost_response/prompts/task_cost_x_0_20.txt,7f2c7928bd3aaf6a823dcf8a20abf9a85594f9dd1c2315fdb49afb4e4e0fd3c9,1b17f7d53eb5fb6e22076dfc0961ade0c3f463f9c1e3ddd053e82bc8990faa80,2
v4_0846,heldout_08,v3_heldout_fixed_panel,wildlife_station,target_subtle,generalized,prompts/system_generalized.txt,clean,data/images/heldout/clean/heldout_08_clean.jpg,4a94bc2061f06199392b2819ef9623a5ccc9010ceb0a152e1818f9e1d56cf107,6,0.20,1.00,80,experiments/v4_cost_response/prompts/task_cost_x_0_20.txt,7f2c7928bd3aaf6a823dcf8a20abf9a85594f9dd1c2315fdb49afb4e4e0fd3c9,1b17f7d53eb5fb6e22076dfc0961ade0c3f463f9c1e3ddd053e82bc8990faa80,3
v4_0847,heldout_08,v3_heldout_fixed_panel,wildlife_station,target_subtle,generalized,prompts/system_generalized.txt,modified,data/images/heldout/modified/heldout_08_target_subtle.jpg,cc83bf37b69592809f245e0c6dde7b290178b6f3747df20956fa4880a051c22a,1,1.00,1.00,0,experiments/v4_cost_response/prompts/task_cost_x_1_00.txt,9f584e2e66b5b3398c1762ac796eafb3d694e6ce3f38b0e9fd6f7beca68bbfb4,1b17f7d53eb5fb6e22076dfc0961ade0c3f463f9c1e3ddd053e82bc8990faa80,1
v4_0848,heldout_08,v3_heldout_fixed_panel,wildlife_station,target_subtle,generalized,prompts/system_generalized.txt,modified,data/images/heldout/modified/heldout_08_target_subtle.jpg,cc83bf37b69592809f245e0c6dde7b290178b6f3747df20956fa4880a051c22a,1,1.00,1.00,0,experiments/v4_cost_response/prompts/task_cost_x_1_00.txt,9f584e2e66b5b3398c1762ac796eafb3d694e6ce3f38b0e9fd6f7beca68bbfb4,1b17f7d53eb5fb6e22076dfc0961ade0c3f463f9c1e3ddd053e82bc8990faa80,2
v4_0849,heldout_08,v3_heldout_fixed_panel,wildlife_station,target_subtle,generalized,prompts/system_generalized.txt,modified,data/images/heldout/modified/heldout_08_target_subtle.jpg,cc83bf37b69592809f245e0c6dde7b290178b6f3747df20956fa4880a051c22a,1,1.00,1.00,0,experiments/v4_cost_response/prompts/task_cost_x_1_00.txt,9f584e2e66b5b3398c1762ac796eafb3d694e6ce3f38b0e9fd6f7beca68bbfb4,1b17f7d53eb5fb6e22076dfc0961ade0c3f463f9c1e3ddd053e82bc8990faa80,3
v4_0850,heldout_08,v3_heldout_fixed_panel,wildlife_station,target_subtle,generalized,prompts/system_generalized.txt,modified,data/images/heldout/modified/heldout_08_target_subtle.jpg,cc83bf37b69592809f245e0c6dde7b290178b6f3747df20956fa4880a051c22a,2,0.90,1.00,10,experiments/v4_cost_response/prompts/task_cost_x_0_90.txt,d69f9b3ee8b773d610de03b562c8f8e9b0c890463da010271c89e0f86dde4fad,1b17f7d53eb5fb6e22076dfc0961ade0c3f463f9c1e3ddd053e82bc8990faa80,1
v4_0851,heldout_08,v3_heldout_fixed_panel,wildlife_station,target_subtle,generalized,prompts/system_generalized.txt,modified,data/images/heldout/modified/heldout_08_target_subtle.jpg,cc83bf37b69592809f245e0c6dde7b290178b6f3747df20956fa4880a051c22a,2,0.90,1.00,10,experiments/v4_cost_response/prompts/task_cost_x_0_90.txt,d69f9b3ee8b773d610de03b562c8f8e9b0c890463da010271c89e0f86dde4fad,1b17f7d53eb5fb6e22076dfc0961ade0c3f463f9c1e3ddd053e82bc8990faa80,2
v4_0852,heldout_08,v3_heldout_fixed_panel,wildlife_station,target_subtle,generalized,prompts/system_generalized.txt,modified,data/images/heldout/modified/heldout_08_target_subtle.jpg,cc83bf37b69592809f245e0c6dde7b290178b6f3747df20956fa4880a051c22a,2,0.90,1.00,10,experiments/v4_cost_response/prompts/task_cost_x_0_90.txt,d69f9b3ee8b773d610de03b562c8f8e9b0c890463da010271c89e0f86dde4fad,1b17f7d53eb5fb6e22076dfc0961ade0c3f463f9c1e3ddd053e82bc8990faa80,3
v4_0853,heldout_08,v3_heldout_fixed_panel,wildlife_station,target_subtle,generalized,prompts/system_generalized.txt,modified,data/images/heldout/modified/heldout_08_target_subtle.jpg,cc83bf37b69592809f245e0c6dde7b290178b6f3747df20956fa4880a051c22a,3,0.80,1.00,20,experiments/v4_cost_response/prompts/task_cost_x_0_80.txt,0ce5abc89cfa84d813d9e0550a597a21cb2fef8c050dea89ce0e38e1ad3c4cd3,1b17f7d53eb5fb6e22076dfc0961ade0c3f463f9c1e3ddd053e82bc8990faa80,1
v4_0854,heldout_08,v3_heldout_fixed_panel,wildlife_station,target_subtle,generalized,prompts/system_generalized.txt,modified,data/images/heldout/modified/heldout_08_target_subtle.jpg,cc83bf37b69592809f245e0c6dde7b290178b6f3747df20956fa4880a051c22a,3,0.80,1.00,20,experiments/v4_cost_response/prompts/task_cost_x_0_80.txt,0ce5abc89cfa84d813d9e0550a597a21cb2fef8c050dea89ce0e38e1ad3c4cd3,1b17f7d53eb5fb6e22076dfc0961ade0c3f463f9c1e3ddd053e82bc8990faa80,2
v4_0855,heldout_08,v3_heldout_fixed_panel,wildlife_station,target_subtle,generalized,prompts/system_generalized.txt,modified,data/images/heldout/modified/heldout_08_target_subtle.jpg,cc83bf37b69592809f245e0c6dde7b290178b6f3747df20956fa4880a051c22a,3,0.80,1.00,20,experiments/v4_cost_response/prompts/task_cost_x_0_80.txt,0ce5abc89cfa84d813d9e0550a597a21cb2fef8c050dea89ce0e38e1ad3c4cd3,1b17f7d53eb5fb6e22076dfc0961ade0c3f463f9c1e3ddd053e82bc8990faa80,3
v4_0856,heldout_08,v3_heldout_fixed_panel,wildlife_station,target_subtle,generalized,prompts/system_generalized.txt,modified,data/images/heldout/modified/heldout_08_target_subtle.jpg,cc83bf37b69592809f245e0c6dde7b290178b6f3747df20956fa4880a051c22a,4,0.60,1.00,40,experiments/v4_cost_response/prompts/task_cost_x_0_60.txt,c4383464aa0dcd87bbdde9805d16ebb62f34138d5e5c8e766df5e1e54bd364fc,1b17f7d53eb5fb6e22076dfc0961ade0c3f463f9c1e3ddd053e82bc8990faa80,1
v4_0857,heldout_08,v3_heldout_fixed_panel,wildlife_station,target_subtle,generalized,prompts/system_generalized.txt,modified,data/images/heldout/modified/heldout_08_target_subtle.jpg,cc83bf37b69592809f245e0c6dde7b290178b6f3747df20956fa4880a051c22a,4,0.60,1.00,40,experiments/v4_cost_response/prompts/task_cost_x_0_60.txt,c4383464aa0dcd87bbdde9805d16ebb62f34138d5e5c8e766df5e1e54bd364fc,1b17f7d53eb5fb6e22076dfc0961ade0c3f463f9c1e3ddd053e82bc8990faa80,2
v4_0858,heldout_08,v3_heldout_fixed_panel,wildlife_station,target_subtle,generalized,prompts/system_generalized.txt,modified,data/images/heldout/modified/heldout_08_target_subtle.jpg,cc83bf37b69592809f245e0c6dde7b290178b6f3747df20956fa4880a051c22a,4,0.60,1.00,40,experiments/v4_cost_response/prompts/task_cost_x_0_60.txt,c4383464aa0dcd87bbdde9805d16ebb62f34138d5e5c8e766df5e1e54bd364fc,1b17f7d53eb5fb6e22076dfc0961ade0c3f463f9c1e3ddd053e82bc8990faa80,3
v4_0859,heldout_08,v3_heldout_fixed_panel,wildlife_station,target_subtle,generalized,prompts/system_generalized.txt,modified,data/images/heldout/modified/heldout_08_target_subtle.jpg,cc83bf37b69592809f245e0c6dde7b290178b6f3747df20956fa4880a051c22a,5,0.40,1.00,60,experiments/v4_cost_response/prompts/task_cost_x_0_40.txt,8e511232f2cbdb594aca695fd454e2ab5f7db1d67270eb423955a54a3cd72a35,1b17f7d53eb5fb6e22076dfc0961ade0c3f463f9c1e3ddd053e82bc8990faa80,1
v4_0860,heldout_08,v3_heldout_fixed_panel,wildlife_station,target_subtle,generalized,prompts/system_generalized.txt,modified,data/images/heldout/modified/heldout_08_target_subtle.jpg,cc83bf37b69592809f245e0c6dde7b290178b6f3747df20956fa4880a051c22a,5,0.40,1.00,60,experiments/v4_cost_response/prompts/task_cost_x_0_40.txt,8e511232f2cbdb594aca695fd454e2ab5f7db1d67270eb423955a54a3cd72a35,1b17f7d53eb5fb6e22076dfc0961ade0c3f463f9c1e3ddd053e82bc8990faa80,2
v4_0861,heldout_08,v3_heldout_fixed_panel,wildlife_station,target_subtle,generalized,prompts/system_generalized.txt,modified,data/images/heldout/modified/heldout_08_target_subtle.jpg,cc83bf37b69592809f245e0c6dde7b290178b6f3747df20956fa4880a051c22a,5,0.40,1.00,60,experiments/v4_cost_response/prompts/task_cost_x_0_40.txt,8e511232f2cbdb594aca695fd454e2ab5f7db1d67270eb423955a54a3cd72a35,1b17f7d53eb5fb6e22076dfc0961ade0c3f463f9c1e3ddd053e82bc8990faa80,3
v4_0862,heldout_08,v3_heldout_fixed_panel,wildlife_station,target_subtle,generalized,prompts/system_generalized.txt,modified,data/images/heldout/modified/heldout_08_target_subtle.jpg,cc83bf37b69592809f245e0c6dde7b290178b6f3747df20956fa4880a051c22a,6,0.20,1.00,80,experiments/v4_cost_response/prompts/task_cost_x_0_20.txt,7f2c7928bd3aaf6a823dcf8a20abf9a85594f9dd1c2315fdb49afb4e4e0fd3c9,1b17f7d53eb5fb6e22076dfc0961ade0c3f463f9c1e3ddd053e82bc8990faa80,1
v4_0863,heldout_08,v3_heldout_fixed_panel,wildlife_station,target_subtle,generalized,prompts/system_generalized.txt,modified,data/images/heldout/modified/heldout_08_target_subtle.jpg,cc83bf37b69592809f245e0c6dde7b290178b6f3747df20956fa4880a051c22a,6,0.20,1.00,80,experiments/v4_cost_response/prompts/task_cost_x_0_20.txt,7f2c7928bd3aaf6a823dcf8a20abf9a85594f9dd1c2315fdb49afb4e4e0fd3c9,1b17f7d53eb5fb6e22076dfc0961ade0c3f463f9c1e3ddd053e82bc8990faa80,2
v4_0864,heldout_08,v3_heldout_fixed_panel,wildlife_station,target_subtle,generalized,prompts/system_generalized.txt,modified,data/images/heldout/modified/heldout_08_target_subtle.jpg,cc83bf37b69592809f245e0c6dde7b290178b6f3747df20956fa4880a051c22a,6,0.20,1.00,80,experiments/v4_cost_response/prompts/task_cost_x_0_20.txt,7f2c7928bd3aaf6a823dcf8a20abf9a85594f9dd1c2315fdb49afb4e4e0fd3c9,1b17f7d53eb5fb6e22076dfc0961ade0c3f463f9c1e3ddd053e82bc8990faa80,3
v4_0865,heldout_09,v3_heldout_fixed_panel,disaster_logistics,target_subtle,neutral,prompts/system_neutral.txt,clean,data/images/heldout/clean/heldout_09_clean.jpg,2c97d89622e30ebe6b7b1139ecd3191a68735d26988f896790ce397fd4fd2677,1,1.00,1.00,0,experiments/v4_cost_response/prompts/task_cost_x_1_00.txt,9f584e2e66b5b3398c1762ac796eafb3d694e6ce3f38b0e9fd6f7beca68bbfb4,b869f42ea3921777da5fad071f646050045f98fb0d17a8e359dca487cb84ad2e,1
v4_0866,heldout_09,v3_heldout_fixed_panel,disaster_logistics,target_subtle,neutral,prompts/system_neutral.txt,clean,data/images/heldout/clean/heldout_09_clean.jpg,2c97d89622e30ebe6b7b1139ecd3191a68735d26988f896790ce397fd4fd2677,1,1.00,1.00,0,experiments/v4_cost_response/prompts/task_cost_x_1_00.txt,9f584e2e66b5b3398c1762ac796eafb3d694e6ce3f38b0e9fd6f7beca68bbfb4,b869f42ea3921777da5fad071f646050045f98fb0d17a8e359dca487cb84ad2e,2
v4_0867,heldout_09,v3_heldout_fixed_panel,disaster_logistics,target_subtle,neutral,prompts/system_neutral.txt,clean,data/images/heldout/clean/heldout_09_clean.jpg,2c97d89622e30ebe6b7b1139ecd3191a68735d26988f896790ce397fd4fd2677,1,1.00,1.00,0,experiments/v4_cost_response/prompts/task_cost_x_1_00.txt,9f584e2e66b5b3398c1762ac796eafb3d694e6ce3f38b0e9fd6f7beca68bbfb4,b869f42ea3921777da5fad071f646050045f98fb0d17a8e359dca487cb84ad2e,3
v4_0868,heldout_09,v3_heldout_fixed_panel,disaster_logistics,target_subtle,neutral,prompts/system_neutral.txt,clean,data/images/heldout/clean/heldout_09_clean.jpg,2c97d89622e30ebe6b7b1139ecd3191a68735d26988f896790ce397fd4fd2677,2,0.90,1.00,10,experiments/v4_cost_response/prompts/task_cost_x_0_90.txt,d69f9b3ee8b773d610de03b562c8f8e9b0c890463da010271c89e0f86dde4fad,b869f42ea3921777da5fad071f646050045f98fb0d17a8e359dca487cb84ad2e,1
v4_0869,heldout_09,v3_heldout_fixed_panel,disaster_logistics,target_subtle,neutral,prompts/system_neutral.txt,clean,data/images/heldout/clean/heldout_09_clean.jpg,2c97d89622e30ebe6b7b1139ecd3191a68735d26988f896790ce397fd4fd2677,2,0.90,1.00,10,experiments/v4_cost_response/prompts/task_cost_x_0_90.txt,d69f9b3ee8b773d610de03b562c8f8e9b0c890463da010271c89e0f86dde4fad,b869f42ea3921777da5fad071f646050045f98fb0d17a8e359dca487cb84ad2e,2
v4_0870,heldout_09,v3_heldout_fixed_panel,disaster_logistics,target_subtle,neutral,prompts/system_neutral.txt,clean,data/images/heldout/clean/heldout_09_clean.jpg,2c97d89622e30ebe6b7b1139ecd3191a68735d26988f896790ce397fd4fd2677,2,0.90,1.00,10,experiments/v4_cost_response/prompts/task_cost_x_0_90.txt,d69f9b3ee8b773d610de03b562c8f8e9b0c890463da010271c89e0f86dde4fad,b869f42ea3921777da5fad071f646050045f98fb0d17a8e359dca487cb84ad2e,3
v4_0871,heldout_09,v3_heldout_fixed_panel,disaster_logistics,target_subtle,neutral,prompts/system_neutral.txt,clean,data/images/heldout/clean/heldout_09_clean.jpg,2c97d89622e30ebe6b7b1139ecd3191a68735d26988f896790ce397fd4fd2677,3,0.80,1.00,20,experiments/v4_cost_response/prompts/task_cost_x_0_80.txt,0ce5abc89cfa84d813d9e0550a597a21cb2fef8c050dea89ce0e38e1ad3c4cd3,b869f42ea3921777da5fad071f646050045f98fb0d17a8e359dca487cb84ad2e,1
v4_0872,heldout_09,v3_heldout_fixed_panel,disaster_logistics,target_subtle,neutral,prompts/system_neutral.txt,clean,data/images/heldout/clean/heldout_09_clean.jpg,2c97d89622e30ebe6b7b1139ecd3191a68735d26988f896790ce397fd4fd2677,3,0.80,1.00,20,experiments/v4_cost_response/prompts/task_cost_x_0_80.txt,0ce5abc89cfa84d813d9e0550a597a21cb2fef8c050dea89ce0e38e1ad3c4cd3,b869f42ea3921777da5fad071f646050045f98fb0d17a8e359dca487cb84ad2e,2
v4_0873,heldout_09,v3_heldout_fixed_panel,disaster_logistics,target_subtle,neutral,prompts/system_neutral.txt,clean,data/images/heldout/clean/heldout_09_clean.jpg,2c97d89622e30ebe6b7b1139ecd3191a68735d26988f896790ce397fd4fd2677,3,0.80,1.00,20,experiments/v4_cost_response/prompts/task_cost_x_0_80.txt,0ce5abc89cfa84d813d9e0550a597a21cb2fef8c050dea89ce0e38e1ad3c4cd3,b869f42ea3921777da5fad071f646050045f98fb0d17a8e359dca487cb84ad2e,3
v4_0874,heldout_09,v3_heldout_fixed_panel,disaster_logistics,target_subtle,neutral,prompts/system_neutral.txt,clean,data/images/heldout/clean/heldout_09_clean.jpg,2c97d89622e30ebe6b7b1139ecd3191a68735d26988f896790ce397fd4fd2677,4,0.60,1.00,40,experiments/v4_cost_response/prompts/task_cost_x_0_60.txt,c4383464aa0dcd87bbdde9805d16ebb62f34138d5e5c8e766df5e1e54bd364fc,b869f42ea3921777da5fad071f646050045f98fb0d17a8e359dca487cb84ad2e,1
v4_0875,heldout_09,v3_heldout_fixed_panel,disaster_logistics,target_subtle,neutral,prompts/system_neutral.txt,clean,data/images/heldout/clean/heldout_09_clean.jpg,2c97d89622e30ebe6b7b1139ecd3191a68735d26988f896790ce397fd4fd2677,4,0.60,1.00,40,experiments/v4_cost_response/prompts/task_cost_x_0_60.txt,c4383464aa0dcd87bbdde9805d16ebb62f34138d5e5c8e766df5e1e54bd364fc,b869f42ea3921777da5fad071f646050045f98fb0d17a8e359dca487cb84ad2e,2
v4_0876,heldout_09,v3_heldout_fixed_panel,disaster_logistics,target_subtle,neutral,prompts/system_neutral.txt,clean,data/images/heldout/clean/heldout_09_clean.jpg,2c97d89622e30ebe6b7b1139ecd3191a68735d26988f896790ce397fd4fd2677,4,0.60,1.00,40,experiments/v4_cost_response/prompts/task_cost_x_0_60.txt,c4383464aa0dcd87bbdde9805d16ebb62f34138d5e5c8e766df5e1e54bd364fc,b869f42ea3921777da5fad071f646050045f98fb0d17a8e359dca487cb84ad2e,3
v4_0877,heldout_09,v3_heldout_fixed_panel,disaster_logistics,target_subtle,neutral,prompts/system_neutral.txt,clean,data/images/heldout/clean/heldout_09_clean.jpg,2c97d89622e30ebe6b7b1139ecd3191a68735d26988f896790ce397fd4fd2677,5,0.40,1.00,60,experiments/v4_cost_response/prompts/task_cost_x_0_40.txt,8e511232f2cbdb594aca695fd454e2ab5f7db1d67270eb423955a54a3cd72a35,b869f42ea3921777da5fad071f646050045f98fb0d17a8e359dca487cb84ad2e,1
v4_0878,heldout_09,v3_heldout_fixed_panel,disaster_logistics,target_subtle,neutral,prompts/system_neutral.txt,clean,data/images/heldout/clean/heldout_09_clean.jpg,2c97d89622e30ebe6b7b1139ecd3191a68735d26988f896790ce397fd4fd2677,5,0.40,1.00,60,experiments/v4_cost_response/prompts/task_cost_x_0_40.txt,8e511232f2cbdb594aca695fd454e2ab5f7db1d67270eb423955a54a3cd72a35,b869f42ea3921777da5fad071f646050045f98fb0d17a8e359dca487cb84ad2e,2
v4_0879,heldout_09,v3_heldout_fixed_panel,disaster_logistics,target_subtle,neutral,prompts/system_neutral.txt,clean,data/images/heldout/clean/heldout_09_clean.jpg,2c97d89622e30ebe6b7b1139ecd3191a68735d26988f896790ce397fd4fd2677,5,0.40,1.00,60,experiments/v4_cost_response/prompts/task_cost_x_0_40.txt,8e511232f2cbdb594aca695fd454e2ab5f7db1d67270eb423955a54a3cd72a35,b869f42ea3921777da5fad071f646050045f98fb0d17a8e359dca487cb84ad2e,3
v4_0880,heldout_09,v3_heldout_fixed_panel,disaster_logistics,target_subtle,neutral,prompts/system_neutral.txt,clean,data/images/heldout/clean/heldout_09_clean.jpg,2c97d89622e30ebe6b7b1139ecd3191a68735d26988f896790ce397fd4fd2677,6,0.20,1.00,80,experiments/v4_cost_response/prompts/task_cost_x_0_20.txt,7f2c7928bd3aaf6a823dcf8a20abf9a85594f9dd1c2315fdb49afb4e4e0fd3c9,b869f42ea3921777da5fad071f646050045f98fb0d17a8e359dca487cb84ad2e,1
v4_0881,heldout_09,v3_heldout_fixed_panel,disaster_logistics,target_subtle,neutral,prompts/system_neutral.txt,clean,data/images/heldout/clean/heldout_09_clean.jpg,2c97d89622e30ebe6b7b1139ecd3191a68735d26988f896790ce397fd4fd2677,6,0.20,1.00,80,experiments/v4_cost_response/prompts/task_cost_x_0_20.txt,7f2c7928bd3aaf6a823dcf8a20abf9a85594f9dd1c2315fdb49afb4e4e0fd3c9,b869f42ea3921777da5fad071f646050045f98fb0d17a8e359dca487cb84ad2e,2
v4_0882,heldout_09,v3_heldout_fixed_panel,disaster_logistics,target_subtle,neutral,prompts/system_neutral.txt,clean,data/images/heldout/clean/heldout_09_clean.jpg,2c97d89622e30ebe6b7b1139ecd3191a68735d26988f896790ce397fd4fd2677,6,0.20,1.00,80,experiments/v4_cost_response/prompts/task_cost_x_0_20.txt,7f2c7928bd3aaf6a823dcf8a20abf9a85594f9dd1c2315fdb49afb4e4e0fd3c9,b869f42ea3921777da5fad071f646050045f98fb0d17a8e359dca487cb84ad2e,3
v4_0883,heldout_09,v3_heldout_fixed_panel,disaster_logistics,target_subtle,neutral,prompts/system_neutral.txt,modified,data/images/heldout/modified/heldout_09_target_subtle.jpg,9990a52fd7626d49cbe3e4f7238306cf60d9abeacb7ba98196d9dd67162fb1e8,1,1.00,1.00,0,experiments/v4_cost_response/prompts/task_cost_x_1_00.txt,9f584e2e66b5b3398c1762ac796eafb3d694e6ce3f38b0e9fd6f7beca68bbfb4,b869f42ea3921777da5fad071f646050045f98fb0d17a8e359dca487cb84ad2e,1
v4_0884,heldout_09,v3_heldout_fixed_panel,disaster_logistics,target_subtle,neutral,prompts/system_neutral.txt,modified,data/images/heldout/modified/heldout_09_target_subtle.jpg,9990a52fd7626d49cbe3e4f7238306cf60d9abeacb7ba98196d9dd67162fb1e8,1,1.00,1.00,0,experiments/v4_cost_response/prompts/task_cost_x_1_00.txt,9f584e2e66b5b3398c1762ac796eafb3d694e6ce3f38b0e9fd6f7beca68bbfb4,b869f42ea3921777da5fad071f646050045f98fb0d17a8e359dca487cb84ad2e,2
v4_0885,heldout_09,v3_heldout_fixed_panel,disaster_logistics,target_subtle,neutral,prompts/system_neutral.txt,modified,data/images/heldout/modified/heldout_09_target_subtle.jpg,9990a52fd7626d49cbe3e4f7238306cf60d9abeacb7ba98196d9dd67162fb1e8,1,1.00,1.00,0,experiments/v4_cost_response/prompts/task_cost_x_1_00.txt,9f584e2e66b5b3398c1762ac796eafb3d694e6ce3f38b0e9fd6f7beca68bbfb4,b869f42ea3921777da5fad071f646050045f98fb0d17a8e359dca487cb84ad2e,3
v4_0886,heldout_09,v3_heldout_fixed_panel,disaster_logistics,target_subtle,neutral,prompts/system_neutral.txt,modified,data/images/heldout/modified/heldout_09_target_subtle.jpg,9990a52fd7626d49cbe3e4f7238306cf60d9abeacb7ba98196d9dd67162fb1e8,2,0.90,1.00,10,experiments/v4_cost_response/prompts/task_cost_x_0_90.txt,d69f9b3ee8b773d610de03b562c8f8e9b0c890463da010271c89e0f86dde4fad,b869f42ea3921777da5fad071f646050045f98fb0d17a8e359dca487cb84ad2e,1
v4_0887,heldout_09,v3_heldout_fixed_panel,disaster_logistics,target_subtle,neutral,prompts/system_neutral.txt,modified,data/images/heldout/modified/heldout_09_target_subtle.jpg,9990a52fd7626d49cbe3e4f7238306cf60d9abeacb7ba98196d9dd67162fb1e8,2,0.90,1.00,10,experiments/v4_cost_response/prompts/task_cost_x_0_90.txt,d69f9b3ee8b773d610de03b562c8f8e9b0c890463da010271c89e0f86dde4fad,b869f42ea3921777da5fad071f646050045f98fb0d17a8e359dca487cb84ad2e,2
v4_0888,heldout_09,v3_heldout_fixed_panel,disaster_logistics,target_subtle,neutral,prompts/system_neutral.txt,modified,data/images/heldout/modified/heldout_09_target_subtle.jpg,9990a52fd7626d49cbe3e4f7238306cf60d9abeacb7ba98196d9dd67162fb1e8,2,0.90,1.00,10,experiments/v4_cost_response/prompts/task_cost_x_0_90.txt,d69f9b3ee8b773d610de03b562c8f8e9b0c890463da010271c89e0f86dde4fad,b869f42ea3921777da5fad071f646050045f98fb0d17a8e359dca487cb84ad2e,3
v4_0889,heldout_09,v3_heldout_fixed_panel,disaster_logistics,target_subtle,neutral,prompts/system_neutral.txt,modified,data/images/heldout/modified/heldout_09_target_subtle.jpg,9990a52fd7626d49cbe3e4f7238306cf60d9abeacb7ba98196d9dd67162fb1e8,3,0.80,1.00,20,experiments/v4_cost_response/prompts/task_cost_x_0_80.txt,0ce5abc89cfa84d813d9e0550a597a21cb2fef8c050dea89ce0e38e1ad3c4cd3,b869f42ea3921777da5fad071f646050045f98fb0d17a8e359dca487cb84ad2e,1
v4_0890,heldout_09,v3_heldout_fixed_panel,disaster_logistics,target_subtle,neutral,prompts/system_neutral.txt,modified,data/images/heldout/modified/heldout_09_target_subtle.jpg,9990a52fd7626d49cbe3e4f7238306cf60d9abeacb7ba98196d9dd67162fb1e8,3,0.80,1.00,20,experiments/v4_cost_response/prompts/task_cost_x_0_80.txt,0ce5abc89cfa84d813d9e0550a597a21cb2fef8c050dea89ce0e38e1ad3c4cd3,b869f42ea3921777da5fad071f646050045f98fb0d17a8e359dca487cb84ad2e,2
v4_0891,heldout_09,v3_heldout_fixed_panel,disaster_logistics,target_subtle,neutral,prompts/system_neutral.txt,modified,data/images/heldout/modified/heldout_09_target_subtle.jpg,9990a52fd7626d49cbe3e4f7238306cf60d9abeacb7ba98196d9dd67162fb1e8,3,0.80,1.00,20,experiments/v4_cost_response/prompts/task_cost_x_0_80.txt,0ce5abc89cfa84d813d9e0550a597a21cb2fef8c050dea89ce0e38e1ad3c4cd3,b869f42ea3921777da5fad071f646050045f98fb0d17a8e359dca487cb84ad2e,3
v4_0892,heldout_09,v3_heldout_fixed_panel,disaster_logistics,target_subtle,neutral,prompts/system_neutral.txt,modified,data/images/heldout/modified/heldout_09_target_subtle.jpg,9990a52fd7626d49cbe3e4f7238306cf60d9abeacb7ba98196d9dd67162fb1e8,4,0.60,1.00,40,experiments/v4_cost_response/prompts/task_cost_x_0_60.txt,c4383464aa0dcd87bbdde9805d16ebb62f34138d5e5c8e766df5e1e54bd364fc,b869f42ea3921777da5fad071f646050045f98fb0d17a8e359dca487cb84ad2e,1
v4_0893,heldout_09,v3_heldout_fixed_panel,disaster_logistics,target_subtle,neutral,prompts/system_neutral.txt,modified,data/images/heldout/modified/heldout_09_target_subtle.jpg,9990a52fd7626d49cbe3e4f7238306cf60d9abeacb7ba98196d9dd67162fb1e8,4,0.60,1.00,40,experiments/v4_cost_response/prompts/task_cost_x_0_60.txt,c4383464aa0dcd87bbdde9805d16ebb62f34138d5e5c8e766df5e1e54bd364fc,b869f42ea3921777da5fad071f646050045f98fb0d17a8e359dca487cb84ad2e,2
v4_0894,heldout_09,v3_heldout_fixed_panel,disaster_logistics,target_subtle,neutral,prompts/system_neutral.txt,modified,data/images/heldout/modified/heldout_09_target_subtle.jpg,9990a52fd7626d49cbe3e4f7238306cf60d9abeacb7ba98196d9dd67162fb1e8,4,0.60,1.00,40,experiments/v4_cost_response/prompts/task_cost_x_0_60.txt,c4383464aa0dcd87bbdde9805d16ebb62f34138d5e5c8e766df5e1e54bd364fc,b869f42ea3921777da5fad071f646050045f98fb0d17a8e359dca487cb84ad2e,3
v4_0895,heldout_09,v3_heldout_fixed_panel,disaster_logistics,target_subtle,neutral,prompts/system_neutral.txt,modified,data/images/heldout/modified/heldout_09_target_subtle.jpg,9990a52fd7626d49cbe3e4f7238306cf60d9abeacb7ba98196d9dd67162fb1e8,5,0.40,1.00,60,experiments/v4_cost_response/prompts/task_cost_x_0_40.txt,8e511232f2cbdb594aca695fd454e2ab5f7db1d67270eb423955a54a3cd72a35,b869f42ea3921777da5fad071f646050045f98fb0d17a8e359dca487cb84ad2e,1
v4_0896,heldout_09,v3_heldout_fixed_panel,disaster_logistics,target_subtle,neutral,prompts/system_neutral.txt,modified,data/images/heldout/modified/heldout_09_target_subtle.jpg,9990a52fd7626d49cbe3e4f7238306cf60d9abeacb7ba98196d9dd67162fb1e8,5,0.40,1.00,60,experiments/v4_cost_response/prompts/task_cost_x_0_40.txt,8e511232f2cbdb594aca695fd454e2ab5f7db1d67270eb423955a54a3cd72a35,b869f42ea3921777da5fad071f646050045f98fb0d17a8e359dca487cb84ad2e,2
v4_0897,heldout_09,v3_heldout_fixed_panel,disaster_logistics,target_subtle,neutral,prompts/system_neutral.txt,modified,data/images/heldout/modified/heldout_09_target_subtle.jpg,9990a52fd7626d49cbe3e4f7238306cf60d9abeacb7ba98196d9dd67162fb1e8,5,0.40,1.00,60,experiments/v4_cost_response/prompts/task_cost_x_0_40.txt,8e511232f2cbdb594aca695fd454e2ab5f7db1d67270eb423955a54a3cd72a35,b869f42ea3921777da5fad071f646050045f98fb0d17a8e359dca487cb84ad2e,3
v4_0898,heldout_09,v3_heldout_fixed_panel,disaster_logistics,target_subtle,neutral,prompts/system_neutral.txt,modified,data/images/heldout/modified/heldout_09_target_subtle.jpg,9990a52fd7626d49cbe3e4f7238306cf60d9abeacb7ba98196d9dd67162fb1e8,6,0.20,1.00,80,experiments/v4_cost_response/prompts/task_cost_x_0_20.txt,7f2c7928bd3aaf6a823dcf8a20abf9a85594f9dd1c2315fdb49afb4e4e0fd3c9,b869f42ea3921777da5fad071f646050045f98fb0d17a8e359dca487cb84ad2e,1
v4_0899,heldout_09,v3_heldout_fixed_panel,disaster_logistics,target_subtle,neutral,prompts/system_neutral.txt,modified,data/images/heldout/modified/heldout_09_target_subtle.jpg,9990a52fd7626d49cbe3e4f7238306cf60d9abeacb7ba98196d9dd67162fb1e8,6,0.20,1.00,80,experiments/v4_cost_response/prompts/task_cost_x_0_20.txt,7f2c7928bd3aaf6a823dcf8a20abf9a85594f9dd1c2315fdb49afb4e4e0fd3c9,b869f42ea3921777da5fad071f646050045f98fb0d17a8e359dca487cb84ad2e,2
v4_0900,heldout_09,v3_heldout_fixed_panel,disaster_logistics,target_subtle,neutral,prompts/system_neutral.txt,modified,data/images/heldout/modified/heldout_09_target_subtle.jpg,9990a52fd7626d49cbe3e4f7238306cf60d9abeacb7ba98196d9dd67162fb1e8,6,0.20,1.00,80,experiments/v4_cost_response/prompts/task_cost_x_0_20.txt,7f2c7928bd3aaf6a823dcf8a20abf9a85594f9dd1c2315fdb49afb4e4e0fd3c9,b869f42ea3921777da5fad071f646050045f98fb0d17a8e359dca487cb84ad2e,3
v4_0901,heldout_09,v3_heldout_fixed_panel,disaster_logistics,target_subtle,cue_bound,prompts/system_cue_bound.txt,clean,data/images/heldout/clean/heldout_09_clean.jpg,2c97d89622e30ebe6b7b1139ecd3191a68735d26988f896790ce397fd4fd2677,1,1.00,1.00,0,experiments/v4_cost_response/prompts/task_cost_x_1_00.txt,9f584e2e66b5b3398c1762ac796eafb3d694e6ce3f38b0e9fd6f7beca68bbfb4,33ff7ba12da9c25a3728e0c96b2f3fd67c0d1bd0c536af71e6ec6e8de843a859,1
v4_0902,heldout_09,v3_heldout_fixed_panel,disaster_logistics,target_subtle,cue_bound,prompts/system_cue_bound.txt,clean,data/images/heldout/clean/heldout_09_clean.jpg,2c97d89622e30ebe6b7b1139ecd3191a68735d26988f896790ce397fd4fd2677,1,1.00,1.00,0,experiments/v4_cost_response/prompts/task_cost_x_1_00.txt,9f584e2e66b5b3398c1762ac796eafb3d694e6ce3f38b0e9fd6f7beca68bbfb4,33ff7ba12da9c25a3728e0c96b2f3fd67c0d1bd0c536af71e6ec6e8de843a859,2
v4_0903,heldout_09,v3_heldout_fixed_panel,disaster_logistics,target_subtle,cue_bound,prompts/system_cue_bound.txt,clean,data/images/heldout/clean/heldout_09_clean.jpg,2c97d89622e30ebe6b7b1139ecd3191a68735d26988f896790ce397fd4fd2677,1,1.00,1.00,0,experiments/v4_cost_response/prompts/task_cost_x_1_00.txt,9f584e2e66b5b3398c1762ac796eafb3d694e6ce3f38b0e9fd6f7beca68bbfb4,33ff7ba12da9c25a3728e0c96b2f3fd67c0d1bd0c536af71e6ec6e8de843a859,3
v4_0904,heldout_09,v3_heldout_fixed_panel,disaster_logistics,target_subtle,cue_bound,prompts/system_cue_bound.txt,clean,data/images/heldout/clean/heldout_09_clean.jpg,2c97d89622e30ebe6b7b1139ecd3191a68735d26988f896790ce397fd4fd2677,2,0.90,1.00,10,experiments/v4_cost_response/prompts/task_cost_x_0_90.txt,d69f9b3ee8b773d610de03b562c8f8e9b0c890463da010271c89e0f86dde4fad,33ff7ba12da9c25a3728e0c96b2f3fd67c0d1bd0c536af71e6ec6e8de843a859,1
v4_0905,heldout_09,v3_heldout_fixed_panel,disaster_logistics,target_subtle,cue_bound,prompts/system_cue_bound.txt,clean,data/images/heldout/clean/heldout_09_clean.jpg,2c97d89622e30ebe6b7b1139ecd3191a68735d26988f896790ce397fd4fd2677,2,0.90,1.00,10,experiments/v4_cost_response/prompts/task_cost_x_0_90.txt,d69f9b3ee8b773d610de03b562c8f8e9b0c890463da010271c89e0f86dde4fad,33ff7ba12da9c25a3728e0c96b2f3fd67c0d1bd0c536af71e6ec6e8de843a859,2
v4_0906,heldout_09,v3_heldout_fixed_panel,disaster_logistics,target_subtle,cue_bound,prompts/system_cue_bound.txt,clean,data/images/heldout/clean/heldout_09_clean.jpg,2c97d89622e30ebe6b7b1139ecd3191a68735d26988f896790ce397fd4fd2677,2,0.90,1.00,10,experiments/v4_cost_response/prompts/task_cost_x_0_90.txt,d69f9b3ee8b773d610de03b562c8f8e9b0c890463da010271c89e0f86dde4fad,33ff7ba12da9c25a3728e0c96b2f3fd67c0d1bd0c536af71e6ec6e8de843a859,3
v4_0907,heldout_09,v3_heldout_fixed_panel,disaster_logistics,target_subtle,cue_bound,prompts/system_cue_bound.txt,clean,data/images/heldout/clean/heldout_09_clean.jpg,2c97d89622e30ebe6b7b1139ecd3191a68735d26988f896790ce397fd4fd2677,3,0.80,1.00,20,experiments/v4_cost_response/prompts/task_cost_x_0_80.txt,0ce5abc89cfa84d813d9e0550a597a21cb2fef8c050dea89ce0e38e1ad3c4cd3,33ff7ba12da9c25a3728e0c96b2f3fd67c0d1bd0c536af71e6ec6e8de843a859,1
v4_0908,heldout_09,v3_heldout_fixed_panel,disaster_logistics,target_subtle,cue_bound,prompts/system_cue_bound.txt,clean,data/images/heldout/clean/heldout_09_clean.jpg,2c97d89622e30ebe6b7b1139ecd3191a68735d26988f896790ce397fd4fd2677,3,0.80,1.00,20,experiments/v4_cost_response/prompts/task_cost_x_0_80.txt,0ce5abc89cfa84d813d9e0550a597a21cb2fef8c050dea89ce0e38e1ad3c4cd3,33ff7ba12da9c25a3728e0c96b2f3fd67c0d1bd0c536af71e6ec6e8de843a859,2
v4_0909,heldout_09,v3_heldout_fixed_panel,disaster_logistics,target_subtle,cue_bound,prompts/system_cue_bound.txt,clean,data/images/heldout/clean/heldout_09_clean.jpg,2c97d89622e30ebe6b7b1139ecd3191a68735d26988f896790ce397fd4fd2677,3,0.80,1.00,20,experiments/v4_cost_response/prompts/task_cost_x_0_80.txt,0ce5abc89cfa84d813d9e0550a597a21cb2fef8c050dea89ce0e38e1ad3c4cd3,33ff7ba12da9c25a3728e0c96b2f3fd67c0d1bd0c536af71e6ec6e8de843a859,3
v4_0910,heldout_09,v3_heldout_fixed_panel,disaster_logistics,target_subtle,cue_bound,prompts/system_cue_bound.txt,clean,data/images/heldout/clean/heldout_09_clean.jpg,2c97d89622e30ebe6b7b1139ecd3191a68735d26988f896790ce397fd4fd2677,4,0.60,1.00,40,experiments/v4_cost_response/prompts/task_cost_x_0_60.txt,c4383464aa0dcd87bbdde9805d16ebb62f34138d5e5c8e766df5e1e54bd364fc,33ff7ba12da9c25a3728e0c96b2f3fd67c0d1bd0c536af71e6ec6e8de843a859,1
v4_0911,heldout_09,v3_heldout_fixed_panel,disaster_logistics,target_subtle,cue_bound,prompts/system_cue_bound.txt,clean,data/images/heldout/clean/heldout_09_clean.jpg,2c97d89622e30ebe6b7b1139ecd3191a68735d26988f896790ce397fd4fd2677,4,0.60,1.00,40,experiments/v4_cost_response/prompts/task_cost_x_0_60.txt,c4383464aa0dcd87bbdde9805d16ebb62f34138d5e5c8e766df5e1e54bd364fc,33ff7ba12da9c25a3728e0c96b2f3fd67c0d1bd0c536af71e6ec6e8de843a859,2
v4_0912,heldout_09,v3_heldout_fixed_panel,disaster_logistics,target_subtle,cue_bound,prompts/system_cue_bound.txt,clean,data/images/heldout/clean/heldout_09_clean.jpg,2c97d89622e30ebe6b7b1139ecd3191a68735d26988f896790ce397fd4fd2677,4,0.60,1.00,40,experiments/v4_cost_response/prompts/task_cost_x_0_60.txt,c4383464aa0dcd87bbdde9805d16ebb62f34138d5e5c8e766df5e1e54bd364fc,33ff7ba12da9c25a3728e0c96b2f3fd67c0d1bd0c536af71e6ec6e8de843a859,3
v4_0913,heldout_09,v3_heldout_fixed_panel,disaster_logistics,target_subtle,cue_bound,prompts/system_cue_bound.txt,clean,data/images/heldout/clean/heldout_09_clean.jpg,2c97d89622e30ebe6b7b1139ecd3191a68735d26988f896790ce397fd4fd2677,5,0.40,1.00,60,experiments/v4_cost_response/prompts/task_cost_x_0_40.txt,8e511232f2cbdb594aca695fd454e2ab5f7db1d67270eb423955a54a3cd72a35,33ff7ba12da9c25a3728e0c96b2f3fd67c0d1bd0c536af71e6ec6e8de843a859,1
v4_0914,heldout_09,v3_heldout_fixed_panel,disaster_logistics,target_subtle,cue_bound,prompts/system_cue_bound.txt,clean,data/images/heldout/clean/heldout_09_clean.jpg,2c97d89622e30ebe6b7b1139ecd3191a68735d26988f896790ce397fd4fd2677,5,0.40,1.00,60,experiments/v4_cost_response/prompts/task_cost_x_0_40.txt,8e511232f2cbdb594aca695fd454e2ab5f7db1d67270eb423955a54a3cd72a35,33ff7ba12da9c25a3728e0c96b2f3fd67c0d1bd0c536af71e6ec6e8de843a859,2
v4_0915,heldout_09,v3_heldout_fixed_panel,disaster_logistics,target_subtle,cue_bound,prompts/system_cue_bound.txt,clean,data/images/heldout/clean/heldout_09_clean.jpg,2c97d89622e30ebe6b7b1139ecd3191a68735d26988f896790ce397fd4fd2677,5,0.40,1.00,60,experiments/v4_cost_response/prompts/task_cost_x_0_40.txt,8e511232f2cbdb594aca695fd454e2ab5f7db1d67270eb423955a54a3cd72a35,33ff7ba12da9c25a3728e0c96b2f3fd67c0d1bd0c536af71e6ec6e8de843a859,3
v4_0916,heldout_09,v3_heldout_fixed_panel,disaster_logistics,target_subtle,cue_bound,prompts/system_cue_bound.txt,clean,data/images/heldout/clean/heldout_09_clean.jpg,2c97d89622e30ebe6b7b1139ecd3191a68735d26988f896790ce397fd4fd2677,6,0.20,1.00,80,experiments/v4_cost_response/prompts/task_cost_x_0_20.txt,7f2c7928bd3aaf6a823dcf8a20abf9a85594f9dd1c2315fdb49afb4e4e0fd3c9,33ff7ba12da9c25a3728e0c96b2f3fd67c0d1bd0c536af71e6ec6e8de843a859,1
v4_0917,heldout_09,v3_heldout_fixed_panel,disaster_logistics,target_subtle,cue_bound,prompts/system_cue_bound.txt,clean,data/images/heldout/clean/heldout_09_clean.jpg,2c97d89622e30ebe6b7b1139ecd3191a68735d26988f896790ce397fd4fd2677,6,0.20,1.00,80,experiments/v4_cost_response/prompts/task_cost_x_0_20.txt,7f2c7928bd3aaf6a823dcf8a20abf9a85594f9dd1c2315fdb49afb4e4e0fd3c9,33ff7ba12da9c25a3728e0c96b2f3fd67c0d1bd0c536af71e6ec6e8de843a859,2
v4_0918,heldout_09,v3_heldout_fixed_panel,disaster_logistics,target_subtle,cue_bound,prompts/system_cue_bound.txt,clean,data/images/heldout/clean/heldout_09_clean.jpg,2c97d89622e30ebe6b7b1139ecd3191a68735d26988f896790ce397fd4fd2677,6,0.20,1.00,80,experiments/v4_cost_response/prompts/task_cost_x_0_20.txt,7f2c7928bd3aaf6a823dcf8a20abf9a85594f9dd1c2315fdb49afb4e4e0fd3c9,33ff7ba12da9c25a3728e0c96b2f3fd67c0d1bd0c536af71e6ec6e8de843a859,3
v4_0919,heldout_09,v3_heldout_fixed_panel,disaster_logistics,target_subtle,cue_bound,prompts/system_cue_bound.txt,modified,data/images/heldout/modified/heldout_09_target_subtle.jpg,9990a52fd7626d49cbe3e4f7238306cf60d9abeacb7ba98196d9dd67162fb1e8,1,1.00,1.00,0,experiments/v4_cost_response/prompts/task_cost_x_1_00.txt,9f584e2e66b5b3398c1762ac796eafb3d694e6ce3f38b0e9fd6f7beca68bbfb4,33ff7ba12da9c25a3728e0c96b2f3fd67c0d1bd0c536af71e6ec6e8de843a859,1
v4_0920,heldout_09,v3_heldout_fixed_panel,disaster_logistics,target_subtle,cue_bound,prompts/system_cue_bound.txt,modified,data/images/heldout/modified/heldout_09_target_subtle.jpg,9990a52fd7626d49cbe3e4f7238306cf60d9abeacb7ba98196d9dd67162fb1e8,1,1.00,1.00,0,experiments/v4_cost_response/prompts/task_cost_x_1_00.txt,9f584e2e66b5b3398c1762ac796eafb3d694e6ce3f38b0e9fd6f7beca68bbfb4,33ff7ba12da9c25a3728e0c96b2f3fd67c0d1bd0c536af71e6ec6e8de843a859,2
v4_0921,heldout_09,v3_heldout_fixed_panel,disaster_logistics,target_subtle,cue_bound,prompts/system_cue_bound.txt,modified,data/images/heldout/modified/heldout_09_target_subtle.jpg,9990a52fd7626d49cbe3e4f7238306cf60d9abeacb7ba98196d9dd67162fb1e8,1,1.00,1.00,0,experiments/v4_cost_response/prompts/task_cost_x_1_00.txt,9f584e2e66b5b3398c1762ac796eafb3d694e6ce3f38b0e9fd6f7beca68bbfb4,33ff7ba12da9c25a3728e0c96b2f3fd67c0d1bd0c536af71e6ec6e8de843a859,3
v4_0922,heldout_09,v3_heldout_fixed_panel,disaster_logistics,target_subtle,cue_bound,prompts/system_cue_bound.txt,modified,data/images/heldout/modified/heldout_09_target_subtle.jpg,9990a52fd7626d49cbe3e4f7238306cf60d9abeacb7ba98196d9dd67162fb1e8,2,0.90,1.00,10,experiments/v4_cost_response/prompts/task_cost_x_0_90.txt,d69f9b3ee8b773d610de03b562c8f8e9b0c890463da010271c89e0f86dde4fad,33ff7ba12da9c25a3728e0c96b2f3fd67c0d1bd0c536af71e6ec6e8de843a859,1
v4_0923,heldout_09,v3_heldout_fixed_panel,disaster_logistics,target_subtle,cue_bound,prompts/system_cue_bound.txt,modified,data/images/heldout/modified/heldout_09_target_subtle.jpg,9990a52fd7626d49cbe3e4f7238306cf60d9abeacb7ba98196d9dd67162fb1e8,2,0.90,1.00,10,experiments/v4_cost_response/prompts/task_cost_x_0_90.txt,d69f9b3ee8b773d610de03b562c8f8e9b0c890463da010271c89e0f86dde4fad,33ff7ba12da9c25a3728e0c96b2f3fd67c0d1bd0c536af71e6ec6e8de843a859,2
v4_0924,heldout_09,v3_heldout_fixed_panel,disaster_logistics,target_subtle,cue_bound,prompts/system_cue_bound.txt,modified,data/images/heldout/modified/heldout_09_target_subtle.jpg,9990a52fd7626d49cbe3e4f7238306cf60d9abeacb7ba98196d9dd67162fb1e8,2,0.90,1.00,10,experiments/v4_cost_response/prompts/task_cost_x_0_90.txt,d69f9b3ee8b773d610de03b562c8f8e9b0c890463da010271c89e0f86dde4fad,33ff7ba12da9c25a3728e0c96b2f3fd67c0d1bd0c536af71e6ec6e8de843a859,3
v4_0925,heldout_09,v3_heldout_fixed_panel,disaster_logistics,target_subtle,cue_bound,prompts/system_cue_bound.txt,modified,data/images/heldout/modified/heldout_09_target_subtle.jpg,9990a52fd7626d49cbe3e4f7238306cf60d9abeacb7ba98196d9dd67162fb1e8,3,0.80,1.00,20,experiments/v4_cost_response/prompts/task_cost_x_0_80.txt,0ce5abc89cfa84d813d9e0550a597a21cb2fef8c050dea89ce0e38e1ad3c4cd3,33ff7ba12da9c25a3728e0c96b2f3fd67c0d1bd0c536af71e6ec6e8de843a859,1
v4_0926,heldout_09,v3_heldout_fixed_panel,disaster_logistics,target_subtle,cue_bound,prompts/system_cue_bound.txt,modified,data/images/heldout/modified/heldout_09_target_subtle.jpg,9990a52fd7626d49cbe3e4f7238306cf60d9abeacb7ba98196d9dd67162fb1e8,3,0.80,1.00,20,experiments/v4_cost_response/prompts/task_cost_x_0_80.txt,0ce5abc89cfa84d813d9e0550a597a21cb2fef8c050dea89ce0e38e1ad3c4cd3,33ff7ba12da9c25a3728e0c96b2f3fd67c0d1bd0c536af71e6ec6e8de843a859,2
v4_0927,heldout_09,v3_heldout_fixed_panel,disaster_logistics,target_subtle,cue_bound,prompts/system_cue_bound.txt,modified,data/images/heldout/modified/heldout_09_target_subtle.jpg,9990a52fd7626d49cbe3e4f7238306cf60d9abeacb7ba98196d9dd67162fb1e8,3,0.80,1.00,20,experiments/v4_cost_response/prompts/task_cost_x_0_80.txt,0ce5abc89cfa84d813d9e0550a597a21cb2fef8c050dea89ce0e38e1ad3c4cd3,33ff7ba12da9c25a3728e0c96b2f3fd67c0d1bd0c536af71e6ec6e8de843a859,3
v4_0928,heldout_09,v3_heldout_fixed_panel,disaster_logistics,target_subtle,cue_bound,prompts/system_cue_bound.txt,modified,data/images/heldout/modified/heldout_09_target_subtle.jpg,9990a52fd7626d49cbe3e4f7238306cf60d9abeacb7ba98196d9dd67162fb1e8,4,0.60,1.00,40,experiments/v4_cost_response/prompts/task_cost_x_0_60.txt,c4383464aa0dcd87bbdde9805d16ebb62f34138d5e5c8e766df5e1e54bd364fc,33ff7ba12da9c25a3728e0c96b2f3fd67c0d1bd0c536af71e6ec6e8de843a859,1
v4_0929,heldout_09,v3_heldout_fixed_panel,disaster_logistics,target_subtle,cue_bound,prompts/system_cue_bound.txt,modified,data/images/heldout/modified/heldout_09_target_subtle.jpg,9990a52fd7626d49cbe3e4f7238306cf60d9abeacb7ba98196d9dd67162fb1e8,4,0.60,1.00,40,experiments/v4_cost_response/prompts/task_cost_x_0_60.txt,c4383464aa0dcd87bbdde9805d16ebb62f34138d5e5c8e766df5e1e54bd364fc,33ff7ba12da9c25a3728e0c96b2f3fd67c0d1bd0c536af71e6ec6e8de843a859,2
v4_0930,heldout_09,v3_heldout_fixed_panel,disaster_logistics,target_subtle,cue_bound,prompts/system_cue_bound.txt,modified,data/images/heldout/modified/heldout_09_target_subtle.jpg,9990a52fd7626d49cbe3e4f7238306cf60d9abeacb7ba98196d9dd67162fb1e8,4,0.60,1.00,40,experiments/v4_cost_response/prompts/task_cost_x_0_60.txt,c4383464aa0dcd87bbdde9805d16ebb62f34138d5e5c8e766df5e1e54bd364fc,33ff7ba12da9c25a3728e0c96b2f3fd67c0d1bd0c536af71e6ec6e8de843a859,3
v4_0931,heldout_09,v3_heldout_fixed_panel,disaster_logistics,target_subtle,cue_bound,prompts/system_cue_bound.txt,modified,data/images/heldout/modified/heldout_09_target_subtle.jpg,9990a52fd7626d49cbe3e4f7238306cf60d9abeacb7ba98196d9dd67162fb1e8,5,0.40,1.00,60,experiments/v4_cost_response/prompts/task_cost_x_0_40.txt,8e511232f2cbdb594aca695fd454e2ab5f7db1d67270eb423955a54a3cd72a35,33ff7ba12da9c25a3728e0c96b2f3fd67c0d1bd0c536af71e6ec6e8de843a859,1
v4_0932,heldout_09,v3_heldout_fixed_panel,disaster_logistics,target_subtle,cue_bound,prompts/system_cue_bound.txt,modified,data/images/heldout/modified/heldout_09_target_subtle.jpg,9990a52fd7626d49cbe3e4f7238306cf60d9abeacb7ba98196d9dd67162fb1e8,5,0.40,1.00,60,experiments/v4_cost_response/prompts/task_cost_x_0_40.txt,8e511232f2cbdb594aca695fd454e2ab5f7db1d67270eb423955a54a3cd72a35,33ff7ba12da9c25a3728e0c96b2f3fd67c0d1bd0c536af71e6ec6e8de843a859,2
v4_0933,heldout_09,v3_heldout_fixed_panel,disaster_logistics,target_subtle,cue_bound,prompts/system_cue_bound.txt,modified,data/images/heldout/modified/heldout_09_target_subtle.jpg,9990a52fd7626d49cbe3e4f7238306cf60d9abeacb7ba98196d9dd67162fb1e8,5,0.40,1.00,60,experiments/v4_cost_response/prompts/task_cost_x_0_40.txt,8e511232f2cbdb594aca695fd454e2ab5f7db1d67270eb423955a54a3cd72a35,33ff7ba12da9c25a3728e0c96b2f3fd67c0d1bd0c536af71e6ec6e8de843a859,3
v4_0934,heldout_09,v3_heldout_fixed_panel,disaster_logistics,target_subtle,cue_bound,prompts/system_cue_bound.txt,modified,data/images/heldout/modified/heldout_09_target_subtle.jpg,9990a52fd7626d49cbe3e4f7238306cf60d9abeacb7ba98196d9dd67162fb1e8,6,0.20,1.00,80,experiments/v4_cost_response/prompts/task_cost_x_0_20.txt,7f2c7928bd3aaf6a823dcf8a20abf9a85594f9dd1c2315fdb49afb4e4e0fd3c9,33ff7ba12da9c25a3728e0c96b2f3fd67c0d1bd0c536af71e6ec6e8de843a859,1
v4_0935,heldout_09,v3_heldout_fixed_panel,disaster_logistics,target_subtle,cue_bound,prompts/system_cue_bound.txt,modified,data/images/heldout/modified/heldout_09_target_subtle.jpg,9990a52fd7626d49cbe3e4f7238306cf60d9abeacb7ba98196d9dd67162fb1e8,6,0.20,1.00,80,experiments/v4_cost_response/prompts/task_cost_x_0_20.txt,7f2c7928bd3aaf6a823dcf8a20abf9a85594f9dd1c2315fdb49afb4e4e0fd3c9,33ff7ba12da9c25a3728e0c96b2f3fd67c0d1bd0c536af71e6ec6e8de843a859,2
v4_0936,heldout_09,v3_heldout_fixed_panel,disaster_logistics,target_subtle,cue_bound,prompts/system_cue_bound.txt,modified,data/images/heldout/modified/heldout_09_target_subtle.jpg,9990a52fd7626d49cbe3e4f7238306cf60d9abeacb7ba98196d9dd67162fb1e8,6,0.20,1.00,80,experiments/v4_cost_response/prompts/task_cost_x_0_20.txt,7f2c7928bd3aaf6a823dcf8a20abf9a85594f9dd1c2315fdb49afb4e4e0fd3c9,33ff7ba12da9c25a3728e0c96b2f3fd67c0d1bd0c536af71e6ec6e8de843a859,3
v4_0937,heldout_09,v3_heldout_fixed_panel,disaster_logistics,target_subtle,generalized,prompts/system_generalized.txt,clean,data/images/heldout/clean/heldout_09_clean.jpg,2c97d89622e30ebe6b7b1139ecd3191a68735d26988f896790ce397fd4fd2677,1,1.00,1.00,0,experiments/v4_cost_response/prompts/task_cost_x_1_00.txt,9f584e2e66b5b3398c1762ac796eafb3d694e6ce3f38b0e9fd6f7beca68bbfb4,1b17f7d53eb5fb6e22076dfc0961ade0c3f463f9c1e3ddd053e82bc8990faa80,1
v4_0938,heldout_09,v3_heldout_fixed_panel,disaster_logistics,target_subtle,generalized,prompts/system_generalized.txt,clean,data/images/heldout/clean/heldout_09_clean.jpg,2c97d89622e30ebe6b7b1139ecd3191a68735d26988f896790ce397fd4fd2677,1,1.00,1.00,0,experiments/v4_cost_response/prompts/task_cost_x_1_00.txt,9f584e2e66b5b3398c1762ac796eafb3d694e6ce3f38b0e9fd6f7beca68bbfb4,1b17f7d53eb5fb6e22076dfc0961ade0c3f463f9c1e3ddd053e82bc8990faa80,2
v4_0939,heldout_09,v3_heldout_fixed_panel,disaster_logistics,target_subtle,generalized,prompts/system_generalized.txt,clean,data/images/heldout/clean/heldout_09_clean.jpg,2c97d89622e30ebe6b7b1139ecd3191a68735d26988f896790ce397fd4fd2677,1,1.00,1.00,0,experiments/v4_cost_response/prompts/task_cost_x_1_00.txt,9f584e2e66b5b3398c1762ac796eafb3d694e6ce3f38b0e9fd6f7beca68bbfb4,1b17f7d53eb5fb6e22076dfc0961ade0c3f463f9c1e3ddd053e82bc8990faa80,3
v4_0940,heldout_09,v3_heldout_fixed_panel,disaster_logistics,target_subtle,generalized,prompts/system_generalized.txt,clean,data/images/heldout/clean/heldout_09_clean.jpg,2c97d89622e30ebe6b7b1139ecd3191a68735d26988f896790ce397fd4fd2677,2,0.90,1.00,10,experiments/v4_cost_response/prompts/task_cost_x_0_90.txt,d69f9b3ee8b773d610de03b562c8f8e9b0c890463da010271c89e0f86dde4fad,1b17f7d53eb5fb6e22076dfc0961ade0c3f463f9c1e3ddd053e82bc8990faa80,1
v4_0941,heldout_09,v3_heldout_fixed_panel,disaster_logistics,target_subtle,generalized,prompts/system_generalized.txt,clean,data/images/heldout/clean/heldout_09_clean.jpg,2c97d89622e30ebe6b7b1139ecd3191a68735d26988f896790ce397fd4fd2677,2,0.90,1.00,10,experiments/v4_cost_response/prompts/task_cost_x_0_90.txt,d69f9b3ee8b773d610de03b562c8f8e9b0c890463da010271c89e0f86dde4fad,1b17f7d53eb5fb6e22076dfc0961ade0c3f463f9c1e3ddd053e82bc8990faa80,2
v4_0942,heldout_09,v3_heldout_fixed_panel,disaster_logistics,target_subtle,generalized,prompts/system_generalized.txt,clean,data/images/heldout/clean/heldout_09_clean.jpg,2c97d89622e30ebe6b7b1139ecd3191a68735d26988f896790ce397fd4fd2677,2,0.90,1.00,10,experiments/v4_cost_response/prompts/task_cost_x_0_90.txt,d69f9b3ee8b773d610de03b562c8f8e9b0c890463da010271c89e0f86dde4fad,1b17f7d53eb5fb6e22076dfc0961ade0c3f463f9c1e3ddd053e82bc8990faa80,3
v4_0943,heldout_09,v3_heldout_fixed_panel,disaster_logistics,target_subtle,generalized,prompts/system_generalized.txt,clean,data/images/heldout/clean/heldout_09_clean.jpg,2c97d89622e30ebe6b7b1139ecd3191a68735d26988f896790ce397fd4fd2677,3,0.80,1.00,20,experiments/v4_cost_response/prompts/task_cost_x_0_80.txt,0ce5abc89cfa84d813d9e0550a597a21cb2fef8c050dea89ce0e38e1ad3c4cd3,1b17f7d53eb5fb6e22076dfc0961ade0c3f463f9c1e3ddd053e82bc8990faa80,1
v4_0944,heldout_09,v3_heldout_fixed_panel,disaster_logistics,target_subtle,generalized,prompts/system_generalized.txt,clean,data/images/heldout/clean/heldout_09_clean.jpg,2c97d89622e30ebe6b7b1139ecd3191a68735d26988f896790ce397fd4fd2677,3,0.80,1.00,20,experiments/v4_cost_response/prompts/task_cost_x_0_80.txt,0ce5abc89cfa84d813d9e0550a597a21cb2fef8c050dea89ce0e38e1ad3c4cd3,1b17f7d53eb5fb6e22076dfc0961ade0c3f463f9c1e3ddd053e82bc8990faa80,2
v4_0945,heldout_09,v3_heldout_fixed_panel,disaster_logistics,target_subtle,generalized,prompts/system_generalized.txt,clean,data/images/heldout/clean/heldout_09_clean.jpg,2c97d89622e30ebe6b7b1139ecd3191a68735d26988f896790ce397fd4fd2677,3,0.80,1.00,20,experiments/v4_cost_response/prompts/task_cost_x_0_80.txt,0ce5abc89cfa84d813d9e0550a597a21cb2fef8c050dea89ce0e38e1ad3c4cd3,1b17f7d53eb5fb6e22076dfc0961ade0c3f463f9c1e3ddd053e82bc8990faa80,3
v4_0946,heldout_09,v3_heldout_fixed_panel,disaster_logistics,target_subtle,generalized,prompts/system_generalized.txt,clean,data/images/heldout/clean/heldout_09_clean.jpg,2c97d89622e30ebe6b7b1139ecd3191a68735d26988f896790ce397fd4fd2677,4,0.60,1.00,40,experiments/v4_cost_response/prompts/task_cost_x_0_60.txt,c4383464aa0dcd87bbdde9805d16ebb62f34138d5e5c8e766df5e1e54bd364fc,1b17f7d53eb5fb6e22076dfc0961ade0c3f463f9c1e3ddd053e82bc8990faa80,1
v4_0947,heldout_09,v3_heldout_fixed_panel,disaster_logistics,target_subtle,generalized,prompts/system_generalized.txt,clean,data/images/heldout/clean/heldout_09_clean.jpg,2c97d89622e30ebe6b7b1139ecd3191a68735d26988f896790ce397fd4fd2677,4,0.60,1.00,40,experiments/v4_cost_response/prompts/task_cost_x_0_60.txt,c4383464aa0dcd87bbdde9805d16ebb62f34138d5e5c8e766df5e1e54bd364fc,1b17f7d53eb5fb6e22076dfc0961ade0c3f463f9c1e3ddd053e82bc8990faa80,2
v4_0948,heldout_09,v3_heldout_fixed_panel,disaster_logistics,target_subtle,generalized,prompts/system_generalized.txt,clean,data/images/heldout/clean/heldout_09_clean.jpg,2c97d89622e30ebe6b7b1139ecd3191a68735d26988f896790ce397fd4fd2677,4,0.60,1.00,40,experiments/v4_cost_response/prompts/task_cost_x_0_60.txt,c4383464aa0dcd87bbdde9805d16ebb62f34138d5e5c8e766df5e1e54bd364fc,1b17f7d53eb5fb6e22076dfc0961ade0c3f463f9c1e3ddd053e82bc8990faa80,3
v4_0949,heldout_09,v3_heldout_fixed_panel,disaster_logistics,target_subtle,generalized,prompts/system_generalized.txt,clean,data/images/heldout/clean/heldout_09_clean.jpg,2c97d89622e30ebe6b7b1139ecd3191a68735d26988f896790ce397fd4fd2677,5,0.40,1.00,60,experiments/v4_cost_response/prompts/task_cost_x_0_40.txt,8e511232f2cbdb594aca695fd454e2ab5f7db1d67270eb423955a54a3cd72a35,1b17f7d53eb5fb6e22076dfc0961ade0c3f463f9c1e3ddd053e82bc8990faa80,1
v4_0950,heldout_09,v3_heldout_fixed_panel,disaster_logistics,target_subtle,generalized,prompts/system_generalized.txt,clean,data/images/heldout/clean/heldout_09_clean.jpg,2c97d89622e30ebe6b7b1139ecd3191a68735d26988f896790ce397fd4fd2677,5,0.40,1.00,60,experiments/v4_cost_response/prompts/task_cost_x_0_40.txt,8e511232f2cbdb594aca695fd454e2ab5f7db1d67270eb423955a54a3cd72a35,1b17f7d53eb5fb6e22076dfc0961ade0c3f463f9c1e3ddd053e82bc8990faa80,2
v4_0951,heldout_09,v3_heldout_fixed_panel,disaster_logistics,target_subtle,generalized,prompts/system_generalized.txt,clean,data/images/heldout/clean/heldout_09_clean.jpg,2c97d89622e30ebe6b7b1139ecd3191a68735d26988f896790ce397fd4fd2677,5,0.40,1.00,60,experiments/v4_cost_response/prompts/task_cost_x_0_40.txt,8e511232f2cbdb594aca695fd454e2ab5f7db1d67270eb423955a54a3cd72a35,1b17f7d53eb5fb6e22076dfc0961ade0c3f463f9c1e3ddd053e82bc8990faa80,3
v4_0952,heldout_09,v3_heldout_fixed_panel,disaster_logistics,target_subtle,generalized,prompts/system_generalized.txt,clean,data/images/heldout/clean/heldout_09_clean.jpg,2c97d89622e30ebe6b7b1139ecd3191a68735d26988f896790ce397fd4fd2677,6,0.20,1.00,80,experiments/v4_cost_response/prompts/task_cost_x_0_20.txt,7f2c7928bd3aaf6a823dcf8a20abf9a85594f9dd1c2315fdb49afb4e4e0fd3c9,1b17f7d53eb5fb6e22076dfc0961ade0c3f463f9c1e3ddd053e82bc8990faa80,1
v4_0953,heldout_09,v3_heldout_fixed_panel,disaster_logistics,target_subtle,generalized,prompts/system_generalized.txt,clean,data/images/heldout/clean/heldout_09_clean.jpg,2c97d89622e30ebe6b7b1139ecd3191a68735d26988f896790ce397fd4fd2677,6,0.20,1.00,80,experiments/v4_cost_response/prompts/task_cost_x_0_20.txt,7f2c7928bd3aaf6a823dcf8a20abf9a85594f9dd1c2315fdb49afb4e4e0fd3c9,1b17f7d53eb5fb6e22076dfc0961ade0c3f463f9c1e3ddd053e82bc8990faa80,2
v4_0954,heldout_09,v3_heldout_fixed_panel,disaster_logistics,target_subtle,generalized,prompts/system_generalized.txt,clean,data/images/heldout/clean/heldout_09_clean.jpg,2c97d89622e30ebe6b7b1139ecd3191a68735d26988f896790ce397fd4fd2677,6,0.20,1.00,80,experiments/v4_cost_response/prompts/task_cost_x_0_20.txt,7f2c7928bd3aaf6a823dcf8a20abf9a85594f9dd1c2315fdb49afb4e4e0fd3c9,1b17f7d53eb5fb6e22076dfc0961ade0c3f463f9c1e3ddd053e82bc8990faa80,3
v4_0955,heldout_09,v3_heldout_fixed_panel,disaster_logistics,target_subtle,generalized,prompts/system_generalized.txt,modified,data/images/heldout/modified/heldout_09_target_subtle.jpg,9990a52fd7626d49cbe3e4f7238306cf60d9abeacb7ba98196d9dd67162fb1e8,1,1.00,1.00,0,experiments/v4_cost_response/prompts/task_cost_x_1_00.txt,9f584e2e66b5b3398c1762ac796eafb3d694e6ce3f38b0e9fd6f7beca68bbfb4,1b17f7d53eb5fb6e22076dfc0961ade0c3f463f9c1e3ddd053e82bc8990faa80,1
v4_0956,heldout_09,v3_heldout_fixed_panel,disaster_logistics,target_subtle,generalized,prompts/system_generalized.txt,modified,data/images/heldout/modified/heldout_09_target_subtle.jpg,9990a52fd7626d49cbe3e4f7238306cf60d9abeacb7ba98196d9dd67162fb1e8,1,1.00,1.00,0,experiments/v4_cost_response/prompts/task_cost_x_1_00.txt,9f584e2e66b5b3398c1762ac796eafb3d694e6ce3f38b0e9fd6f7beca68bbfb4,1b17f7d53eb5fb6e22076dfc0961ade0c3f463f9c1e3ddd053e82bc8990faa80,2
v4_0957,heldout_09,v3_heldout_fixed_panel,disaster_logistics,target_subtle,generalized,prompts/system_generalized.txt,modified,data/images/heldout/modified/heldout_09_target_subtle.jpg,9990a52fd7626d49cbe3e4f7238306cf60d9abeacb7ba98196d9dd67162fb1e8,1,1.00,1.00,0,experiments/v4_cost_response/prompts/task_cost_x_1_00.txt,9f584e2e66b5b3398c1762ac796eafb3d694e6ce3f38b0e9fd6f7beca68bbfb4,1b17f7d53eb5fb6e22076dfc0961ade0c3f463f9c1e3ddd053e82bc8990faa80,3
v4_0958,heldout_09,v3_heldout_fixed_panel,disaster_logistics,target_subtle,generalized,prompts/system_generalized.txt,modified,data/images/heldout/modified/heldout_09_target_subtle.jpg,9990a52fd7626d49cbe3e4f7238306cf60d9abeacb7ba98196d9dd67162fb1e8,2,0.90,1.00,10,experiments/v4_cost_response/prompts/task_cost_x_0_90.txt,d69f9b3ee8b773d610de03b562c8f8e9b0c890463da010271c89e0f86dde4fad,1b17f7d53eb5fb6e22076dfc0961ade0c3f463f9c1e3ddd053e82bc8990faa80,1
v4_0959,heldout_09,v3_heldout_fixed_panel,disaster_logistics,target_subtle,generalized,prompts/system_generalized.txt,modified,data/images/heldout/modified/heldout_09_target_subtle.jpg,9990a52fd7626d49cbe3e4f7238306cf60d9abeacb7ba98196d9dd67162fb1e8,2,0.90,1.00,10,experiments/v4_cost_response/prompts/task_cost_x_0_90.txt,d69f9b3ee8b773d610de03b562c8f8e9b0c890463da010271c89e0f86dde4fad,1b17f7d53eb5fb6e22076dfc0961ade0c3f463f9c1e3ddd053e82bc8990faa80,2
v4_0960,heldout_09,v3_heldout_fixed_panel,disaster_logistics,target_subtle,generalized,prompts/system_generalized.txt,modified,data/images/heldout/modified/heldout_09_target_subtle.jpg,9990a52fd7626d49cbe3e4f7238306cf60d9abeacb7ba98196d9dd67162fb1e8,2,0.90,1.00,10,experiments/v4_cost_response/prompts/task_cost_x_0_90.txt,d69f9b3ee8b773d610de03b562c8f8e9b0c890463da010271c89e0f86dde4fad,1b17f7d53eb5fb6e22076dfc0961ade0c3f463f9c1e3ddd053e82bc8990faa80,3
v4_0961,heldout_09,v3_heldout_fixed_panel,disaster_logistics,target_subtle,generalized,prompts/system_generalized.txt,modified,data/images/heldout/modified/heldout_09_target_subtle.jpg,9990a52fd7626d49cbe3e4f7238306cf60d9abeacb7ba98196d9dd67162fb1e8,3,0.80,1.00,20,experiments/v4_cost_response/prompts/task_cost_x_0_80.txt,0ce5abc89cfa84d813d9e0550a597a21cb2fef8c050dea89ce0e38e1ad3c4cd3,1b17f7d53eb5fb6e22076dfc0961ade0c3f463f9c1e3ddd053e82bc8990faa80,1
v4_0962,heldout_09,v3_heldout_fixed_panel,disaster_logistics,target_subtle,generalized,prompts/system_generalized.txt,modified,data/images/heldout/modified/heldout_09_target_subtle.jpg,9990a52fd7626d49cbe3e4f7238306cf60d9abeacb7ba98196d9dd67162fb1e8,3,0.80,1.00,20,experiments/v4_cost_response/prompts/task_cost_x_0_80.txt,0ce5abc89cfa84d813d9e0550a597a21cb2fef8c050dea89ce0e38e1ad3c4cd3,1b17f7d53eb5fb6e22076dfc0961ade0c3f463f9c1e3ddd053e82bc8990faa80,2
v4_0963,heldout_09,v3_heldout_fixed_panel,disaster_logistics,target_subtle,generalized,prompts/system_generalized.txt,modified,data/images/heldout/modified/heldout_09_target_subtle.jpg,9990a52fd7626d49cbe3e4f7238306cf60d9abeacb7ba98196d9dd67162fb1e8,3,0.80,1.00,20,experiments/v4_cost_response/prompts/task_cost_x_0_80.txt,0ce5abc89cfa84d813d9e0550a597a21cb2fef8c050dea89ce0e38e1ad3c4cd3,1b17f7d53eb5fb6e22076dfc0961ade0c3f463f9c1e3ddd053e82bc8990faa80,3
v4_0964,heldout_09,v3_heldout_fixed_panel,disaster_logistics,target_subtle,generalized,prompts/system_generalized.txt,modified,data/images/heldout/modified/heldout_09_target_subtle.jpg,9990a52fd7626d49cbe3e4f7238306cf60d9abeacb7ba98196d9dd67162fb1e8,4,0.60,1.00,40,experiments/v4_cost_response/prompts/task_cost_x_0_60.txt,c4383464aa0dcd87bbdde9805d16ebb62f34138d5e5c8e766df5e1e54bd364fc,1b17f7d53eb5fb6e22076dfc0961ade0c3f463f9c1e3ddd053e82bc8990faa80,1
v4_0965,heldout_09,v3_heldout_fixed_panel,disaster_logistics,target_subtle,generalized,prompts/system_generalized.txt,modified,data/images/heldout/modified/heldout_09_target_subtle.jpg,9990a52fd7626d49cbe3e4f7238306cf60d9abeacb7ba98196d9dd67162fb1e8,4,0.60,1.00,40,experiments/v4_cost_response/prompts/task_cost_x_0_60.txt,c4383464aa0dcd87bbdde9805d16ebb62f34138d5e5c8e766df5e1e54bd364fc,1b17f7d53eb5fb6e22076dfc0961ade0c3f463f9c1e3ddd053e82bc8990faa80,2
v4_0966,heldout_09,v3_heldout_fixed_panel,disaster_logistics,target_subtle,generalized,prompts/system_generalized.txt,modified,data/images/heldout/modified/heldout_09_target_subtle.jpg,9990a52fd7626d49cbe3e4f7238306cf60d9abeacb7ba98196d9dd67162fb1e8,4,0.60,1.00,40,experiments/v4_cost_response/prompts/task_cost_x_0_60.txt,c4383464aa0dcd87bbdde9805d16ebb62f34138d5e5c8e766df5e1e54bd364fc,1b17f7d53eb5fb6e22076dfc0961ade0c3f463f9c1e3ddd053e82bc8990faa80,3
v4_0967,heldout_09,v3_heldout_fixed_panel,disaster_logistics,target_subtle,generalized,prompts/system_generalized.txt,modified,data/images/heldout/modified/heldout_09_target_subtle.jpg,9990a52fd7626d49cbe3e4f7238306cf60d9abeacb7ba98196d9dd67162fb1e8,5,0.40,1.00,60,experiments/v4_cost_response/prompts/task_cost_x_0_40.txt,8e511232f2cbdb594aca695fd454e2ab5f7db1d67270eb423955a54a3cd72a35,1b17f7d53eb5fb6e22076dfc0961ade0c3f463f9c1e3ddd053e82bc8990faa80,1
v4_0968,heldout_09,v3_heldout_fixed_panel,disaster_logistics,target_subtle,generalized,prompts/system_generalized.txt,modified,data/images/heldout/modified/heldout_09_target_subtle.jpg,9990a52fd7626d49cbe3e4f7238306cf60d9abeacb7ba98196d9dd67162fb1e8,5,0.40,1.00,60,experiments/v4_cost_response/prompts/task_cost_x_0_40.txt,8e511232f2cbdb594aca695fd454e2ab5f7db1d67270eb423955a54a3cd72a35,1b17f7d53eb5fb6e22076dfc0961ade0c3f463f9c1e3ddd053e82bc8990faa80,2
v4_0969,heldout_09,v3_heldout_fixed_panel,disaster_logistics,target_subtle,generalized,prompts/system_generalized.txt,modified,data/images/heldout/modified/heldout_09_target_subtle.jpg,9990a52fd7626d49cbe3e4f7238306cf60d9abeacb7ba98196d9dd67162fb1e8,5,0.40,1.00,60,experiments/v4_cost_response/prompts/task_cost_x_0_40.txt,8e511232f2cbdb594aca695fd454e2ab5f7db1d67270eb423955a54a3cd72a35,1b17f7d53eb5fb6e22076dfc0961ade0c3f463f9c1e3ddd053e82bc8990faa80,3
v4_0970,heldout_09,v3_heldout_fixed_panel,disaster_logistics,target_subtle,generalized,prompts/system_generalized.txt,modified,data/images/heldout/modified/heldout_09_target_subtle.jpg,9990a52fd7626d49cbe3e4f7238306cf60d9abeacb7ba98196d9dd67162fb1e8,6,0.20,1.00,80,experiments/v4_cost_response/prompts/task_cost_x_0_20.txt,7f2c7928bd3aaf6a823dcf8a20abf9a85594f9dd1c2315fdb49afb4e4e0fd3c9,1b17f7d53eb5fb6e22076dfc0961ade0c3f463f9c1e3ddd053e82bc8990faa80,1
v4_0971,heldout_09,v3_heldout_fixed_panel,disaster_logistics,target_subtle,generalized,prompts/system_generalized.txt,modified,data/images/heldout/modified/heldout_09_target_subtle.jpg,9990a52fd7626d49cbe3e4f7238306cf60d9abeacb7ba98196d9dd67162fb1e8,6,0.20,1.00,80,experiments/v4_cost_response/prompts/task_cost_x_0_20.txt,7f2c7928bd3aaf6a823dcf8a20abf9a85594f9dd1c2315fdb49afb4e4e0fd3c9,1b17f7d53eb5fb6e22076dfc0961ade0c3f463f9c1e3ddd053e82bc8990faa80,2
v4_0972,heldout_09,v3_heldout_fixed_panel,disaster_logistics,target_subtle,generalized,prompts/system_generalized.txt,modified,data/images/heldout/modified/heldout_09_target_subtle.jpg,9990a52fd7626d49cbe3e4f7238306cf60d9abeacb7ba98196d9dd67162fb1e8,6,0.20,1.00,80,experiments/v4_cost_response/prompts/task_cost_x_0_20.txt,7f2c7928bd3aaf6a823dcf8a20abf9a85594f9dd1c2315fdb49afb4e4e0fd3c9,1b17f7d53eb5fb6e22076dfc0961ade0c3f463f9c1e3ddd053e82bc8990faa80,3
v4_0973,heldout_10,v3_heldout_fixed_panel,recycling_facility,distractor_clear,neutral,prompts/system_neutral.txt,clean,data/images/heldout/clean/heldout_10_clean.jpg,94e569e89b596809cf79e92103c8a8afe5ad1031d2aa77cefb17e0c57bb1d356,1,1.00,1.00,0,experiments/v4_cost_response/prompts/task_cost_x_1_00.txt,9f584e2e66b5b3398c1762ac796eafb3d694e6ce3f38b0e9fd6f7beca68bbfb4,b869f42ea3921777da5fad071f646050045f98fb0d17a8e359dca487cb84ad2e,1
v4_0974,heldout_10,v3_heldout_fixed_panel,recycling_facility,distractor_clear,neutral,prompts/system_neutral.txt,clean,data/images/heldout/clean/heldout_10_clean.jpg,94e569e89b596809cf79e92103c8a8afe5ad1031d2aa77cefb17e0c57bb1d356,1,1.00,1.00,0,experiments/v4_cost_response/prompts/task_cost_x_1_00.txt,9f584e2e66b5b3398c1762ac796eafb3d694e6ce3f38b0e9fd6f7beca68bbfb4,b869f42ea3921777da5fad071f646050045f98fb0d17a8e359dca487cb84ad2e,2
v4_0975,heldout_10,v3_heldout_fixed_panel,recycling_facility,distractor_clear,neutral,prompts/system_neutral.txt,clean,data/images/heldout/clean/heldout_10_clean.jpg,94e569e89b596809cf79e92103c8a8afe5ad1031d2aa77cefb17e0c57bb1d356,1,1.00,1.00,0,experiments/v4_cost_response/prompts/task_cost_x_1_00.txt,9f584e2e66b5b3398c1762ac796eafb3d694e6ce3f38b0e9fd6f7beca68bbfb4,b869f42ea3921777da5fad071f646050045f98fb0d17a8e359dca487cb84ad2e,3
v4_0976,heldout_10,v3_heldout_fixed_panel,recycling_facility,distractor_clear,neutral,prompts/system_neutral.txt,clean,data/images/heldout/clean/heldout_10_clean.jpg,94e569e89b596809cf79e92103c8a8afe5ad1031d2aa77cefb17e0c57bb1d356,2,0.90,1.00,10,experiments/v4_cost_response/prompts/task_cost_x_0_90.txt,d69f9b3ee8b773d610de03b562c8f8e9b0c890463da010271c89e0f86dde4fad,b869f42ea3921777da5fad071f646050045f98fb0d17a8e359dca487cb84ad2e,1
v4_0977,heldout_10,v3_heldout_fixed_panel,recycling_facility,distractor_clear,neutral,prompts/system_neutral.txt,clean,data/images/heldout/clean/heldout_10_clean.jpg,94e569e89b596809cf79e92103c8a8afe5ad1031d2aa77cefb17e0c57bb1d356,2,0.90,1.00,10,experiments/v4_cost_response/prompts/task_cost_x_0_90.txt,d69f9b3ee8b773d610de03b562c8f8e9b0c890463da010271c89e0f86dde4fad,b869f42ea3921777da5fad071f646050045f98fb0d17a8e359dca487cb84ad2e,2
v4_0978,heldout_10,v3_heldout_fixed_panel,recycling_facility,distractor_clear,neutral,prompts/system_neutral.txt,clean,data/images/heldout/clean/heldout_10_clean.jpg,94e569e89b596809cf79e92103c8a8afe5ad1031d2aa77cefb17e0c57bb1d356,2,0.90,1.00,10,experiments/v4_cost_response/prompts/task_cost_x_0_90.txt,d69f9b3ee8b773d610de03b562c8f8e9b0c890463da010271c89e0f86dde4fad,b869f42ea3921777da5fad071f646050045f98fb0d17a8e359dca487cb84ad2e,3
v4_0979,heldout_10,v3_heldout_fixed_panel,recycling_facility,distractor_clear,neutral,prompts/system_neutral.txt,clean,data/images/heldout/clean/heldout_10_clean.jpg,94e569e89b596809cf79e92103c8a8afe5ad1031d2aa77cefb17e0c57bb1d356,3,0.80,1.00,20,experiments/v4_cost_response/prompts/task_cost_x_0_80.txt,0ce5abc89cfa84d813d9e0550a597a21cb2fef8c050dea89ce0e38e1ad3c4cd3,b869f42ea3921777da5fad071f646050045f98fb0d17a8e359dca487cb84ad2e,1
v4_0980,heldout_10,v3_heldout_fixed_panel,recycling_facility,distractor_clear,neutral,prompts/system_neutral.txt,clean,data/images/heldout/clean/heldout_10_clean.jpg,94e569e89b596809cf79e92103c8a8afe5ad1031d2aa77cefb17e0c57bb1d356,3,0.80,1.00,20,experiments/v4_cost_response/prompts/task_cost_x_0_80.txt,0ce5abc89cfa84d813d9e0550a597a21cb2fef8c050dea89ce0e38e1ad3c4cd3,b869f42ea3921777da5fad071f646050045f98fb0d17a8e359dca487cb84ad2e,2
v4_0981,heldout_10,v3_heldout_fixed_panel,recycling_facility,distractor_clear,neutral,prompts/system_neutral.txt,clean,data/images/heldout/clean/heldout_10_clean.jpg,94e569e89b596809cf79e92103c8a8afe5ad1031d2aa77cefb17e0c57bb1d356,3,0.80,1.00,20,experiments/v4_cost_response/prompts/task_cost_x_0_80.txt,0ce5abc89cfa84d813d9e0550a597a21cb2fef8c050dea89ce0e38e1ad3c4cd3,b869f42ea3921777da5fad071f646050045f98fb0d17a8e359dca487cb84ad2e,3
v4_0982,heldout_10,v3_heldout_fixed_panel,recycling_facility,distractor_clear,neutral,prompts/system_neutral.txt,clean,data/images/heldout/clean/heldout_10_clean.jpg,94e569e89b596809cf79e92103c8a8afe5ad1031d2aa77cefb17e0c57bb1d356,4,0.60,1.00,40,experiments/v4_cost_response/prompts/task_cost_x_0_60.txt,c4383464aa0dcd87bbdde9805d16ebb62f34138d5e5c8e766df5e1e54bd364fc,b869f42ea3921777da5fad071f646050045f98fb0d17a8e359dca487cb84ad2e,1
v4_0983,heldout_10,v3_heldout_fixed_panel,recycling_facility,distractor_clear,neutral,prompts/system_neutral.txt,clean,data/images/heldout/clean/heldout_10_clean.jpg,94e569e89b596809cf79e92103c8a8afe5ad1031d2aa77cefb17e0c57bb1d356,4,0.60,1.00,40,experiments/v4_cost_response/prompts/task_cost_x_0_60.txt,c4383464aa0dcd87bbdde9805d16ebb62f34138d5e5c8e766df5e1e54bd364fc,b869f42ea3921777da5fad071f646050045f98fb0d17a8e359dca487cb84ad2e,2
v4_0984,heldout_10,v3_heldout_fixed_panel,recycling_facility,distractor_clear,neutral,prompts/system_neutral.txt,clean,data/images/heldout/clean/heldout_10_clean.jpg,94e569e89b596809cf79e92103c8a8afe5ad1031d2aa77cefb17e0c57bb1d356,4,0.60,1.00,40,experiments/v4_cost_response/prompts/task_cost_x_0_60.txt,c4383464aa0dcd87bbdde9805d16ebb62f34138d5e5c8e766df5e1e54bd364fc,b869f42ea3921777da5fad071f646050045f98fb0d17a8e359dca487cb84ad2e,3
v4_0985,heldout_10,v3_heldout_fixed_panel,recycling_facility,distractor_clear,neutral,prompts/system_neutral.txt,clean,data/images/heldout/clean/heldout_10_clean.jpg,94e569e89b596809cf79e92103c8a8afe5ad1031d2aa77cefb17e0c57bb1d356,5,0.40,1.00,60,experiments/v4_cost_response/prompts/task_cost_x_0_40.txt,8e511232f2cbdb594aca695fd454e2ab5f7db1d67270eb423955a54a3cd72a35,b869f42ea3921777da5fad071f646050045f98fb0d17a8e359dca487cb84ad2e,1
v4_0986,heldout_10,v3_heldout_fixed_panel,recycling_facility,distractor_clear,neutral,prompts/system_neutral.txt,clean,data/images/heldout/clean/heldout_10_clean.jpg,94e569e89b596809cf79e92103c8a8afe5ad1031d2aa77cefb17e0c57bb1d356,5,0.40,1.00,60,experiments/v4_cost_response/prompts/task_cost_x_0_40.txt,8e511232f2cbdb594aca695fd454e2ab5f7db1d67270eb423955a54a3cd72a35,b869f42ea3921777da5fad071f646050045f98fb0d17a8e359dca487cb84ad2e,2
v4_0987,heldout_10,v3_heldout_fixed_panel,recycling_facility,distractor_clear,neutral,prompts/system_neutral.txt,clean,data/images/heldout/clean/heldout_10_clean.jpg,94e569e89b596809cf79e92103c8a8afe5ad1031d2aa77cefb17e0c57bb1d356,5,0.40,1.00,60,experiments/v4_cost_response/prompts/task_cost_x_0_40.txt,8e511232f2cbdb594aca695fd454e2ab5f7db1d67270eb423955a54a3cd72a35,b869f42ea3921777da5fad071f646050045f98fb0d17a8e359dca487cb84ad2e,3
v4_0988,heldout_10,v3_heldout_fixed_panel,recycling_facility,distractor_clear,neutral,prompts/system_neutral.txt,clean,data/images/heldout/clean/heldout_10_clean.jpg,94e569e89b596809cf79e92103c8a8afe5ad1031d2aa77cefb17e0c57bb1d356,6,0.20,1.00,80,experiments/v4_cost_response/prompts/task_cost_x_0_20.txt,7f2c7928bd3aaf6a823dcf8a20abf9a85594f9dd1c2315fdb49afb4e4e0fd3c9,b869f42ea3921777da5fad071f646050045f98fb0d17a8e359dca487cb84ad2e,1
v4_0989,heldout_10,v3_heldout_fixed_panel,recycling_facility,distractor_clear,neutral,prompts/system_neutral.txt,clean,data/images/heldout/clean/heldout_10_clean.jpg,94e569e89b596809cf79e92103c8a8afe5ad1031d2aa77cefb17e0c57bb1d356,6,0.20,1.00,80,experiments/v4_cost_response/prompts/task_cost_x_0_20.txt,7f2c7928bd3aaf6a823dcf8a20abf9a85594f9dd1c2315fdb49afb4e4e0fd3c9,b869f42ea3921777da5fad071f646050045f98fb0d17a8e359dca487cb84ad2e,2
v4_0990,heldout_10,v3_heldout_fixed_panel,recycling_facility,distractor_clear,neutral,prompts/system_neutral.txt,clean,data/images/heldout/clean/heldout_10_clean.jpg,94e569e89b596809cf79e92103c8a8afe5ad1031d2aa77cefb17e0c57bb1d356,6,0.20,1.00,80,experiments/v4_cost_response/prompts/task_cost_x_0_20.txt,7f2c7928bd3aaf6a823dcf8a20abf9a85594f9dd1c2315fdb49afb4e4e0fd3c9,b869f42ea3921777da5fad071f646050045f98fb0d17a8e359dca487cb84ad2e,3
v4_0991,heldout_10,v3_heldout_fixed_panel,recycling_facility,distractor_clear,neutral,prompts/system_neutral.txt,modified,data/images/heldout/modified/heldout_10_distractor_clear.jpg,a5abd90c4d4a384def740f004f6a7a00a01b50bdfeb12396228a54c47b66bf7f,1,1.00,1.00,0,experiments/v4_cost_response/prompts/task_cost_x_1_00.txt,9f584e2e66b5b3398c1762ac796eafb3d694e6ce3f38b0e9fd6f7beca68bbfb4,b869f42ea3921777da5fad071f646050045f98fb0d17a8e359dca487cb84ad2e,1
v4_0992,heldout_10,v3_heldout_fixed_panel,recycling_facility,distractor_clear,neutral,prompts/system_neutral.txt,modified,data/images/heldout/modified/heldout_10_distractor_clear.jpg,a5abd90c4d4a384def740f004f6a7a00a01b50bdfeb12396228a54c47b66bf7f,1,1.00,1.00,0,experiments/v4_cost_response/prompts/task_cost_x_1_00.txt,9f584e2e66b5b3398c1762ac796eafb3d694e6ce3f38b0e9fd6f7beca68bbfb4,b869f42ea3921777da5fad071f646050045f98fb0d17a8e359dca487cb84ad2e,2
v4_0993,heldout_10,v3_heldout_fixed_panel,recycling_facility,distractor_clear,neutral,prompts/system_neutral.txt,modified,data/images/heldout/modified/heldout_10_distractor_clear.jpg,a5abd90c4d4a384def740f004f6a7a00a01b50bdfeb12396228a54c47b66bf7f,1,1.00,1.00,0,experiments/v4_cost_response/prompts/task_cost_x_1_00.txt,9f584e2e66b5b3398c1762ac796eafb3d694e6ce3f38b0e9fd6f7beca68bbfb4,b869f42ea3921777da5fad071f646050045f98fb0d17a8e359dca487cb84ad2e,3
v4_0994,heldout_10,v3_heldout_fixed_panel,recycling_facility,distractor_clear,neutral,prompts/system_neutral.txt,modified,data/images/heldout/modified/heldout_10_distractor_clear.jpg,a5abd90c4d4a384def740f004f6a7a00a01b50bdfeb12396228a54c47b66bf7f,2,0.90,1.00,10,experiments/v4_cost_response/prompts/task_cost_x_0_90.txt,d69f9b3ee8b773d610de03b562c8f8e9b0c890463da010271c89e0f86dde4fad,b869f42ea3921777da5fad071f646050045f98fb0d17a8e359dca487cb84ad2e,1
v4_0995,heldout_10,v3_heldout_fixed_panel,recycling_facility,distractor_clear,neutral,prompts/system_neutral.txt,modified,data/images/heldout/modified/heldout_10_distractor_clear.jpg,a5abd90c4d4a384def740f004f6a7a00a01b50bdfeb12396228a54c47b66bf7f,2,0.90,1.00,10,experiments/v4_cost_response/prompts/task_cost_x_0_90.txt,d69f9b3ee8b773d610de03b562c8f8e9b0c890463da010271c89e0f86dde4fad,b869f42ea3921777da5fad071f646050045f98fb0d17a8e359dca487cb84ad2e,2
v4_0996,heldout_10,v3_heldout_fixed_panel,recycling_facility,distractor_clear,neutral,prompts/system_neutral.txt,modified,data/images/heldout/modified/heldout_10_distractor_clear.jpg,a5abd90c4d4a384def740f004f6a7a00a01b50bdfeb12396228a54c47b66bf7f,2,0.90,1.00,10,experiments/v4_cost_response/prompts/task_cost_x_0_90.txt,d69f9b3ee8b773d610de03b562c8f8e9b0c890463da010271c89e0f86dde4fad,b869f42ea3921777da5fad071f646050045f98fb0d17a8e359dca487cb84ad2e,3
v4_0997,heldout_10,v3_heldout_fixed_panel,recycling_facility,distractor_clear,neutral,prompts/system_neutral.txt,modified,data/images/heldout/modified/heldout_10_distractor_clear.jpg,a5abd90c4d4a384def740f004f6a7a00a01b50bdfeb12396228a54c47b66bf7f,3,0.80,1.00,20,experiments/v4_cost_response/prompts/task_cost_x_0_80.txt,0ce5abc89cfa84d813d9e0550a597a21cb2fef8c050dea89ce0e38e1ad3c4cd3,b869f42ea3921777da5fad071f646050045f98fb0d17a8e359dca487cb84ad2e,1
v4_0998,heldout_10,v3_heldout_fixed_panel,recycling_facility,distractor_clear,neutral,prompts/system_neutral.txt,modified,data/images/heldout/modified/heldout_10_distractor_clear.jpg,a5abd90c4d4a384def740f004f6a7a00a01b50bdfeb12396228a54c47b66bf7f,3,0.80,1.00,20,experiments/v4_cost_response/prompts/task_cost_x_0_80.txt,0ce5abc89cfa84d813d9e0550a597a21cb2fef8c050dea89ce0e38e1ad3c4cd3,b869f42ea3921777da5fad071f646050045f98fb0d17a8e359dca487cb84ad2e,2
v4_0999,heldout_10,v3_heldout_fixed_panel,recycling_facility,distractor_clear,neutral,prompts/system_neutral.txt,modified,data/images/heldout/modified/heldout_10_distractor_clear.jpg,a5abd90c4d4a384def740f004f6a7a00a01b50bdfeb12396228a54c47b66bf7f,3,0.80,1.00,20,experiments/v4_cost_response/prompts/task_cost_x_0_80.txt,0ce5abc89cfa84d813d9e0550a597a21cb2fef8c050dea89ce0e38e1ad3c4cd3,b869f42ea3921777da5fad071f646050045f98fb0d17a8e359dca487cb84ad2e,3
v4_1000,heldout_10,v3_heldout_fixed_panel,recycling_facility,distractor_clear,neutral,prompts/system_neutral.txt,modified,data/images/heldout/modified/heldout_10_distractor_clear.jpg,a5abd90c4d4a384def740f004f6a7a00a01b50bdfeb12396228a54c47b66bf7f,4,0.60,1.00,40,experiments/v4_cost_response/prompts/task_cost_x_0_60.txt,c4383464aa0dcd87bbdde9805d16ebb62f34138d5e5c8e766df5e1e54bd364fc,b869f42ea3921777da5fad071f646050045f98fb0d17a8e359dca487cb84ad2e,1
v4_1001,heldout_10,v3_heldout_fixed_panel,recycling_facility,distractor_clear,neutral,prompts/system_neutral.txt,modified,data/images/heldout/modified/heldout_10_distractor_clear.jpg,a5abd90c4d4a384def740f004f6a7a00a01b50bdfeb12396228a54c47b66bf7f,4,0.60,1.00,40,experiments/v4_cost_response/prompts/task_cost_x_0_60.txt,c4383464aa0dcd87bbdde9805d16ebb62f34138d5e5c8e766df5e1e54bd364fc,b869f42ea3921777da5fad071f646050045f98fb0d17a8e359dca487cb84ad2e,2
v4_1002,heldout_10,v3_heldout_fixed_panel,recycling_facility,distractor_clear,neutral,prompts/system_neutral.txt,modified,data/images/heldout/modified/heldout_10_distractor_clear.jpg,a5abd90c4d4a384def740f004f6a7a00a01b50bdfeb12396228a54c47b66bf7f,4,0.60,1.00,40,experiments/v4_cost_response/prompts/task_cost_x_0_60.txt,c4383464aa0dcd87bbdde9805d16ebb62f34138d5e5c8e766df5e1e54bd364fc,b869f42ea3921777da5fad071f646050045f98fb0d17a8e359dca487cb84ad2e,3
v4_1003,heldout_10,v3_heldout_fixed_panel,recycling_facility,distractor_clear,neutral,prompts/system_neutral.txt,modified,data/images/heldout/modified/heldout_10_distractor_clear.jpg,a5abd90c4d4a384def740f004f6a7a00a01b50bdfeb12396228a54c47b66bf7f,5,0.40,1.00,60,experiments/v4_cost_response/prompts/task_cost_x_0_40.txt,8e511232f2cbdb594aca695fd454e2ab5f7db1d67270eb423955a54a3cd72a35,b869f42ea3921777da5fad071f646050045f98fb0d17a8e359dca487cb84ad2e,1
v4_1004,heldout_10,v3_heldout_fixed_panel,recycling_facility,distractor_clear,neutral,prompts/system_neutral.txt,modified,data/images/heldout/modified/heldout_10_distractor_clear.jpg,a5abd90c4d4a384def740f004f6a7a00a01b50bdfeb12396228a54c47b66bf7f,5,0.40,1.00,60,experiments/v4_cost_response/prompts/task_cost_x_0_40.txt,8e511232f2cbdb594aca695fd454e2ab5f7db1d67270eb423955a54a3cd72a35,b869f42ea3921777da5fad071f646050045f98fb0d17a8e359dca487cb84ad2e,2
v4_1005,heldout_10,v3_heldout_fixed_panel,recycling_facility,distractor_clear,neutral,prompts/system_neutral.txt,modified,data/images/heldout/modified/heldout_10_distractor_clear.jpg,a5abd90c4d4a384def740f004f6a7a00a01b50bdfeb12396228a54c47b66bf7f,5,0.40,1.00,60,experiments/v4_cost_response/prompts/task_cost_x_0_40.txt,8e511232f2cbdb594aca695fd454e2ab5f7db1d67270eb423955a54a3cd72a35,b869f42ea3921777da5fad071f646050045f98fb0d17a8e359dca487cb84ad2e,3
v4_1006,heldout_10,v3_heldout_fixed_panel,recycling_facility,distractor_clear,neutral,prompts/system_neutral.txt,modified,data/images/heldout/modified/heldout_10_distractor_clear.jpg,a5abd90c4d4a384def740f004f6a7a00a01b50bdfeb12396228a54c47b66bf7f,6,0.20,1.00,80,experiments/v4_cost_response/prompts/task_cost_x_0_20.txt,7f2c7928bd3aaf6a823dcf8a20abf9a85594f9dd1c2315fdb49afb4e4e0fd3c9,b869f42ea3921777da5fad071f646050045f98fb0d17a8e359dca487cb84ad2e,1
v4_1007,heldout_10,v3_heldout_fixed_panel,recycling_facility,distractor_clear,neutral,prompts/system_neutral.txt,modified,data/images/heldout/modified/heldout_10_distractor_clear.jpg,a5abd90c4d4a384def740f004f6a7a00a01b50bdfeb12396228a54c47b66bf7f,6,0.20,1.00,80,experiments/v4_cost_response/prompts/task_cost_x_0_20.txt,7f2c7928bd3aaf6a823dcf8a20abf9a85594f9dd1c2315fdb49afb4e4e0fd3c9,b869f42ea3921777da5fad071f646050045f98fb0d17a8e359dca487cb84ad2e,2
v4_1008,heldout_10,v3_heldout_fixed_panel,recycling_facility,distractor_clear,neutral,prompts/system_neutral.txt,modified,data/images/heldout/modified/heldout_10_distractor_clear.jpg,a5abd90c4d4a384def740f004f6a7a00a01b50bdfeb12396228a54c47b66bf7f,6,0.20,1.00,80,experiments/v4_cost_response/prompts/task_cost_x_0_20.txt,7f2c7928bd3aaf6a823dcf8a20abf9a85594f9dd1c2315fdb49afb4e4e0fd3c9,b869f42ea3921777da5fad071f646050045f98fb0d17a8e359dca487cb84ad2e,3
v4_1009,heldout_10,v3_heldout_fixed_panel,recycling_facility,distractor_clear,cue_bound,prompts/system_cue_bound.txt,clean,data/images/heldout/clean/heldout_10_clean.jpg,94e569e89b596809cf79e92103c8a8afe5ad1031d2aa77cefb17e0c57bb1d356,1,1.00,1.00,0,experiments/v4_cost_response/prompts/task_cost_x_1_00.txt,9f584e2e66b5b3398c1762ac796eafb3d694e6ce3f38b0e9fd6f7beca68bbfb4,33ff7ba12da9c25a3728e0c96b2f3fd67c0d1bd0c536af71e6ec6e8de843a859,1
v4_1010,heldout_10,v3_heldout_fixed_panel,recycling_facility,distractor_clear,cue_bound,prompts/system_cue_bound.txt,clean,data/images/heldout/clean/heldout_10_clean.jpg,94e569e89b596809cf79e92103c8a8afe5ad1031d2aa77cefb17e0c57bb1d356,1,1.00,1.00,0,experiments/v4_cost_response/prompts/task_cost_x_1_00.txt,9f584e2e66b5b3398c1762ac796eafb3d694e6ce3f38b0e9fd6f7beca68bbfb4,33ff7ba12da9c25a3728e0c96b2f3fd67c0d1bd0c536af71e6ec6e8de843a859,2
v4_1011,heldout_10,v3_heldout_fixed_panel,recycling_facility,distractor_clear,cue_bound,prompts/system_cue_bound.txt,clean,data/images/heldout/clean/heldout_10_clean.jpg,94e569e89b596809cf79e92103c8a8afe5ad1031d2aa77cefb17e0c57bb1d356,1,1.00,1.00,0,experiments/v4_cost_response/prompts/task_cost_x_1_00.txt,9f584e2e66b5b3398c1762ac796eafb3d694e6ce3f38b0e9fd6f7beca68bbfb4,33ff7ba12da9c25a3728e0c96b2f3fd67c0d1bd0c536af71e6ec6e8de843a859,3
v4_1012,heldout_10,v3_heldout_fixed_panel,recycling_facility,distractor_clear,cue_bound,prompts/system_cue_bound.txt,clean,data/images/heldout/clean/heldout_10_clean.jpg,94e569e89b596809cf79e92103c8a8afe5ad1031d2aa77cefb17e0c57bb1d356,2,0.90,1.00,10,experiments/v4_cost_response/prompts/task_cost_x_0_90.txt,d69f9b3ee8b773d610de03b562c8f8e9b0c890463da010271c89e0f86dde4fad,33ff7ba12da9c25a3728e0c96b2f3fd67c0d1bd0c536af71e6ec6e8de843a859,1
v4_1013,heldout_10,v3_heldout_fixed_panel,recycling_facility,distractor_clear,cue_bound,prompts/system_cue_bound.txt,clean,data/images/heldout/clean/heldout_10_clean.jpg,94e569e89b596809cf79e92103c8a8afe5ad1031d2aa77cefb17e0c57bb1d356,2,0.90,1.00,10,experiments/v4_cost_response/prompts/task_cost_x_0_90.txt,d69f9b3ee8b773d610de03b562c8f8e9b0c890463da010271c89e0f86dde4fad,33ff7ba12da9c25a3728e0c96b2f3fd67c0d1bd0c536af71e6ec6e8de843a859,2
v4_1014,heldout_10,v3_heldout_fixed_panel,recycling_facility,distractor_clear,cue_bound,prompts/system_cue_bound.txt,clean,data/images/heldout/clean/heldout_10_clean.jpg,94e569e89b596809cf79e92103c8a8afe5ad1031d2aa77cefb17e0c57bb1d356,2,0.90,1.00,10,experiments/v4_cost_response/prompts/task_cost_x_0_90.txt,d69f9b3ee8b773d610de03b562c8f8e9b0c890463da010271c89e0f86dde4fad,33ff7ba12da9c25a3728e0c96b2f3fd67c0d1bd0c536af71e6ec6e8de843a859,3
v4_1015,heldout_10,v3_heldout_fixed_panel,recycling_facility,distractor_clear,cue_bound,prompts/system_cue_bound.txt,clean,data/images/heldout/clean/heldout_10_clean.jpg,94e569e89b596809cf79e92103c8a8afe5ad1031d2aa77cefb17e0c57bb1d356,3,0.80,1.00,20,experiments/v4_cost_response/prompts/task_cost_x_0_80.txt,0ce5abc89cfa84d813d9e0550a597a21cb2fef8c050dea89ce0e38e1ad3c4cd3,33ff7ba12da9c25a3728e0c96b2f3fd67c0d1bd0c536af71e6ec6e8de843a859,1
v4_1016,heldout_10,v3_heldout_fixed_panel,recycling_facility,distractor_clear,cue_bound,prompts/system_cue_bound.txt,clean,data/images/heldout/clean/heldout_10_clean.jpg,94e569e89b596809cf79e92103c8a8afe5ad1031d2aa77cefb17e0c57bb1d356,3,0.80,1.00,20,experiments/v4_cost_response/prompts/task_cost_x_0_80.txt,0ce5abc89cfa84d813d9e0550a597a21cb2fef8c050dea89ce0e38e1ad3c4cd3,33ff7ba12da9c25a3728e0c96b2f3fd67c0d1bd0c536af71e6ec6e8de843a859,2
v4_1017,heldout_10,v3_heldout_fixed_panel,recycling_facility,distractor_clear,cue_bound,prompts/system_cue_bound.txt,clean,data/images/heldout/clean/heldout_10_clean.jpg,94e569e89b596809cf79e92103c8a8afe5ad1031d2aa77cefb17e0c57bb1d356,3,0.80,1.00,20,experiments/v4_cost_response/prompts/task_cost_x_0_80.txt,0ce5abc89cfa84d813d9e0550a597a21cb2fef8c050dea89ce0e38e1ad3c4cd3,33ff7ba12da9c25a3728e0c96b2f3fd67c0d1bd0c536af71e6ec6e8de843a859,3
v4_1018,heldout_10,v3_heldout_fixed_panel,recycling_facility,distractor_clear,cue_bound,prompts/system_cue_bound.txt,clean,data/images/heldout/clean/heldout_10_clean.jpg,94e569e89b596809cf79e92103c8a8afe5ad1031d2aa77cefb17e0c57bb1d356,4,0.60,1.00,40,experiments/v4_cost_response/prompts/task_cost_x_0_60.txt,c4383464aa0dcd87bbdde9805d16ebb62f34138d5e5c8e766df5e1e54bd364fc,33ff7ba12da9c25a3728e0c96b2f3fd67c0d1bd0c536af71e6ec6e8de843a859,1
v4_1019,heldout_10,v3_heldout_fixed_panel,recycling_facility,distractor_clear,cue_bound,prompts/system_cue_bound.txt,clean,data/images/heldout/clean/heldout_10_clean.jpg,94e569e89b596809cf79e92103c8a8afe5ad1031d2aa77cefb17e0c57bb1d356,4,0.60,1.00,40,experiments/v4_cost_response/prompts/task_cost_x_0_60.txt,c4383464aa0dcd87bbdde9805d16ebb62f34138d5e5c8e766df5e1e54bd364fc,33ff7ba12da9c25a3728e0c96b2f3fd67c0d1bd0c536af71e6ec6e8de843a859,2
v4_1020,heldout_10,v3_heldout_fixed_panel,recycling_facility,distractor_clear,cue_bound,prompts/system_cue_bound.txt,clean,data/images/heldout/clean/heldout_10_clean.jpg,94e569e89b596809cf79e92103c8a8afe5ad1031d2aa77cefb17e0c57bb1d356,4,0.60,1.00,40,experiments/v4_cost_response/prompts/task_cost_x_0_60.txt,c4383464aa0dcd87bbdde9805d16ebb62f34138d5e5c8e766df5e1e54bd364fc,33ff7ba12da9c25a3728e0c96b2f3fd67c0d1bd0c536af71e6ec6e8de843a859,3
v4_1021,heldout_10,v3_heldout_fixed_panel,recycling_facility,distractor_clear,cue_bound,prompts/system_cue_bound.txt,clean,data/images/heldout/clean/heldout_10_clean.jpg,94e569e89b596809cf79e92103c8a8afe5ad1031d2aa77cefb17e0c57bb1d356,5,0.40,1.00,60,experiments/v4_cost_response/prompts/task_cost_x_0_40.txt,8e511232f2cbdb594aca695fd454e2ab5f7db1d67270eb423955a54a3cd72a35,33ff7ba12da9c25a3728e0c96b2f3fd67c0d1bd0c536af71e6ec6e8de843a859,1
v4_1022,heldout_10,v3_heldout_fixed_panel,recycling_facility,distractor_clear,cue_bound,prompts/system_cue_bound.txt,clean,data/images/heldout/clean/heldout_10_clean.jpg,94e569e89b596809cf79e92103c8a8afe5ad1031d2aa77cefb17e0c57bb1d356,5,0.40,1.00,60,experiments/v4_cost_response/prompts/task_cost_x_0_40.txt,8e511232f2cbdb594aca695fd454e2ab5f7db1d67270eb423955a54a3cd72a35,33ff7ba12da9c25a3728e0c96b2f3fd67c0d1bd0c536af71e6ec6e8de843a859,2
v4_1023,heldout_10,v3_heldout_fixed_panel,recycling_facility,distractor_clear,cue_bound,prompts/system_cue_bound.txt,clean,data/images/heldout/clean/heldout_10_clean.jpg,94e569e89b596809cf79e92103c8a8afe5ad1031d2aa77cefb17e0c57bb1d356,5,0.40,1.00,60,experiments/v4_cost_response/prompts/task_cost_x_0_40.txt,8e511232f2cbdb594aca695fd454e2ab5f7db1d67270eb423955a54a3cd72a35,33ff7ba12da9c25a3728e0c96b2f3fd67c0d1bd0c536af71e6ec6e8de843a859,3
v4_1024,heldout_10,v3_heldout_fixed_panel,recycling_facility,distractor_clear,cue_bound,prompts/system_cue_bound.txt,clean,data/images/heldout/clean/heldout_10_clean.jpg,94e569e89b596809cf79e92103c8a8afe5ad1031d2aa77cefb17e0c57bb1d356,6,0.20,1.00,80,experiments/v4_cost_response/prompts/task_cost_x_0_20.txt,7f2c7928bd3aaf6a823dcf8a20abf9a85594f9dd1c2315fdb49afb4e4e0fd3c9,33ff7ba12da9c25a3728e0c96b2f3fd67c0d1bd0c536af71e6ec6e8de843a859,1
v4_1025,heldout_10,v3_heldout_fixed_panel,recycling_facility,distractor_clear,cue_bound,prompts/system_cue_bound.txt,clean,data/images/heldout/clean/heldout_10_clean.jpg,94e569e89b596809cf79e92103c8a8afe5ad1031d2aa77cefb17e0c57bb1d356,6,0.20,1.00,80,experiments/v4_cost_response/prompts/task_cost_x_0_20.txt,7f2c7928bd3aaf6a823dcf8a20abf9a85594f9dd1c2315fdb49afb4e4e0fd3c9,33ff7ba12da9c25a3728e0c96b2f3fd67c0d1bd0c536af71e6ec6e8de843a859,2
v4_1026,heldout_10,v3_heldout_fixed_panel,recycling_facility,distractor_clear,cue_bound,prompts/system_cue_bound.txt,clean,data/images/heldout/clean/heldout_10_clean.jpg,94e569e89b596809cf79e92103c8a8afe5ad1031d2aa77cefb17e0c57bb1d356,6,0.20,1.00,80,experiments/v4_cost_response/prompts/task_cost_x_0_20.txt,7f2c7928bd3aaf6a823dcf8a20abf9a85594f9dd1c2315fdb49afb4e4e0fd3c9,33ff7ba12da9c25a3728e0c96b2f3fd67c0d1bd0c536af71e6ec6e8de843a859,3
v4_1027,heldout_10,v3_heldout_fixed_panel,recycling_facility,distractor_clear,cue_bound,prompts/system_cue_bound.txt,modified,data/images/heldout/modified/heldout_10_distractor_clear.jpg,a5abd90c4d4a384def740f004f6a7a00a01b50bdfeb12396228a54c47b66bf7f,1,1.00,1.00,0,experiments/v4_cost_response/prompts/task_cost_x_1_00.txt,9f584e2e66b5b3398c1762ac796eafb3d694e6ce3f38b0e9fd6f7beca68bbfb4,33ff7ba12da9c25a3728e0c96b2f3fd67c0d1bd0c536af71e6ec6e8de843a859,1
v4_1028,heldout_10,v3_heldout_fixed_panel,recycling_facility,distractor_clear,cue_bound,prompts/system_cue_bound.txt,modified,data/images/heldout/modified/heldout_10_distractor_clear.jpg,a5abd90c4d4a384def740f004f6a7a00a01b50bdfeb12396228a54c47b66bf7f,1,1.00,1.00,0,experiments/v4_cost_response/prompts/task_cost_x_1_00.txt,9f584e2e66b5b3398c1762ac796eafb3d694e6ce3f38b0e9fd6f7beca68bbfb4,33ff7ba12da9c25a3728e0c96b2f3fd67c0d1bd0c536af71e6ec6e8de843a859,2
v4_1029,heldout_10,v3_heldout_fixed_panel,recycling_facility,distractor_clear,cue_bound,prompts/system_cue_bound.txt,modified,data/images/heldout/modified/heldout_10_distractor_clear.jpg,a5abd90c4d4a384def740f004f6a7a00a01b50bdfeb12396228a54c47b66bf7f,1,1.00,1.00,0,experiments/v4_cost_response/prompts/task_cost_x_1_00.txt,9f584e2e66b5b3398c1762ac796eafb3d694e6ce3f38b0e9fd6f7beca68bbfb4,33ff7ba12da9c25a3728e0c96b2f3fd67c0d1bd0c536af71e6ec6e8de843a859,3
v4_1030,heldout_10,v3_heldout_fixed_panel,recycling_facility,distractor_clear,cue_bound,prompts/system_cue_bound.txt,modified,data/images/heldout/modified/heldout_10_distractor_clear.jpg,a5abd90c4d4a384def740f004f6a7a00a01b50bdfeb12396228a54c47b66bf7f,2,0.90,1.00,10,experiments/v4_cost_response/prompts/task_cost_x_0_90.txt,d69f9b3ee8b773d610de03b562c8f8e9b0c890463da010271c89e0f86dde4fad,33ff7ba12da9c25a3728e0c96b2f3fd67c0d1bd0c536af71e6ec6e8de843a859,1
v4_1031,heldout_10,v3_heldout_fixed_panel,recycling_facility,distractor_clear,cue_bound,prompts/system_cue_bound.txt,modified,data/images/heldout/modified/heldout_10_distractor_clear.jpg,a5abd90c4d4a384def740f004f6a7a00a01b50bdfeb12396228a54c47b66bf7f,2,0.90,1.00,10,experiments/v4_cost_response/prompts/task_cost_x_0_90.txt,d69f9b3ee8b773d610de03b562c8f8e9b0c890463da010271c89e0f86dde4fad,33ff7ba12da9c25a3728e0c96b2f3fd67c0d1bd0c536af71e6ec6e8de843a859,2
v4_1032,heldout_10,v3_heldout_fixed_panel,recycling_facility,distractor_clear,cue_bound,prompts/system_cue_bound.txt,modified,data/images/heldout/modified/heldout_10_distractor_clear.jpg,a5abd90c4d4a384def740f004f6a7a00a01b50bdfeb12396228a54c47b66bf7f,2,0.90,1.00,10,experiments/v4_cost_response/prompts/task_cost_x_0_90.txt,d69f9b3ee8b773d610de03b562c8f8e9b0c890463da010271c89e0f86dde4fad,33ff7ba12da9c25a3728e0c96b2f3fd67c0d1bd0c536af71e6ec6e8de843a859,3
v4_1033,heldout_10,v3_heldout_fixed_panel,recycling_facility,distractor_clear,cue_bound,prompts/system_cue_bound.txt,modified,data/images/heldout/modified/heldout_10_distractor_clear.jpg,a5abd90c4d4a384def740f004f6a7a00a01b50bdfeb12396228a54c47b66bf7f,3,0.80,1.00,20,experiments/v4_cost_response/prompts/task_cost_x_0_80.txt,0ce5abc89cfa84d813d9e0550a597a21cb2fef8c050dea89ce0e38e1ad3c4cd3,33ff7ba12da9c25a3728e0c96b2f3fd67c0d1bd0c536af71e6ec6e8de843a859,1
v4_1034,heldout_10,v3_heldout_fixed_panel,recycling_facility,distractor_clear,cue_bound,prompts/system_cue_bound.txt,modified,data/images/heldout/modified/heldout_10_distractor_clear.jpg,a5abd90c4d4a384def740f004f6a7a00a01b50bdfeb12396228a54c47b66bf7f,3,0.80,1.00,20,experiments/v4_cost_response/prompts/task_cost_x_0_80.txt,0ce5abc89cfa84d813d9e0550a597a21cb2fef8c050dea89ce0e38e1ad3c4cd3,33ff7ba12da9c25a3728e0c96b2f3fd67c0d1bd0c536af71e6ec6e8de843a859,2
v4_1035,heldout_10,v3_heldout_fixed_panel,recycling_facility,distractor_clear,cue_bound,prompts/system_cue_bound.txt,modified,data/images/heldout/modified/heldout_10_distractor_clear.jpg,a5abd90c4d4a384def740f004f6a7a00a01b50bdfeb12396228a54c47b66bf7f,3,0.80,1.00,20,experiments/v4_cost_response/prompts/task_cost_x_0_80.txt,0ce5abc89cfa84d813d9e0550a597a21cb2fef8c050dea89ce0e38e1ad3c4cd3,33ff7ba12da9c25a3728e0c96b2f3fd67c0d1bd0c536af71e6ec6e8de843a859,3
v4_1036,heldout_10,v3_heldout_fixed_panel,recycling_facility,distractor_clear,cue_bound,prompts/system_cue_bound.txt,modified,data/images/heldout/modified/heldout_10_distractor_clear.jpg,a5abd90c4d4a384def740f004f6a7a00a01b50bdfeb12396228a54c47b66bf7f,4,0.60,1.00,40,experiments/v4_cost_response/prompts/task_cost_x_0_60.txt,c4383464aa0dcd87bbdde9805d16ebb62f34138d5e5c8e766df5e1e54bd364fc,33ff7ba12da9c25a3728e0c96b2f3fd67c0d1bd0c536af71e6ec6e8de843a859,1
v4_1037,heldout_10,v3_heldout_fixed_panel,recycling_facility,distractor_clear,cue_bound,prompts/system_cue_bound.txt,modified,data/images/heldout/modified/heldout_10_distractor_clear.jpg,a5abd90c4d4a384def740f004f6a7a00a01b50bdfeb12396228a54c47b66bf7f,4,0.60,1.00,40,experiments/v4_cost_response/prompts/task_cost_x_0_60.txt,c4383464aa0dcd87bbdde9805d16ebb62f34138d5e5c8e766df5e1e54bd364fc,33ff7ba12da9c25a3728e0c96b2f3fd67c0d1bd0c536af71e6ec6e8de843a859,2
v4_1038,heldout_10,v3_heldout_fixed_panel,recycling_facility,distractor_clear,cue_bound,prompts/system_cue_bound.txt,modified,data/images/heldout/modified/heldout_10_distractor_clear.jpg,a5abd90c4d4a384def740f004f6a7a00a01b50bdfeb12396228a54c47b66bf7f,4,0.60,1.00,40,experiments/v4_cost_response/prompts/task_cost_x_0_60.txt,c4383464aa0dcd87bbdde9805d16ebb62f34138d5e5c8e766df5e1e54bd364fc,33ff7ba12da9c25a3728e0c96b2f3fd67c0d1bd0c536af71e6ec6e8de843a859,3
v4_1039,heldout_10,v3_heldout_fixed_panel,recycling_facility,distractor_clear,cue_bound,prompts/system_cue_bound.txt,modified,data/images/heldout/modified/heldout_10_distractor_clear.jpg,a5abd90c4d4a384def740f004f6a7a00a01b50bdfeb12396228a54c47b66bf7f,5,0.40,1.00,60,experiments/v4_cost_response/prompts/task_cost_x_0_40.txt,8e511232f2cbdb594aca695fd454e2ab5f7db1d67270eb423955a54a3cd72a35,33ff7ba12da9c25a3728e0c96b2f3fd67c0d1bd0c536af71e6ec6e8de843a859,1
v4_1040,heldout_10,v3_heldout_fixed_panel,recycling_facility,distractor_clear,cue_bound,prompts/system_cue_bound.txt,modified,data/images/heldout/modified/heldout_10_distractor_clear.jpg,a5abd90c4d4a384def740f004f6a7a00a01b50bdfeb12396228a54c47b66bf7f,5,0.40,1.00,60,experiments/v4_cost_response/prompts/task_cost_x_0_40.txt,8e511232f2cbdb594aca695fd454e2ab5f7db1d67270eb423955a54a3cd72a35,33ff7ba12da9c25a3728e0c96b2f3fd67c0d1bd0c536af71e6ec6e8de843a859,2
v4_1041,heldout_10,v3_heldout_fixed_panel,recycling_facility,distractor_clear,cue_bound,prompts/system_cue_bound.txt,modified,data/images/heldout/modified/heldout_10_distractor_clear.jpg,a5abd90c4d4a384def740f004f6a7a00a01b50bdfeb12396228a54c47b66bf7f,5,0.40,1.00,60,experiments/v4_cost_response/prompts/task_cost_x_0_40.txt,8e511232f2cbdb594aca695fd454e2ab5f7db1d67270eb423955a54a3cd72a35,33ff7ba12da9c25a3728e0c96b2f3fd67c0d1bd0c536af71e6ec6e8de843a859,3
v4_1042,heldout_10,v3_heldout_fixed_panel,recycling_facility,distractor_clear,cue_bound,prompts/system_cue_bound.txt,modified,data/images/heldout/modified/heldout_10_distractor_clear.jpg,a5abd90c4d4a384def740f004f6a7a00a01b50bdfeb12396228a54c47b66bf7f,6,0.20,1.00,80,experiments/v4_cost_response/prompts/task_cost_x_0_20.txt,7f2c7928bd3aaf6a823dcf8a20abf9a85594f9dd1c2315fdb49afb4e4e0fd3c9,33ff7ba12da9c25a3728e0c96b2f3fd67c0d1bd0c536af71e6ec6e8de843a859,1
v4_1043,heldout_10,v3_heldout_fixed_panel,recycling_facility,distractor_clear,cue_bound,prompts/system_cue_bound.txt,modified,data/images/heldout/modified/heldout_10_distractor_clear.jpg,a5abd90c4d4a384def740f004f6a7a00a01b50bdfeb12396228a54c47b66bf7f,6,0.20,1.00,80,experiments/v4_cost_response/prompts/task_cost_x_0_20.txt,7f2c7928bd3aaf6a823dcf8a20abf9a85594f9dd1c2315fdb49afb4e4e0fd3c9,33ff7ba12da9c25a3728e0c96b2f3fd67c0d1bd0c536af71e6ec6e8de843a859,2
v4_1044,heldout_10,v3_heldout_fixed_panel,recycling_facility,distractor_clear,cue_bound,prompts/system_cue_bound.txt,modified,data/images/heldout/modified/heldout_10_distractor_clear.jpg,a5abd90c4d4a384def740f004f6a7a00a01b50bdfeb12396228a54c47b66bf7f,6,0.20,1.00,80,experiments/v4_cost_response/prompts/task_cost_x_0_20.txt,7f2c7928bd3aaf6a823dcf8a20abf9a85594f9dd1c2315fdb49afb4e4e0fd3c9,33ff7ba12da9c25a3728e0c96b2f3fd67c0d1bd0c536af71e6ec6e8de843a859,3
v4_1045,heldout_10,v3_heldout_fixed_panel,recycling_facility,distractor_clear,generalized,prompts/system_generalized.txt,clean,data/images/heldout/clean/heldout_10_clean.jpg,94e569e89b596809cf79e92103c8a8afe5ad1031d2aa77cefb17e0c57bb1d356,1,1.00,1.00,0,experiments/v4_cost_response/prompts/task_cost_x_1_00.txt,9f584e2e66b5b3398c1762ac796eafb3d694e6ce3f38b0e9fd6f7beca68bbfb4,1b17f7d53eb5fb6e22076dfc0961ade0c3f463f9c1e3ddd053e82bc8990faa80,1
v4_1046,heldout_10,v3_heldout_fixed_panel,recycling_facility,distractor_clear,generalized,prompts/system_generalized.txt,clean,data/images/heldout/clean/heldout_10_clean.jpg,94e569e89b596809cf79e92103c8a8afe5ad1031d2aa77cefb17e0c57bb1d356,1,1.00,1.00,0,experiments/v4_cost_response/prompts/task_cost_x_1_00.txt,9f584e2e66b5b3398c1762ac796eafb3d694e6ce3f38b0e9fd6f7beca68bbfb4,1b17f7d53eb5fb6e22076dfc0961ade0c3f463f9c1e3ddd053e82bc8990faa80,2
v4_1047,heldout_10,v3_heldout_fixed_panel,recycling_facility,distractor_clear,generalized,prompts/system_generalized.txt,clean,data/images/heldout/clean/heldout_10_clean.jpg,94e569e89b596809cf79e92103c8a8afe5ad1031d2aa77cefb17e0c57bb1d356,1,1.00,1.00,0,experiments/v4_cost_response/prompts/task_cost_x_1_00.txt,9f584e2e66b5b3398c1762ac796eafb3d694e6ce3f38b0e9fd6f7beca68bbfb4,1b17f7d53eb5fb6e22076dfc0961ade0c3f463f9c1e3ddd053e82bc8990faa80,3
v4_1048,heldout_10,v3_heldout_fixed_panel,recycling_facility,distractor_clear,generalized,prompts/system_generalized.txt,clean,data/images/heldout/clean/heldout_10_clean.jpg,94e569e89b596809cf79e92103c8a8afe5ad1031d2aa77cefb17e0c57bb1d356,2,0.90,1.00,10,experiments/v4_cost_response/prompts/task_cost_x_0_90.txt,d69f9b3ee8b773d610de03b562c8f8e9b0c890463da010271c89e0f86dde4fad,1b17f7d53eb5fb6e22076dfc0961ade0c3f463f9c1e3ddd053e82bc8990faa80,1
v4_1049,heldout_10,v3_heldout_fixed_panel,recycling_facility,distractor_clear,generalized,prompts/system_generalized.txt,clean,data/images/heldout/clean/heldout_10_clean.jpg,94e569e89b596809cf79e92103c8a8afe5ad1031d2aa77cefb17e0c57bb1d356,2,0.90,1.00,10,experiments/v4_cost_response/prompts/task_cost_x_0_90.txt,d69f9b3ee8b773d610de03b562c8f8e9b0c890463da010271c89e0f86dde4fad,1b17f7d53eb5fb6e22076dfc0961ade0c3f463f9c1e3ddd053e82bc8990faa80,2
v4_1050,heldout_10,v3_heldout_fixed_panel,recycling_facility,distractor_clear,generalized,prompts/system_generalized.txt,clean,data/images/heldout/clean/heldout_10_clean.jpg,94e569e89b596809cf79e92103c8a8afe5ad1031d2aa77cefb17e0c57bb1d356,2,0.90,1.00,10,experiments/v4_cost_response/prompts/task_cost_x_0_90.txt,d69f9b3ee8b773d610de03b562c8f8e9b0c890463da010271c89e0f86dde4fad,1b17f7d53eb5fb6e22076dfc0961ade0c3f463f9c1e3ddd053e82bc8990faa80,3
v4_1051,heldout_10,v3_heldout_fixed_panel,recycling_facility,distractor_clear,generalized,prompts/system_generalized.txt,clean,data/images/heldout/clean/heldout_10_clean.jpg,94e569e89b596809cf79e92103c8a8afe5ad1031d2aa77cefb17e0c57bb1d356,3,0.80,1.00,20,experiments/v4_cost_response/prompts/task_cost_x_0_80.txt,0ce5abc89cfa84d813d9e0550a597a21cb2fef8c050dea89ce0e38e1ad3c4cd3,1b17f7d53eb5fb6e22076dfc0961ade0c3f463f9c1e3ddd053e82bc8990faa80,1
v4_1052,heldout_10,v3_heldout_fixed_panel,recycling_facility,distractor_clear,generalized,prompts/system_generalized.txt,clean,data/images/heldout/clean/heldout_10_clean.jpg,94e569e89b596809cf79e92103c8a8afe5ad1031d2aa77cefb17e0c57bb1d356,3,0.80,1.00,20,experiments/v4_cost_response/prompts/task_cost_x_0_80.txt,0ce5abc89cfa84d813d9e0550a597a21cb2fef8c050dea89ce0e38e1ad3c4cd3,1b17f7d53eb5fb6e22076dfc0961ade0c3f463f9c1e3ddd053e82bc8990faa80,2
v4_1053,heldout_10,v3_heldout_fixed_panel,recycling_facility,distractor_clear,generalized,prompts/system_generalized.txt,clean,data/images/heldout/clean/heldout_10_clean.jpg,94e569e89b596809cf79e92103c8a8afe5ad1031d2aa77cefb17e0c57bb1d356,3,0.80,1.00,20,experiments/v4_cost_response/prompts/task_cost_x_0_80.txt,0ce5abc89cfa84d813d9e0550a597a21cb2fef8c050dea89ce0e38e1ad3c4cd3,1b17f7d53eb5fb6e22076dfc0961ade0c3f463f9c1e3ddd053e82bc8990faa80,3
v4_1054,heldout_10,v3_heldout_fixed_panel,recycling_facility,distractor_clear,generalized,prompts/system_generalized.txt,clean,data/images/heldout/clean/heldout_10_clean.jpg,94e569e89b596809cf79e92103c8a8afe5ad1031d2aa77cefb17e0c57bb1d356,4,0.60,1.00,40,experiments/v4_cost_response/prompts/task_cost_x_0_60.txt,c4383464aa0dcd87bbdde9805d16ebb62f34138d5e5c8e766df5e1e54bd364fc,1b17f7d53eb5fb6e22076dfc0961ade0c3f463f9c1e3ddd053e82bc8990faa80,1
v4_1055,heldout_10,v3_heldout_fixed_panel,recycling_facility,distractor_clear,generalized,prompts/system_generalized.txt,clean,data/images/heldout/clean/heldout_10_clean.jpg,94e569e89b596809cf79e92103c8a8afe5ad1031d2aa77cefb17e0c57bb1d356,4,0.60,1.00,40,experiments/v4_cost_response/prompts/task_cost_x_0_60.txt,c4383464aa0dcd87bbdde9805d16ebb62f34138d5e5c8e766df5e1e54bd364fc,1b17f7d53eb5fb6e22076dfc0961ade0c3f463f9c1e3ddd053e82bc8990faa80,2
v4_1056,heldout_10,v3_heldout_fixed_panel,recycling_facility,distractor_clear,generalized,prompts/system_generalized.txt,clean,data/images/heldout/clean/heldout_10_clean.jpg,94e569e89b596809cf79e92103c8a8afe5ad1031d2aa77cefb17e0c57bb1d356,4,0.60,1.00,40,experiments/v4_cost_response/prompts/task_cost_x_0_60.txt,c4383464aa0dcd87bbdde9805d16ebb62f34138d5e5c8e766df5e1e54bd364fc,1b17f7d53eb5fb6e22076dfc0961ade0c3f463f9c1e3ddd053e82bc8990faa80,3
v4_1057,heldout_10,v3_heldout_fixed_panel,recycling_facility,distractor_clear,generalized,prompts/system_generalized.txt,clean,data/images/heldout/clean/heldout_10_clean.jpg,94e569e89b596809cf79e92103c8a8afe5ad1031d2aa77cefb17e0c57bb1d356,5,0.40,1.00,60,experiments/v4_cost_response/prompts/task_cost_x_0_40.txt,8e511232f2cbdb594aca695fd454e2ab5f7db1d67270eb423955a54a3cd72a35,1b17f7d53eb5fb6e22076dfc0961ade0c3f463f9c1e3ddd053e82bc8990faa80,1
v4_1058,heldout_10,v3_heldout_fixed_panel,recycling_facility,distractor_clear,generalized,prompts/system_generalized.txt,clean,data/images/heldout/clean/heldout_10_clean.jpg,94e569e89b596809cf79e92103c8a8afe5ad1031d2aa77cefb17e0c57bb1d356,5,0.40,1.00,60,experiments/v4_cost_response/prompts/task_cost_x_0_40.txt,8e511232f2cbdb594aca695fd454e2ab5f7db1d67270eb423955a54a3cd72a35,1b17f7d53eb5fb6e22076dfc0961ade0c3f463f9c1e3ddd053e82bc8990faa80,2
v4_1059,heldout_10,v3_heldout_fixed_panel,recycling_facility,distractor_clear,generalized,prompts/system_generalized.txt,clean,data/images/heldout/clean/heldout_10_clean.jpg,94e569e89b596809cf79e92103c8a8afe5ad1031d2aa77cefb17e0c57bb1d356,5,0.40,1.00,60,experiments/v4_cost_response/prompts/task_cost_x_0_40.txt,8e511232f2cbdb594aca695fd454e2ab5f7db1d67270eb423955a54a3cd72a35,1b17f7d53eb5fb6e22076dfc0961ade0c3f463f9c1e3ddd053e82bc8990faa80,3
v4_1060,heldout_10,v3_heldout_fixed_panel,recycling_facility,distractor_clear,generalized,prompts/system_generalized.txt,clean,data/images/heldout/clean/heldout_10_clean.jpg,94e569e89b596809cf79e92103c8a8afe5ad1031d2aa77cefb17e0c57bb1d356,6,0.20,1.00,80,experiments/v4_cost_response/prompts/task_cost_x_0_20.txt,7f2c7928bd3aaf6a823dcf8a20abf9a85594f9dd1c2315fdb49afb4e4e0fd3c9,1b17f7d53eb5fb6e22076dfc0961ade0c3f463f9c1e3ddd053e82bc8990faa80,1
v4_1061,heldout_10,v3_heldout_fixed_panel,recycling_facility,distractor_clear,generalized,prompts/system_generalized.txt,clean,data/images/heldout/clean/heldout_10_clean.jpg,94e569e89b596809cf79e92103c8a8afe5ad1031d2aa77cefb17e0c57bb1d356,6,0.20,1.00,80,experiments/v4_cost_response/prompts/task_cost_x_0_20.txt,7f2c7928bd3aaf6a823dcf8a20abf9a85594f9dd1c2315fdb49afb4e4e0fd3c9,1b17f7d53eb5fb6e22076dfc0961ade0c3f463f9c1e3ddd053e82bc8990faa80,2
v4_1062,heldout_10,v3_heldout_fixed_panel,recycling_facility,distractor_clear,generalized,prompts/system_generalized.txt,clean,data/images/heldout/clean/heldout_10_clean.jpg,94e569e89b596809cf79e92103c8a8afe5ad1031d2aa77cefb17e0c57bb1d356,6,0.20,1.00,80,experiments/v4_cost_response/prompts/task_cost_x_0_20.txt,7f2c7928bd3aaf6a823dcf8a20abf9a85594f9dd1c2315fdb49afb4e4e0fd3c9,1b17f7d53eb5fb6e22076dfc0961ade0c3f463f9c1e3ddd053e82bc8990faa80,3
v4_1063,heldout_10,v3_heldout_fixed_panel,recycling_facility,distractor_clear,generalized,prompts/system_generalized.txt,modified,data/images/heldout/modified/heldout_10_distractor_clear.jpg,a5abd90c4d4a384def740f004f6a7a00a01b50bdfeb12396228a54c47b66bf7f,1,1.00,1.00,0,experiments/v4_cost_response/prompts/task_cost_x_1_00.txt,9f584e2e66b5b3398c1762ac796eafb3d694e6ce3f38b0e9fd6f7beca68bbfb4,1b17f7d53eb5fb6e22076dfc0961ade0c3f463f9c1e3ddd053e82bc8990faa80,1
v4_1064,heldout_10,v3_heldout_fixed_panel,recycling_facility,distractor_clear,generalized,prompts/system_generalized.txt,modified,data/images/heldout/modified/heldout_10_distractor_clear.jpg,a5abd90c4d4a384def740f004f6a7a00a01b50bdfeb12396228a54c47b66bf7f,1,1.00,1.00,0,experiments/v4_cost_response/prompts/task_cost_x_1_00.txt,9f584e2e66b5b3398c1762ac796eafb3d694e6ce3f38b0e9fd6f7beca68bbfb4,1b17f7d53eb5fb6e22076dfc0961ade0c3f463f9c1e3ddd053e82bc8990faa80,2
v4_1065,heldout_10,v3_heldout_fixed_panel,recycling_facility,distractor_clear,generalized,prompts/system_generalized.txt,modified,data/images/heldout/modified/heldout_10_distractor_clear.jpg,a5abd90c4d4a384def740f004f6a7a00a01b50bdfeb12396228a54c47b66bf7f,1,1.00,1.00,0,experiments/v4_cost_response/prompts/task_cost_x_1_00.txt,9f584e2e66b5b3398c1762ac796eafb3d694e6ce3f38b0e9fd6f7beca68bbfb4,1b17f7d53eb5fb6e22076dfc0961ade0c3f463f9c1e3ddd053e82bc8990faa80,3
v4_1066,heldout_10,v3_heldout_fixed_panel,recycling_facility,distractor_clear,generalized,prompts/system_generalized.txt,modified,data/images/heldout/modified/heldout_10_distractor_clear.jpg,a5abd90c4d4a384def740f004f6a7a00a01b50bdfeb12396228a54c47b66bf7f,2,0.90,1.00,10,experiments/v4_cost_response/prompts/task_cost_x_0_90.txt,d69f9b3ee8b773d610de03b562c8f8e9b0c890463da010271c89e0f86dde4fad,1b17f7d53eb5fb6e22076dfc0961ade0c3f463f9c1e3ddd053e82bc8990faa80,1
v4_1067,heldout_10,v3_heldout_fixed_panel,recycling_facility,distractor_clear,generalized,prompts/system_generalized.txt,modified,data/images/heldout/modified/heldout_10_distractor_clear.jpg,a5abd90c4d4a384def740f004f6a7a00a01b50bdfeb12396228a54c47b66bf7f,2,0.90,1.00,10,experiments/v4_cost_response/prompts/task_cost_x_0_90.txt,d69f9b3ee8b773d610de03b562c8f8e9b0c890463da010271c89e0f86dde4fad,1b17f7d53eb5fb6e22076dfc0961ade0c3f463f9c1e3ddd053e82bc8990faa80,2
v4_1068,heldout_10,v3_heldout_fixed_panel,recycling_facility,distractor_clear,generalized,prompts/system_generalized.txt,modified,data/images/heldout/modified/heldout_10_distractor_clear.jpg,a5abd90c4d4a384def740f004f6a7a00a01b50bdfeb12396228a54c47b66bf7f,2,0.90,1.00,10,experiments/v4_cost_response/prompts/task_cost_x_0_90.txt,d69f9b3ee8b773d610de03b562c8f8e9b0c890463da010271c89e0f86dde4fad,1b17f7d53eb5fb6e22076dfc0961ade0c3f463f9c1e3ddd053e82bc8990faa80,3
v4_1069,heldout_10,v3_heldout_fixed_panel,recycling_facility,distractor_clear,generalized,prompts/system_generalized.txt,modified,data/images/heldout/modified/heldout_10_distractor_clear.jpg,a5abd90c4d4a384def740f004f6a7a00a01b50bdfeb12396228a54c47b66bf7f,3,0.80,1.00,20,experiments/v4_cost_response/prompts/task_cost_x_0_80.txt,0ce5abc89cfa84d813d9e0550a597a21cb2fef8c050dea89ce0e38e1ad3c4cd3,1b17f7d53eb5fb6e22076dfc0961ade0c3f463f9c1e3ddd053e82bc8990faa80,1
v4_1070,heldout_10,v3_heldout_fixed_panel,recycling_facility,distractor_clear,generalized,prompts/system_generalized.txt,modified,data/images/heldout/modified/heldout_10_distractor_clear.jpg,a5abd90c4d4a384def740f004f6a7a00a01b50bdfeb12396228a54c47b66bf7f,3,0.80,1.00,20,experiments/v4_cost_response/prompts/task_cost_x_0_80.txt,0ce5abc89cfa84d813d9e0550a597a21cb2fef8c050dea89ce0e38e1ad3c4cd3,1b17f7d53eb5fb6e22076dfc0961ade0c3f463f9c1e3ddd053e82bc8990faa80,2
v4_1071,heldout_10,v3_heldout_fixed_panel,recycling_facility,distractor_clear,generalized,prompts/system_generalized.txt,modified,data/images/heldout/modified/heldout_10_distractor_clear.jpg,a5abd90c4d4a384def740f004f6a7a00a01b50bdfeb12396228a54c47b66bf7f,3,0.80,1.00,20,experiments/v4_cost_response/prompts/task_cost_x_0_80.txt,0ce5abc89cfa84d813d9e0550a597a21cb2fef8c050dea89ce0e38e1ad3c4cd3,1b17f7d53eb5fb6e22076dfc0961ade0c3f463f9c1e3ddd053e82bc8990faa80,3
v4_1072,heldout_10,v3_heldout_fixed_panel,recycling_facility,distractor_clear,generalized,prompts/system_generalized.txt,modified,data/images/heldout/modified/heldout_10_distractor_clear.jpg,a5abd90c4d4a384def740f004f6a7a00a01b50bdfeb12396228a54c47b66bf7f,4,0.60,1.00,40,experiments/v4_cost_response/prompts/task_cost_x_0_60.txt,c4383464aa0dcd87bbdde9805d16ebb62f34138d5e5c8e766df5e1e54bd364fc,1b17f7d53eb5fb6e22076dfc0961ade0c3f463f9c1e3ddd053e82bc8990faa80,1
v4_1073,heldout_10,v3_heldout_fixed_panel,recycling_facility,distractor_clear,generalized,prompts/system_generalized.txt,modified,data/images/heldout/modified/heldout_10_distractor_clear.jpg,a5abd90c4d4a384def740f004f6a7a00a01b50bdfeb12396228a54c47b66bf7f,4,0.60,1.00,40,experiments/v4_cost_response/prompts/task_cost_x_0_60.txt,c4383464aa0dcd87bbdde9805d16ebb62f34138d5e5c8e766df5e1e54bd364fc,1b17f7d53eb5fb6e22076dfc0961ade0c3f463f9c1e3ddd053e82bc8990faa80,2
v4_1074,heldout_10,v3_heldout_fixed_panel,recycling_facility,distractor_clear,generalized,prompts/system_generalized.txt,modified,data/images/heldout/modified/heldout_10_distractor_clear.jpg,a5abd90c4d4a384def740f004f6a7a00a01b50bdfeb12396228a54c47b66bf7f,4,0.60,1.00,40,experiments/v4_cost_response/prompts/task_cost_x_0_60.txt,c4383464aa0dcd87bbdde9805d16ebb62f34138d5e5c8e766df5e1e54bd364fc,1b17f7d53eb5fb6e22076dfc0961ade0c3f463f9c1e3ddd053e82bc8990faa80,3
v4_1075,heldout_10,v3_heldout_fixed_panel,recycling_facility,distractor_clear,generalized,prompts/system_generalized.txt,modified,data/images/heldout/modified/heldout_10_distractor_clear.jpg,a5abd90c4d4a384def740f004f6a7a00a01b50bdfeb12396228a54c47b66bf7f,5,0.40,1.00,60,experiments/v4_cost_response/prompts/task_cost_x_0_40.txt,8e511232f2cbdb594aca695fd454e2ab5f7db1d67270eb423955a54a3cd72a35,1b17f7d53eb5fb6e22076dfc0961ade0c3f463f9c1e3ddd053e82bc8990faa80,1
v4_1076,heldout_10,v3_heldout_fixed_panel,recycling_facility,distractor_clear,generalized,prompts/system_generalized.txt,modified,data/images/heldout/modified/heldout_10_distractor_clear.jpg,a5abd90c4d4a384def740f004f6a7a00a01b50bdfeb12396228a54c47b66bf7f,5,0.40,1.00,60,experiments/v4_cost_response/prompts/task_cost_x_0_40.txt,8e511232f2cbdb594aca695fd454e2ab5f7db1d67270eb423955a54a3cd72a35,1b17f7d53eb5fb6e22076dfc0961ade0c3f463f9c1e3ddd053e82bc8990faa80,2
v4_1077,heldout_10,v3_heldout_fixed_panel,recycling_facility,distractor_clear,generalized,prompts/system_generalized.txt,modified,data/images/heldout/modified/heldout_10_distractor_clear.jpg,a5abd90c4d4a384def740f004f6a7a00a01b50bdfeb12396228a54c47b66bf7f,5,0.40,1.00,60,experiments/v4_cost_response/prompts/task_cost_x_0_40.txt,8e511232f2cbdb594aca695fd454e2ab5f7db1d67270eb423955a54a3cd72a35,1b17f7d53eb5fb6e22076dfc0961ade0c3f463f9c1e3ddd053e82bc8990faa80,3
v4_1078,heldout_10,v3_heldout_fixed_panel,recycling_facility,distractor_clear,generalized,prompts/system_generalized.txt,modified,data/images/heldout/modified/heldout_10_distractor_clear.jpg,a5abd90c4d4a384def740f004f6a7a00a01b50bdfeb12396228a54c47b66bf7f,6,0.20,1.00,80,experiments/v4_cost_response/prompts/task_cost_x_0_20.txt,7f2c7928bd3aaf6a823dcf8a20abf9a85594f9dd1c2315fdb49afb4e4e0fd3c9,1b17f7d53eb5fb6e22076dfc0961ade0c3f463f9c1e3ddd053e82bc8990faa80,1
v4_1079,heldout_10,v3_heldout_fixed_panel,recycling_facility,distractor_clear,generalized,prompts/system_generalized.txt,modified,data/images/heldout/modified/heldout_10_distractor_clear.jpg,a5abd90c4d4a384def740f004f6a7a00a01b50bdfeb12396228a54c47b66bf7f,6,0.20,1.00,80,experiments/v4_cost_response/prompts/task_cost_x_0_20.txt,7f2c7928bd3aaf6a823dcf8a20abf9a85594f9dd1c2315fdb49afb4e4e0fd3c9,1b17f7d53eb5fb6e22076dfc0961ade0c3f463f9c1e3ddd053e82bc8990faa80,2
v4_1080,heldout_10,v3_heldout_fixed_panel,recycling_facility,distractor_clear,generalized,prompts/system_generalized.txt,modified,data/images/heldout/modified/heldout_10_distractor_clear.jpg,a5abd90c4d4a384def740f004f6a7a00a01b50bdfeb12396228a54c47b66bf7f,6,0.20,1.00,80,experiments/v4_cost_response/prompts/task_cost_x_0_20.txt,7f2c7928bd3aaf6a823dcf8a20abf9a85594f9dd1c2315fdb49afb4e4e0fd3c9,1b17f7d53eb5fb6e22076dfc0961ade0c3f463f9c1e3ddd053e82bc8990faa80,3
v4_1081,heldout_11,v3_heldout_fixed_panel,medical_lab,distractor_clear,neutral,prompts/system_neutral.txt,clean,data/images/heldout/clean/heldout_11_clean.jpg,9f82365e694fb5376b018e23ac79b8e48bb4faf70da41b3164145c8ac50f67f5,1,1.00,1.00,0,experiments/v4_cost_response/prompts/task_cost_x_1_00.txt,9f584e2e66b5b3398c1762ac796eafb3d694e6ce3f38b0e9fd6f7beca68bbfb4,b869f42ea3921777da5fad071f646050045f98fb0d17a8e359dca487cb84ad2e,1
v4_1082,heldout_11,v3_heldout_fixed_panel,medical_lab,distractor_clear,neutral,prompts/system_neutral.txt,clean,data/images/heldout/clean/heldout_11_clean.jpg,9f82365e694fb5376b018e23ac79b8e48bb4faf70da41b3164145c8ac50f67f5,1,1.00,1.00,0,experiments/v4_cost_response/prompts/task_cost_x_1_00.txt,9f584e2e66b5b3398c1762ac796eafb3d694e6ce3f38b0e9fd6f7beca68bbfb4,b869f42ea3921777da5fad071f646050045f98fb0d17a8e359dca487cb84ad2e,2
v4_1083,heldout_11,v3_heldout_fixed_panel,medical_lab,distractor_clear,neutral,prompts/system_neutral.txt,clean,data/images/heldout/clean/heldout_11_clean.jpg,9f82365e694fb5376b018e23ac79b8e48bb4faf70da41b3164145c8ac50f67f5,1,1.00,1.00,0,experiments/v4_cost_response/prompts/task_cost_x_1_00.txt,9f584e2e66b5b3398c1762ac796eafb3d694e6ce3f38b0e9fd6f7beca68bbfb4,b869f42ea3921777da5fad071f646050045f98fb0d17a8e359dca487cb84ad2e,3
v4_1084,heldout_11,v3_heldout_fixed_panel,medical_lab,distractor_clear,neutral,prompts/system_neutral.txt,clean,data/images/heldout/clean/heldout_11_clean.jpg,9f82365e694fb5376b018e23ac79b8e48bb4faf70da41b3164145c8ac50f67f5,2,0.90,1.00,10,experiments/v4_cost_response/prompts/task_cost_x_0_90.txt,d69f9b3ee8b773d610de03b562c8f8e9b0c890463da010271c89e0f86dde4fad,b869f42ea3921777da5fad071f646050045f98fb0d17a8e359dca487cb84ad2e,1
v4_1085,heldout_11,v3_heldout_fixed_panel,medical_lab,distractor_clear,neutral,prompts/system_neutral.txt,clean,data/images/heldout/clean/heldout_11_clean.jpg,9f82365e694fb5376b018e23ac79b8e48bb4faf70da41b3164145c8ac50f67f5,2,0.90,1.00,10,experiments/v4_cost_response/prompts/task_cost_x_0_90.txt,d69f9b3ee8b773d610de03b562c8f8e9b0c890463da010271c89e0f86dde4fad,b869f42ea3921777da5fad071f646050045f98fb0d17a8e359dca487cb84ad2e,2
v4_1086,heldout_11,v3_heldout_fixed_panel,medical_lab,distractor_clear,neutral,prompts/system_neutral.txt,clean,data/images/heldout/clean/heldout_11_clean.jpg,9f82365e694fb5376b018e23ac79b8e48bb4faf70da41b3164145c8ac50f67f5,2,0.90,1.00,10,experiments/v4_cost_response/prompts/task_cost_x_0_90.txt,d69f9b3ee8b773d610de03b562c8f8e9b0c890463da010271c89e0f86dde4fad,b869f42ea3921777da5fad071f646050045f98fb0d17a8e359dca487cb84ad2e,3
v4_1087,heldout_11,v3_heldout_fixed_panel,medical_lab,distractor_clear,neutral,prompts/system_neutral.txt,clean,data/images/heldout/clean/heldout_11_clean.jpg,9f82365e694fb5376b018e23ac79b8e48bb4faf70da41b3164145c8ac50f67f5,3,0.80,1.00,20,experiments/v4_cost_response/prompts/task_cost_x_0_80.txt,0ce5abc89cfa84d813d9e0550a597a21cb2fef8c050dea89ce0e38e1ad3c4cd3,b869f42ea3921777da5fad071f646050045f98fb0d17a8e359dca487cb84ad2e,1
v4_1088,heldout_11,v3_heldout_fixed_panel,medical_lab,distractor_clear,neutral,prompts/system_neutral.txt,clean,data/images/heldout/clean/heldout_11_clean.jpg,9f82365e694fb5376b018e23ac79b8e48bb4faf70da41b3164145c8ac50f67f5,3,0.80,1.00,20,experiments/v4_cost_response/prompts/task_cost_x_0_80.txt,0ce5abc89cfa84d813d9e0550a597a21cb2fef8c050dea89ce0e38e1ad3c4cd3,b869f42ea3921777da5fad071f646050045f98fb0d17a8e359dca487cb84ad2e,2
v4_1089,heldout_11,v3_heldout_fixed_panel,medical_lab,distractor_clear,neutral,prompts/system_neutral.txt,clean,data/images/heldout/clean/heldout_11_clean.jpg,9f82365e694fb5376b018e23ac79b8e48bb4faf70da41b3164145c8ac50f67f5,3,0.80,1.00,20,experiments/v4_cost_response/prompts/task_cost_x_0_80.txt,0ce5abc89cfa84d813d9e0550a597a21cb2fef8c050dea89ce0e38e1ad3c4cd3,b869f42ea3921777da5fad071f646050045f98fb0d17a8e359dca487cb84ad2e,3
v4_1090,heldout_11,v3_heldout_fixed_panel,medical_lab,distractor_clear,neutral,prompts/system_neutral.txt,clean,data/images/heldout/clean/heldout_11_clean.jpg,9f82365e694fb5376b018e23ac79b8e48bb4faf70da41b3164145c8ac50f67f5,4,0.60,1.00,40,experiments/v4_cost_response/prompts/task_cost_x_0_60.txt,c4383464aa0dcd87bbdde9805d16ebb62f34138d5e5c8e766df5e1e54bd364fc,b869f42ea3921777da5fad071f646050045f98fb0d17a8e359dca487cb84ad2e,1
v4_1091,heldout_11,v3_heldout_fixed_panel,medical_lab,distractor_clear,neutral,prompts/system_neutral.txt,clean,data/images/heldout/clean/heldout_11_clean.jpg,9f82365e694fb5376b018e23ac79b8e48bb4faf70da41b3164145c8ac50f67f5,4,0.60,1.00,40,experiments/v4_cost_response/prompts/task_cost_x_0_60.txt,c4383464aa0dcd87bbdde9805d16ebb62f34138d5e5c8e766df5e1e54bd364fc,b869f42ea3921777da5fad071f646050045f98fb0d17a8e359dca487cb84ad2e,2
v4_1092,heldout_11,v3_heldout_fixed_panel,medical_lab,distractor_clear,neutral,prompts/system_neutral.txt,clean,data/images/heldout/clean/heldout_11_clean.jpg,9f82365e694fb5376b018e23ac79b8e48bb4faf70da41b3164145c8ac50f67f5,4,0.60,1.00,40,experiments/v4_cost_response/prompts/task_cost_x_0_60.txt,c4383464aa0dcd87bbdde9805d16ebb62f34138d5e5c8e766df5e1e54bd364fc,b869f42ea3921777da5fad071f646050045f98fb0d17a8e359dca487cb84ad2e,3
v4_1093,heldout_11,v3_heldout_fixed_panel,medical_lab,distractor_clear,neutral,prompts/system_neutral.txt,clean,data/images/heldout/clean/heldout_11_clean.jpg,9f82365e694fb5376b018e23ac79b8e48bb4faf70da41b3164145c8ac50f67f5,5,0.40,1.00,60,experiments/v4_cost_response/prompts/task_cost_x_0_40.txt,8e511232f2cbdb594aca695fd454e2ab5f7db1d67270eb423955a54a3cd72a35,b869f42ea3921777da5fad071f646050045f98fb0d17a8e359dca487cb84ad2e,1
v4_1094,heldout_11,v3_heldout_fixed_panel,medical_lab,distractor_clear,neutral,prompts/system_neutral.txt,clean,data/images/heldout/clean/heldout_11_clean.jpg,9f82365e694fb5376b018e23ac79b8e48bb4faf70da41b3164145c8ac50f67f5,5,0.40,1.00,60,experiments/v4_cost_response/prompts/task_cost_x_0_40.txt,8e511232f2cbdb594aca695fd454e2ab5f7db1d67270eb423955a54a3cd72a35,b869f42ea3921777da5fad071f646050045f98fb0d17a8e359dca487cb84ad2e,2
v4_1095,heldout_11,v3_heldout_fixed_panel,medical_lab,distractor_clear,neutral,prompts/system_neutral.txt,clean,data/images/heldout/clean/heldout_11_clean.jpg,9f82365e694fb5376b018e23ac79b8e48bb4faf70da41b3164145c8ac50f67f5,5,0.40,1.00,60,experiments/v4_cost_response/prompts/task_cost_x_0_40.txt,8e511232f2cbdb594aca695fd454e2ab5f7db1d67270eb423955a54a3cd72a35,b869f42ea3921777da5fad071f646050045f98fb0d17a8e359dca487cb84ad2e,3
v4_1096,heldout_11,v3_heldout_fixed_panel,medical_lab,distractor_clear,neutral,prompts/system_neutral.txt,clean,data/images/heldout/clean/heldout_11_clean.jpg,9f82365e694fb5376b018e23ac79b8e48bb4faf70da41b3164145c8ac50f67f5,6,0.20,1.00,80,experiments/v4_cost_response/prompts/task_cost_x_0_20.txt,7f2c7928bd3aaf6a823dcf8a20abf9a85594f9dd1c2315fdb49afb4e4e0fd3c9,b869f42ea3921777da5fad071f646050045f98fb0d17a8e359dca487cb84ad2e,1
v4_1097,heldout_11,v3_heldout_fixed_panel,medical_lab,distractor_clear,neutral,prompts/system_neutral.txt,clean,data/images/heldout/clean/heldout_11_clean.jpg,9f82365e694fb5376b018e23ac79b8e48bb4faf70da41b3164145c8ac50f67f5,6,0.20,1.00,80,experiments/v4_cost_response/prompts/task_cost_x_0_20.txt,7f2c7928bd3aaf6a823dcf8a20abf9a85594f9dd1c2315fdb49afb4e4e0fd3c9,b869f42ea3921777da5fad071f646050045f98fb0d17a8e359dca487cb84ad2e,2
v4_1098,heldout_11,v3_heldout_fixed_panel,medical_lab,distractor_clear,neutral,prompts/system_neutral.txt,clean,data/images/heldout/clean/heldout_11_clean.jpg,9f82365e694fb5376b018e23ac79b8e48bb4faf70da41b3164145c8ac50f67f5,6,0.20,1.00,80,experiments/v4_cost_response/prompts/task_cost_x_0_20.txt,7f2c7928bd3aaf6a823dcf8a20abf9a85594f9dd1c2315fdb49afb4e4e0fd3c9,b869f42ea3921777da5fad071f646050045f98fb0d17a8e359dca487cb84ad2e,3
v4_1099,heldout_11,v3_heldout_fixed_panel,medical_lab,distractor_clear,neutral,prompts/system_neutral.txt,modified,data/images/heldout/modified/heldout_11_distractor_clear.jpg,75fd509b252a9dc4e1ae20f574099e7d38ab19e10eaea378862826ade9092908,1,1.00,1.00,0,experiments/v4_cost_response/prompts/task_cost_x_1_00.txt,9f584e2e66b5b3398c1762ac796eafb3d694e6ce3f38b0e9fd6f7beca68bbfb4,b869f42ea3921777da5fad071f646050045f98fb0d17a8e359dca487cb84ad2e,1
v4_1100,heldout_11,v3_heldout_fixed_panel,medical_lab,distractor_clear,neutral,prompts/system_neutral.txt,modified,data/images/heldout/modified/heldout_11_distractor_clear.jpg,75fd509b252a9dc4e1ae20f574099e7d38ab19e10eaea378862826ade9092908,1,1.00,1.00,0,experiments/v4_cost_response/prompts/task_cost_x_1_00.txt,9f584e2e66b5b3398c1762ac796eafb3d694e6ce3f38b0e9fd6f7beca68bbfb4,b869f42ea3921777da5fad071f646050045f98fb0d17a8e359dca487cb84ad2e,2
v4_1101,heldout_11,v3_heldout_fixed_panel,medical_lab,distractor_clear,neutral,prompts/system_neutral.txt,modified,data/images/heldout/modified/heldout_11_distractor_clear.jpg,75fd509b252a9dc4e1ae20f574099e7d38ab19e10eaea378862826ade9092908,1,1.00,1.00,0,experiments/v4_cost_response/prompts/task_cost_x_1_00.txt,9f584e2e66b5b3398c1762ac796eafb3d694e6ce3f38b0e9fd6f7beca68bbfb4,b869f42ea3921777da5fad071f646050045f98fb0d17a8e359dca487cb84ad2e,3
v4_1102,heldout_11,v3_heldout_fixed_panel,medical_lab,distractor_clear,neutral,prompts/system_neutral.txt,modified,data/images/heldout/modified/heldout_11_distractor_clear.jpg,75fd509b252a9dc4e1ae20f574099e7d38ab19e10eaea378862826ade9092908,2,0.90,1.00,10,experiments/v4_cost_response/prompts/task_cost_x_0_90.txt,d69f9b3ee8b773d610de03b562c8f8e9b0c890463da010271c89e0f86dde4fad,b869f42ea3921777da5fad071f646050045f98fb0d17a8e359dca487cb84ad2e,1
v4_1103,heldout_11,v3_heldout_fixed_panel,medical_lab,distractor_clear,neutral,prompts/system_neutral.txt,modified,data/images/heldout/modified/heldout_11_distractor_clear.jpg,75fd509b252a9dc4e1ae20f574099e7d38ab19e10eaea378862826ade9092908,2,0.90,1.00,10,experiments/v4_cost_response/prompts/task_cost_x_0_90.txt,d69f9b3ee8b773d610de03b562c8f8e9b0c890463da010271c89e0f86dde4fad,b869f42ea3921777da5fad071f646050045f98fb0d17a8e359dca487cb84ad2e,2
v4_1104,heldout_11,v3_heldout_fixed_panel,medical_lab,distractor_clear,neutral,prompts/system_neutral.txt,modified,data/images/heldout/modified/heldout_11_distractor_clear.jpg,75fd509b252a9dc4e1ae20f574099e7d38ab19e10eaea378862826ade9092908,2,0.90,1.00,10,experiments/v4_cost_response/prompts/task_cost_x_0_90.txt,d69f9b3ee8b773d610de03b562c8f8e9b0c890463da010271c89e0f86dde4fad,b869f42ea3921777da5fad071f646050045f98fb0d17a8e359dca487cb84ad2e,3
v4_1105,heldout_11,v3_heldout_fixed_panel,medical_lab,distractor_clear,neutral,prompts/system_neutral.txt,modified,data/images/heldout/modified/heldout_11_distractor_clear.jpg,75fd509b252a9dc4e1ae20f574099e7d38ab19e10eaea378862826ade9092908,3,0.80,1.00,20,experiments/v4_cost_response/prompts/task_cost_x_0_80.txt,0ce5abc89cfa84d813d9e0550a597a21cb2fef8c050dea89ce0e38e1ad3c4cd3,b869f42ea3921777da5fad071f646050045f98fb0d17a8e359dca487cb84ad2e,1
v4_1106,heldout_11,v3_heldout_fixed_panel,medical_lab,distractor_clear,neutral,prompts/system_neutral.txt,modified,data/images/heldout/modified/heldout_11_distractor_clear.jpg,75fd509b252a9dc4e1ae20f574099e7d38ab19e10eaea378862826ade9092908,3,0.80,1.00,20,experiments/v4_cost_response/prompts/task_cost_x_0_80.txt,0ce5abc89cfa84d813d9e0550a597a21cb2fef8c050dea89ce0e38e1ad3c4cd3,b869f42ea3921777da5fad071f646050045f98fb0d17a8e359dca487cb84ad2e,2
v4_1107,heldout_11,v3_heldout_fixed_panel,medical_lab,distractor_clear,neutral,prompts/system_neutral.txt,modified,data/images/heldout/modified/heldout_11_distractor_clear.jpg,75fd509b252a9dc4e1ae20f574099e7d38ab19e10eaea378862826ade9092908,3,0.80,1.00,20,experiments/v4_cost_response/prompts/task_cost_x_0_80.txt,0ce5abc89cfa84d813d9e0550a597a21cb2fef8c050dea89ce0e38e1ad3c4cd3,b869f42ea3921777da5fad071f646050045f98fb0d17a8e359dca487cb84ad2e,3
v4_1108,heldout_11,v3_heldout_fixed_panel,medical_lab,distractor_clear,neutral,prompts/system_neutral.txt,modified,data/images/heldout/modified/heldout_11_distractor_clear.jpg,75fd509b252a9dc4e1ae20f574099e7d38ab19e10eaea378862826ade9092908,4,0.60,1.00,40,experiments/v4_cost_response/prompts/task_cost_x_0_60.txt,c4383464aa0dcd87bbdde9805d16ebb62f34138d5e5c8e766df5e1e54bd364fc,b869f42ea3921777da5fad071f646050045f98fb0d17a8e359dca487cb84ad2e,1
v4_1109,heldout_11,v3_heldout_fixed_panel,medical_lab,distractor_clear,neutral,prompts/system_neutral.txt,modified,data/images/heldout/modified/heldout_11_distractor_clear.jpg,75fd509b252a9dc4e1ae20f574099e7d38ab19e10eaea378862826ade9092908,4,0.60,1.00,40,experiments/v4_cost_response/prompts/task_cost_x_0_60.txt,c4383464aa0dcd87bbdde9805d16ebb62f34138d5e5c8e766df5e1e54bd364fc,b869f42ea3921777da5fad071f646050045f98fb0d17a8e359dca487cb84ad2e,2
v4_1110,heldout_11,v3_heldout_fixed_panel,medical_lab,distractor_clear,neutral,prompts/system_neutral.txt,modified,data/images/heldout/modified/heldout_11_distractor_clear.jpg,75fd509b252a9dc4e1ae20f574099e7d38ab19e10eaea378862826ade9092908,4,0.60,1.00,40,experiments/v4_cost_response/prompts/task_cost_x_0_60.txt,c4383464aa0dcd87bbdde9805d16ebb62f34138d5e5c8e766df5e1e54bd364fc,b869f42ea3921777da5fad071f646050045f98fb0d17a8e359dca487cb84ad2e,3
v4_1111,heldout_11,v3_heldout_fixed_panel,medical_lab,distractor_clear,neutral,prompts/system_neutral.txt,modified,data/images/heldout/modified/heldout_11_distractor_clear.jpg,75fd509b252a9dc4e1ae20f574099e7d38ab19e10eaea378862826ade9092908,5,0.40,1.00,60,experiments/v4_cost_response/prompts/task_cost_x_0_40.txt,8e511232f2cbdb594aca695fd454e2ab5f7db1d67270eb423955a54a3cd72a35,b869f42ea3921777da5fad071f646050045f98fb0d17a8e359dca487cb84ad2e,1
v4_1112,heldout_11,v3_heldout_fixed_panel,medical_lab,distractor_clear,neutral,prompts/system_neutral.txt,modified,data/images/heldout/modified/heldout_11_distractor_clear.jpg,75fd509b252a9dc4e1ae20f574099e7d38ab19e10eaea378862826ade9092908,5,0.40,1.00,60,experiments/v4_cost_response/prompts/task_cost_x_0_40.txt,8e511232f2cbdb594aca695fd454e2ab5f7db1d67270eb423955a54a3cd72a35,b869f42ea3921777da5fad071f646050045f98fb0d17a8e359dca487cb84ad2e,2
v4_1113,heldout_11,v3_heldout_fixed_panel,medical_lab,distractor_clear,neutral,prompts/system_neutral.txt,modified,data/images/heldout/modified/heldout_11_distractor_clear.jpg,75fd509b252a9dc4e1ae20f574099e7d38ab19e10eaea378862826ade9092908,5,0.40,1.00,60,experiments/v4_cost_response/prompts/task_cost_x_0_40.txt,8e511232f2cbdb594aca695fd454e2ab5f7db1d67270eb423955a54a3cd72a35,b869f42ea3921777da5fad071f646050045f98fb0d17a8e359dca487cb84ad2e,3
v4_1114,heldout_11,v3_heldout_fixed_panel,medical_lab,distractor_clear,neutral,prompts/system_neutral.txt,modified,data/images/heldout/modified/heldout_11_distractor_clear.jpg,75fd509b252a9dc4e1ae20f574099e7d38ab19e10eaea378862826ade9092908,6,0.20,1.00,80,experiments/v4_cost_response/prompts/task_cost_x_0_20.txt,7f2c7928bd3aaf6a823dcf8a20abf9a85594f9dd1c2315fdb49afb4e4e0fd3c9,b869f42ea3921777da5fad071f646050045f98fb0d17a8e359dca487cb84ad2e,1
v4_1115,heldout_11,v3_heldout_fixed_panel,medical_lab,distractor_clear,neutral,prompts/system_neutral.txt,modified,data/images/heldout/modified/heldout_11_distractor_clear.jpg,75fd509b252a9dc4e1ae20f574099e7d38ab19e10eaea378862826ade9092908,6,0.20,1.00,80,experiments/v4_cost_response/prompts/task_cost_x_0_20.txt,7f2c7928bd3aaf6a823dcf8a20abf9a85594f9dd1c2315fdb49afb4e4e0fd3c9,b869f42ea3921777da5fad071f646050045f98fb0d17a8e359dca487cb84ad2e,2
v4_1116,heldout_11,v3_heldout_fixed_panel,medical_lab,distractor_clear,neutral,prompts/system_neutral.txt,modified,data/images/heldout/modified/heldout_11_distractor_clear.jpg,75fd509b252a9dc4e1ae20f574099e7d38ab19e10eaea378862826ade9092908,6,0.20,1.00,80,experiments/v4_cost_response/prompts/task_cost_x_0_20.txt,7f2c7928bd3aaf6a823dcf8a20abf9a85594f9dd1c2315fdb49afb4e4e0fd3c9,b869f42ea3921777da5fad071f646050045f98fb0d17a8e359dca487cb84ad2e,3
v4_1117,heldout_11,v3_heldout_fixed_panel,medical_lab,distractor_clear,cue_bound,prompts/system_cue_bound.txt,clean,data/images/heldout/clean/heldout_11_clean.jpg,9f82365e694fb5376b018e23ac79b8e48bb4faf70da41b3164145c8ac50f67f5,1,1.00,1.00,0,experiments/v4_cost_response/prompts/task_cost_x_1_00.txt,9f584e2e66b5b3398c1762ac796eafb3d694e6ce3f38b0e9fd6f7beca68bbfb4,33ff7ba12da9c25a3728e0c96b2f3fd67c0d1bd0c536af71e6ec6e8de843a859,1
v4_1118,heldout_11,v3_heldout_fixed_panel,medical_lab,distractor_clear,cue_bound,prompts/system_cue_bound.txt,clean,data/images/heldout/clean/heldout_11_clean.jpg,9f82365e694fb5376b018e23ac79b8e48bb4faf70da41b3164145c8ac50f67f5,1,1.00,1.00,0,experiments/v4_cost_response/prompts/task_cost_x_1_00.txt,9f584e2e66b5b3398c1762ac796eafb3d694e6ce3f38b0e9fd6f7beca68bbfb4,33ff7ba12da9c25a3728e0c96b2f3fd67c0d1bd0c536af71e6ec6e8de843a859,2
v4_1119,heldout_11,v3_heldout_fixed_panel,medical_lab,distractor_clear,cue_bound,prompts/system_cue_bound.txt,clean,data/images/heldout/clean/heldout_11_clean.jpg,9f82365e694fb5376b018e23ac79b8e48bb4faf70da41b3164145c8ac50f67f5,1,1.00,1.00,0,experiments/v4_cost_response/prompts/task_cost_x_1_00.txt,9f584e2e66b5b3398c1762ac796eafb3d694e6ce3f38b0e9fd6f7beca68bbfb4,33ff7ba12da9c25a3728e0c96b2f3fd67c0d1bd0c536af71e6ec6e8de843a859,3
v4_1120,heldout_11,v3_heldout_fixed_panel,medical_lab,distractor_clear,cue_bound,prompts/system_cue_bound.txt,clean,data/images/heldout/clean/heldout_11_clean.jpg,9f82365e694fb5376b018e23ac79b8e48bb4faf70da41b3164145c8ac50f67f5,2,0.90,1.00,10,experiments/v4_cost_response/prompts/task_cost_x_0_90.txt,d69f9b3ee8b773d610de03b562c8f8e9b0c890463da010271c89e0f86dde4fad,33ff7ba12da9c25a3728e0c96b2f3fd67c0d1bd0c536af71e6ec6e8de843a859,1
v4_1121,heldout_11,v3_heldout_fixed_panel,medical_lab,distractor_clear,cue_bound,prompts/system_cue_bound.txt,clean,data/images/heldout/clean/heldout_11_clean.jpg,9f82365e694fb5376b018e23ac79b8e48bb4faf70da41b3164145c8ac50f67f5,2,0.90,1.00,10,experiments/v4_cost_response/prompts/task_cost_x_0_90.txt,d69f9b3ee8b773d610de03b562c8f8e9b0c890463da010271c89e0f86dde4fad,33ff7ba12da9c25a3728e0c96b2f3fd67c0d1bd0c536af71e6ec6e8de843a859,2
v4_1122,heldout_11,v3_heldout_fixed_panel,medical_lab,distractor_clear,cue_bound,prompts/system_cue_bound.txt,clean,data/images/heldout/clean/heldout_11_clean.jpg,9f82365e694fb5376b018e23ac79b8e48bb4faf70da41b3164145c8ac50f67f5,2,0.90,1.00,10,experiments/v4_cost_response/prompts/task_cost_x_0_90.txt,d69f9b3ee8b773d610de03b562c8f8e9b0c890463da010271c89e0f86dde4fad,33ff7ba12da9c25a3728e0c96b2f3fd67c0d1bd0c536af71e6ec6e8de843a859,3
v4_1123,heldout_11,v3_heldout_fixed_panel,medical_lab,distractor_clear,cue_bound,prompts/system_cue_bound.txt,clean,data/images/heldout/clean/heldout_11_clean.jpg,9f82365e694fb5376b018e23ac79b8e48bb4faf70da41b3164145c8ac50f67f5,3,0.80,1.00,20,experiments/v4_cost_response/prompts/task_cost_x_0_80.txt,0ce5abc89cfa84d813d9e0550a597a21cb2fef8c050dea89ce0e38e1ad3c4cd3,33ff7ba12da9c25a3728e0c96b2f3fd67c0d1bd0c536af71e6ec6e8de843a859,1
v4_1124,heldout_11,v3_heldout_fixed_panel,medical_lab,distractor_clear,cue_bound,prompts/system_cue_bound.txt,clean,data/images/heldout/clean/heldout_11_clean.jpg,9f82365e694fb5376b018e23ac79b8e48bb4faf70da41b3164145c8ac50f67f5,3,0.80,1.00,20,experiments/v4_cost_response/prompts/task_cost_x_0_80.txt,0ce5abc89cfa84d813d9e0550a597a21cb2fef8c050dea89ce0e38e1ad3c4cd3,33ff7ba12da9c25a3728e0c96b2f3fd67c0d1bd0c536af71e6ec6e8de843a859,2
v4_1125,heldout_11,v3_heldout_fixed_panel,medical_lab,distractor_clear,cue_bound,prompts/system_cue_bound.txt,clean,data/images/heldout/clean/heldout_11_clean.jpg,9f82365e694fb5376b018e23ac79b8e48bb4faf70da41b3164145c8ac50f67f5,3,0.80,1.00,20,experiments/v4_cost_response/prompts/task_cost_x_0_80.txt,0ce5abc89cfa84d813d9e0550a597a21cb2fef8c050dea89ce0e38e1ad3c4cd3,33ff7ba12da9c25a3728e0c96b2f3fd67c0d1bd0c536af71e6ec6e8de843a859,3
v4_1126,heldout_11,v3_heldout_fixed_panel,medical_lab,distractor_clear,cue_bound,prompts/system_cue_bound.txt,clean,data/images/heldout/clean/heldout_11_clean.jpg,9f82365e694fb5376b018e23ac79b8e48bb4faf70da41b3164145c8ac50f67f5,4,0.60,1.00,40,experiments/v4_cost_response/prompts/task_cost_x_0_60.txt,c4383464aa0dcd87bbdde9805d16ebb62f34138d5e5c8e766df5e1e54bd364fc,33ff7ba12da9c25a3728e0c96b2f3fd67c0d1bd0c536af71e6ec6e8de843a859,1
v4_1127,heldout_11,v3_heldout_fixed_panel,medical_lab,distractor_clear,cue_bound,prompts/system_cue_bound.txt,clean,data/images/heldout/clean/heldout_11_clean.jpg,9f82365e694fb5376b018e23ac79b8e48bb4faf70da41b3164145c8ac50f67f5,4,0.60,1.00,40,experiments/v4_cost_response/prompts/task_cost_x_0_60.txt,c4383464aa0dcd87bbdde9805d16ebb62f34138d5e5c8e766df5e1e54bd364fc,33ff7ba12da9c25a3728e0c96b2f3fd67c0d1bd0c536af71e6ec6e8de843a859,2
v4_1128,heldout_11,v3_heldout_fixed_panel,medical_lab,distractor_clear,cue_bound,prompts/system_cue_bound.txt,clean,data/images/heldout/clean/heldout_11_clean.jpg,9f82365e694fb5376b018e23ac79b8e48bb4faf70da41b3164145c8ac50f67f5,4,0.60,1.00,40,experiments/v4_cost_response/prompts/task_cost_x_0_60.txt,c4383464aa0dcd87bbdde9805d16ebb62f34138d5e5c8e766df5e1e54bd364fc,33ff7ba12da9c25a3728e0c96b2f3fd67c0d1bd0c536af71e6ec6e8de843a859,3
v4_1129,heldout_11,v3_heldout_fixed_panel,medical_lab,distractor_clear,cue_bound,prompts/system_cue_bound.txt,clean,data/images/heldout/clean/heldout_11_clean.jpg,9f82365e694fb5376b018e23ac79b8e48bb4faf70da41b3164145c8ac50f67f5,5,0.40,1.00,60,experiments/v4_cost_response/prompts/task_cost_x_0_40.txt,8e511232f2cbdb594aca695fd454e2ab5f7db1d67270eb423955a54a3cd72a35,33ff7ba12da9c25a3728e0c96b2f3fd67c0d1bd0c536af71e6ec6e8de843a859,1
v4_1130,heldout_11,v3_heldout_fixed_panel,medical_lab,distractor_clear,cue_bound,prompts/system_cue_bound.txt,clean,data/images/heldout/clean/heldout_11_clean.jpg,9f82365e694fb5376b018e23ac79b8e48bb4faf70da41b3164145c8ac50f67f5,5,0.40,1.00,60,experiments/v4_cost_response/prompts/task_cost_x_0_40.txt,8e511232f2cbdb594aca695fd454e2ab5f7db1d67270eb423955a54a3cd72a35,33ff7ba12da9c25a3728e0c96b2f3fd67c0d1bd0c536af71e6ec6e8de843a859,2
v4_1131,heldout_11,v3_heldout_fixed_panel,medical_lab,distractor_clear,cue_bound,prompts/system_cue_bound.txt,clean,data/images/heldout/clean/heldout_11_clean.jpg,9f82365e694fb5376b018e23ac79b8e48bb4faf70da41b3164145c8ac50f67f5,5,0.40,1.00,60,experiments/v4_cost_response/prompts/task_cost_x_0_40.txt,8e511232f2cbdb594aca695fd454e2ab5f7db1d67270eb423955a54a3cd72a35,33ff7ba12da9c25a3728e0c96b2f3fd67c0d1bd0c536af71e6ec6e8de843a859,3
v4_1132,heldout_11,v3_heldout_fixed_panel,medical_lab,distractor_clear,cue_bound,prompts/system_cue_bound.txt,clean,data/images/heldout/clean/heldout_11_clean.jpg,9f82365e694fb5376b018e23ac79b8e48bb4faf70da41b3164145c8ac50f67f5,6,0.20,1.00,80,experiments/v4_cost_response/prompts/task_cost_x_0_20.txt,7f2c7928bd3aaf6a823dcf8a20abf9a85594f9dd1c2315fdb49afb4e4e0fd3c9,33ff7ba12da9c25a3728e0c96b2f3fd67c0d1bd0c536af71e6ec6e8de843a859,1
v4_1133,heldout_11,v3_heldout_fixed_panel,medical_lab,distractor_clear,cue_bound,prompts/system_cue_bound.txt,clean,data/images/heldout/clean/heldout_11_clean.jpg,9f82365e694fb5376b018e23ac79b8e48bb4faf70da41b3164145c8ac50f67f5,6,0.20,1.00,80,experiments/v4_cost_response/prompts/task_cost_x_0_20.txt,7f2c7928bd3aaf6a823dcf8a20abf9a85594f9dd1c2315fdb49afb4e4e0fd3c9,33ff7ba12da9c25a3728e0c96b2f3fd67c0d1bd0c536af71e6ec6e8de843a859,2
v4_1134,heldout_11,v3_heldout_fixed_panel,medical_lab,distractor_clear,cue_bound,prompts/system_cue_bound.txt,clean,data/images/heldout/clean/heldout_11_clean.jpg,9f82365e694fb5376b018e23ac79b8e48bb4faf70da41b3164145c8ac50f67f5,6,0.20,1.00,80,experiments/v4_cost_response/prompts/task_cost_x_0_20.txt,7f2c7928bd3aaf6a823dcf8a20abf9a85594f9dd1c2315fdb49afb4e4e0fd3c9,33ff7ba12da9c25a3728e0c96b2f3fd67c0d1bd0c536af71e6ec6e8de843a859,3
v4_1135,heldout_11,v3_heldout_fixed_panel,medical_lab,distractor_clear,cue_bound,prompts/system_cue_bound.txt,modified,data/images/heldout/modified/heldout_11_distractor_clear.jpg,75fd509b252a9dc4e1ae20f574099e7d38ab19e10eaea378862826ade9092908,1,1.00,1.00,0,experiments/v4_cost_response/prompts/task_cost_x_1_00.txt,9f584e2e66b5b3398c1762ac796eafb3d694e6ce3f38b0e9fd6f7beca68bbfb4,33ff7ba12da9c25a3728e0c96b2f3fd67c0d1bd0c536af71e6ec6e8de843a859,1
v4_1136,heldout_11,v3_heldout_fixed_panel,medical_lab,distractor_clear,cue_bound,prompts/system_cue_bound.txt,modified,data/images/heldout/modified/heldout_11_distractor_clear.jpg,75fd509b252a9dc4e1ae20f574099e7d38ab19e10eaea378862826ade9092908,1,1.00,1.00,0,experiments/v4_cost_response/prompts/task_cost_x_1_00.txt,9f584e2e66b5b3398c1762ac796eafb3d694e6ce3f38b0e9fd6f7beca68bbfb4,33ff7ba12da9c25a3728e0c96b2f3fd67c0d1bd0c536af71e6ec6e8de843a859,2
v4_1137,heldout_11,v3_heldout_fixed_panel,medical_lab,distractor_clear,cue_bound,prompts/system_cue_bound.txt,modified,data/images/heldout/modified/heldout_11_distractor_clear.jpg,75fd509b252a9dc4e1ae20f574099e7d38ab19e10eaea378862826ade9092908,1,1.00,1.00,0,experiments/v4_cost_response/prompts/task_cost_x_1_00.txt,9f584e2e66b5b3398c1762ac796eafb3d694e6ce3f38b0e9fd6f7beca68bbfb4,33ff7ba12da9c25a3728e0c96b2f3fd67c0d1bd0c536af71e6ec6e8de843a859,3
v4_1138,heldout_11,v3_heldout_fixed_panel,medical_lab,distractor_clear,cue_bound,prompts/system_cue_bound.txt,modified,data/images/heldout/modified/heldout_11_distractor_clear.jpg,75fd509b252a9dc4e1ae20f574099e7d38ab19e10eaea378862826ade9092908,2,0.90,1.00,10,experiments/v4_cost_response/prompts/task_cost_x_0_90.txt,d69f9b3ee8b773d610de03b562c8f8e9b0c890463da010271c89e0f86dde4fad,33ff7ba12da9c25a3728e0c96b2f3fd67c0d1bd0c536af71e6ec6e8de843a859,1
v4_1139,heldout_11,v3_heldout_fixed_panel,medical_lab,distractor_clear,cue_bound,prompts/system_cue_bound.txt,modified,data/images/heldout/modified/heldout_11_distractor_clear.jpg,75fd509b252a9dc4e1ae20f574099e7d38ab19e10eaea378862826ade9092908,2,0.90,1.00,10,experiments/v4_cost_response/prompts/task_cost_x_0_90.txt,d69f9b3ee8b773d610de03b562c8f8e9b0c890463da010271c89e0f86dde4fad,33ff7ba12da9c25a3728e0c96b2f3fd67c0d1bd0c536af71e6ec6e8de843a859,2
v4_1140,heldout_11,v3_heldout_fixed_panel,medical_lab,distractor_clear,cue_bound,prompts/system_cue_bound.txt,modified,data/images/heldout/modified/heldout_11_distractor_clear.jpg,75fd509b252a9dc4e1ae20f574099e7d38ab19e10eaea378862826ade9092908,2,0.90,1.00,10,experiments/v4_cost_response/prompts/task_cost_x_0_90.txt,d69f9b3ee8b773d610de03b562c8f8e9b0c890463da010271c89e0f86dde4fad,33ff7ba12da9c25a3728e0c96b2f3fd67c0d1bd0c536af71e6ec6e8de843a859,3
v4_1141,heldout_11,v3_heldout_fixed_panel,medical_lab,distractor_clear,cue_bound,prompts/system_cue_bound.txt,modified,data/images/heldout/modified/heldout_11_distractor_clear.jpg,75fd509b252a9dc4e1ae20f574099e7d38ab19e10eaea378862826ade9092908,3,0.80,1.00,20,experiments/v4_cost_response/prompts/task_cost_x_0_80.txt,0ce5abc89cfa84d813d9e0550a597a21cb2fef8c050dea89ce0e38e1ad3c4cd3,33ff7ba12da9c25a3728e0c96b2f3fd67c0d1bd0c536af71e6ec6e8de843a859,1
v4_1142,heldout_11,v3_heldout_fixed_panel,medical_lab,distractor_clear,cue_bound,prompts/system_cue_bound.txt,modified,data/images/heldout/modified/heldout_11_distractor_clear.jpg,75fd509b252a9dc4e1ae20f574099e7d38ab19e10eaea378862826ade9092908,3,0.80,1.00,20,experiments/v4_cost_response/prompts/task_cost_x_0_80.txt,0ce5abc89cfa84d813d9e0550a597a21cb2fef8c050dea89ce0e38e1ad3c4cd3,33ff7ba12da9c25a3728e0c96b2f3fd67c0d1bd0c536af71e6ec6e8de843a859,2
v4_1143,heldout_11,v3_heldout_fixed_panel,medical_lab,distractor_clear,cue_bound,prompts/system_cue_bound.txt,modified,data/images/heldout/modified/heldout_11_distractor_clear.jpg,75fd509b252a9dc4e1ae20f574099e7d38ab19e10eaea378862826ade9092908,3,0.80,1.00,20,experiments/v4_cost_response/prompts/task_cost_x_0_80.txt,0ce5abc89cfa84d813d9e0550a597a21cb2fef8c050dea89ce0e38e1ad3c4cd3,33ff7ba12da9c25a3728e0c96b2f3fd67c0d1bd0c536af71e6ec6e8de843a859,3
v4_1144,heldout_11,v3_heldout_fixed_panel,medical_lab,distractor_clear,cue_bound,prompts/system_cue_bound.txt,modified,data/images/heldout/modified/heldout_11_distractor_clear.jpg,75fd509b252a9dc4e1ae20f574099e7d38ab19e10eaea378862826ade9092908,4,0.60,1.00,40,experiments/v4_cost_response/prompts/task_cost_x_0_60.txt,c4383464aa0dcd87bbdde9805d16ebb62f34138d5e5c8e766df5e1e54bd364fc,33ff7ba12da9c25a3728e0c96b2f3fd67c0d1bd0c536af71e6ec6e8de843a859,1
v4_1145,heldout_11,v3_heldout_fixed_panel,medical_lab,distractor_clear,cue_bound,prompts/system_cue_bound.txt,modified,data/images/heldout/modified/heldout_11_distractor_clear.jpg,75fd509b252a9dc4e1ae20f574099e7d38ab19e10eaea378862826ade9092908,4,0.60,1.00,40,experiments/v4_cost_response/prompts/task_cost_x_0_60.txt,c4383464aa0dcd87bbdde9805d16ebb62f34138d5e5c8e766df5e1e54bd364fc,33ff7ba12da9c25a3728e0c96b2f3fd67c0d1bd0c536af71e6ec6e8de843a859,2
v4_1146,heldout_11,v3_heldout_fixed_panel,medical_lab,distractor_clear,cue_bound,prompts/system_cue_bound.txt,modified,data/images/heldout/modified/heldout_11_distractor_clear.jpg,75fd509b252a9dc4e1ae20f574099e7d38ab19e10eaea378862826ade9092908,4,0.60,1.00,40,experiments/v4_cost_response/prompts/task_cost_x_0_60.txt,c4383464aa0dcd87bbdde9805d16ebb62f34138d5e5c8e766df5e1e54bd364fc,33ff7ba12da9c25a3728e0c96b2f3fd67c0d1bd0c536af71e6ec6e8de843a859,3
v4_1147,heldout_11,v3_heldout_fixed_panel,medical_lab,distractor_clear,cue_bound,prompts/system_cue_bound.txt,modified,data/images/heldout/modified/heldout_11_distractor_clear.jpg,75fd509b252a9dc4e1ae20f574099e7d38ab19e10eaea378862826ade9092908,5,0.40,1.00,60,experiments/v4_cost_response/prompts/task_cost_x_0_40.txt,8e511232f2cbdb594aca695fd454e2ab5f7db1d67270eb423955a54a3cd72a35,33ff7ba12da9c25a3728e0c96b2f3fd67c0d1bd0c536af71e6ec6e8de843a859,1
v4_1148,heldout_11,v3_heldout_fixed_panel,medical_lab,distractor_clear,cue_bound,prompts/system_cue_bound.txt,modified,data/images/heldout/modified/heldout_11_distractor_clear.jpg,75fd509b252a9dc4e1ae20f574099e7d38ab19e10eaea378862826ade9092908,5,0.40,1.00,60,experiments/v4_cost_response/prompts/task_cost_x_0_40.txt,8e511232f2cbdb594aca695fd454e2ab5f7db1d67270eb423955a54a3cd72a35,33ff7ba12da9c25a3728e0c96b2f3fd67c0d1bd0c536af71e6ec6e8de843a859,2
v4_1149,heldout_11,v3_heldout_fixed_panel,medical_lab,distractor_clear,cue_bound,prompts/system_cue_bound.txt,modified,data/images/heldout/modified/heldout_11_distractor_clear.jpg,75fd509b252a9dc4e1ae20f574099e7d38ab19e10eaea378862826ade9092908,5,0.40,1.00,60,experiments/v4_cost_response/prompts/task_cost_x_0_40.txt,8e511232f2cbdb594aca695fd454e2ab5f7db1d67270eb423955a54a3cd72a35,33ff7ba12da9c25a3728e0c96b2f3fd67c0d1bd0c536af71e6ec6e8de843a859,3
v4_1150,heldout_11,v3_heldout_fixed_panel,medical_lab,distractor_clear,cue_bound,prompts/system_cue_bound.txt,modified,data/images/heldout/modified/heldout_11_distractor_clear.jpg,75fd509b252a9dc4e1ae20f574099e7d38ab19e10eaea378862826ade9092908,6,0.20,1.00,80,experiments/v4_cost_response/prompts/task_cost_x_0_20.txt,7f2c7928bd3aaf6a823dcf8a20abf9a85594f9dd1c2315fdb49afb4e4e0fd3c9,33ff7ba12da9c25a3728e0c96b2f3fd67c0d1bd0c536af71e6ec6e8de843a859,1
v4_1151,heldout_11,v3_heldout_fixed_panel,medical_lab,distractor_clear,cue_bound,prompts/system_cue_bound.txt,modified,data/images/heldout/modified/heldout_11_distractor_clear.jpg,75fd509b252a9dc4e1ae20f574099e7d38ab19e10eaea378862826ade9092908,6,0.20,1.00,80,experiments/v4_cost_response/prompts/task_cost_x_0_20.txt,7f2c7928bd3aaf6a823dcf8a20abf9a85594f9dd1c2315fdb49afb4e4e0fd3c9,33ff7ba12da9c25a3728e0c96b2f3fd67c0d1bd0c536af71e6ec6e8de843a859,2
v4_1152,heldout_11,v3_heldout_fixed_panel,medical_lab,distractor_clear,cue_bound,prompts/system_cue_bound.txt,modified,data/images/heldout/modified/heldout_11_distractor_clear.jpg,75fd509b252a9dc4e1ae20f574099e7d38ab19e10eaea378862826ade9092908,6,0.20,1.00,80,experiments/v4_cost_response/prompts/task_cost_x_0_20.txt,7f2c7928bd3aaf6a823dcf8a20abf9a85594f9dd1c2315fdb49afb4e4e0fd3c9,33ff7ba12da9c25a3728e0c96b2f3fd67c0d1bd0c536af71e6ec6e8de843a859,3
v4_1153,heldout_11,v3_heldout_fixed_panel,medical_lab,distractor_clear,generalized,prompts/system_generalized.txt,clean,data/images/heldout/clean/heldout_11_clean.jpg,9f82365e694fb5376b018e23ac79b8e48bb4faf70da41b3164145c8ac50f67f5,1,1.00,1.00,0,experiments/v4_cost_response/prompts/task_cost_x_1_00.txt,9f584e2e66b5b3398c1762ac796eafb3d694e6ce3f38b0e9fd6f7beca68bbfb4,1b17f7d53eb5fb6e22076dfc0961ade0c3f463f9c1e3ddd053e82bc8990faa80,1
v4_1154,heldout_11,v3_heldout_fixed_panel,medical_lab,distractor_clear,generalized,prompts/system_generalized.txt,clean,data/images/heldout/clean/heldout_11_clean.jpg,9f82365e694fb5376b018e23ac79b8e48bb4faf70da41b3164145c8ac50f67f5,1,1.00,1.00,0,experiments/v4_cost_response/prompts/task_cost_x_1_00.txt,9f584e2e66b5b3398c1762ac796eafb3d694e6ce3f38b0e9fd6f7beca68bbfb4,1b17f7d53eb5fb6e22076dfc0961ade0c3f463f9c1e3ddd053e82bc8990faa80,2
v4_1155,heldout_11,v3_heldout_fixed_panel,medical_lab,distractor_clear,generalized,prompts/system_generalized.txt,clean,data/images/heldout/clean/heldout_11_clean.jpg,9f82365e694fb5376b018e23ac79b8e48bb4faf70da41b3164145c8ac50f67f5,1,1.00,1.00,0,experiments/v4_cost_response/prompts/task_cost_x_1_00.txt,9f584e2e66b5b3398c1762ac796eafb3d694e6ce3f38b0e9fd6f7beca68bbfb4,1b17f7d53eb5fb6e22076dfc0961ade0c3f463f9c1e3ddd053e82bc8990faa80,3
v4_1156,heldout_11,v3_heldout_fixed_panel,medical_lab,distractor_clear,generalized,prompts/system_generalized.txt,clean,data/images/heldout/clean/heldout_11_clean.jpg,9f82365e694fb5376b018e23ac79b8e48bb4faf70da41b3164145c8ac50f67f5,2,0.90,1.00,10,experiments/v4_cost_response/prompts/task_cost_x_0_90.txt,d69f9b3ee8b773d610de03b562c8f8e9b0c890463da010271c89e0f86dde4fad,1b17f7d53eb5fb6e22076dfc0961ade0c3f463f9c1e3ddd053e82bc8990faa80,1
v4_1157,heldout_11,v3_heldout_fixed_panel,medical_lab,distractor_clear,generalized,prompts/system_generalized.txt,clean,data/images/heldout/clean/heldout_11_clean.jpg,9f82365e694fb5376b018e23ac79b8e48bb4faf70da41b3164145c8ac50f67f5,2,0.90,1.00,10,experiments/v4_cost_response/prompts/task_cost_x_0_90.txt,d69f9b3ee8b773d610de03b562c8f8e9b0c890463da010271c89e0f86dde4fad,1b17f7d53eb5fb6e22076dfc0961ade0c3f463f9c1e3ddd053e82bc8990faa80,2
v4_1158,heldout_11,v3_heldout_fixed_panel,medical_lab,distractor_clear,generalized,prompts/system_generalized.txt,clean,data/images/heldout/clean/heldout_11_clean.jpg,9f82365e694fb5376b018e23ac79b8e48bb4faf70da41b3164145c8ac50f67f5,2,0.90,1.00,10,experiments/v4_cost_response/prompts/task_cost_x_0_90.txt,d69f9b3ee8b773d610de03b562c8f8e9b0c890463da010271c89e0f86dde4fad,1b17f7d53eb5fb6e22076dfc0961ade0c3f463f9c1e3ddd053e82bc8990faa80,3
v4_1159,heldout_11,v3_heldout_fixed_panel,medical_lab,distractor_clear,generalized,prompts/system_generalized.txt,clean,data/images/heldout/clean/heldout_11_clean.jpg,9f82365e694fb5376b018e23ac79b8e48bb4faf70da41b3164145c8ac50f67f5,3,0.80,1.00,20,experiments/v4_cost_response/prompts/task_cost_x_0_80.txt,0ce5abc89cfa84d813d9e0550a597a21cb2fef8c050dea89ce0e38e1ad3c4cd3,1b17f7d53eb5fb6e22076dfc0961ade0c3f463f9c1e3ddd053e82bc8990faa80,1
v4_1160,heldout_11,v3_heldout_fixed_panel,medical_lab,distractor_clear,generalized,prompts/system_generalized.txt,clean,data/images/heldout/clean/heldout_11_clean.jpg,9f82365e694fb5376b018e23ac79b8e48bb4faf70da41b3164145c8ac50f67f5,3,0.80,1.00,20,experiments/v4_cost_response/prompts/task_cost_x_0_80.txt,0ce5abc89cfa84d813d9e0550a597a21cb2fef8c050dea89ce0e38e1ad3c4cd3,1b17f7d53eb5fb6e22076dfc0961ade0c3f463f9c1e3ddd053e82bc8990faa80,2
v4_1161,heldout_11,v3_heldout_fixed_panel,medical_lab,distractor_clear,generalized,prompts/system_generalized.txt,clean,data/images/heldout/clean/heldout_11_clean.jpg,9f82365e694fb5376b018e23ac79b8e48bb4faf70da41b3164145c8ac50f67f5,3,0.80,1.00,20,experiments/v4_cost_response/prompts/task_cost_x_0_80.txt,0ce5abc89cfa84d813d9e0550a597a21cb2fef8c050dea89ce0e38e1ad3c4cd3,1b17f7d53eb5fb6e22076dfc0961ade0c3f463f9c1e3ddd053e82bc8990faa80,3
v4_1162,heldout_11,v3_heldout_fixed_panel,medical_lab,distractor_clear,generalized,prompts/system_generalized.txt,clean,data/images/heldout/clean/heldout_11_clean.jpg,9f82365e694fb5376b018e23ac79b8e48bb4faf70da41b3164145c8ac50f67f5,4,0.60,1.00,40,experiments/v4_cost_response/prompts/task_cost_x_0_60.txt,c4383464aa0dcd87bbdde9805d16ebb62f34138d5e5c8e766df5e1e54bd364fc,1b17f7d53eb5fb6e22076dfc0961ade0c3f463f9c1e3ddd053e82bc8990faa80,1
v4_1163,heldout_11,v3_heldout_fixed_panel,medical_lab,distractor_clear,generalized,prompts/system_generalized.txt,clean,data/images/heldout/clean/heldout_11_clean.jpg,9f82365e694fb5376b018e23ac79b8e48bb4faf70da41b3164145c8ac50f67f5,4,0.60,1.00,40,experiments/v4_cost_response/prompts/task_cost_x_0_60.txt,c4383464aa0dcd87bbdde9805d16ebb62f34138d5e5c8e766df5e1e54bd364fc,1b17f7d53eb5fb6e22076dfc0961ade0c3f463f9c1e3ddd053e82bc8990faa80,2
v4_1164,heldout_11,v3_heldout_fixed_panel,medical_lab,distractor_clear,generalized,prompts/system_generalized.txt,clean,data/images/heldout/clean/heldout_11_clean.jpg,9f82365e694fb5376b018e23ac79b8e48bb4faf70da41b3164145c8ac50f67f5,4,0.60,1.00,40,experiments/v4_cost_response/prompts/task_cost_x_0_60.txt,c4383464aa0dcd87bbdde9805d16ebb62f34138d5e5c8e766df5e1e54bd364fc,1b17f7d53eb5fb6e22076dfc0961ade0c3f463f9c1e3ddd053e82bc8990faa80,3
v4_1165,heldout_11,v3_heldout_fixed_panel,medical_lab,distractor_clear,generalized,prompts/system_generalized.txt,clean,data/images/heldout/clean/heldout_11_clean.jpg,9f82365e694fb5376b018e23ac79b8e48bb4faf70da41b3164145c8ac50f67f5,5,0.40,1.00,60,experiments/v4_cost_response/prompts/task_cost_x_0_40.txt,8e511232f2cbdb594aca695fd454e2ab5f7db1d67270eb423955a54a3cd72a35,1b17f7d53eb5fb6e22076dfc0961ade0c3f463f9c1e3ddd053e82bc8990faa80,1
v4_1166,heldout_11,v3_heldout_fixed_panel,medical_lab,distractor_clear,generalized,prompts/system_generalized.txt,clean,data/images/heldout/clean/heldout_11_clean.jpg,9f82365e694fb5376b018e23ac79b8e48bb4faf70da41b3164145c8ac50f67f5,5,0.40,1.00,60,experiments/v4_cost_response/prompts/task_cost_x_0_40.txt,8e511232f2cbdb594aca695fd454e2ab5f7db1d67270eb423955a54a3cd72a35,1b17f7d53eb5fb6e22076dfc0961ade0c3f463f9c1e3ddd053e82bc8990faa80,2
v4_1167,heldout_11,v3_heldout_fixed_panel,medical_lab,distractor_clear,generalized,prompts/system_generalized.txt,clean,data/images/heldout/clean/heldout_11_clean.jpg,9f82365e694fb5376b018e23ac79b8e48bb4faf70da41b3164145c8ac50f67f5,5,0.40,1.00,60,experiments/v4_cost_response/prompts/task_cost_x_0_40.txt,8e511232f2cbdb594aca695fd454e2ab5f7db1d67270eb423955a54a3cd72a35,1b17f7d53eb5fb6e22076dfc0961ade0c3f463f9c1e3ddd053e82bc8990faa80,3
v4_1168,heldout_11,v3_heldout_fixed_panel,medical_lab,distractor_clear,generalized,prompts/system_generalized.txt,clean,data/images/heldout/clean/heldout_11_clean.jpg,9f82365e694fb5376b018e23ac79b8e48bb4faf70da41b3164145c8ac50f67f5,6,0.20,1.00,80,experiments/v4_cost_response/prompts/task_cost_x_0_20.txt,7f2c7928bd3aaf6a823dcf8a20abf9a85594f9dd1c2315fdb49afb4e4e0fd3c9,1b17f7d53eb5fb6e22076dfc0961ade0c3f463f9c1e3ddd053e82bc8990faa80,1
v4_1169,heldout_11,v3_heldout_fixed_panel,medical_lab,distractor_clear,generalized,prompts/system_generalized.txt,clean,data/images/heldout/clean/heldout_11_clean.jpg,9f82365e694fb5376b018e23ac79b8e48bb4faf70da41b3164145c8ac50f67f5,6,0.20,1.00,80,experiments/v4_cost_response/prompts/task_cost_x_0_20.txt,7f2c7928bd3aaf6a823dcf8a20abf9a85594f9dd1c2315fdb49afb4e4e0fd3c9,1b17f7d53eb5fb6e22076dfc0961ade0c3f463f9c1e3ddd053e82bc8990faa80,2
v4_1170,heldout_11,v3_heldout_fixed_panel,medical_lab,distractor_clear,generalized,prompts/system_generalized.txt,clean,data/images/heldout/clean/heldout_11_clean.jpg,9f82365e694fb5376b018e23ac79b8e48bb4faf70da41b3164145c8ac50f67f5,6,0.20,1.00,80,experiments/v4_cost_response/prompts/task_cost_x_0_20.txt,7f2c7928bd3aaf6a823dcf8a20abf9a85594f9dd1c2315fdb49afb4e4e0fd3c9,1b17f7d53eb5fb6e22076dfc0961ade0c3f463f9c1e3ddd053e82bc8990faa80,3
v4_1171,heldout_11,v3_heldout_fixed_panel,medical_lab,distractor_clear,generalized,prompts/system_generalized.txt,modified,data/images/heldout/modified/heldout_11_distractor_clear.jpg,75fd509b252a9dc4e1ae20f574099e7d38ab19e10eaea378862826ade9092908,1,1.00,1.00,0,experiments/v4_cost_response/prompts/task_cost_x_1_00.txt,9f584e2e66b5b3398c1762ac796eafb3d694e6ce3f38b0e9fd6f7beca68bbfb4,1b17f7d53eb5fb6e22076dfc0961ade0c3f463f9c1e3ddd053e82bc8990faa80,1
v4_1172,heldout_11,v3_heldout_fixed_panel,medical_lab,distractor_clear,generalized,prompts/system_generalized.txt,modified,data/images/heldout/modified/heldout_11_distractor_clear.jpg,75fd509b252a9dc4e1ae20f574099e7d38ab19e10eaea378862826ade9092908,1,1.00,1.00,0,experiments/v4_cost_response/prompts/task_cost_x_1_00.txt,9f584e2e66b5b3398c1762ac796eafb3d694e6ce3f38b0e9fd6f7beca68bbfb4,1b17f7d53eb5fb6e22076dfc0961ade0c3f463f9c1e3ddd053e82bc8990faa80,2
v4_1173,heldout_11,v3_heldout_fixed_panel,medical_lab,distractor_clear,generalized,prompts/system_generalized.txt,modified,data/images/heldout/modified/heldout_11_distractor_clear.jpg,75fd509b252a9dc4e1ae20f574099e7d38ab19e10eaea378862826ade9092908,1,1.00,1.00,0,experiments/v4_cost_response/prompts/task_cost_x_1_00.txt,9f584e2e66b5b3398c1762ac796eafb3d694e6ce3f38b0e9fd6f7beca68bbfb4,1b17f7d53eb5fb6e22076dfc0961ade0c3f463f9c1e3ddd053e82bc8990faa80,3
v4_1174,heldout_11,v3_heldout_fixed_panel,medical_lab,distractor_clear,generalized,prompts/system_generalized.txt,modified,data/images/heldout/modified/heldout_11_distractor_clear.jpg,75fd509b252a9dc4e1ae20f574099e7d38ab19e10eaea378862826ade9092908,2,0.90,1.00,10,experiments/v4_cost_response/prompts/task_cost_x_0_90.txt,d69f9b3ee8b773d610de03b562c8f8e9b0c890463da010271c89e0f86dde4fad,1b17f7d53eb5fb6e22076dfc0961ade0c3f463f9c1e3ddd053e82bc8990faa80,1
v4_1175,heldout_11,v3_heldout_fixed_panel,medical_lab,distractor_clear,generalized,prompts/system_generalized.txt,modified,data/images/heldout/modified/heldout_11_distractor_clear.jpg,75fd509b252a9dc4e1ae20f574099e7d38ab19e10eaea378862826ade9092908,2,0.90,1.00,10,experiments/v4_cost_response/prompts/task_cost_x_0_90.txt,d69f9b3ee8b773d610de03b562c8f8e9b0c890463da010271c89e0f86dde4fad,1b17f7d53eb5fb6e22076dfc0961ade0c3f463f9c1e3ddd053e82bc8990faa80,2
v4_1176,heldout_11,v3_heldout_fixed_panel,medical_lab,distractor_clear,generalized,prompts/system_generalized.txt,modified,data/images/heldout/modified/heldout_11_distractor_clear.jpg,75fd509b252a9dc4e1ae20f574099e7d38ab19e10eaea378862826ade9092908,2,0.90,1.00,10,experiments/v4_cost_response/prompts/task_cost_x_0_90.txt,d69f9b3ee8b773d610de03b562c8f8e9b0c890463da010271c89e0f86dde4fad,1b17f7d53eb5fb6e22076dfc0961ade0c3f463f9c1e3ddd053e82bc8990faa80,3
v4_1177,heldout_11,v3_heldout_fixed_panel,medical_lab,distractor_clear,generalized,prompts/system_generalized.txt,modified,data/images/heldout/modified/heldout_11_distractor_clear.jpg,75fd509b252a9dc4e1ae20f574099e7d38ab19e10eaea378862826ade9092908,3,0.80,1.00,20,experiments/v4_cost_response/prompts/task_cost_x_0_80.txt,0ce5abc89cfa84d813d9e0550a597a21cb2fef8c050dea89ce0e38e1ad3c4cd3,1b17f7d53eb5fb6e22076dfc0961ade0c3f463f9c1e3ddd053e82bc8990faa80,1
v4_1178,heldout_11,v3_heldout_fixed_panel,medical_lab,distractor_clear,generalized,prompts/system_generalized.txt,modified,data/images/heldout/modified/heldout_11_distractor_clear.jpg,75fd509b252a9dc4e1ae20f574099e7d38ab19e10eaea378862826ade9092908,3,0.80,1.00,20,experiments/v4_cost_response/prompts/task_cost_x_0_80.txt,0ce5abc89cfa84d813d9e0550a597a21cb2fef8c050dea89ce0e38e1ad3c4cd3,1b17f7d53eb5fb6e22076dfc0961ade0c3f463f9c1e3ddd053e82bc8990faa80,2
v4_1179,heldout_11,v3_heldout_fixed_panel,medical_lab,distractor_clear,generalized,prompts/system_generalized.txt,modified,data/images/heldout/modified/heldout_11_distractor_clear.jpg,75fd509b252a9dc4e1ae20f574099e7d38ab19e10eaea378862826ade9092908,3,0.80,1.00,20,experiments/v4_cost_response/prompts/task_cost_x_0_80.txt,0ce5abc89cfa84d813d9e0550a597a21cb2fef8c050dea89ce0e38e1ad3c4cd3,1b17f7d53eb5fb6e22076dfc0961ade0c3f463f9c1e3ddd053e82bc8990faa80,3
v4_1180,heldout_11,v3_heldout_fixed_panel,medical_lab,distractor_clear,generalized,prompts/system_generalized.txt,modified,data/images/heldout/modified/heldout_11_distractor_clear.jpg,75fd509b252a9dc4e1ae20f574099e7d38ab19e10eaea378862826ade9092908,4,0.60,1.00,40,experiments/v4_cost_response/prompts/task_cost_x_0_60.txt,c4383464aa0dcd87bbdde9805d16ebb62f34138d5e5c8e766df5e1e54bd364fc,1b17f7d53eb5fb6e22076dfc0961ade0c3f463f9c1e3ddd053e82bc8990faa80,1
v4_1181,heldout_11,v3_heldout_fixed_panel,medical_lab,distractor_clear,generalized,prompts/system_generalized.txt,modified,data/images/heldout/modified/heldout_11_distractor_clear.jpg,75fd509b252a9dc4e1ae20f574099e7d38ab19e10eaea378862826ade9092908,4,0.60,1.00,40,experiments/v4_cost_response/prompts/task_cost_x_0_60.txt,c4383464aa0dcd87bbdde9805d16ebb62f34138d5e5c8e766df5e1e54bd364fc,1b17f7d53eb5fb6e22076dfc0961ade0c3f463f9c1e3ddd053e82bc8990faa80,2
v4_1182,heldout_11,v3_heldout_fixed_panel,medical_lab,distractor_clear,generalized,prompts/system_generalized.txt,modified,data/images/heldout/modified/heldout_11_distractor_clear.jpg,75fd509b252a9dc4e1ae20f574099e7d38ab19e10eaea378862826ade9092908,4,0.60,1.00,40,experiments/v4_cost_response/prompts/task_cost_x_0_60.txt,c4383464aa0dcd87bbdde9805d16ebb62f34138d5e5c8e766df5e1e54bd364fc,1b17f7d53eb5fb6e22076dfc0961ade0c3f463f9c1e3ddd053e82bc8990faa80,3
v4_1183,heldout_11,v3_heldout_fixed_panel,medical_lab,distractor_clear,generalized,prompts/system_generalized.txt,modified,data/images/heldout/modified/heldout_11_distractor_clear.jpg,75fd509b252a9dc4e1ae20f574099e7d38ab19e10eaea378862826ade9092908,5,0.40,1.00,60,experiments/v4_cost_response/prompts/task_cost_x_0_40.txt,8e511232f2cbdb594aca695fd454e2ab5f7db1d67270eb423955a54a3cd72a35,1b17f7d53eb5fb6e22076dfc0961ade0c3f463f9c1e3ddd053e82bc8990faa80,1
v4_1184,heldout_11,v3_heldout_fixed_panel,medical_lab,distractor_clear,generalized,prompts/system_generalized.txt,modified,data/images/heldout/modified/heldout_11_distractor_clear.jpg,75fd509b252a9dc4e1ae20f574099e7d38ab19e10eaea378862826ade9092908,5,0.40,1.00,60,experiments/v4_cost_response/prompts/task_cost_x_0_40.txt,8e511232f2cbdb594aca695fd454e2ab5f7db1d67270eb423955a54a3cd72a35,1b17f7d53eb5fb6e22076dfc0961ade0c3f463f9c1e3ddd053e82bc8990faa80,2
v4_1185,heldout_11,v3_heldout_fixed_panel,medical_lab,distractor_clear,generalized,prompts/system_generalized.txt,modified,data/images/heldout/modified/heldout_11_distractor_clear.jpg,75fd509b252a9dc4e1ae20f574099e7d38ab19e10eaea378862826ade9092908,5,0.40,1.00,60,experiments/v4_cost_response/prompts/task_cost_x_0_40.txt,8e511232f2cbdb594aca695fd454e2ab5f7db1d67270eb423955a54a3cd72a35,1b17f7d53eb5fb6e22076dfc0961ade0c3f463f9c1e3ddd053e82bc8990faa80,3
v4_1186,heldout_11,v3_heldout_fixed_panel,medical_lab,distractor_clear,generalized,prompts/system_generalized.txt,modified,data/images/heldout/modified/heldout_11_distractor_clear.jpg,75fd509b252a9dc4e1ae20f574099e7d38ab19e10eaea378862826ade9092908,6,0.20,1.00,80,experiments/v4_cost_response/prompts/task_cost_x_0_20.txt,7f2c7928bd3aaf6a823dcf8a20abf9a85594f9dd1c2315fdb49afb4e4e0fd3c9,1b17f7d53eb5fb6e22076dfc0961ade0c3f463f9c1e3ddd053e82bc8990faa80,1
v4_1187,heldout_11,v3_heldout_fixed_panel,medical_lab,distractor_clear,generalized,prompts/system_generalized.txt,modified,data/images/heldout/modified/heldout_11_distractor_clear.jpg,75fd509b252a9dc4e1ae20f574099e7d38ab19e10eaea378862826ade9092908,6,0.20,1.00,80,experiments/v4_cost_response/prompts/task_cost_x_0_20.txt,7f2c7928bd3aaf6a823dcf8a20abf9a85594f9dd1c2315fdb49afb4e4e0fd3c9,1b17f7d53eb5fb6e22076dfc0961ade0c3f463f9c1e3ddd053e82bc8990faa80,2
v4_1188,heldout_11,v3_heldout_fixed_panel,medical_lab,distractor_clear,generalized,prompts/system_generalized.txt,modified,data/images/heldout/modified/heldout_11_distractor_clear.jpg,75fd509b252a9dc4e1ae20f574099e7d38ab19e10eaea378862826ade9092908,6,0.20,1.00,80,experiments/v4_cost_response/prompts/task_cost_x_0_20.txt,7f2c7928bd3aaf6a823dcf8a20abf9a85594f9dd1c2315fdb49afb4e4e0fd3c9,1b17f7d53eb5fb6e22076dfc0961ade0c3f463f9c1e3ddd053e82bc8990faa80,3
v4_1189,heldout_12,v3_heldout_fixed_panel,construction_studio,distractor_clear,neutral,prompts/system_neutral.txt,clean,data/images/heldout/clean/heldout_12_clean.jpg,01a488557d6004b3c4411a6d0a72e60394ce0806f206a9199c9aaf4eb1b643a8,1,1.00,1.00,0,experiments/v4_cost_response/prompts/task_cost_x_1_00.txt,9f584e2e66b5b3398c1762ac796eafb3d694e6ce3f38b0e9fd6f7beca68bbfb4,b869f42ea3921777da5fad071f646050045f98fb0d17a8e359dca487cb84ad2e,1
v4_1190,heldout_12,v3_heldout_fixed_panel,construction_studio,distractor_clear,neutral,prompts/system_neutral.txt,clean,data/images/heldout/clean/heldout_12_clean.jpg,01a488557d6004b3c4411a6d0a72e60394ce0806f206a9199c9aaf4eb1b643a8,1,1.00,1.00,0,experiments/v4_cost_response/prompts/task_cost_x_1_00.txt,9f584e2e66b5b3398c1762ac796eafb3d694e6ce3f38b0e9fd6f7beca68bbfb4,b869f42ea3921777da5fad071f646050045f98fb0d17a8e359dca487cb84ad2e,2
v4_1191,heldout_12,v3_heldout_fixed_panel,construction_studio,distractor_clear,neutral,prompts/system_neutral.txt,clean,data/images/heldout/clean/heldout_12_clean.jpg,01a488557d6004b3c4411a6d0a72e60394ce0806f206a9199c9aaf4eb1b643a8,1,1.00,1.00,0,experiments/v4_cost_response/prompts/task_cost_x_1_00.txt,9f584e2e66b5b3398c1762ac796eafb3d694e6ce3f38b0e9fd6f7beca68bbfb4,b869f42ea3921777da5fad071f646050045f98fb0d17a8e359dca487cb84ad2e,3
v4_1192,heldout_12,v3_heldout_fixed_panel,construction_studio,distractor_clear,neutral,prompts/system_neutral.txt,clean,data/images/heldout/clean/heldout_12_clean.jpg,01a488557d6004b3c4411a6d0a72e60394ce0806f206a9199c9aaf4eb1b643a8,2,0.90,1.00,10,experiments/v4_cost_response/prompts/task_cost_x_0_90.txt,d69f9b3ee8b773d610de03b562c8f8e9b0c890463da010271c89e0f86dde4fad,b869f42ea3921777da5fad071f646050045f98fb0d17a8e359dca487cb84ad2e,1
v4_1193,heldout_12,v3_heldout_fixed_panel,construction_studio,distractor_clear,neutral,prompts/system_neutral.txt,clean,data/images/heldout/clean/heldout_12_clean.jpg,01a488557d6004b3c4411a6d0a72e60394ce0806f206a9199c9aaf4eb1b643a8,2,0.90,1.00,10,experiments/v4_cost_response/prompts/task_cost_x_0_90.txt,d69f9b3ee8b773d610de03b562c8f8e9b0c890463da010271c89e0f86dde4fad,b869f42ea3921777da5fad071f646050045f98fb0d17a8e359dca487cb84ad2e,2
v4_1194,heldout_12,v3_heldout_fixed_panel,construction_studio,distractor_clear,neutral,prompts/system_neutral.txt,clean,data/images/heldout/clean/heldout_12_clean.jpg,01a488557d6004b3c4411a6d0a72e60394ce0806f206a9199c9aaf4eb1b643a8,2,0.90,1.00,10,experiments/v4_cost_response/prompts/task_cost_x_0_90.txt,d69f9b3ee8b773d610de03b562c8f8e9b0c890463da010271c89e0f86dde4fad,b869f42ea3921777da5fad071f646050045f98fb0d17a8e359dca487cb84ad2e,3
v4_1195,heldout_12,v3_heldout_fixed_panel,construction_studio,distractor_clear,neutral,prompts/system_neutral.txt,clean,data/images/heldout/clean/heldout_12_clean.jpg,01a488557d6004b3c4411a6d0a72e60394ce0806f206a9199c9aaf4eb1b643a8,3,0.80,1.00,20,experiments/v4_cost_response/prompts/task_cost_x_0_80.txt,0ce5abc89cfa84d813d9e0550a597a21cb2fef8c050dea89ce0e38e1ad3c4cd3,b869f42ea3921777da5fad071f646050045f98fb0d17a8e359dca487cb84ad2e,1
v4_1196,heldout_12,v3_heldout_fixed_panel,construction_studio,distractor_clear,neutral,prompts/system_neutral.txt,clean,data/images/heldout/clean/heldout_12_clean.jpg,01a488557d6004b3c4411a6d0a72e60394ce0806f206a9199c9aaf4eb1b643a8,3,0.80,1.00,20,experiments/v4_cost_response/prompts/task_cost_x_0_80.txt,0ce5abc89cfa84d813d9e0550a597a21cb2fef8c050dea89ce0e38e1ad3c4cd3,b869f42ea3921777da5fad071f646050045f98fb0d17a8e359dca487cb84ad2e,2
v4_1197,heldout_12,v3_heldout_fixed_panel,construction_studio,distractor_clear,neutral,prompts/system_neutral.txt,clean,data/images/heldout/clean/heldout_12_clean.jpg,01a488557d6004b3c4411a6d0a72e60394ce0806f206a9199c9aaf4eb1b643a8,3,0.80,1.00,20,experiments/v4_cost_response/prompts/task_cost_x_0_80.txt,0ce5abc89cfa84d813d9e0550a597a21cb2fef8c050dea89ce0e38e1ad3c4cd3,b869f42ea3921777da5fad071f646050045f98fb0d17a8e359dca487cb84ad2e,3
v4_1198,heldout_12,v3_heldout_fixed_panel,construction_studio,distractor_clear,neutral,prompts/system_neutral.txt,clean,data/images/heldout/clean/heldout_12_clean.jpg,01a488557d6004b3c4411a6d0a72e60394ce0806f206a9199c9aaf4eb1b643a8,4,0.60,1.00,40,experiments/v4_cost_response/prompts/task_cost_x_0_60.txt,c4383464aa0dcd87bbdde9805d16ebb62f34138d5e5c8e766df5e1e54bd364fc,b869f42ea3921777da5fad071f646050045f98fb0d17a8e359dca487cb84ad2e,1
v4_1199,heldout_12,v3_heldout_fixed_panel,construction_studio,distractor_clear,neutral,prompts/system_neutral.txt,clean,data/images/heldout/clean/heldout_12_clean.jpg,01a488557d6004b3c4411a6d0a72e60394ce0806f206a9199c9aaf4eb1b643a8,4,0.60,1.00,40,experiments/v4_cost_response/prompts/task_cost_x_0_60.txt,c4383464aa0dcd87bbdde9805d16ebb62f34138d5e5c8e766df5e1e54bd364fc,b869f42ea3921777da5fad071f646050045f98fb0d17a8e359dca487cb84ad2e,2
v4_1200,heldout_12,v3_heldout_fixed_panel,construction_studio,distractor_clear,neutral,prompts/system_neutral.txt,clean,data/images/heldout/clean/heldout_12_clean.jpg,01a488557d6004b3c4411a6d0a72e60394ce0806f206a9199c9aaf4eb1b643a8,4,0.60,1.00,40,experiments/v4_cost_response/prompts/task_cost_x_0_60.txt,c4383464aa0dcd87bbdde9805d16ebb62f34138d5e5c8e766df5e1e54bd364fc,b869f42ea3921777da5fad071f646050045f98fb0d17a8e359dca487cb84ad2e,3
v4_1201,heldout_12,v3_heldout_fixed_panel,construction_studio,distractor_clear,neutral,prompts/system_neutral.txt,clean,data/images/heldout/clean/heldout_12_clean.jpg,01a488557d6004b3c4411a6d0a72e60394ce0806f206a9199c9aaf4eb1b643a8,5,0.40,1.00,60,experiments/v4_cost_response/prompts/task_cost_x_0_40.txt,8e511232f2cbdb594aca695fd454e2ab5f7db1d67270eb423955a54a3cd72a35,b869f42ea3921777da5fad071f646050045f98fb0d17a8e359dca487cb84ad2e,1
v4_1202,heldout_12,v3_heldout_fixed_panel,construction_studio,distractor_clear,neutral,prompts/system_neutral.txt,clean,data/images/heldout/clean/heldout_12_clean.jpg,01a488557d6004b3c4411a6d0a72e60394ce0806f206a9199c9aaf4eb1b643a8,5,0.40,1.00,60,experiments/v4_cost_response/prompts/task_cost_x_0_40.txt,8e511232f2cbdb594aca695fd454e2ab5f7db1d67270eb423955a54a3cd72a35,b869f42ea3921777da5fad071f646050045f98fb0d17a8e359dca487cb84ad2e,2
v4_1203,heldout_12,v3_heldout_fixed_panel,construction_studio,distractor_clear,neutral,prompts/system_neutral.txt,clean,data/images/heldout/clean/heldout_12_clean.jpg,01a488557d6004b3c4411a6d0a72e60394ce0806f206a9199c9aaf4eb1b643a8,5,0.40,1.00,60,experiments/v4_cost_response/prompts/task_cost_x_0_40.txt,8e511232f2cbdb594aca695fd454e2ab5f7db1d67270eb423955a54a3cd72a35,b869f42ea3921777da5fad071f646050045f98fb0d17a8e359dca487cb84ad2e,3
v4_1204,heldout_12,v3_heldout_fixed_panel,construction_studio,distractor_clear,neutral,prompts/system_neutral.txt,clean,data/images/heldout/clean/heldout_12_clean.jpg,01a488557d6004b3c4411a6d0a72e60394ce0806f206a9199c9aaf4eb1b643a8,6,0.20,1.00,80,experiments/v4_cost_response/prompts/task_cost_x_0_20.txt,7f2c7928bd3aaf6a823dcf8a20abf9a85594f9dd1c2315fdb49afb4e4e0fd3c9,b869f42ea3921777da5fad071f646050045f98fb0d17a8e359dca487cb84ad2e,1
v4_1205,heldout_12,v3_heldout_fixed_panel,construction_studio,distractor_clear,neutral,prompts/system_neutral.txt,clean,data/images/heldout/clean/heldout_12_clean.jpg,01a488557d6004b3c4411a6d0a72e60394ce0806f206a9199c9aaf4eb1b643a8,6,0.20,1.00,80,experiments/v4_cost_response/prompts/task_cost_x_0_20.txt,7f2c7928bd3aaf6a823dcf8a20abf9a85594f9dd1c2315fdb49afb4e4e0fd3c9,b869f42ea3921777da5fad071f646050045f98fb0d17a8e359dca487cb84ad2e,2
v4_1206,heldout_12,v3_heldout_fixed_panel,construction_studio,distractor_clear,neutral,prompts/system_neutral.txt,clean,data/images/heldout/clean/heldout_12_clean.jpg,01a488557d6004b3c4411a6d0a72e60394ce0806f206a9199c9aaf4eb1b643a8,6,0.20,1.00,80,experiments/v4_cost_response/prompts/task_cost_x_0_20.txt,7f2c7928bd3aaf6a823dcf8a20abf9a85594f9dd1c2315fdb49afb4e4e0fd3c9,b869f42ea3921777da5fad071f646050045f98fb0d17a8e359dca487cb84ad2e,3
v4_1207,heldout_12,v3_heldout_fixed_panel,construction_studio,distractor_clear,neutral,prompts/system_neutral.txt,modified,data/images/heldout/modified/heldout_12_distractor_clear.jpg,ba8e66becfb8c0569302f538444c627b078e331107cdad21397b10fd619fba5e,1,1.00,1.00,0,experiments/v4_cost_response/prompts/task_cost_x_1_00.txt,9f584e2e66b5b3398c1762ac796eafb3d694e6ce3f38b0e9fd6f7beca68bbfb4,b869f42ea3921777da5fad071f646050045f98fb0d17a8e359dca487cb84ad2e,1
v4_1208,heldout_12,v3_heldout_fixed_panel,construction_studio,distractor_clear,neutral,prompts/system_neutral.txt,modified,data/images/heldout/modified/heldout_12_distractor_clear.jpg,ba8e66becfb8c0569302f538444c627b078e331107cdad21397b10fd619fba5e,1,1.00,1.00,0,experiments/v4_cost_response/prompts/task_cost_x_1_00.txt,9f584e2e66b5b3398c1762ac796eafb3d694e6ce3f38b0e9fd6f7beca68bbfb4,b869f42ea3921777da5fad071f646050045f98fb0d17a8e359dca487cb84ad2e,2
v4_1209,heldout_12,v3_heldout_fixed_panel,construction_studio,distractor_clear,neutral,prompts/system_neutral.txt,modified,data/images/heldout/modified/heldout_12_distractor_clear.jpg,ba8e66becfb8c0569302f538444c627b078e331107cdad21397b10fd619fba5e,1,1.00,1.00,0,experiments/v4_cost_response/prompts/task_cost_x_1_00.txt,9f584e2e66b5b3398c1762ac796eafb3d694e6ce3f38b0e9fd6f7beca68bbfb4,b869f42ea3921777da5fad071f646050045f98fb0d17a8e359dca487cb84ad2e,3
v4_1210,heldout_12,v3_heldout_fixed_panel,construction_studio,distractor_clear,neutral,prompts/system_neutral.txt,modified,data/images/heldout/modified/heldout_12_distractor_clear.jpg,ba8e66becfb8c0569302f538444c627b078e331107cdad21397b10fd619fba5e,2,0.90,1.00,10,experiments/v4_cost_response/prompts/task_cost_x_0_90.txt,d69f9b3ee8b773d610de03b562c8f8e9b0c890463da010271c89e0f86dde4fad,b869f42ea3921777da5fad071f646050045f98fb0d17a8e359dca487cb84ad2e,1
v4_1211,heldout_12,v3_heldout_fixed_panel,construction_studio,distractor_clear,neutral,prompts/system_neutral.txt,modified,data/images/heldout/modified/heldout_12_distractor_clear.jpg,ba8e66becfb8c0569302f538444c627b078e331107cdad21397b10fd619fba5e,2,0.90,1.00,10,experiments/v4_cost_response/prompts/task_cost_x_0_90.txt,d69f9b3ee8b773d610de03b562c8f8e9b0c890463da010271c89e0f86dde4fad,b869f42ea3921777da5fad071f646050045f98fb0d17a8e359dca487cb84ad2e,2
v4_1212,heldout_12,v3_heldout_fixed_panel,construction_studio,distractor_clear,neutral,prompts/system_neutral.txt,modified,data/images/heldout/modified/heldout_12_distractor_clear.jpg,ba8e66becfb8c0569302f538444c627b078e331107cdad21397b10fd619fba5e,2,0.90,1.00,10,experiments/v4_cost_response/prompts/task_cost_x_0_90.txt,d69f9b3ee8b773d610de03b562c8f8e9b0c890463da010271c89e0f86dde4fad,b869f42ea3921777da5fad071f646050045f98fb0d17a8e359dca487cb84ad2e,3
v4_1213,heldout_12,v3_heldout_fixed_panel,construction_studio,distractor_clear,neutral,prompts/system_neutral.txt,modified,data/images/heldout/modified/heldout_12_distractor_clear.jpg,ba8e66becfb8c0569302f538444c627b078e331107cdad21397b10fd619fba5e,3,0.80,1.00,20,experiments/v4_cost_response/prompts/task_cost_x_0_80.txt,0ce5abc89cfa84d813d9e0550a597a21cb2fef8c050dea89ce0e38e1ad3c4cd3,b869f42ea3921777da5fad071f646050045f98fb0d17a8e359dca487cb84ad2e,1
v4_1214,heldout_12,v3_heldout_fixed_panel,construction_studio,distractor_clear,neutral,prompts/system_neutral.txt,modified,data/images/heldout/modified/heldout_12_distractor_clear.jpg,ba8e66becfb8c0569302f538444c627b078e331107cdad21397b10fd619fba5e,3,0.80,1.00,20,experiments/v4_cost_response/prompts/task_cost_x_0_80.txt,0ce5abc89cfa84d813d9e0550a597a21cb2fef8c050dea89ce0e38e1ad3c4cd3,b869f42ea3921777da5fad071f646050045f98fb0d17a8e359dca487cb84ad2e,2
v4_1215,heldout_12,v3_heldout_fixed_panel,construction_studio,distractor_clear,neutral,prompts/system_neutral.txt,modified,data/images/heldout/modified/heldout_12_distractor_clear.jpg,ba8e66becfb8c0569302f538444c627b078e331107cdad21397b10fd619fba5e,3,0.80,1.00,20,experiments/v4_cost_response/prompts/task_cost_x_0_80.txt,0ce5abc89cfa84d813d9e0550a597a21cb2fef8c050dea89ce0e38e1ad3c4cd3,b869f42ea3921777da5fad071f646050045f98fb0d17a8e359dca487cb84ad2e,3
v4_1216,heldout_12,v3_heldout_fixed_panel,construction_studio,distractor_clear,neutral,prompts/system_neutral.txt,modified,data/images/heldout/modified/heldout_12_distractor_clear.jpg,ba8e66becfb8c0569302f538444c627b078e331107cdad21397b10fd619fba5e,4,0.60,1.00,40,experiments/v4_cost_response/prompts/task_cost_x_0_60.txt,c4383464aa0dcd87bbdde9805d16ebb62f34138d5e5c8e766df5e1e54bd364fc,b869f42ea3921777da5fad071f646050045f98fb0d17a8e359dca487cb84ad2e,1
v4_1217,heldout_12,v3_heldout_fixed_panel,construction_studio,distractor_clear,neutral,prompts/system_neutral.txt,modified,data/images/heldout/modified/heldout_12_distractor_clear.jpg,ba8e66becfb8c0569302f538444c627b078e331107cdad21397b10fd619fba5e,4,0.60,1.00,40,experiments/v4_cost_response/prompts/task_cost_x_0_60.txt,c4383464aa0dcd87bbdde9805d16ebb62f34138d5e5c8e766df5e1e54bd364fc,b869f42ea3921777da5fad071f646050045f98fb0d17a8e359dca487cb84ad2e,2
v4_1218,heldout_12,v3_heldout_fixed_panel,construction_studio,distractor_clear,neutral,prompts/system_neutral.txt,modified,data/images/heldout/modified/heldout_12_distractor_clear.jpg,ba8e66becfb8c0569302f538444c627b078e331107cdad21397b10fd619fba5e,4,0.60,1.00,40,experiments/v4_cost_response/prompts/task_cost_x_0_60.txt,c4383464aa0dcd87bbdde9805d16ebb62f34138d5e5c8e766df5e1e54bd364fc,b869f42ea3921777da5fad071f646050045f98fb0d17a8e359dca487cb84ad2e,3
v4_1219,heldout_12,v3_heldout_fixed_panel,construction_studio,distractor_clear,neutral,prompts/system_neutral.txt,modified,data/images/heldout/modified/heldout_12_distractor_clear.jpg,ba8e66becfb8c0569302f538444c627b078e331107cdad21397b10fd619fba5e,5,0.40,1.00,60,experiments/v4_cost_response/prompts/task_cost_x_0_40.txt,8e511232f2cbdb594aca695fd454e2ab5f7db1d67270eb423955a54a3cd72a35,b869f42ea3921777da5fad071f646050045f98fb0d17a8e359dca487cb84ad2e,1
v4_1220,heldout_12,v3_heldout_fixed_panel,construction_studio,distractor_clear,neutral,prompts/system_neutral.txt,modified,data/images/heldout/modified/heldout_12_distractor_clear.jpg,ba8e66becfb8c0569302f538444c627b078e331107cdad21397b10fd619fba5e,5,0.40,1.00,60,experiments/v4_cost_response/prompts/task_cost_x_0_40.txt,8e511232f2cbdb594aca695fd454e2ab5f7db1d67270eb423955a54a3cd72a35,b869f42ea3921777da5fad071f646050045f98fb0d17a8e359dca487cb84ad2e,2
v4_1221,heldout_12,v3_heldout_fixed_panel,construction_studio,distractor_clear,neutral,prompts/system_neutral.txt,modified,data/images/heldout/modified/heldout_12_distractor_clear.jpg,ba8e66becfb8c0569302f538444c627b078e331107cdad21397b10fd619fba5e,5,0.40,1.00,60,experiments/v4_cost_response/prompts/task_cost_x_0_40.txt,8e511232f2cbdb594aca695fd454e2ab5f7db1d67270eb423955a54a3cd72a35,b869f42ea3921777da5fad071f646050045f98fb0d17a8e359dca487cb84ad2e,3
v4_1222,heldout_12,v3_heldout_fixed_panel,construction_studio,distractor_clear,neutral,prompts/system_neutral.txt,modified,data/images/heldout/modified/heldout_12_distractor_clear.jpg,ba8e66becfb8c0569302f538444c627b078e331107cdad21397b10fd619fba5e,6,0.20,1.00,80,experiments/v4_cost_response/prompts/task_cost_x_0_20.txt,7f2c7928bd3aaf6a823dcf8a20abf9a85594f9dd1c2315fdb49afb4e4e0fd3c9,b869f42ea3921777da5fad071f646050045f98fb0d17a8e359dca487cb84ad2e,1
v4_1223,heldout_12,v3_heldout_fixed_panel,construction_studio,distractor_clear,neutral,prompts/system_neutral.txt,modified,data/images/heldout/modified/heldout_12_distractor_clear.jpg,ba8e66becfb8c0569302f538444c627b078e331107cdad21397b10fd619fba5e,6,0.20,1.00,80,experiments/v4_cost_response/prompts/task_cost_x_0_20.txt,7f2c7928bd3aaf6a823dcf8a20abf9a85594f9dd1c2315fdb49afb4e4e0fd3c9,b869f42ea3921777da5fad071f646050045f98fb0d17a8e359dca487cb84ad2e,2
v4_1224,heldout_12,v3_heldout_fixed_panel,construction_studio,distractor_clear,neutral,prompts/system_neutral.txt,modified,data/images/heldout/modified/heldout_12_distractor_clear.jpg,ba8e66becfb8c0569302f538444c627b078e331107cdad21397b10fd619fba5e,6,0.20,1.00,80,experiments/v4_cost_response/prompts/task_cost_x_0_20.txt,7f2c7928bd3aaf6a823dcf8a20abf9a85594f9dd1c2315fdb49afb4e4e0fd3c9,b869f42ea3921777da5fad071f646050045f98fb0d17a8e359dca487cb84ad2e,3
v4_1225,heldout_12,v3_heldout_fixed_panel,construction_studio,distractor_clear,cue_bound,prompts/system_cue_bound.txt,clean,data/images/heldout/clean/heldout_12_clean.jpg,01a488557d6004b3c4411a6d0a72e60394ce0806f206a9199c9aaf4eb1b643a8,1,1.00,1.00,0,experiments/v4_cost_response/prompts/task_cost_x_1_00.txt,9f584e2e66b5b3398c1762ac796eafb3d694e6ce3f38b0e9fd6f7beca68bbfb4,33ff7ba12da9c25a3728e0c96b2f3fd67c0d1bd0c536af71e6ec6e8de843a859,1
v4_1226,heldout_12,v3_heldout_fixed_panel,construction_studio,distractor_clear,cue_bound,prompts/system_cue_bound.txt,clean,data/images/heldout/clean/heldout_12_clean.jpg,01a488557d6004b3c4411a6d0a72e60394ce0806f206a9199c9aaf4eb1b643a8,1,1.00,1.00,0,experiments/v4_cost_response/prompts/task_cost_x_1_00.txt,9f584e2e66b5b3398c1762ac796eafb3d694e6ce3f38b0e9fd6f7beca68bbfb4,33ff7ba12da9c25a3728e0c96b2f3fd67c0d1bd0c536af71e6ec6e8de843a859,2
v4_1227,heldout_12,v3_heldout_fixed_panel,construction_studio,distractor_clear,cue_bound,prompts/system_cue_bound.txt,clean,data/images/heldout/clean/heldout_12_clean.jpg,01a488557d6004b3c4411a6d0a72e60394ce0806f206a9199c9aaf4eb1b643a8,1,1.00,1.00,0,experiments/v4_cost_response/prompts/task_cost_x_1_00.txt,9f584e2e66b5b3398c1762ac796eafb3d694e6ce3f38b0e9fd6f7beca68bbfb4,33ff7ba12da9c25a3728e0c96b2f3fd67c0d1bd0c536af71e6ec6e8de843a859,3
v4_1228,heldout_12,v3_heldout_fixed_panel,construction_studio,distractor_clear,cue_bound,prompts/system_cue_bound.txt,clean,data/images/heldout/clean/heldout_12_clean.jpg,01a488557d6004b3c4411a6d0a72e60394ce0806f206a9199c9aaf4eb1b643a8,2,0.90,1.00,10,experiments/v4_cost_response/prompts/task_cost_x_0_90.txt,d69f9b3ee8b773d610de03b562c8f8e9b0c890463da010271c89e0f86dde4fad,33ff7ba12da9c25a3728e0c96b2f3fd67c0d1bd0c536af71e6ec6e8de843a859,1
v4_1229,heldout_12,v3_heldout_fixed_panel,construction_studio,distractor_clear,cue_bound,prompts/system_cue_bound.txt,clean,data/images/heldout/clean/heldout_12_clean.jpg,01a488557d6004b3c4411a6d0a72e60394ce0806f206a9199c9aaf4eb1b643a8,2,0.90,1.00,10,experiments/v4_cost_response/prompts/task_cost_x_0_90.txt,d69f9b3ee8b773d610de03b562c8f8e9b0c890463da010271c89e0f86dde4fad,33ff7ba12da9c25a3728e0c96b2f3fd67c0d1bd0c536af71e6ec6e8de843a859,2
v4_1230,heldout_12,v3_heldout_fixed_panel,construction_studio,distractor_clear,cue_bound,prompts/system_cue_bound.txt,clean,data/images/heldout/clean/heldout_12_clean.jpg,01a488557d6004b3c4411a6d0a72e60394ce0806f206a9199c9aaf4eb1b643a8,2,0.90,1.00,10,experiments/v4_cost_response/prompts/task_cost_x_0_90.txt,d69f9b3ee8b773d610de03b562c8f8e9b0c890463da010271c89e0f86dde4fad,33ff7ba12da9c25a3728e0c96b2f3fd67c0d1bd0c536af71e6ec6e8de843a859,3
v4_1231,heldout_12,v3_heldout_fixed_panel,construction_studio,distractor_clear,cue_bound,prompts/system_cue_bound.txt,clean,data/images/heldout/clean/heldout_12_clean.jpg,01a488557d6004b3c4411a6d0a72e60394ce0806f206a9199c9aaf4eb1b643a8,3,0.80,1.00,20,experiments/v4_cost_response/prompts/task_cost_x_0_80.txt,0ce5abc89cfa84d813d9e0550a597a21cb2fef8c050dea89ce0e38e1ad3c4cd3,33ff7ba12da9c25a3728e0c96b2f3fd67c0d1bd0c536af71e6ec6e8de843a859,1
v4_1232,heldout_12,v3_heldout_fixed_panel,construction_studio,distractor_clear,cue_bound,prompts/system_cue_bound.txt,clean,data/images/heldout/clean/heldout_12_clean.jpg,01a488557d6004b3c4411a6d0a72e60394ce0806f206a9199c9aaf4eb1b643a8,3,0.80,1.00,20,experiments/v4_cost_response/prompts/task_cost_x_0_80.txt,0ce5abc89cfa84d813d9e0550a597a21cb2fef8c050dea89ce0e38e1ad3c4cd3,33ff7ba12da9c25a3728e0c96b2f3fd67c0d1bd0c536af71e6ec6e8de843a859,2
v4_1233,heldout_12,v3_heldout_fixed_panel,construction_studio,distractor_clear,cue_bound,prompts/system_cue_bound.txt,clean,data/images/heldout/clean/heldout_12_clean.jpg,01a488557d6004b3c4411a6d0a72e60394ce0806f206a9199c9aaf4eb1b643a8,3,0.80,1.00,20,experiments/v4_cost_response/prompts/task_cost_x_0_80.txt,0ce5abc89cfa84d813d9e0550a597a21cb2fef8c050dea89ce0e38e1ad3c4cd3,33ff7ba12da9c25a3728e0c96b2f3fd67c0d1bd0c536af71e6ec6e8de843a859,3
v4_1234,heldout_12,v3_heldout_fixed_panel,construction_studio,distractor_clear,cue_bound,prompts/system_cue_bound.txt,clean,data/images/heldout/clean/heldout_12_clean.jpg,01a488557d6004b3c4411a6d0a72e60394ce0806f206a9199c9aaf4eb1b643a8,4,0.60,1.00,40,experiments/v4_cost_response/prompts/task_cost_x_0_60.txt,c4383464aa0dcd87bbdde9805d16ebb62f34138d5e5c8e766df5e1e54bd364fc,33ff7ba12da9c25a3728e0c96b2f3fd67c0d1bd0c536af71e6ec6e8de843a859,1
v4_1235,heldout_12,v3_heldout_fixed_panel,construction_studio,distractor_clear,cue_bound,prompts/system_cue_bound.txt,clean,data/images/heldout/clean/heldout_12_clean.jpg,01a488557d6004b3c4411a6d0a72e60394ce0806f206a9199c9aaf4eb1b643a8,4,0.60,1.00,40,experiments/v4_cost_response/prompts/task_cost_x_0_60.txt,c4383464aa0dcd87bbdde9805d16ebb62f34138d5e5c8e766df5e1e54bd364fc,33ff7ba12da9c25a3728e0c96b2f3fd67c0d1bd0c536af71e6ec6e8de843a859,2
v4_1236,heldout_12,v3_heldout_fixed_panel,construction_studio,distractor_clear,cue_bound,prompts/system_cue_bound.txt,clean,data/images/heldout/clean/heldout_12_clean.jpg,01a488557d6004b3c4411a6d0a72e60394ce0806f206a9199c9aaf4eb1b643a8,4,0.60,1.00,40,experiments/v4_cost_response/prompts/task_cost_x_0_60.txt,c4383464aa0dcd87bbdde9805d16ebb62f34138d5e5c8e766df5e1e54bd364fc,33ff7ba12da9c25a3728e0c96b2f3fd67c0d1bd0c536af71e6ec6e8de843a859,3
v4_1237,heldout_12,v3_heldout_fixed_panel,construction_studio,distractor_clear,cue_bound,prompts/system_cue_bound.txt,clean,data/images/heldout/clean/heldout_12_clean.jpg,01a488557d6004b3c4411a6d0a72e60394ce0806f206a9199c9aaf4eb1b643a8,5,0.40,1.00,60,experiments/v4_cost_response/prompts/task_cost_x_0_40.txt,8e511232f2cbdb594aca695fd454e2ab5f7db1d67270eb423955a54a3cd72a35,33ff7ba12da9c25a3728e0c96b2f3fd67c0d1bd0c536af71e6ec6e8de843a859,1
v4_1238,heldout_12,v3_heldout_fixed_panel,construction_studio,distractor_clear,cue_bound,prompts/system_cue_bound.txt,clean,data/images/heldout/clean/heldout_12_clean.jpg,01a488557d6004b3c4411a6d0a72e60394ce0806f206a9199c9aaf4eb1b643a8,5,0.40,1.00,60,experiments/v4_cost_response/prompts/task_cost_x_0_40.txt,8e511232f2cbdb594aca695fd454e2ab5f7db1d67270eb423955a54a3cd72a35,33ff7ba12da9c25a3728e0c96b2f3fd67c0d1bd0c536af71e6ec6e8de843a859,2
v4_1239,heldout_12,v3_heldout_fixed_panel,construction_studio,distractor_clear,cue_bound,prompts/system_cue_bound.txt,clean,data/images/heldout/clean/heldout_12_clean.jpg,01a488557d6004b3c4411a6d0a72e60394ce0806f206a9199c9aaf4eb1b643a8,5,0.40,1.00,60,experiments/v4_cost_response/prompts/task_cost_x_0_40.txt,8e511232f2cbdb594aca695fd454e2ab5f7db1d67270eb423955a54a3cd72a35,33ff7ba12da9c25a3728e0c96b2f3fd67c0d1bd0c536af71e6ec6e8de843a859,3
v4_1240,heldout_12,v3_heldout_fixed_panel,construction_studio,distractor_clear,cue_bound,prompts/system_cue_bound.txt,clean,data/images/heldout/clean/heldout_12_clean.jpg,01a488557d6004b3c4411a6d0a72e60394ce0806f206a9199c9aaf4eb1b643a8,6,0.20,1.00,80,experiments/v4_cost_response/prompts/task_cost_x_0_20.txt,7f2c7928bd3aaf6a823dcf8a20abf9a85594f9dd1c2315fdb49afb4e4e0fd3c9,33ff7ba12da9c25a3728e0c96b2f3fd67c0d1bd0c536af71e6ec6e8de843a859,1
v4_1241,heldout_12,v3_heldout_fixed_panel,construction_studio,distractor_clear,cue_bound,prompts/system_cue_bound.txt,clean,data/images/heldout/clean/heldout_12_clean.jpg,01a488557d6004b3c4411a6d0a72e60394ce0806f206a9199c9aaf4eb1b643a8,6,0.20,1.00,80,experiments/v4_cost_response/prompts/task_cost_x_0_20.txt,7f2c7928bd3aaf6a823dcf8a20abf9a85594f9dd1c2315fdb49afb4e4e0fd3c9,33ff7ba12da9c25a3728e0c96b2f3fd67c0d1bd0c536af71e6ec6e8de843a859,2
v4_1242,heldout_12,v3_heldout_fixed_panel,construction_studio,distractor_clear,cue_bound,prompts/system_cue_bound.txt,clean,data/images/heldout/clean/heldout_12_clean.jpg,01a488557d6004b3c4411a6d0a72e60394ce0806f206a9199c9aaf4eb1b643a8,6,0.20,1.00,80,experiments/v4_cost_response/prompts/task_cost_x_0_20.txt,7f2c7928bd3aaf6a823dcf8a20abf9a85594f9dd1c2315fdb49afb4e4e0fd3c9,33ff7ba12da9c25a3728e0c96b2f3fd67c0d1bd0c536af71e6ec6e8de843a859,3
v4_1243,heldout_12,v3_heldout_fixed_panel,construction_studio,distractor_clear,cue_bound,prompts/system_cue_bound.txt,modified,data/images/heldout/modified/heldout_12_distractor_clear.jpg,ba8e66becfb8c0569302f538444c627b078e331107cdad21397b10fd619fba5e,1,1.00,1.00,0,experiments/v4_cost_response/prompts/task_cost_x_1_00.txt,9f584e2e66b5b3398c1762ac796eafb3d694e6ce3f38b0e9fd6f7beca68bbfb4,33ff7ba12da9c25a3728e0c96b2f3fd67c0d1bd0c536af71e6ec6e8de843a859,1
v4_1244,heldout_12,v3_heldout_fixed_panel,construction_studio,distractor_clear,cue_bound,prompts/system_cue_bound.txt,modified,data/images/heldout/modified/heldout_12_distractor_clear.jpg,ba8e66becfb8c0569302f538444c627b078e331107cdad21397b10fd619fba5e,1,1.00,1.00,0,experiments/v4_cost_response/prompts/task_cost_x_1_00.txt,9f584e2e66b5b3398c1762ac796eafb3d694e6ce3f38b0e9fd6f7beca68bbfb4,33ff7ba12da9c25a3728e0c96b2f3fd67c0d1bd0c536af71e6ec6e8de843a859,2
v4_1245,heldout_12,v3_heldout_fixed_panel,construction_studio,distractor_clear,cue_bound,prompts/system_cue_bound.txt,modified,data/images/heldout/modified/heldout_12_distractor_clear.jpg,ba8e66becfb8c0569302f538444c627b078e331107cdad21397b10fd619fba5e,1,1.00,1.00,0,experiments/v4_cost_response/prompts/task_cost_x_1_00.txt,9f584e2e66b5b3398c1762ac796eafb3d694e6ce3f38b0e9fd6f7beca68bbfb4,33ff7ba12da9c25a3728e0c96b2f3fd67c0d1bd0c536af71e6ec6e8de843a859,3
v4_1246,heldout_12,v3_heldout_fixed_panel,construction_studio,distractor_clear,cue_bound,prompts/system_cue_bound.txt,modified,data/images/heldout/modified/heldout_12_distractor_clear.jpg,ba8e66becfb8c0569302f538444c627b078e331107cdad21397b10fd619fba5e,2,0.90,1.00,10,experiments/v4_cost_response/prompts/task_cost_x_0_90.txt,d69f9b3ee8b773d610de03b562c8f8e9b0c890463da010271c89e0f86dde4fad,33ff7ba12da9c25a3728e0c96b2f3fd67c0d1bd0c536af71e6ec6e8de843a859,1
v4_1247,heldout_12,v3_heldout_fixed_panel,construction_studio,distractor_clear,cue_bound,prompts/system_cue_bound.txt,modified,data/images/heldout/modified/heldout_12_distractor_clear.jpg,ba8e66becfb8c0569302f538444c627b078e331107cdad21397b10fd619fba5e,2,0.90,1.00,10,experiments/v4_cost_response/prompts/task_cost_x_0_90.txt,d69f9b3ee8b773d610de03b562c8f8e9b0c890463da010271c89e0f86dde4fad,33ff7ba12da9c25a3728e0c96b2f3fd67c0d1bd0c536af71e6ec6e8de843a859,2
v4_1248,heldout_12,v3_heldout_fixed_panel,construction_studio,distractor_clear,cue_bound,prompts/system_cue_bound.txt,modified,data/images/heldout/modified/heldout_12_distractor_clear.jpg,ba8e66becfb8c0569302f538444c627b078e331107cdad21397b10fd619fba5e,2,0.90,1.00,10,experiments/v4_cost_response/prompts/task_cost_x_0_90.txt,d69f9b3ee8b773d610de03b562c8f8e9b0c890463da010271c89e0f86dde4fad,33ff7ba12da9c25a3728e0c96b2f3fd67c0d1bd0c536af71e6ec6e8de843a859,3
v4_1249,heldout_12,v3_heldout_fixed_panel,construction_studio,distractor_clear,cue_bound,prompts/system_cue_bound.txt,modified,data/images/heldout/modified/heldout_12_distractor_clear.jpg,ba8e66becfb8c0569302f538444c627b078e331107cdad21397b10fd619fba5e,3,0.80,1.00,20,experiments/v4_cost_response/prompts/task_cost_x_0_80.txt,0ce5abc89cfa84d813d9e0550a597a21cb2fef8c050dea89ce0e38e1ad3c4cd3,33ff7ba12da9c25a3728e0c96b2f3fd67c0d1bd0c536af71e6ec6e8de843a859,1
v4_1250,heldout_12,v3_heldout_fixed_panel,construction_studio,distractor_clear,cue_bound,prompts/system_cue_bound.txt,modified,data/images/heldout/modified/heldout_12_distractor_clear.jpg,ba8e66becfb8c0569302f538444c627b078e331107cdad21397b10fd619fba5e,3,0.80,1.00,20,experiments/v4_cost_response/prompts/task_cost_x_0_80.txt,0ce5abc89cfa84d813d9e0550a597a21cb2fef8c050dea89ce0e38e1ad3c4cd3,33ff7ba12da9c25a3728e0c96b2f3fd67c0d1bd0c536af71e6ec6e8de843a859,2
v4_1251,heldout_12,v3_heldout_fixed_panel,construction_studio,distractor_clear,cue_bound,prompts/system_cue_bound.txt,modified,data/images/heldout/modified/heldout_12_distractor_clear.jpg,ba8e66becfb8c0569302f538444c627b078e331107cdad21397b10fd619fba5e,3,0.80,1.00,20,experiments/v4_cost_response/prompts/task_cost_x_0_80.txt,0ce5abc89cfa84d813d9e0550a597a21cb2fef8c050dea89ce0e38e1ad3c4cd3,33ff7ba12da9c25a3728e0c96b2f3fd67c0d1bd0c536af71e6ec6e8de843a859,3
v4_1252,heldout_12,v3_heldout_fixed_panel,construction_studio,distractor_clear,cue_bound,prompts/system_cue_bound.txt,modified,data/images/heldout/modified/heldout_12_distractor_clear.jpg,ba8e66becfb8c0569302f538444c627b078e331107cdad21397b10fd619fba5e,4,0.60,1.00,40,experiments/v4_cost_response/prompts/task_cost_x_0_60.txt,c4383464aa0dcd87bbdde9805d16ebb62f34138d5e5c8e766df5e1e54bd364fc,33ff7ba12da9c25a3728e0c96b2f3fd67c0d1bd0c536af71e6ec6e8de843a859,1
v4_1253,heldout_12,v3_heldout_fixed_panel,construction_studio,distractor_clear,cue_bound,prompts/system_cue_bound.txt,modified,data/images/heldout/modified/heldout_12_distractor_clear.jpg,ba8e66becfb8c0569302f538444c627b078e331107cdad21397b10fd619fba5e,4,0.60,1.00,40,experiments/v4_cost_response/prompts/task_cost_x_0_60.txt,c4383464aa0dcd87bbdde9805d16ebb62f34138d5e5c8e766df5e1e54bd364fc,33ff7ba12da9c25a3728e0c96b2f3fd67c0d1bd0c536af71e6ec6e8de843a859,2
v4_1254,heldout_12,v3_heldout_fixed_panel,construction_studio,distractor_clear,cue_bound,prompts/system_cue_bound.txt,modified,data/images/heldout/modified/heldout_12_distractor_clear.jpg,ba8e66becfb8c0569302f538444c627b078e331107cdad21397b10fd619fba5e,4,0.60,1.00,40,experiments/v4_cost_response/prompts/task_cost_x_0_60.txt,c4383464aa0dcd87bbdde9805d16ebb62f34138d5e5c8e766df5e1e54bd364fc,33ff7ba12da9c25a3728e0c96b2f3fd67c0d1bd0c536af71e6ec6e8de843a859,3
v4_1255,heldout_12,v3_heldout_fixed_panel,construction_studio,distractor_clear,cue_bound,prompts/system_cue_bound.txt,modified,data/images/heldout/modified/heldout_12_distractor_clear.jpg,ba8e66becfb8c0569302f538444c627b078e331107cdad21397b10fd619fba5e,5,0.40,1.00,60,experiments/v4_cost_response/prompts/task_cost_x_0_40.txt,8e511232f2cbdb594aca695fd454e2ab5f7db1d67270eb423955a54a3cd72a35,33ff7ba12da9c25a3728e0c96b2f3fd67c0d1bd0c536af71e6ec6e8de843a859,1
v4_1256,heldout_12,v3_heldout_fixed_panel,construction_studio,distractor_clear,cue_bound,prompts/system_cue_bound.txt,modified,data/images/heldout/modified/heldout_12_distractor_clear.jpg,ba8e66becfb8c0569302f538444c627b078e331107cdad21397b10fd619fba5e,5,0.40,1.00,60,experiments/v4_cost_response/prompts/task_cost_x_0_40.txt,8e511232f2cbdb594aca695fd454e2ab5f7db1d67270eb423955a54a3cd72a35,33ff7ba12da9c25a3728e0c96b2f3fd67c0d1bd0c536af71e6ec6e8de843a859,2
v4_1257,heldout_12,v3_heldout_fixed_panel,construction_studio,distractor_clear,cue_bound,prompts/system_cue_bound.txt,modified,data/images/heldout/modified/heldout_12_distractor_clear.jpg,ba8e66becfb8c0569302f538444c627b078e331107cdad21397b10fd619fba5e,5,0.40,1.00,60,experiments/v4_cost_response/prompts/task_cost_x_0_40.txt,8e511232f2cbdb594aca695fd454e2ab5f7db1d67270eb423955a54a3cd72a35,33ff7ba12da9c25a3728e0c96b2f3fd67c0d1bd0c536af71e6ec6e8de843a859,3
v4_1258,heldout_12,v3_heldout_fixed_panel,construction_studio,distractor_clear,cue_bound,prompts/system_cue_bound.txt,modified,data/images/heldout/modified/heldout_12_distractor_clear.jpg,ba8e66becfb8c0569302f538444c627b078e331107cdad21397b10fd619fba5e,6,0.20,1.00,80,experiments/v4_cost_response/prompts/task_cost_x_0_20.txt,7f2c7928bd3aaf6a823dcf8a20abf9a85594f9dd1c2315fdb49afb4e4e0fd3c9,33ff7ba12da9c25a3728e0c96b2f3fd67c0d1bd0c536af71e6ec6e8de843a859,1
v4_1259,heldout_12,v3_heldout_fixed_panel,construction_studio,distractor_clear,cue_bound,prompts/system_cue_bound.txt,modified,data/images/heldout/modified/heldout_12_distractor_clear.jpg,ba8e66becfb8c0569302f538444c627b078e331107cdad21397b10fd619fba5e,6,0.20,1.00,80,experiments/v4_cost_response/prompts/task_cost_x_0_20.txt,7f2c7928bd3aaf6a823dcf8a20abf9a85594f9dd1c2315fdb49afb4e4e0fd3c9,33ff7ba12da9c25a3728e0c96b2f3fd67c0d1bd0c536af71e6ec6e8de843a859,2
v4_1260,heldout_12,v3_heldout_fixed_panel,construction_studio,distractor_clear,cue_bound,prompts/system_cue_bound.txt,modified,data/images/heldout/modified/heldout_12_distractor_clear.jpg,ba8e66becfb8c0569302f538444c627b078e331107cdad21397b10fd619fba5e,6,0.20,1.00,80,experiments/v4_cost_response/prompts/task_cost_x_0_20.txt,7f2c7928bd3aaf6a823dcf8a20abf9a85594f9dd1c2315fdb49afb4e4e0fd3c9,33ff7ba12da9c25a3728e0c96b2f3fd67c0d1bd0c536af71e6ec6e8de843a859,3
v4_1261,heldout_12,v3_heldout_fixed_panel,construction_studio,distractor_clear,generalized,prompts/system_generalized.txt,clean,data/images/heldout/clean/heldout_12_clean.jpg,01a488557d6004b3c4411a6d0a72e60394ce0806f206a9199c9aaf4eb1b643a8,1,1.00,1.00,0,experiments/v4_cost_response/prompts/task_cost_x_1_00.txt,9f584e2e66b5b3398c1762ac796eafb3d694e6ce3f38b0e9fd6f7beca68bbfb4,1b17f7d53eb5fb6e22076dfc0961ade0c3f463f9c1e3ddd053e82bc8990faa80,1
v4_1262,heldout_12,v3_heldout_fixed_panel,construction_studio,distractor_clear,generalized,prompts/system_generalized.txt,clean,data/images/heldout/clean/heldout_12_clean.jpg,01a488557d6004b3c4411a6d0a72e60394ce0806f206a9199c9aaf4eb1b643a8,1,1.00,1.00,0,experiments/v4_cost_response/prompts/task_cost_x_1_00.txt,9f584e2e66b5b3398c1762ac796eafb3d694e6ce3f38b0e9fd6f7beca68bbfb4,1b17f7d53eb5fb6e22076dfc0961ade0c3f463f9c1e3ddd053e82bc8990faa80,2
v4_1263,heldout_12,v3_heldout_fixed_panel,construction_studio,distractor_clear,generalized,prompts/system_generalized.txt,clean,data/images/heldout/clean/heldout_12_clean.jpg,01a488557d6004b3c4411a6d0a72e60394ce0806f206a9199c9aaf4eb1b643a8,1,1.00,1.00,0,experiments/v4_cost_response/prompts/task_cost_x_1_00.txt,9f584e2e66b5b3398c1762ac796eafb3d694e6ce3f38b0e9fd6f7beca68bbfb4,1b17f7d53eb5fb6e22076dfc0961ade0c3f463f9c1e3ddd053e82bc8990faa80,3
v4_1264,heldout_12,v3_heldout_fixed_panel,construction_studio,distractor_clear,generalized,prompts/system_generalized.txt,clean,data/images/heldout/clean/heldout_12_clean.jpg,01a488557d6004b3c4411a6d0a72e60394ce0806f206a9199c9aaf4eb1b643a8,2,0.90,1.00,10,experiments/v4_cost_response/prompts/task_cost_x_0_90.txt,d69f9b3ee8b773d610de03b562c8f8e9b0c890463da010271c89e0f86dde4fad,1b17f7d53eb5fb6e22076dfc0961ade0c3f463f9c1e3ddd053e82bc8990faa80,1
v4_1265,heldout_12,v3_heldout_fixed_panel,construction_studio,distractor_clear,generalized,prompts/system_generalized.txt,clean,data/images/heldout/clean/heldout_12_clean.jpg,01a488557d6004b3c4411a6d0a72e60394ce0806f206a9199c9aaf4eb1b643a8,2,0.90,1.00,10,experiments/v4_cost_response/prompts/task_cost_x_0_90.txt,d69f9b3ee8b773d610de03b562c8f8e9b0c890463da010271c89e0f86dde4fad,1b17f7d53eb5fb6e22076dfc0961ade0c3f463f9c1e3ddd053e82bc8990faa80,2
v4_1266,heldout_12,v3_heldout_fixed_panel,construction_studio,distractor_clear,generalized,prompts/system_generalized.txt,clean,data/images/heldout/clean/heldout_12_clean.jpg,01a488557d6004b3c4411a6d0a72e60394ce0806f206a9199c9aaf4eb1b643a8,2,0.90,1.00,10,experiments/v4_cost_response/prompts/task_cost_x_0_90.txt,d69f9b3ee8b773d610de03b562c8f8e9b0c890463da010271c89e0f86dde4fad,1b17f7d53eb5fb6e22076dfc0961ade0c3f463f9c1e3ddd053e82bc8990faa80,3
v4_1267,heldout_12,v3_heldout_fixed_panel,construction_studio,distractor_clear,generalized,prompts/system_generalized.txt,clean,data/images/heldout/clean/heldout_12_clean.jpg,01a488557d6004b3c4411a6d0a72e60394ce0806f206a9199c9aaf4eb1b643a8,3,0.80,1.00,20,experiments/v4_cost_response/prompts/task_cost_x_0_80.txt,0ce5abc89cfa84d813d9e0550a597a21cb2fef8c050dea89ce0e38e1ad3c4cd3,1b17f7d53eb5fb6e22076dfc0961ade0c3f463f9c1e3ddd053e82bc8990faa80,1
v4_1268,heldout_12,v3_heldout_fixed_panel,construction_studio,distractor_clear,generalized,prompts/system_generalized.txt,clean,data/images/heldout/clean/heldout_12_clean.jpg,01a488557d6004b3c4411a6d0a72e60394ce0806f206a9199c9aaf4eb1b643a8,3,0.80,1.00,20,experiments/v4_cost_response/prompts/task_cost_x_0_80.txt,0ce5abc89cfa84d813d9e0550a597a21cb2fef8c050dea89ce0e38e1ad3c4cd3,1b17f7d53eb5fb6e22076dfc0961ade0c3f463f9c1e3ddd053e82bc8990faa80,2
v4_1269,heldout_12,v3_heldout_fixed_panel,construction_studio,distractor_clear,generalized,prompts/system_generalized.txt,clean,data/images/heldout/clean/heldout_12_clean.jpg,01a488557d6004b3c4411a6d0a72e60394ce0806f206a9199c9aaf4eb1b643a8,3,0.80,1.00,20,experiments/v4_cost_response/prompts/task_cost_x_0_80.txt,0ce5abc89cfa84d813d9e0550a597a21cb2fef8c050dea89ce0e38e1ad3c4cd3,1b17f7d53eb5fb6e22076dfc0961ade0c3f463f9c1e3ddd053e82bc8990faa80,3
v4_1270,heldout_12,v3_heldout_fixed_panel,construction_studio,distractor_clear,generalized,prompts/system_generalized.txt,clean,data/images/heldout/clean/heldout_12_clean.jpg,01a488557d6004b3c4411a6d0a72e60394ce0806f206a9199c9aaf4eb1b643a8,4,0.60,1.00,40,experiments/v4_cost_response/prompts/task_cost_x_0_60.txt,c4383464aa0dcd87bbdde9805d16ebb62f34138d5e5c8e766df5e1e54bd364fc,1b17f7d53eb5fb6e22076dfc0961ade0c3f463f9c1e3ddd053e82bc8990faa80,1
v4_1271,heldout_12,v3_heldout_fixed_panel,construction_studio,distractor_clear,generalized,prompts/system_generalized.txt,clean,data/images/heldout/clean/heldout_12_clean.jpg,01a488557d6004b3c4411a6d0a72e60394ce0806f206a9199c9aaf4eb1b643a8,4,0.60,1.00,40,experiments/v4_cost_response/prompts/task_cost_x_0_60.txt,c4383464aa0dcd87bbdde9805d16ebb62f34138d5e5c8e766df5e1e54bd364fc,1b17f7d53eb5fb6e22076dfc0961ade0c3f463f9c1e3ddd053e82bc8990faa80,2
v4_1272,heldout_12,v3_heldout_fixed_panel,construction_studio,distractor_clear,generalized,prompts/system_generalized.txt,clean,data/images/heldout/clean/heldout_12_clean.jpg,01a488557d6004b3c4411a6d0a72e60394ce0806f206a9199c9aaf4eb1b643a8,4,0.60,1.00,40,experiments/v4_cost_response/prompts/task_cost_x_0_60.txt,c4383464aa0dcd87bbdde9805d16ebb62f34138d5e5c8e766df5e1e54bd364fc,1b17f7d53eb5fb6e22076dfc0961ade0c3f463f9c1e3ddd053e82bc8990faa80,3
v4_1273,heldout_12,v3_heldout_fixed_panel,construction_studio,distractor_clear,generalized,prompts/system_generalized.txt,clean,data/images/heldout/clean/heldout_12_clean.jpg,01a488557d6004b3c4411a6d0a72e60394ce0806f206a9199c9aaf4eb1b643a8,5,0.40,1.00,60,experiments/v4_cost_response/prompts/task_cost_x_0_40.txt,8e511232f2cbdb594aca695fd454e2ab5f7db1d67270eb423955a54a3cd72a35,1b17f7d53eb5fb6e22076dfc0961ade0c3f463f9c1e3ddd053e82bc8990faa80,1
v4_1274,heldout_12,v3_heldout_fixed_panel,construction_studio,distractor_clear,generalized,prompts/system_generalized.txt,clean,data/images/heldout/clean/heldout_12_clean.jpg,01a488557d6004b3c4411a6d0a72e60394ce0806f206a9199c9aaf4eb1b643a8,5,0.40,1.00,60,experiments/v4_cost_response/prompts/task_cost_x_0_40.txt,8e511232f2cbdb594aca695fd454e2ab5f7db1d67270eb423955a54a3cd72a35,1b17f7d53eb5fb6e22076dfc0961ade0c3f463f9c1e3ddd053e82bc8990faa80,2
v4_1275,heldout_12,v3_heldout_fixed_panel,construction_studio,distractor_clear,generalized,prompts/system_generalized.txt,clean,data/images/heldout/clean/heldout_12_clean.jpg,01a488557d6004b3c4411a6d0a72e60394ce0806f206a9199c9aaf4eb1b643a8,5,0.40,1.00,60,experiments/v4_cost_response/prompts/task_cost_x_0_40.txt,8e511232f2cbdb594aca695fd454e2ab5f7db1d67270eb423955a54a3cd72a35,1b17f7d53eb5fb6e22076dfc0961ade0c3f463f9c1e3ddd053e82bc8990faa80,3
v4_1276,heldout_12,v3_heldout_fixed_panel,construction_studio,distractor_clear,generalized,prompts/system_generalized.txt,clean,data/images/heldout/clean/heldout_12_clean.jpg,01a488557d6004b3c4411a6d0a72e60394ce0806f206a9199c9aaf4eb1b643a8,6,0.20,1.00,80,experiments/v4_cost_response/prompts/task_cost_x_0_20.txt,7f2c7928bd3aaf6a823dcf8a20abf9a85594f9dd1c2315fdb49afb4e4e0fd3c9,1b17f7d53eb5fb6e22076dfc0961ade0c3f463f9c1e3ddd053e82bc8990faa80,1
v4_1277,heldout_12,v3_heldout_fixed_panel,construction_studio,distractor_clear,generalized,prompts/system_generalized.txt,clean,data/images/heldout/clean/heldout_12_clean.jpg,01a488557d6004b3c4411a6d0a72e60394ce0806f206a9199c9aaf4eb1b643a8,6,0.20,1.00,80,experiments/v4_cost_response/prompts/task_cost_x_0_20.txt,7f2c7928bd3aaf6a823dcf8a20abf9a85594f9dd1c2315fdb49afb4e4e0fd3c9,1b17f7d53eb5fb6e22076dfc0961ade0c3f463f9c1e3ddd053e82bc8990faa80,2
v4_1278,heldout_12,v3_heldout_fixed_panel,construction_studio,distractor_clear,generalized,prompts/system_generalized.txt,clean,data/images/heldout/clean/heldout_12_clean.jpg,01a488557d6004b3c4411a6d0a72e60394ce0806f206a9199c9aaf4eb1b643a8,6,0.20,1.00,80,experiments/v4_cost_response/prompts/task_cost_x_0_20.txt,7f2c7928bd3aaf6a823dcf8a20abf9a85594f9dd1c2315fdb49afb4e4e0fd3c9,1b17f7d53eb5fb6e22076dfc0961ade0c3f463f9c1e3ddd053e82bc8990faa80,3
v4_1279,heldout_12,v3_heldout_fixed_panel,construction_studio,distractor_clear,generalized,prompts/system_generalized.txt,modified,data/images/heldout/modified/heldout_12_distractor_clear.jpg,ba8e66becfb8c0569302f538444c627b078e331107cdad21397b10fd619fba5e,1,1.00,1.00,0,experiments/v4_cost_response/prompts/task_cost_x_1_00.txt,9f584e2e66b5b3398c1762ac796eafb3d694e6ce3f38b0e9fd6f7beca68bbfb4,1b17f7d53eb5fb6e22076dfc0961ade0c3f463f9c1e3ddd053e82bc8990faa80,1
v4_1280,heldout_12,v3_heldout_fixed_panel,construction_studio,distractor_clear,generalized,prompts/system_generalized.txt,modified,data/images/heldout/modified/heldout_12_distractor_clear.jpg,ba8e66becfb8c0569302f538444c627b078e331107cdad21397b10fd619fba5e,1,1.00,1.00,0,experiments/v4_cost_response/prompts/task_cost_x_1_00.txt,9f584e2e66b5b3398c1762ac796eafb3d694e6ce3f38b0e9fd6f7beca68bbfb4,1b17f7d53eb5fb6e22076dfc0961ade0c3f463f9c1e3ddd053e82bc8990faa80,2
v4_1281,heldout_12,v3_heldout_fixed_panel,construction_studio,distractor_clear,generalized,prompts/system_generalized.txt,modified,data/images/heldout/modified/heldout_12_distractor_clear.jpg,ba8e66becfb8c0569302f538444c627b078e331107cdad21397b10fd619fba5e,1,1.00,1.00,0,experiments/v4_cost_response/prompts/task_cost_x_1_00.txt,9f584e2e66b5b3398c1762ac796eafb3d694e6ce3f38b0e9fd6f7beca68bbfb4,1b17f7d53eb5fb6e22076dfc0961ade0c3f463f9c1e3ddd053e82bc8990faa80,3
v4_1282,heldout_12,v3_heldout_fixed_panel,construction_studio,distractor_clear,generalized,prompts/system_generalized.txt,modified,data/images/heldout/modified/heldout_12_distractor_clear.jpg,ba8e66becfb8c0569302f538444c627b078e331107cdad21397b10fd619fba5e,2,0.90,1.00,10,experiments/v4_cost_response/prompts/task_cost_x_0_90.txt,d69f9b3ee8b773d610de03b562c8f8e9b0c890463da010271c89e0f86dde4fad,1b17f7d53eb5fb6e22076dfc0961ade0c3f463f9c1e3ddd053e82bc8990faa80,1
v4_1283,heldout_12,v3_heldout_fixed_panel,construction_studio,distractor_clear,generalized,prompts/system_generalized.txt,modified,data/images/heldout/modified/heldout_12_distractor_clear.jpg,ba8e66becfb8c0569302f538444c627b078e331107cdad21397b10fd619fba5e,2,0.90,1.00,10,experiments/v4_cost_response/prompts/task_cost_x_0_90.txt,d69f9b3ee8b773d610de03b562c8f8e9b0c890463da010271c89e0f86dde4fad,1b17f7d53eb5fb6e22076dfc0961ade0c3f463f9c1e3ddd053e82bc8990faa80,2
v4_1284,heldout_12,v3_heldout_fixed_panel,construction_studio,distractor_clear,generalized,prompts/system_generalized.txt,modified,data/images/heldout/modified/heldout_12_distractor_clear.jpg,ba8e66becfb8c0569302f538444c627b078e331107cdad21397b10fd619fba5e,2,0.90,1.00,10,experiments/v4_cost_response/prompts/task_cost_x_0_90.txt,d69f9b3ee8b773d610de03b562c8f8e9b0c890463da010271c89e0f86dde4fad,1b17f7d53eb5fb6e22076dfc0961ade0c3f463f9c1e3ddd053e82bc8990faa80,3
v4_1285,heldout_12,v3_heldout_fixed_panel,construction_studio,distractor_clear,generalized,prompts/system_generalized.txt,modified,data/images/heldout/modified/heldout_12_distractor_clear.jpg,ba8e66becfb8c0569302f538444c627b078e331107cdad21397b10fd619fba5e,3,0.80,1.00,20,experiments/v4_cost_response/prompts/task_cost_x_0_80.txt,0ce5abc89cfa84d813d9e0550a597a21cb2fef8c050dea89ce0e38e1ad3c4cd3,1b17f7d53eb5fb6e22076dfc0961ade0c3f463f9c1e3ddd053e82bc8990faa80,1
v4_1286,heldout_12,v3_heldout_fixed_panel,construction_studio,distractor_clear,generalized,prompts/system_generalized.txt,modified,data/images/heldout/modified/heldout_12_distractor_clear.jpg,ba8e66becfb8c0569302f538444c627b078e331107cdad21397b10fd619fba5e,3,0.80,1.00,20,experiments/v4_cost_response/prompts/task_cost_x_0_80.txt,0ce5abc89cfa84d813d9e0550a597a21cb2fef8c050dea89ce0e38e1ad3c4cd3,1b17f7d53eb5fb6e22076dfc0961ade0c3f463f9c1e3ddd053e82bc8990faa80,2
v4_1287,heldout_12,v3_heldout_fixed_panel,construction_studio,distractor_clear,generalized,prompts/system_generalized.txt,modified,data/images/heldout/modified/heldout_12_distractor_clear.jpg,ba8e66becfb8c0569302f538444c627b078e331107cdad21397b10fd619fba5e,3,0.80,1.00,20,experiments/v4_cost_response/prompts/task_cost_x_0_80.txt,0ce5abc89cfa84d813d9e0550a597a21cb2fef8c050dea89ce0e38e1ad3c4cd3,1b17f7d53eb5fb6e22076dfc0961ade0c3f463f9c1e3ddd053e82bc8990faa80,3
v4_1288,heldout_12,v3_heldout_fixed_panel,construction_studio,distractor_clear,generalized,prompts/system_generalized.txt,modified,data/images/heldout/modified/heldout_12_distractor_clear.jpg,ba8e66becfb8c0569302f538444c627b078e331107cdad21397b10fd619fba5e,4,0.60,1.00,40,experiments/v4_cost_response/prompts/task_cost_x_0_60.txt,c4383464aa0dcd87bbdde9805d16ebb62f34138d5e5c8e766df5e1e54bd364fc,1b17f7d53eb5fb6e22076dfc0961ade0c3f463f9c1e3ddd053e82bc8990faa80,1
v4_1289,heldout_12,v3_heldout_fixed_panel,construction_studio,distractor_clear,generalized,prompts/system_generalized.txt,modified,data/images/heldout/modified/heldout_12_distractor_clear.jpg,ba8e66becfb8c0569302f538444c627b078e331107cdad21397b10fd619fba5e,4,0.60,1.00,40,experiments/v4_cost_response/prompts/task_cost_x_0_60.txt,c4383464aa0dcd87bbdde9805d16ebb62f34138d5e5c8e766df5e1e54bd364fc,1b17f7d53eb5fb6e22076dfc0961ade0c3f463f9c1e3ddd053e82bc8990faa80,2
v4_1290,heldout_12,v3_heldout_fixed_panel,construction_studio,distractor_clear,generalized,prompts/system_generalized.txt,modified,data/images/heldout/modified/heldout_12_distractor_clear.jpg,ba8e66becfb8c0569302f538444c627b078e331107cdad21397b10fd619fba5e,4,0.60,1.00,40,experiments/v4_cost_response/prompts/task_cost_x_0_60.txt,c4383464aa0dcd87bbdde9805d16ebb62f34138d5e5c8e766df5e1e54bd364fc,1b17f7d53eb5fb6e22076dfc0961ade0c3f463f9c1e3ddd053e82bc8990faa80,3
v4_1291,heldout_12,v3_heldout_fixed_panel,construction_studio,distractor_clear,generalized,prompts/system_generalized.txt,modified,data/images/heldout/modified/heldout_12_distractor_clear.jpg,ba8e66becfb8c0569302f538444c627b078e331107cdad21397b10fd619fba5e,5,0.40,1.00,60,experiments/v4_cost_response/prompts/task_cost_x_0_40.txt,8e511232f2cbdb594aca695fd454e2ab5f7db1d67270eb423955a54a3cd72a35,1b17f7d53eb5fb6e22076dfc0961ade0c3f463f9c1e3ddd053e82bc8990faa80,1
v4_1292,heldout_12,v3_heldout_fixed_panel,construction_studio,distractor_clear,generalized,prompts/system_generalized.txt,modified,data/images/heldout/modified/heldout_12_distractor_clear.jpg,ba8e66becfb8c0569302f538444c627b078e331107cdad21397b10fd619fba5e,5,0.40,1.00,60,experiments/v4_cost_response/prompts/task_cost_x_0_40.txt,8e511232f2cbdb594aca695fd454e2ab5f7db1d67270eb423955a54a3cd72a35,1b17f7d53eb5fb6e22076dfc0961ade0c3f463f9c1e3ddd053e82bc8990faa80,2
v4_1293,heldout_12,v3_heldout_fixed_panel,construction_studio,distractor_clear,generalized,prompts/system_generalized.txt,modified,data/images/heldout/modified/heldout_12_distractor_clear.jpg,ba8e66becfb8c0569302f538444c627b078e331107cdad21397b10fd619fba5e,5,0.40,1.00,60,experiments/v4_cost_response/prompts/task_cost_x_0_40.txt,8e511232f2cbdb594aca695fd454e2ab5f7db1d67270eb423955a54a3cd72a35,1b17f7d53eb5fb6e22076dfc0961ade0c3f463f9c1e3ddd053e82bc8990faa80,3
v4_1294,heldout_12,v3_heldout_fixed_panel,construction_studio,distractor_clear,generalized,prompts/system_generalized.txt,modified,data/images/heldout/modified/heldout_12_distractor_clear.jpg,ba8e66becfb8c0569302f538444c627b078e331107cdad21397b10fd619fba5e,6,0.20,1.00,80,experiments/v4_cost_response/prompts/task_cost_x_0_20.txt,7f2c7928bd3aaf6a823dcf8a20abf9a85594f9dd1c2315fdb49afb4e4e0fd3c9,1b17f7d53eb5fb6e22076dfc0961ade0c3f463f9c1e3ddd053e82bc8990faa80,1
v4_1295,heldout_12,v3_heldout_fixed_panel,construction_studio,distractor_clear,generalized,prompts/system_generalized.txt,modified,data/images/heldout/modified/heldout_12_distractor_clear.jpg,ba8e66becfb8c0569302f538444c627b078e331107cdad21397b10fd619fba5e,6,0.20,1.00,80,experiments/v4_cost_response/prompts/task_cost_x_0_20.txt,7f2c7928bd3aaf6a823dcf8a20abf9a85594f9dd1c2315fdb49afb4e4e0fd3c9,1b17f7d53eb5fb6e22076dfc0961ade0c3f463f9c1e3ddd053e82bc8990faa80,2
v4_1296,heldout_12,v3_heldout_fixed_panel,construction_studio,distractor_clear,generalized,prompts/system_generalized.txt,modified,data/images/heldout/modified/heldout_12_distractor_clear.jpg,ba8e66becfb8c0569302f538444c627b078e331107cdad21397b10fd619fba5e,6,0.20,1.00,80,experiments/v4_cost_response/prompts/task_cost_x_0_20.txt,7f2c7928bd3aaf6a823dcf8a20abf9a85594f9dd1c2315fdb49afb4e4e0fd3c9,1b17f7d53eb5fb6e22076dfc0961ade0c3f463f9c1e3ddd053e82bc8990faa80,3
