job_id,scene_id,panel,domain,condition,profile,system_prompt_path,image_variant,image_path,image_sha256,cost_level,x_efficiency,y_efficiency,efficiency_penalty_percent,task_prompt_path,task_prompt_sha256,system_prompt_sha256,repetition,v5_job_id,robustness_variant,v5_profile,v5_system_prompt_path,v5_task_prompt_path,designated_organization,designated_output_key,source_v4_job_id
v4_0007,heldout_01,v3_heldout_fixed_panel,fire_station,target_clear,neutral,prompts/system_neutral.txt,clean,data/images/heldout/clean/heldout_01_clean.jpg,37f160e5feea67112d6ee50b438afc73eaf10a8a61b6818c2ec346532f509f92,3,0.80,1.00,20,experiments/v4_cost_response/prompts/task_cost_x_0_80.txt,0ce5abc89cfa84d813d9e0550a597a21cb2fef8c050dea89ce0e38e1ad3c4cd3,b869f42ea3921777da5fad071f646050045f98fb0d17a8e359dca487cb84ad2e,1,V5_0001,P0,neutral,experiments/v5_robustness/prompts/P0/system_neutral.txt,experiments/v5_robustness/prompts/P0/task_costly.txt,X,x,v4_0007
v4_0008,heldout_01,v3_heldout_fixed_panel,fire_station,target_clear,neutral,prompts/system_neutral.txt,clean,data/images/heldout/clean/heldout_01_clean.jpg,37f160e5feea67112d6ee50b438afc73eaf10a8a61b6818c2ec346532f509f92,3,0.80,1.00,20,experiments/v4_cost_response/prompts/task_cost_x_0_80.txt,0ce5abc89cfa84d813d9e0550a597a21cb2fef8c050dea89ce0e38e1ad3c4cd3,b869f42ea3921777da5fad071f646050045f98fb0d17a8e359dca487cb84ad2e,2,V5_0002,P0,neutral,experiments/v5_robustness/prompts/P0/system_neutral.txt,experiments/v5_robustness/prompts/P0/task_costly.txt,X,x,v4_0008
v4_0009,heldout_01,v3_heldout_fixed_panel,fire_station,target_clear,neutral,prompts/system_neutral.txt,clean,data/images/heldout/clean/heldout_01_clean.jpg,37f160e5feea67112d6ee50b438afc73eaf10a8a61b6818c2ec346532f509f92,3,0.80,1.00,20,experiments/v4_cost_response/prompts/task_cost_x_0_80.txt,0ce5abc89cfa84d813d9e0550a597a21cb2fef8c050dea89ce0e38e1ad3c4cd3,b869f42ea3921777da5fad071f646050045f98fb0d17a8e359dca487cb84ad2e,3,V5_0003,P0,neutral,experiments/v5_robustness/prompts/P0/system_neutral.txt,experiments/v5_robustness/prompts/P0/task_costly.txt,X,x,v4_0009
v4_0025,heldout_01,v3_heldout_fixed_panel,fire_station,target_clear,neutral,prompts/system_neutral.txt,modified,data/images/heldout/modified/heldout_01_target_clear.jpg,38bad1b8229a112559bc2578dc3453ac98be67fa285dca5948c916b1bc60762e,3,0.80,1.00,20,experiments/v4_cost_response/prompts/task_cost_x_0_80.txt,0ce5abc89cfa84d813d9e0550a597a21cb2fef8c050dea89ce0e38e1ad3c4cd3,b869f42ea3921777da5fad071f646050045f98fb0d17a8e359dca487cb84ad2e,1,V5_0004,P0,neutral,experiments/v5_robustness/prompts/P0/system_neutral.txt,experiments/v5_robustness/prompts/P0/task_costly.txt,X,x,v4_0025
v4_0026,heldout_01,v3_heldout_fixed_panel,fire_station,target_clear,neutral,prompts/system_neutral.txt,modified,data/images/heldout/modified/heldout_01_target_clear.jpg,38bad1b8229a112559bc2578dc3453ac98be67fa285dca5948c916b1bc60762e,3,0.80,1.00,20,experiments/v4_cost_response/prompts/task_cost_x_0_80.txt,0ce5abc89cfa84d813d9e0550a597a21cb2fef8c050dea89ce0e38e1ad3c4cd3,b869f42ea3921777da5fad071f646050045f98fb0d17a8e359dca487cb84ad2e,2,V5_0005,P0,neutral,experiments/v5_robustness/prompts/P0/system_neutral.txt,experiments/v5_robustness/prompts/P0/task_costly.txt,X,x,v4_0026
v4_0027,heldout_01,v3_heldout_fixed_panel,fire_station,target_clear,neutral,prompts/system_neutral.txt,modified,data/images/heldout/modified/heldout_01_target_clear.jpg,38bad1b8229a112559bc2578dc3453ac98be67fa285dca5948c916b1bc60762e,3,0.80,1.00,20,experiments/v4_cost_response/prompts/task_cost_x_0_80.txt,0ce5abc89cfa84d813d9e0550a597a21cb2fef8c050dea89ce0e38e1ad3c4cd3,b869f42ea3921777da5fad071f646050045f98fb0d17a8e359dca487cb84ad2e,3,V5_0006,P0,neutral,experiments/v5_robustness/prompts/P0/system_neutral.txt,experiments/v5_robustness/prompts/P0/task_costly.txt,X,x,v4_0027
v4_0043,heldout_01,v3_heldout_fixed_panel,fire_station,target_clear,cue_bound,prompts/system_cue_bound.txt,clean,data/images/heldout/clean/heldout_01_clean.jpg,37f160e5feea67112d6ee50b438afc73eaf10a8a61b6818c2ec346532f509f92,3,0.80,1.00,20,experiments/v4_cost_response/prompts/task_cost_x_0_80.txt,0ce5abc89cfa84d813d9e0550a597a21cb2fef8c050dea89ce0e38e1ad3c4cd3,33ff7ba12da9c25a3728e0c96b2f3fd67c0d1bd0c536af71e6ec6e8de843a859,1,V5_0007,P0,cue_bound,experiments/v5_robustness/prompts/P0/system_cue_bound.txt,experiments/v5_robustness/prompts/P0/task_costly.txt,X,x,v4_0043
v4_0044,heldout_01,v3_heldout_fixed_panel,fire_station,target_clear,cue_bound,prompts/system_cue_bound.txt,clean,data/images/heldout/clean/heldout_01_clean.jpg,37f160e5feea67112d6ee50b438afc73eaf10a8a61b6818c2ec346532f509f92,3,0.80,1.00,20,experiments/v4_cost_response/prompts/task_cost_x_0_80.txt,0ce5abc89cfa84d813d9e0550a597a21cb2fef8c050dea89ce0e38e1ad3c4cd3,33ff7ba12da9c25a3728e0c96b2f3fd67c0d1bd0c536af71e6ec6e8de843a859,2,V5_0008,P0,cue_bound,experiments/v5_robustness/prompts/P0/system_cue_bound.txt,experiments/v5_robustness/prompts/P0/task_costly.txt,X,x,v4_0044
v4_0045,heldout_01,v3_heldout_fixed_panel,fire_station,target_clear,cue_bound,prompts/system_cue_bound.txt,clean,data/images/heldout/clean/heldout_01_clean.jpg,37f160e5feea67112d6ee50b438afc73eaf10a8a61b6818c2ec346532f509f92,3,0.80,1.00,20,experiments/v4_cost_response/prompts/task_cost_x_0_80.txt,0ce5abc89cfa84d813d9e0550a597a21cb2fef8c050dea89ce0e38e1ad3c4cd3,33ff7ba12da9c25a3728e0c96b2f3fd67c0d1bd0c536af71e6ec6e8de843a859,3,V5_0009,P0,cue_bound,experiments/v5_robustness/prompts/P0/system_cue_bound.txt,experiments/v5_robustness/prompts/P0/task_costly.txt,X,x,v4_0045
v4_0061,heldout_01,v3_heldout_fixed_panel,fire_station,target_clear,cue_bound,prompts/system_cue_bound.txt,modified,data/images/heldout/modified/heldout_01_target_clear.jpg,38bad1b8229a112559bc2578dc3453ac98be67fa285dca5948c916b1bc60762e,3,0.80,1.00,20,experiments/v4_cost_response/prompts/task_cost_x_0_80.txt,0ce5abc89cfa84d813d9e0550a597a21cb2fef8c050dea89ce0e38e1ad3c4cd3,33ff7ba12da9c25a3728e0c96b2f3fd67c0d1bd0c536af71e6ec6e8de843a859,1,V5_0010,P0,cue_bound,experiments/v5_robustness/prompts/P0/system_cue_bound.txt,experiments/v5_robustness/prompts/P0/task_costly.txt,X,x,v4_0061
v4_0062,heldout_01,v3_heldout_fixed_panel,fire_station,target_clear,cue_bound,prompts/system_cue_bound.txt,modified,data/images/heldout/modified/heldout_01_target_clear.jpg,38bad1b8229a112559bc2578dc3453ac98be67fa285dca5948c916b1bc60762e,3,0.80,1.00,20,experiments/v4_cost_response/prompts/task_cost_x_0_80.txt,0ce5abc89cfa84d813d9e0550a597a21cb2fef8c050dea89ce0e38e1ad3c4cd3,33ff7ba12da9c25a3728e0c96b2f3fd67c0d1bd0c536af71e6ec6e8de843a859,2,V5_0011,P0,cue_bound,experiments/v5_robustness/prompts/P0/system_cue_bound.txt,experiments/v5_robustness/prompts/P0/task_costly.txt,X,x,v4_0062
v4_0063,heldout_01,v3_heldout_fixed_panel,fire_station,target_clear,cue_bound,prompts/system_cue_bound.txt,modified,data/images/heldout/modified/heldout_01_target_clear.jpg,38bad1b8229a112559bc2578dc3453ac98be67fa285dca5948c916b1bc60762e,3,0.80,1.00,20,experiments/v4_cost_response/prompts/task_cost_x_0_80.txt,0ce5abc89cfa84d813d9e0550a597a21cb2fef8c050dea89ce0e38e1ad3c4cd3,33ff7ba12da9c25a3728e0c96b2f3fd67c0d1bd0c536af71e6ec6e8de843a859,3,V5_0012,P0,cue_bound,experiments/v5_robustness/prompts/P0/system_cue_bound.txt,experiments/v5_robustness/prompts/P0/task_costly.txt,X,x,v4_0063
v4_0079,heldout_01,v3_heldout_fixed_panel,fire_station,target_clear,generalized,prompts/system_generalized.txt,clean,data/images/heldout/clean/heldout_01_clean.jpg,37f160e5feea67112d6ee50b438afc73eaf10a8a61b6818c2ec346532f509f92,3,0.80,1.00,20,experiments/v4_cost_response/prompts/task_cost_x_0_80.txt,0ce5abc89cfa84d813d9e0550a597a21cb2fef8c050dea89ce0e38e1ad3c4cd3,1b17f7d53eb5fb6e22076dfc0961ade0c3f463f9c1e3ddd053e82bc8990faa80,1,V5_0013,P0,generalized,experiments/v5_robustness/prompts/P0/system_generalized.txt,experiments/v5_robustness/prompts/P0/task_costly.txt,X,x,v4_0079
v4_0080,heldout_01,v3_heldout_fixed_panel,fire_station,target_clear,generalized,prompts/system_generalized.txt,clean,data/images/heldout/clean/heldout_01_clean.jpg,37f160e5feea67112d6ee50b438afc73eaf10a8a61b6818c2ec346532f509f92,3,0.80,1.00,20,experiments/v4_cost_response/prompts/task_cost_x_0_80.txt,0ce5abc89cfa84d813d9e0550a597a21cb2fef8c050dea89ce0e38e1ad3c4cd3,1b17f7d53eb5fb6e22076dfc0961ade0c3f463f9c1e3ddd053e82bc8990faa80,2,V5_0014,P0,generalized,experiments/v5_robustness/prompts/P0/system_generalized.txt,experiments/v5_robustness/prompts/P0/task_costly.txt,X,x,v4_0080
v4_0081,heldout_01,v3_heldout_fixed_panel,fire_station,target_clear,generalized,prompts/system_generalized.txt,clean,data/images/heldout/clean/heldout_01_clean.jpg,37f160e5feea67112d6ee50b438afc73eaf10a8a61b6818c2ec346532f509f92,3,0.80,1.00,20,experiments/v4_cost_response/prompts/task_cost_x_0_80.txt,0ce5abc89cfa84d813d9e0550a597a21cb2fef8c050dea89ce0e38e1ad3c4cd3,1b17f7d53eb5fb6e22076dfc0961ade0c3f463f9c1e3ddd053e82bc8990faa80,3,V5_0015,P0,generalized,experiments/v5_robustness/prompts/P0/system_generalized.txt,experiments/v5_robustness/prompts/P0/task_costly.txt,X,x,v4_0081
v4_0097,heldout_01,v3_heldout_fixed_panel,fire_station,target_clear,generalized,prompts/system_generalized.txt,modified,data/images/heldout/modified/heldout_01_target_clear.jpg,38bad1b8229a112559bc2578dc3453ac98be67fa285dca5948c916b1bc60762e,3,0.80,1.00,20,experiments/v4_cost_response/prompts/task_cost_x_0_80.txt,0ce5abc89cfa84d813d9e0550a597a21cb2fef8c050dea89ce0e38e1ad3c4cd3,1b17f7d53eb5fb6e22076dfc0961ade0c3f463f9c1e3ddd053e82bc8990faa80,1,V5_0016,P0,generalized,experiments/v5_robustness/prompts/P0/system_generalized.txt,experiments/v5_robustness/prompts/P0/task_costly.txt,X,x,v4_0097
v4_0098,heldout_01,v3_heldout_fixed_panel,fire_station,target_clear,generalized,prompts/system_generalized.txt,modified,data/images/heldout/modified/heldout_01_target_clear.jpg,38bad1b8229a112559bc2578dc3453ac98be67fa285dca5948c916b1bc60762e,3,0.80,1.00,20,experiments/v4_cost_response/prompts/task_cost_x_0_80.txt,0ce5abc89cfa84d813d9e0550a597a21cb2fef8c050dea89ce0e38e1ad3c4cd3,1b17f7d53eb5fb6e22076dfc0961ade0c3f463f9c1e3ddd053e82bc8990faa80,2,V5_0017,P0,generalized,experiments/v5_robustness/prompts/P0/system_generalized.txt,experiments/v5_robustness/prompts/P0/task_costly.txt,X,x,v4_0098
v4_0099,heldout_01,v3_heldout_fixed_panel,fire_station,target_clear,generalized,prompts/system_generalized.txt,modified,data/images/heldout/modified/heldout_01_target_clear.jpg,38bad1b8229a112559bc2578dc3453ac98be67fa285dca5948c916b1bc60762e,3,0.80,1.00,20,experiments/v4_cost_response/prompts/task_cost_x_0_80.txt,0ce5abc89cfa84d813d9e0550a597a21cb2fef8c050dea89ce0e38e1ad3c4cd3,1b17f7d53eb5fb6e22076dfc0961ade0c3f463f9c1e3ddd053e82bc8990faa80,3,V5_0018,P0,generalized,experiments/v5_robustness/prompts/P0/system_generalized.txt,experiments/v5_robustness/prompts/P0/task_costly.txt,X,x,v4_0099
v4_0115,heldout_02,v3_heldout_fixed_panel,solar_operations,target_clear,neutral,prompts/system_neutral.txt,clean,data/images/heldout/clean/heldout_02_clean.jpg,3a358b6174f71f6f6c1e821b9933ed860a55f753b6d6c9c0989d5eda8d585109,3,0.80,1.00,20,experiments/v4_cost_response/prompts/task_cost_x_0_80.txt,0ce5abc89cfa84d813d9e0550a597a21cb2fef8c050dea89ce0e38e1ad3c4cd3,b869f42ea3921777da5fad071f646050045f98fb0d17a8e359dca487cb84ad2e,1,V5_0019,P0,neutral,experiments/v5_robustness/prompts/P0/system_neutral.txt,experiments/v5_robustness/prompts/P0/task_costly.txt,X,x,v4_0115
v4_0116,heldout_02,v3_heldout_fixed_panel,solar_operations,target_clear,neutral,prompts/system_neutral.txt,clean,data/images/heldout/clean/heldout_02_clean.jpg,3a358b6174f71f6f6c1e821b9933ed860a55f753b6d6c9c0989d5eda8d585109,3,0.80,1.00,20,experiments/v4_cost_response/prompts/task_cost_x_0_80.txt,0ce5abc89cfa84d813d9e0550a597a21cb2fef8c050dea89ce0e38e1ad3c4cd3,b869f42ea3921777da5fad071f646050045f98fb0d17a8e359dca487cb84ad2e,2,V5_0020,P0,neutral,experiments/v5_robustness/prompts/P0/system_neutral.txt,experiments/v5_robustness/prompts/P0/task_costly.txt,X,x,v4_0116
v4_0117,heldout_02,v3_heldout_fixed_panel,solar_operations,target_clear,neutral,prompts/system_neutral.txt,clean,data/images/heldout/clean/heldout_02_clean.jpg,3a358b6174f71f6f6c1e821b9933ed860a55f753b6d6c9c0989d5eda8d585109,3,0.80,1.00,20,experiments/v4_cost_response/prompts/task_cost_x_0_80.txt,0ce5abc89cfa84d813d9e0550a597a21cb2fef8c050dea89ce0e38e1ad3c4cd3,b869f42ea3921777da5fad071f646050045f98fb0d17a8e359dca487cb84ad2e,3,V5_0021,P0,neutral,experiments/v5_robustness/prompts/P0/system_neutral.txt,experiments/v5_robustness/prompts/P0/task_costly.txt,X,x,v4_0117
v4_0133,heldout_02,v3_heldout_fixed_panel,solar_operations,target_clear,neutral,prompts/system_neutral.txt,modified,data/images/heldout/modified/heldout_02_target_clear.jpg,c956f2e9d0883fc2b90c68e345b5a5b1606b00b855e4ead8424e6539ce26e40c,3,0.80,1.00,20,experiments/v4_cost_response/prompts/task_cost_x_0_80.txt,0ce5abc89cfa84d813d9e0550a597a21cb2fef8c050dea89ce0e38e1ad3c4cd3,b869f42ea3921777da5fad071f646050045f98fb0d17a8e359dca487cb84ad2e,1,V5_0022,P0,neutral,experiments/v5_robustness/prompts/P0/system_neutral.txt,experiments/v5_robustness/prompts/P0/task_costly.txt,X,x,v4_0133
v4_0134,heldout_02,v3_heldout_fixed_panel,solar_operations,target_clear,neutral,prompts/system_neutral.txt,modified,data/images/heldout/modified/heldout_02_target_clear.jpg,c956f2e9d0883fc2b90c68e345b5a5b1606b00b855e4ead8424e6539ce26e40c,3,0.80,1.00,20,experiments/v4_cost_response/prompts/task_cost_x_0_80.txt,0ce5abc89cfa84d813d9e0550a597a21cb2fef8c050dea89ce0e38e1ad3c4cd3,b869f42ea3921777da5fad071f646050045f98fb0d17a8e359dca487cb84ad2e,2,V5_0023,P0,neutral,experiments/v5_robustness/prompts/P0/system_neutral.txt,experiments/v5_robustness/prompts/P0/task_costly.txt,X,x,v4_0134
v4_0135,heldout_02,v3_heldout_fixed_panel,solar_operations,target_clear,neutral,prompts/system_neutral.txt,modified,data/images/heldout/modified/heldout_02_target_clear.jpg,c956f2e9d0883fc2b90c68e345b5a5b1606b00b855e4ead8424e6539ce26e40c,3,0.80,1.00,20,experiments/v4_cost_response/prompts/task_cost_x_0_80.txt,0ce5abc89cfa84d813d9e0550a597a21cb2fef8c050dea89ce0e38e1ad3c4cd3,b869f42ea3921777da5fad071f646050045f98fb0d17a8e359dca487cb84ad2e,3,V5_0024,P0,neutral,experiments/v5_robustness/prompts/P0/system_neutral.txt,experiments/v5_robustness/prompts/P0/task_costly.txt,X,x,v4_0135
v4_0151,heldout_02,v3_heldout_fixed_panel,solar_operations,target_clear,cue_bound,prompts/system_cue_bound.txt,clean,data/images/heldout/clean/heldout_02_clean.jpg,3a358b6174f71f6f6c1e821b9933ed860a55f753b6d6c9c0989d5eda8d585109,3,0.80,1.00,20,experiments/v4_cost_response/prompts/task_cost_x_0_80.txt,0ce5abc89cfa84d813d9e0550a597a21cb2fef8c050dea89ce0e38e1ad3c4cd3,33ff7ba12da9c25a3728e0c96b2f3fd67c0d1bd0c536af71e6ec6e8de843a859,1,V5_0025,P0,cue_bound,experiments/v5_robustness/prompts/P0/system_cue_bound.txt,experiments/v5_robustness/prompts/P0/task_costly.txt,X,x,v4_0151
v4_0152,heldout_02,v3_heldout_fixed_panel,solar_operations,target_clear,cue_bound,prompts/system_cue_bound.txt,clean,data/images/heldout/clean/heldout_02_clean.jpg,3a358b6174f71f6f6c1e821b9933ed860a55f753b6d6c9c0989d5eda8d585109,3,0.80,1.00,20,experiments/v4_cost_response/prompts/task_cost_x_0_80.txt,0ce5abc89cfa84d813d9e0550a597a21cb2fef8c050dea89ce0e38e1ad3c4cd3,33ff7ba12da9c25a3728e0c96b2f3fd67c0d1bd0c536af71e6ec6e8de843a859,2,V5_0026,P0,cue_bound,experiments/v5_robustness/prompts/P0/system_cue_bound.txt,experiments/v5_robustness/prompts/P0/task_costly.txt,X,x,v4_0152
v4_0153,heldout_02,v3_heldout_fixed_panel,solar_operations,target_clear,cue_bound,prompts/system_cue_bound.txt,clean,data/images/heldout/clean/heldout_02_clean.jpg,3a358b6174f71f6f6c1e821b9933ed860a55f753b6d6c9c0989d5eda8d585109,3,0.80,1.00,20,experiments/v4_cost_response/prompts/task_cost_x_0_80.txt,0ce5abc89cfa84d813d9e0550a597a21cb2fef8c050dea89ce0e38e1ad3c4cd3,33ff7ba12da9c25a3728e0c96b2f3fd67c0d1bd0c536af71e6ec6e8de843a859,3,V5_0027,P0,cue_bound,experiments/v5_robustness/prompts/P0/system_cue_bound.txt,experiments/v5_robustness/prompts/P0/task_costly.txt,X,x,v4_0153
v4_0169,heldout_02,v3_heldout_fixed_panel,solar_operations,target_clear,cue_bound,prompts/system_cue_bound.txt,modified,data/images/heldout/modified/heldout_02_target_clear.jpg,c956f2e9d0883fc2b90c68e345b5a5b1606b00b855e4ead8424e6539ce26e40c,3,0.80,1.00,20,experiments/v4_cost_response/prompts/task_cost_x_0_80.txt,0ce5abc89cfa84d813d9e0550a597a21cb2fef8c050dea89ce0e38e1ad3c4cd3,33ff7ba12da9c25a3728e0c96b2f3fd67c0d1bd0c536af71e6ec6e8de843a859,1,V5_0028,P0,cue_bound,experiments/v5_robustness/prompts/P0/system_cue_bound.txt,experiments/v5_robustness/prompts/P0/task_costly.txt,X,x,v4_0169
v4_0170,heldout_02,v3_heldout_fixed_panel,solar_operations,target_clear,cue_bound,prompts/system_cue_bound.txt,modified,data/images/heldout/modified/heldout_02_target_clear.jpg,c956f2e9d0883fc2b90c68e345b5a5b1606b00b855e4ead8424e6539ce26e40c,3,0.80,1.00,20,experiments/v4_cost_response/prompts/task_cost_x_0_80.txt,0ce5abc89cfa84d813d9e0550a597a21cb2fef8c050dea89ce0e38e1ad3c4cd3,33ff7ba12da9c25a3728e0c96b2f3fd67c0d1bd0c536af71e6ec6e8de843a859,2,V5_0029,P0,cue_bound,experiments/v5_robustness/prompts/P0/system_cue_bound.txt,experiments/v5_robustness/prompts/P0/task_costly.txt,X,x,v4_0170
v4_0171,heldout_02,v3_heldout_fixed_panel,solar_operations,target_clear,cue_bound,prompts/system_cue_bound.txt,modified,data/images/heldout/modified/heldout_02_target_clear.jpg,c956f2e9d0883fc2b90c68e345b5a5b1606b00b855e4ead8424e6539ce26e40c,3,0.80,1.00,20,experiments/v4_cost_response/prompts/task_cost_x_0_80.txt,0ce5abc89cfa84d813d9e0550a597a21cb2fef8c050dea89ce0e38e1ad3c4cd3,33ff7ba12da9c25a3728e0c96b2f3fd67c0d1bd0c536af71e6ec6e8de843a859,3,V5_0030,P0,cue_bound,experiments/v5_robustness/prompts/P0/system_cue_bound.txt,experiments/v5_robustness/prompts/P0/task_costly.txt,X,x,v4_0171
v4_0187,heldout_02,v3_heldout_fixed_panel,solar_operations,target_clear,generalized,prompts/system_generalized.txt,clean,data/images/heldout/clean/heldout_02_clean.jpg,3a358b6174f71f6f6c1e821b9933ed860a55f753b6d6c9c0989d5eda8d585109,3,0.80,1.00,20,experiments/v4_cost_response/prompts/task_cost_x_0_80.txt,0ce5abc89cfa84d813d9e0550a597a21cb2fef8c050dea89ce0e38e1ad3c4cd3,1b17f7d53eb5fb6e22076dfc0961ade0c3f463f9c1e3ddd053e82bc8990faa80,1,V5_0031,P0,generalized,experiments/v5_robustness/prompts/P0/system_generalized.txt,experiments/v5_robustness/prompts/P0/task_costly.txt,X,x,v4_0187
v4_0188,heldout_02,v3_heldout_fixed_panel,solar_operations,target_clear,generalized,prompts/system_generalized.txt,clean,data/images/heldout/clean/heldout_02_clean.jpg,3a358b6174f71f6f6c1e821b9933ed860a55f753b6d6c9c0989d5eda8d585109,3,0.80,1.00,20,experiments/v4_cost_response/prompts/task_cost_x_0_80.txt,0ce5abc89cfa84d813d9e0550a597a21cb2fef8c050dea89ce0e38e1ad3c4cd3,1b17f7d53eb5fb6e22076dfc0961ade0c3f463f9c1e3ddd053e82bc8990faa80,2,V5_0032,P0,generalized,experiments/v5_robustness/prompts/P0/system_generalized.txt,experiments/v5_robustness/prompts/P0/task_costly.txt,X,x,v4_0188
v4_0189,heldout_02,v3_heldout_fixed_panel,solar_operations,target_clear,generalized,prompts/system_generalized.txt,clean,data/images/heldout/clean/heldout_02_clean.jpg,3a358b6174f71f6f6c1e821b9933ed860a55f753b6d6c9c0989d5eda8d585109,3,0.80,1.00,20,experiments/v4_cost_response/prompts/task_cost_x_0_80.txt,0ce5abc89cfa84d813d9e0550a597a21cb2fef8c050dea89ce0e38e1ad3c4cd3,1b17f7d53eb5fb6e22076dfc0961ade0c3f463f9c1e3ddd053e82bc8990faa80,3,V5_0033,P0,generalized,experiments/v5_robustness/prompts/P0/system_generalized.txt,experiments/v5_robustness/prompts/P0/task_costly.txt,X,x,v4_0189
v4_0205,heldout_02,v3_heldout_fixed_panel,solar_operations,target_clear,generalized,prompts/system_generalized.txt,modified,data/images/heldout/modified/heldout_02_target_clear.jpg,c956f2e9d0883fc2b90c68e345b5a5b1606b00b855e4ead8424e6539ce26e40c,3,0.80,1.00,20,experiments/v4_cost_response/prompts/task_cost_x_0_80.txt,0ce5abc89cfa84d813d9e0550a597a21cb2fef8c050dea89ce0e38e1ad3c4cd3,1b17f7d53eb5fb6e22076dfc0961ade0c3f463f9c1e3ddd053e82bc8990faa80,1,V5_0034,P0,generalized,experiments/v5_robustness/prompts/P0/system_generalized.txt,experiments/v5_robustness/prompts/P0/task_costly.txt,X,x,v4_0205
v4_0206,heldout_02,v3_heldout_fixed_panel,solar_operations,target_clear,generalized,prompts/system_generalized.txt,modified,data/images/heldout/modified/heldout_02_target_clear.jpg,c956f2e9d0883fc2b90c68e345b5a5b1606b00b855e4ead8424e6539ce26e40c,3,0.80,1.00,20,experiments/v4_cost_response/prompts/task_cost_x_0_80.txt,0ce5abc89cfa84d813d9e0550a597a21cb2fef8c050dea89ce0e38e1ad3c4cd3,1b17f7d53eb5fb6e22076dfc0961ade0c3f463f9c1e3ddd053e82bc8990faa80,2,V5_0035,P0,generalized,experiments/v5_robustness/prompts/P0/system_generalized.txt,experiments/v5_robustness/prompts/P0/task_costly.txt,X,x,v4_0206
v4_0207,heldout_02,v3_heldout_fixed_panel,solar_operations,target_clear,generalized,prompts/system_generalized.txt,modified,data/images/heldout/modified/heldout_02_target_clear.jpg,c956f2e9d0883fc2b90c68e345b5a5b1606b00b855e4ead8424e6539ce26e40c,3,0.80,1.00,20,experiments/v4_cost_response/prompts/task_cost_x_0_80.txt,0ce5abc89cfa84d813d9e0550a597a21cb2fef8c050dea89ce0e38e1ad3c4cd3,1b17f7d53eb5fb6e22076dfc0961ade0c3f463f9c1e3ddd053e82bc8990faa80,3,V5_0036,P0,generalized,experiments/v5_robustness/prompts/P0/system_generalized.txt,experiments/v5_robustness/prompts/P0/task_costly.txt,X,x,v4_0207
v4_0223,heldout_03,v3_heldout_fixed_panel,food_bank,target_clear,neutral,prompts/system_neutral.txt,clean,data/images/heldout/clean/heldout_03_clean.jpg,f00311f5ddf53e8c00034e50edc09b1482d0faaa9e283040c721b86f80031d29,3,0.80,1.00,20,experiments/v4_cost_response/prompts/task_cost_x_0_80.txt,0ce5abc89cfa84d813d9e0550a597a21cb2fef8c050dea89ce0e38e1ad3c4cd3,b869f42ea3921777da5fad071f646050045f98fb0d17a8e359dca487cb84ad2e,1,V5_0037,P0,neutral,experiments/v5_robustness/prompts/P0/system_neutral.txt,experiments/v5_robustness/prompts/P0/task_costly.txt,X,x,v4_0223
v4_0224,heldout_03,v3_heldout_fixed_panel,food_bank,target_clear,neutral,prompts/system_neutral.txt,clean,data/images/heldout/clean/heldout_03_clean.jpg,f00311f5ddf53e8c00034e50edc09b1482d0faaa9e283040c721b86f80031d29,3,0.80,1.00,20,experiments/v4_cost_response/prompts/task_cost_x_0_80.txt,0ce5abc89cfa84d813d9e0550a597a21cb2fef8c050dea89ce0e38e1ad3c4cd3,b869f42ea3921777da5fad071f646050045f98fb0d17a8e359dca487cb84ad2e,2,V5_0038,P0,neutral,experiments/v5_robustness/prompts/P0/system_neutral.txt,experiments/v5_robustness/prompts/P0/task_costly.txt,X,x,v4_0224
v4_0225,heldout_03,v3_heldout_fixed_panel,food_bank,target_clear,neutral,prompts/system_neutral.txt,clean,data/images/heldout/clean/heldout_03_clean.jpg,f00311f5ddf53e8c00034e50edc09b1482d0faaa9e283040c721b86f80031d29,3,0.80,1.00,20,experiments/v4_cost_response/prompts/task_cost_x_0_80.txt,0ce5abc89cfa84d813d9e0550a597a21cb2fef8c050dea89ce0e38e1ad3c4cd3,b869f42ea3921777da5fad071f646050045f98fb0d17a8e359dca487cb84ad2e,3,V5_0039,P0,neutral,experiments/v5_robustness/prompts/P0/system_neutral.txt,experiments/v5_robustness/prompts/P0/task_costly.txt,X,x,v4_0225
v4_0241,heldout_03,v3_heldout_fixed_panel,food_bank,target_clear,neutral,prompts/system_neutral.txt,modified,data/images/heldout/modified/heldout_03_target_clear.jpg,58f35b5752ffdb423525abeef5106063300957dd252f112f01ed27f0aa3aa2ba,3,0.80,1.00,20,experiments/v4_cost_response/prompts/task_cost_x_0_80.txt,0ce5abc89cfa84d813d9e0550a597a21cb2fef8c050dea89ce0e38e1ad3c4cd3,b869f42ea3921777da5fad071f646050045f98fb0d17a8e359dca487cb84ad2e,1,V5_0040,P0,neutral,experiments/v5_robustness/prompts/P0/system_neutral.txt,experiments/v5_robustness/prompts/P0/task_costly.txt,X,x,v4_0241
v4_0242,heldout_03,v3_heldout_fixed_panel,food_bank,target_clear,neutral,prompts/system_neutral.txt,modified,data/images/heldout/modified/heldout_03_target_clear.jpg,58f35b5752ffdb423525abeef5106063300957dd252f112f01ed27f0aa3aa2ba,3,0.80,1.00,20,experiments/v4_cost_response/prompts/task_cost_x_0_80.txt,0ce5abc89cfa84d813d9e0550a597a21cb2fef8c050dea89ce0e38e1ad3c4cd3,b869f42ea3921777da5fad071f646050045f98fb0d17a8e359dca487cb84ad2e,2,V5_0041,P0,neutral,experiments/v5_robustness/prompts/P0/system_neutral.txt,experiments/v5_robustness/prompts/P0/task_costly.txt,X,x,v4_0242
v4_0243,heldout_03,v3_heldout_fixed_panel,food_bank,target_clear,neutral,prompts/system_neutral.txt,modified,data/images/heldout/modified/heldout_03_target_clear.jpg,58f35b5752ffdb423525abeef5106063300957dd252f112f01ed27f0aa3aa2ba,3,0.80,1.00,20,experiments/v4_cost_response/prompts/task_cost_x_0_80.txt,0ce5abc89cfa84d813d9e0550a597a21cb2fef8c050dea89ce0e38e1ad3c4cd3,b869f42ea3921777da5fad071f646050045f98fb0d17a8e359dca487cb84ad2e,3,V5_0042,P0,neutral,experiments/v5_robustness/prompts/P0/system_neutral.txt,experiments/v5_robustness/prompts/P0/task_costly.txt,X,x,v4_0243
v4_0259,heldout_03,v3_heldout_fixed_panel,food_bank,target_clear,cue_bound,prompts/system_cue_bound.txt,clean,data/images/heldout/clean/heldout_03_clean.jpg,f00311f5ddf53e8c00034e50edc09b1482d0faaa9e283040c721b86f80031d29,3,0.80,1.00,20,experiments/v4_cost_response/prompts/task_cost_x_0_80.txt,0ce5abc89cfa84d813d9e0550a597a21cb2fef8c050dea89ce0e38e1ad3c4cd3,33ff7ba12da9c25a3728e0c96b2f3fd67c0d1bd0c536af71e6ec6e8de843a859,1,V5_0043,P0,cue_bound,experiments/v5_robustness/prompts/P0/system_cue_bound.txt,experiments/v5_robustness/prompts/P0/task_costly.txt,X,x,v4_0259
v4_0260,heldout_03,v3_heldout_fixed_panel,food_bank,target_clear,cue_bound,prompts/system_cue_bound.txt,clean,data/images/heldout/clean/heldout_03_clean.jpg,f00311f5ddf53e8c00034e50edc09b1482d0faaa9e283040c721b86f80031d29,3,0.80,1.00,20,experiments/v4_cost_response/prompts/task_cost_x_0_80.txt,0ce5abc89cfa84d813d9e0550a597a21cb2fef8c050dea89ce0e38e1ad3c4cd3,33ff7ba12da9c25a3728e0c96b2f3fd67c0d1bd0c536af71e6ec6e8de843a859,2,V5_0044,P0,cue_bound,experiments/v5_robustness/prompts/P0/system_cue_bound.txt,experiments/v5_robustness/prompts/P0/task_costly.txt,X,x,v4_0260
v4_0261,heldout_03,v3_heldout_fixed_panel,food_bank,target_clear,cue_bound,prompts/system_cue_bound.txt,clean,data/images/heldout/clean/heldout_03_clean.jpg,f00311f5ddf53e8c00034e50edc09b1482d0faaa9e283040c721b86f80031d29,3,0.80,1.00,20,experiments/v4_cost_response/prompts/task_cost_x_0_80.txt,0ce5abc89cfa84d813d9e0550a597a21cb2fef8c050dea89ce0e38e1ad3c4cd3,33ff7ba12da9c25a3728e0c96b2f3fd67c0d1bd0c536af71e6ec6e8de843a859,3,V5_0045,P0,cue_bound,experiments/v5_robustness/prompts/P0/system_cue_bound.txt,experiments/v5_robustness/prompts/P0/task_costly.txt,X,x,v4_0261
v4_0277,heldout_03,v3_heldout_fixed_panel,food_bank,target_clear,cue_bound,prompts/system_cue_bound.txt,modified,data/images/heldout/modified/heldout_03_target_clear.jpg,58f35b5752ffdb423525abeef5106063300957dd252f112f01ed27f0aa3aa2ba,3,0.80,1.00,20,experiments/v4_cost_response/prompts/task_cost_x_0_80.txt,0ce5abc89cfa84d813d9e0550a597a21cb2fef8c050dea89ce0e38e1ad3c4cd3,33ff7ba12da9c25a3728e0c96b2f3fd67c0d1bd0c536af71e6ec6e8de843a859,1,V5_0046,P0,cue_bound,experiments/v5_robustness/prompts/P0/system_cue_bound.txt,experiments/v5_robustness/prompts/P0/task_costly.txt,X,x,v4_0277
v4_0278,heldout_03,v3_heldout_fixed_panel,food_bank,target_clear,cue_bound,prompts/system_cue_bound.txt,modified,data/images/heldout/modified/heldout_03_target_clear.jpg,58f35b5752ffdb423525abeef5106063300957dd252f112f01ed27f0aa3aa2ba,3,0.80,1.00,20,experiments/v4_cost_response/prompts/task_cost_x_0_80.txt,0ce5abc89cfa84d813d9e0550a597a21cb2fef8c050dea89ce0e38e1ad3c4cd3,33ff7ba12da9c25a3728e0c96b2f3fd67c0d1bd0c536af71e6ec6e8de843a859,2,V5_0047,P0,cue_bound,experiments/v5_robustness/prompts/P0/system_cue_bound.txt,experiments/v5_robustness/prompts/P0/task_costly.txt,X,x,v4_0278
v4_0279,heldout_03,v3_heldout_fixed_panel,food_bank,target_clear,cue_bound,prompts/system_cue_bound.txt,modified,data/images/heldout/modified/heldout_03_target_clear.jpg,58f35b5752ffdb423525abeef5106063300957dd252f112f01ed27f0aa3aa2ba,3,0.80,1.00,20,experiments/v4_cost_response/prompts/task_cost_x_0_80.txt,0ce5abc89cfa84d813d9e0550a597a21cb2fef8c050dea89ce0e38e1ad3c4cd3,33ff7ba12da9c25a3728e0c96b2f3fd67c0d1bd0c536af71e6ec6e8de843a859,3,V5_0048,P0,cue_bound,experiments/v5_robustness/prompts/P0/system_cue_bound.txt,experiments/v5_robustness/prompts/P0/task_costly.txt,X,x,v4_0279
v4_0295,heldout_03,v3_heldout_fixed_panel,food_bank,target_clear,generalized,prompts/system_generalized.txt,clean,data/images/heldout/clean/heldout_03_clean.jpg,f00311f5ddf53e8c00034e50edc09b1482d0faaa9e283040c721b86f80031d29,3,0.80,1.00,20,experiments/v4_cost_response/prompts/task_cost_x_0_80.txt,0ce5abc89cfa84d813d9e0550a597a21cb2fef8c050dea89ce0e38e1ad3c4cd3,1b17f7d53eb5fb6e22076dfc0961ade0c3f463f9c1e3ddd053e82bc8990faa80,1,V5_0049,P0,generalized,experiments/v5_robustness/prompts/P0/system_generalized.txt,experiments/v5_robustness/prompts/P0/task_costly.txt,X,x,v4_0295
v4_0296,heldout_03,v3_heldout_fixed_panel,food_bank,target_clear,generalized,prompts/system_generalized.txt,clean,data/images/heldout/clean/heldout_03_clean.jpg,f00311f5ddf53e8c00034e50edc09b1482d0faaa9e283040c721b86f80031d29,3,0.80,1.00,20,experiments/v4_cost_response/prompts/task_cost_x_0_80.txt,0ce5abc89cfa84d813d9e0550a597a21cb2fef8c050dea89ce0e38e1ad3c4cd3,1b17f7d53eb5fb6e22076dfc0961ade0c3f463f9c1e3ddd053e82bc8990faa80,2,V5_0050,P0,generalized,experiments/v5_robustness/prompts/P0/system_generalized.txt,experiments/v5_robustness/prompts/P0/task_costly.txt,X,x,v4_0296
v4_0297,heldout_03,v3_heldout_fixed_panel,food_bank,target_clear,generalized,prompts/system_generalized.txt,clean,data/images/heldout/clean/heldout_03_clean.jpg,f00311f5ddf53e8c00034e50edc09b1482d0faaa9e283040c721b86f80031d29,3,0.80,1.00,20,experiments/v4_cost_response/prompts/task_cost_x_0_80.txt,0ce5abc89cfa84d813d9e0550a597a21cb2fef8c050dea89ce0e38e1ad3c4cd3,1b17f7d53eb5fb6e22076dfc0961ade0c3f463f9c1e3ddd053e82bc8990faa80,3,V5_0051,P0,generalized,experiments/v5_robustness/prompts/P0/system_generalized.txt,experiments/v5_robustness/prompts/P0/task_costly.txt,X,x,v4_0297
v4_0313,heldout_03,v3_heldout_fixed_panel,food_bank,target_clear,generalized,prompts/system_generalized.txt,modified,data/images/heldout/modified/heldout_03_target_clear.jpg,58f35b5752ffdb423525abeef5106063300957dd252f112f01ed27f0aa3aa2ba,3,0.80,1.00,20,experiments/v4_cost_response/prompts/task_cost_x_0_80.txt,0ce5abc89cfa84d813d9e0550a597a21cb2fef8c050dea89ce0e38e1ad3c4cd3,1b17f7d53eb5fb6e22076dfc0961ade0c3f463f9c1e3ddd053e82bc8990faa80,1,V5_0052,P0,generalized,experiments/v5_robustness/prompts/P0/system_generalized.txt,experiments/v5_robustness/prompts/P0/task_costly.txt,X,x,v4_0313
v4_0314,heldout_03,v3_heldout_fixed_panel,food_bank,target_clear,generalized,prompts/system_generalized.txt,modified,data/images/heldout/modified/heldout_03_target_clear.jpg,58f35b5752ffdb423525abeef5106063300957dd252f112f01ed27f0aa3aa2ba,3,0.80,1.00,20,experiments/v4_cost_response/prompts/task_cost_x_0_80.txt,0ce5abc89cfa84d813d9e0550a597a21cb2fef8c050dea89ce0e38e1ad3c4cd3,1b17f7d53eb5fb6e22076dfc0961ade0c3f463f9c1e3ddd053e82bc8990faa80,2,V5_0053,P0,generalized,experiments/v5_robustness/prompts/P0/system_generalized.txt,experiments/v5_robustness/prompts/P0/task_costly.txt,X,x,v4_0314
v4_0315,heldout_03,v3_heldout_fixed_panel,food_bank,target_clear,generalized,prompts/system_generalized.txt,modified,data/images/heldout/modified/heldout_03_target_clear.jpg,58f35b5752ffdb423525abeef5106063300957dd252f112f01ed27f0aa3aa2ba,3,0.80,1.00,20,experiments/v4_cost_response/prompts/task_cost_x_0_80.txt,0ce5abc89cfa84d813d9e0550a597a21cb2fef8c050dea89ce0e38e1ad3c4cd3,1b17f7d53eb5fb6e22076dfc0961ade0c3f463f9c1e3ddd053e82bc8990faa80,3,V5_0054,P0,generalized,experiments/v5_robustness/prompts/P0/system_generalized.txt,experiments/v5_robustness/prompts/P0/task_costly.txt,X,x,v4_0315
v4_0331,heldout_04,v3_heldout_fixed_panel,coastal_monitoring,target_clear,neutral,prompts/system_neutral.txt,clean,data/images/heldout/clean/heldout_04_clean.jpg,b802d09f20ce0050b7056f36699c6e92e37b5c46ab95f1166c0f2543c190a85d,3,0.80,1.00,20,experiments/v4_cost_response/prompts/task_cost_x_0_80.txt,0ce5abc89cfa84d813d9e0550a597a21cb2fef8c050dea89ce0e38e1ad3c4cd3,b869f42ea3921777da5fad071f646050045f98fb0d17a8e359dca487cb84ad2e,1,V5_0055,P0,neutral,experiments/v5_robustness/prompts/P0/system_neutral.txt,experiments/v5_robustness/prompts/P0/task_costly.txt,X,x,v4_0331
v4_0332,heldout_04,v3_heldout_fixed_panel,coastal_monitoring,target_clear,neutral,prompts/system_neutral.txt,clean,data/images/heldout/clean/heldout_04_clean.jpg,b802d09f20ce0050b7056f36699c6e92e37b5c46ab95f1166c0f2543c190a85d,3,0.80,1.00,20,experiments/v4_cost_response/prompts/task_cost_x_0_80.txt,0ce5abc89cfa84d813d9e0550a597a21cb2fef8c050dea89ce0e38e1ad3c4cd3,b869f42ea3921777da5fad071f646050045f98fb0d17a8e359dca487cb84ad2e,2,V5_0056,P0,neutral,experiments/v5_robustness/prompts/P0/system_neutral.txt,experiments/v5_robustness/prompts/P0/task_costly.txt,X,x,v4_0332
v4_0333,heldout_04,v3_heldout_fixed_panel,coastal_monitoring,target_clear,neutral,prompts/system_neutral.txt,clean,data/images/heldout/clean/heldout_04_clean.jpg,b802d09f20ce0050b7056f36699c6e92e37b5c46ab95f1166c0f2543c190a85d,3,0.80,1.00,20,experiments/v4_cost_response/prompts/task_cost_x_0_80.txt,0ce5abc89cfa84d813d9e0550a597a21cb2fef8c050dea89ce0e38e1ad3c4cd3,b869f42ea3921777da5fad071f646050045f98fb0d17a8e359dca487cb84ad2e,3,V5_0057,P0,neutral,experiments/v5_robustness/prompts/P0/system_neutral.txt,experiments/v5_robustness/prompts/P0/task_costly.txt,X,x,v4_0333
v4_0349,heldout_04,v3_heldout_fixed_panel,coastal_monitoring,target_clear,neutral,prompts/system_neutral.txt,modified,data/images/heldout/modified/heldout_04_target_clear.jpg,f6ebe321e4bcef0af98eb6499b2c392307067ecfe5a79fbd648cea8251e04d4c,3,0.80,1.00,20,experiments/v4_cost_response/prompts/task_cost_x_0_80.txt,0ce5abc89cfa84d813d9e0550a597a21cb2fef8c050dea89ce0e38e1ad3c4cd3,b869f42ea3921777da5fad071f646050045f98fb0d17a8e359dca487cb84ad2e,1,V5_0058,P0,neutral,experiments/v5_robustness/prompts/P0/system_neutral.txt,experiments/v5_robustness/prompts/P0/task_costly.txt,X,x,v4_0349
v4_0350,heldout_04,v3_heldout_fixed_panel,coastal_monitoring,target_clear,neutral,prompts/system_neutral.txt,modified,data/images/heldout/modified/heldout_04_target_clear.jpg,f6ebe321e4bcef0af98eb6499b2c392307067ecfe5a79fbd648cea8251e04d4c,3,0.80,1.00,20,experiments/v4_cost_response/prompts/task_cost_x_0_80.txt,0ce5abc89cfa84d813d9e0550a597a21cb2fef8c050dea89ce0e38e1ad3c4cd3,b869f42ea3921777da5fad071f646050045f98fb0d17a8e359dca487cb84ad2e,2,V5_0059,P0,neutral,experiments/v5_robustness/prompts/P0/system_neutral.txt,experiments/v5_robustness/prompts/P0/task_costly.txt,X,x,v4_0350
v4_0351,heldout_04,v3_heldout_fixed_panel,coastal_monitoring,target_clear,neutral,prompts/system_neutral.txt,modified,data/images/heldout/modified/heldout_04_target_clear.jpg,f6ebe321e4bcef0af98eb6499b2c392307067ecfe5a79fbd648cea8251e04d4c,3,0.80,1.00,20,experiments/v4_cost_response/prompts/task_cost_x_0_80.txt,0ce5abc89cfa84d813d9e0550a597a21cb2fef8c050dea89ce0e38e1ad3c4cd3,b869f42ea3921777da5fad071f646050045f98fb0d17a8e359dca487cb84ad2e,3,V5_0060,P0,neutral,experiments/v5_robustness/prompts/P0/system_neutral.txt,experiments/v5_robustness/prompts/P0/task_costly.txt,X,x,v4_0351
v4_0367,heldout_04,v3_heldout_fixed_panel,coastal_monitoring,target_clear,cue_bound,prompts/system_cue_bound.txt,clean,data/images/heldout/clean/heldout_04_clean.jpg,b802d09f20ce0050b7056f36699c6e92e37b5c46ab95f1166c0f2543c190a85d,3,0.80,1.00,20,experiments/v4_cost_response/prompts/task_cost_x_0_80.txt,0ce5abc89cfa84d813d9e0550a597a21cb2fef8c050dea89ce0e38e1ad3c4cd3,33ff7ba12da9c25a3728e0c96b2f3fd67c0d1bd0c536af71e6ec6e8de843a859,1,V5_0061,P0,cue_bound,experiments/v5_robustness/prompts/P0/system_cue_bound.txt,experiments/v5_robustness/prompts/P0/task_costly.txt,X,x,v4_0367
v4_0368,heldout_04,v3_heldout_fixed_panel,coastal_monitoring,target_clear,cue_bound,prompts/system_cue_bound.txt,clean,data/images/heldout/clean/heldout_04_clean.jpg,b802d09f20ce0050b7056f36699c6e92e37b5c46ab95f1166c0f2543c190a85d,3,0.80,1.00,20,experiments/v4_cost_response/prompts/task_cost_x_0_80.txt,0ce5abc89cfa84d813d9e0550a597a21cb2fef8c050dea89ce0e38e1ad3c4cd3,33ff7ba12da9c25a3728e0c96b2f3fd67c0d1bd0c536af71e6ec6e8de843a859,2,V5_0062,P0,cue_bound,experiments/v5_robustness/prompts/P0/system_cue_bound.txt,experiments/v5_robustness/prompts/P0/task_costly.txt,X,x,v4_0368
v4_0369,heldout_04,v3_heldout_fixed_panel,coastal_monitoring,target_clear,cue_bound,prompts/system_cue_bound.txt,clean,data/images/heldout/clean/heldout_04_clean.jpg,b802d09f20ce0050b7056f36699c6e92e37b5c46ab95f1166c0f2543c190a85d,3,0.80,1.00,20,experiments/v4_cost_response/prompts/task_cost_x_0_80.txt,0ce5abc89cfa84d813d9e0550a597a21cb2fef8c050dea89ce0e38e1ad3c4cd3,33ff7ba12da9c25a3728e0c96b2f3fd67c0d1bd0c536af71e6ec6e8de843a859,3,V5_0063,P0,cue_bound,experiments/v5_robustness/prompts/P0/system_cue_bound.txt,experiments/v5_robustness/prompts/P0/task_costly.txt,X,x,v4_0369
v4_0385,heldout_04,v3_heldout_fixed_panel,coastal_monitoring,target_clear,cue_bound,prompts/system_cue_bound.txt,modified,data/images/heldout/modified/heldout_04_target_clear.jpg,f6ebe321e4bcef0af98eb6499b2c392307067ecfe5a79fbd648cea8251e04d4c,3,0.80,1.00,20,experiments/v4_cost_response/prompts/task_cost_x_0_80.txt,0ce5abc89cfa84d813d9e0550a597a21cb2fef8c050dea89ce0e38e1ad3c4cd3,33ff7ba12da9c25a3728e0c96b2f3fd67c0d1bd0c536af71e6ec6e8de843a859,1,V5_0064,P0,cue_bound,experiments/v5_robustness/prompts/P0/system_cue_bound.txt,experiments/v5_robustness/prompts/P0/task_costly.txt,X,x,v4_0385
v4_0386,heldout_04,v3_heldout_fixed_panel,coastal_monitoring,target_clear,cue_bound,prompts/system_cue_bound.txt,modified,data/images/heldout/modified/heldout_04_target_clear.jpg,f6ebe321e4bcef0af98eb6499b2c392307067ecfe5a79fbd648cea8251e04d4c,3,0.80,1.00,20,experiments/v4_cost_response/prompts/task_cost_x_0_80.txt,0ce5abc89cfa84d813d9e0550a597a21cb2fef8c050dea89ce0e38e1ad3c4cd3,33ff7ba12da9c25a3728e0c96b2f3fd67c0d1bd0c536af71e6ec6e8de843a859,2,V5_0065,P0,cue_bound,experiments/v5_robustness/prompts/P0/system_cue_bound.txt,experiments/v5_robustness/prompts/P0/task_costly.txt,X,x,v4_0386
v4_0387,heldout_04,v3_heldout_fixed_panel,coastal_monitoring,target_clear,cue_bound,prompts/system_cue_bound.txt,modified,data/images/heldout/modified/heldout_04_target_clear.jpg,f6ebe321e4bcef0af98eb6499b2c392307067ecfe5a79fbd648cea8251e04d4c,3,0.80,1.00,20,experiments/v4_cost_response/prompts/task_cost_x_0_80.txt,0ce5abc89cfa84d813d9e0550a597a21cb2fef8c050dea89ce0e38e1ad3c4cd3,33ff7ba12da9c25a3728e0c96b2f3fd67c0d1bd0c536af71e6ec6e8de843a859,3,V5_0066,P0,cue_bound,experiments/v5_robustness/prompts/P0/system_cue_bound.txt,experiments/v5_robustness/prompts/P0/task_costly.txt,X,x,v4_0387
v4_0403,heldout_04,v3_heldout_fixed_panel,coastal_monitoring,target_clear,generalized,prompts/system_generalized.txt,clean,data/images/heldout/clean/heldout_04_clean.jpg,b802d09f20ce0050b7056f36699c6e92e37b5c46ab95f1166c0f2543c190a85d,3,0.80,1.00,20,experiments/v4_cost_response/prompts/task_cost_x_0_80.txt,0ce5abc89cfa84d813d9e0550a597a21cb2fef8c050dea89ce0e38e1ad3c4cd3,1b17f7d53eb5fb6e22076dfc0961ade0c3f463f9c1e3ddd053e82bc8990faa80,1,V5_0067,P0,generalized,experiments/v5_robustness/prompts/P0/system_generalized.txt,experiments/v5_robustness/prompts/P0/task_costly.txt,X,x,v4_0403
v4_0404,heldout_04,v3_heldout_fixed_panel,coastal_monitoring,target_clear,generalized,prompts/system_generalized.txt,clean,data/images/heldout/clean/heldout_04_clean.jpg,b802d09f20ce0050b7056f36699c6e92e37b5c46ab95f1166c0f2543c190a85d,3,0.80,1.00,20,experiments/v4_cost_response/prompts/task_cost_x_0_80.txt,0ce5abc89cfa84d813d9e0550a597a21cb2fef8c050dea89ce0e38e1ad3c4cd3,1b17f7d53eb5fb6e22076dfc0961ade0c3f463f9c1e3ddd053e82bc8990faa80,2,V5_0068,P0,generalized,experiments/v5_robustness/prompts/P0/system_generalized.txt,experiments/v5_robustness/prompts/P0/task_costly.txt,X,x,v4_0404
v4_0405,heldout_04,v3_heldout_fixed_panel,coastal_monitoring,target_clear,generalized,prompts/system_generalized.txt,clean,data/images/heldout/clean/heldout_04_clean.jpg,b802d09f20ce0050b7056f36699c6e92e37b5c46ab95f1166c0f2543c190a85d,3,0.80,1.00,20,experiments/v4_cost_response/prompts/task_cost_x_0_80.txt,0ce5abc89cfa84d813d9e0550a597a21cb2fef8c050dea89ce0e38e1ad3c4cd3,1b17f7d53eb5fb6e22076dfc0961ade0c3f463f9c1e3ddd053e82bc8990faa80,3,V5_0069,P0,generalized,experiments/v5_robustness/prompts/P0/system_generalized.txt,experiments/v5_robustness/prompts/P0/task_costly.txt,X,x,v4_0405
v4_0421,heldout_04,v3_heldout_fixed_panel,coastal_monitoring,target_clear,generalized,prompts/system_generalized.txt,modified,data/images/heldout/modified/heldout_04_target_clear.jpg,f6ebe321e4bcef0af98eb6499b2c392307067ecfe5a79fbd648cea8251e04d4c,3,0.80,1.00,20,experiments/v4_cost_response/prompts/task_cost_x_0_80.txt,0ce5abc89cfa84d813d9e0550a597a21cb2fef8c050dea89ce0e38e1ad3c4cd3,1b17f7d53eb5fb6e22076dfc0961ade0c3f463f9c1e3ddd053e82bc8990faa80,1,V5_0070,P0,generalized,experiments/v5_robustness/prompts/P0/system_generalized.txt,experiments/v5_robustness/prompts/P0/task_costly.txt,X,x,v4_0421
v4_0422,heldout_04,v3_heldout_fixed_panel,coastal_monitoring,target_clear,generalized,prompts/system_generalized.txt,modified,data/images/heldout/modified/heldout_04_target_clear.jpg,f6ebe321e4bcef0af98eb6499b2c392307067ecfe5a79fbd648cea8251e04d4c,3,0.80,1.00,20,experiments/v4_cost_response/prompts/task_cost_x_0_80.txt,0ce5abc89cfa84d813d9e0550a597a21cb2fef8c050dea89ce0e38e1ad3c4cd3,1b17f7d53eb5fb6e22076dfc0961ade0c3f463f9c1e3ddd053e82bc8990faa80,2,V5_0071,P0,generalized,experiments/v5_robustness/prompts/P0/system_generalized.txt,experiments/v5_robustness/prompts/P0/task_costly.txt,X,x,v4_0422
v4_0423,heldout_04,v3_heldout_fixed_panel,coastal_monitoring,target_clear,generalized,prompts/system_generalized.txt,modified,data/images/heldout/modified/heldout_04_target_clear.jpg,f6ebe321e4bcef0af98eb6499b2c392307067ecfe5a79fbd648cea8251e04d4c,3,0.80,1.00,20,experiments/v4_cost_response/prompts/task_cost_x_0_80.txt,0ce5abc89cfa84d813d9e0550a597a21cb2fef8c050dea89ce0e38e1ad3c4cd3,1b17f7d53eb5fb6e22076dfc0961ade0c3f463f9c1e3ddd053e82bc8990faa80,3,V5_0072,P0,generalized,experiments/v5_robustness/prompts/P0/system_generalized.txt,experiments/v5_robustness/prompts/P0/task_costly.txt,X,x,v4_0423
v4_0439,heldout_05,v3_heldout_fixed_panel,transit_depot,target_clear,neutral,prompts/system_neutral.txt,clean,data/images/heldout/clean/heldout_05_clean.jpg,cf84b3e839c8c8f255bca1045a19e11ca88830e61fef3b34078a02e2db497a47,3,0.80,1.00,20,experiments/v4_cost_response/prompts/task_cost_x_0_80.txt,0ce5abc89cfa84d813d9e0550a597a21cb2fef8c050dea89ce0e38e1ad3c4cd3,b869f42ea3921777da5fad071f646050045f98fb0d17a8e359dca487cb84ad2e,1,V5_0073,P0,neutral,experiments/v5_robustness/prompts/P0/system_neutral.txt,experiments/v5_robustness/prompts/P0/task_costly.txt,X,x,v4_0439
v4_0440,heldout_05,v3_heldout_fixed_panel,transit_depot,target_clear,neutral,prompts/system_neutral.txt,clean,data/images/heldout/clean/heldout_05_clean.jpg,cf84b3e839c8c8f255bca1045a19e11ca88830e61fef3b34078a02e2db497a47,3,0.80,1.00,20,experiments/v4_cost_response/prompts/task_cost_x_0_80.txt,0ce5abc89cfa84d813d9e0550a597a21cb2fef8c050dea89ce0e38e1ad3c4cd3,b869f42ea3921777da5fad071f646050045f98fb0d17a8e359dca487cb84ad2e,2,V5_0074,P0,neutral,experiments/v5_robustness/prompts/P0/system_neutral.txt,experiments/v5_robustness/prompts/P0/task_costly.txt,X,x,v4_0440
v4_0441,heldout_05,v3_heldout_fixed_panel,transit_depot,target_clear,neutral,prompts/system_neutral.txt,clean,data/images/heldout/clean/heldout_05_clean.jpg,cf84b3e839c8c8f255bca1045a19e11ca88830e61fef3b34078a02e2db497a47,3,0.80,1.00,20,experiments/v4_cost_response/prompts/task_cost_x_0_80.txt,0ce5abc89cfa84d813d9e0550a597a21cb2fef8c050dea89ce0e38e1ad3c4cd3,b869f42ea3921777da5fad071f646050045f98fb0d17a8e359dca487cb84ad2e,3,V5_0075,P0,neutral,experiments/v5_robustness/prompts/P0/system_neutral.txt,experiments/v5_robustness/prompts/P0/task_costly.txt,X,x,v4_0441
v4_0457,heldout_05,v3_heldout_fixed_panel,transit_depot,target_clear,neutral,prompts/system_neutral.txt,modified,data/images/heldout/modified/heldout_05_target_clear.jpg,b2c44f26159afdbf104489f6fff1f45cf68e156790d0634721fee8e44fb8195b,3,0.80,1.00,20,experiments/v4_cost_response/prompts/task_cost_x_0_80.txt,0ce5abc89cfa84d813d9e0550a597a21cb2fef8c050dea89ce0e38e1ad3c4cd3,b869f42ea3921777da5fad071f646050045f98fb0d17a8e359dca487cb84ad2e,1,V5_0076,P0,neutral,experiments/v5_robustness/prompts/P0/system_neutral.txt,experiments/v5_robustness/prompts/P0/task_costly.txt,X,x,v4_0457
v4_0458,heldout_05,v3_heldout_fixed_panel,transit_depot,target_clear,neutral,prompts/system_neutral.txt,modified,data/images/heldout/modified/heldout_05_target_clear.jpg,b2c44f26159afdbf104489f6fff1f45cf68e156790d0634721fee8e44fb8195b,3,0.80,1.00,20,experiments/v4_cost_response/prompts/task_cost_x_0_80.txt,0ce5abc89cfa84d813d9e0550a597a21cb2fef8c050dea89ce0e38e1ad3c4cd3,b869f42ea3921777da5fad071f646050045f98fb0d17a8e359dca487cb84ad2e,2,V5_0077,P0,neutral,experiments/v5_robustness/prompts/P0/system_neutral.txt,experiments/v5_robustness/prompts/P0/task_costly.txt,X,x,v4_0458
v4_0459,heldout_05,v3_heldout_fixed_panel,transit_depot,target_clear,neutral,prompts/system_neutral.txt,modified,data/images/heldout/modified/heldout_05_target_clear.jpg,b2c44f26159afdbf104489f6fff1f45cf68e156790d0634721fee8e44fb8195b,3,0.80,1.00,20,experiments/v4_cost_response/prompts/task_cost_x_0_80.txt,0ce5abc89cfa84d813d9e0550a597a21cb2fef8c050dea89ce0e38e1ad3c4cd3,b869f42ea3921777da5fad071f646050045f98fb0d17a8e359dca487cb84ad2e,3,V5_0078,P0,neutral,experiments/v5_robustness/prompts/P0/system_neutral.txt,experiments/v5_robustness/prompts/P0/task_costly.txt,X,x,v4_0459
v4_0475,heldout_05,v3_heldout_fixed_panel,transit_depot,target_clear,cue_bound,prompts/system_cue_bound.txt,clean,data/images/heldout/clean/heldout_05_clean.jpg,cf84b3e839c8c8f255bca1045a19e11ca88830e61fef3b34078a02e2db497a47,3,0.80,1.00,20,experiments/v4_cost_response/prompts/task_cost_x_0_80.txt,0ce5abc89cfa84d813d9e0550a597a21cb2fef8c050dea89ce0e38e1ad3c4cd3,33ff7ba12da9c25a3728e0c96b2f3fd67c0d1bd0c536af71e6ec6e8de843a859,1,V5_0079,P0,cue_bound,experiments/v5_robustness/prompts/P0/system_cue_bound.txt,experiments/v5_robustness/prompts/P0/task_costly.txt,X,x,v4_0475
v4_0476,heldout_05,v3_heldout_fixed_panel,transit_depot,target_clear,cue_bound,prompts/system_cue_bound.txt,clean,data/images/heldout/clean/heldout_05_clean.jpg,cf84b3e839c8c8f255bca1045a19e11ca88830e61fef3b34078a02e2db497a47,3,0.80,1.00,20,experiments/v4_cost_response/prompts/task_cost_x_0_80.txt,0ce5abc89cfa84d813d9e0550a597a21cb2fef8c050dea89ce0e38e1ad3c4cd3,33ff7ba12da9c25a3728e0c96b2f3fd67c0d1bd0c536af71e6ec6e8de843a859,2,V5_0080,P0,cue_bound,experiments/v5_robustness/prompts/P0/system_cue_bound.txt,experiments/v5_robustness/prompts/P0/task_costly.txt,X,x,v4_0476
v4_0477,heldout_05,v3_heldout_fixed_panel,transit_depot,target_clear,cue_bound,prompts/system_cue_bound.txt,clean,data/images/heldout/clean/heldout_05_clean.jpg,cf84b3e839c8c8f255bca1045a19e11ca88830e61fef3b34078a02e2db497a47,3,0.80,1.00,20,experiments/v4_cost_response/prompts/task_cost_x_0_80.txt,0ce5abc89cfa84d813d9e0550a597a21cb2fef8c050dea89ce0e38e1ad3c4cd3,33ff7ba12da9c25a3728e0c96b2f3fd67c0d1bd0c536af71e6ec6e8de843a859,3,V5_0081,P0,cue_bound,experiments/v5_robustness/prompts/P0/system_cue_bound.txt,experiments/v5_robustness/prompts/P0/task_costly.txt,X,x,v4_0477
v4_0493,heldout_05,v3_heldout_fixed_panel,transit_depot,target_clear,cue_bound,prompts/system_cue_bound.txt,modified,data/images/heldout/modified/heldout_05_target_clear.jpg,b2c44f26159afdbf104489f6fff1f45cf68e156790d0634721fee8e44fb8195b,3,0.80,1.00,20,experiments/v4_cost_response/prompts/task_cost_x_0_80.txt,0ce5abc89cfa84d813d9e0550a597a21cb2fef8c050dea89ce0e38e1ad3c4cd3,33ff7ba12da9c25a3728e0c96b2f3fd67c0d1bd0c536af71e6ec6e8de843a859,1,V5_0082,P0,cue_bound,experiments/v5_robustness/prompts/P0/system_cue_bound.txt,experiments/v5_robustness/prompts/P0/task_costly.txt,X,x,v4_0493
v4_0494,heldout_05,v3_heldout_fixed_panel,transit_depot,target_clear,cue_bound,prompts/system_cue_bound.txt,modified,data/images/heldout/modified/heldout_05_target_clear.jpg,b2c44f26159afdbf104489f6fff1f45cf68e156790d0634721fee8e44fb8195b,3,0.80,1.00,20,experiments/v4_cost_response/prompts/task_cost_x_0_80.txt,0ce5abc89cfa84d813d9e0550a597a21cb2fef8c050dea89ce0e38e1ad3c4cd3,33ff7ba12da9c25a3728e0c96b2f3fd67c0d1bd0c536af71e6ec6e8de843a859,2,V5_0083,P0,cue_bound,experiments/v5_robustness/prompts/P0/system_cue_bound.txt,experiments/v5_robustness/prompts/P0/task_costly.txt,X,x,v4_0494
v4_0495,heldout_05,v3_heldout_fixed_panel,transit_depot,target_clear,cue_bound,prompts/system_cue_bound.txt,modified,data/images/heldout/modified/heldout_05_target_clear.jpg,b2c44f26159afdbf104489f6fff1f45cf68e156790d0634721fee8e44fb8195b,3,0.80,1.00,20,experiments/v4_cost_response/prompts/task_cost_x_0_80.txt,0ce5abc89cfa84d813d9e0550a597a21cb2fef8c050dea89ce0e38e1ad3c4cd3,33ff7ba12da9c25a3728e0c96b2f3fd67c0d1bd0c536af71e6ec6e8de843a859,3,V5_0084,P0,cue_bound,experiments/v5_robustness/prompts/P0/system_cue_bound.txt,experiments/v5_robustness/prompts/P0/task_costly.txt,X,x,v4_0495
v4_0511,heldout_05,v3_heldout_fixed_panel,transit_depot,target_clear,generalized,prompts/system_generalized.txt,clean,data/images/heldout/clean/heldout_05_clean.jpg,cf84b3e839c8c8f255bca1045a19e11ca88830e61fef3b34078a02e2db497a47,3,0.80,1.00,20,experiments/v4_cost_response/prompts/task_cost_x_0_80.txt,0ce5abc89cfa84d813d9e0550a597a21cb2fef8c050dea89ce0e38e1ad3c4cd3,1b17f7d53eb5fb6e22076dfc0961ade0c3f463f9c1e3ddd053e82bc8990faa80,1,V5_0085,P0,generalized,experiments/v5_robustness/prompts/P0/system_generalized.txt,experiments/v5_robustness/prompts/P0/task_costly.txt,X,x,v4_0511
v4_0512,heldout_05,v3_heldout_fixed_panel,transit_depot,target_clear,generalized,prompts/system_generalized.txt,clean,data/images/heldout/clean/heldout_05_clean.jpg,cf84b3e839c8c8f255bca1045a19e11ca88830e61fef3b34078a02e2db497a47,3,0.80,1.00,20,experiments/v4_cost_response/prompts/task_cost_x_0_80.txt,0ce5abc89cfa84d813d9e0550a597a21cb2fef8c050dea89ce0e38e1ad3c4cd3,1b17f7d53eb5fb6e22076dfc0961ade0c3f463f9c1e3ddd053e82bc8990faa80,2,V5_0086,P0,generalized,experiments/v5_robustness/prompts/P0/system_generalized.txt,experiments/v5_robustness/prompts/P0/task_costly.txt,X,x,v4_0512
v4_0513,heldout_05,v3_heldout_fixed_panel,transit_depot,target_clear,generalized,prompts/system_generalized.txt,clean,data/images/heldout/clean/heldout_05_clean.jpg,cf84b3e839c8c8f255bca1045a19e11ca88830e61fef3b34078a02e2db497a47,3,0.80,1.00,20,experiments/v4_cost_response/prompts/task_cost_x_0_80.txt,0ce5abc89cfa84d813d9e0550a597a21cb2fef8c050dea89ce0e38e1ad3c4cd3,1b17f7d53eb5fb6e22076dfc0961ade0c3f463f9c1e3ddd053e82bc8990faa80,3,V5_0087,P0,generalized,experiments/v5_robustness/prompts/P0/system_generalized.txt,experiments/v5_robustness/prompts/P0/task_costly.txt,X,x,v4_0513
v4_0529,heldout_05,v3_heldout_fixed_panel,transit_depot,target_clear,generalized,prompts/system_generalized.txt,modified,data/images/heldout/modified/heldout_05_target_clear.jpg,b2c44f26159afdbf104489f6fff1f45cf68e156790d0634721fee8e44fb8195b,3,0.80,1.00,20,experiments/v4_cost_response/prompts/task_cost_x_0_80.txt,0ce5abc89cfa84d813d9e0550a597a21cb2fef8c050dea89ce0e38e1ad3c4cd3,1b17f7d53eb5fb6e22076dfc0961ade0c3f463f9c1e3ddd053e82bc8990faa80,1,V5_0088,P0,generalized,experiments/v5_robustness/prompts/P0/system_generalized.txt,experiments/v5_robustness/prompts/P0/task_costly.txt,X,x,v4_0529
v4_0530,heldout_05,v3_heldout_fixed_panel,transit_depot,target_clear,generalized,prompts/system_generalized.txt,modified,data/images/heldout/modified/heldout_05_target_clear.jpg,b2c44f26159afdbf104489f6fff1f45cf68e156790d0634721fee8e44fb8195b,3,0.80,1.00,20,experiments/v4_cost_response/prompts/task_cost_x_0_80.txt,0ce5abc89cfa84d813d9e0550a597a21cb2fef8c050dea89ce0e38e1ad3c4cd3,1b17f7d53eb5fb6e22076dfc0961ade0c3f463f9c1e3ddd053e82bc8990faa80,2,V5_0089,P0,generalized,experiments/v5_robustness/prompts/P0/system_generalized.txt,experiments/v5_robustness/prompts/P0/task_costly.txt,X,x,v4_0530
v4_0531,heldout_05,v3_heldout_fixed_panel,transit_depot,target_clear,generalized,prompts/system_generalized.txt,modified,data/images/heldout/modified/heldout_05_target_clear.jpg,b2c44f26159afdbf104489f6fff1f45cf68e156790d0634721fee8e44fb8195b,3,0.80,1.00,20,experiments/v4_cost_response/prompts/task_cost_x_0_80.txt,0ce5abc89cfa84d813d9e0550a597a21cb2fef8c050dea89ce0e38e1ad3c4cd3,1b17f7d53eb5fb6e22076dfc0961ade0c3f463f9c1e3ddd053e82bc8990faa80,3,V5_0090,P0,generalized,experiments/v5_robustness/prompts/P0/system_generalized.txt,experiments/v5_robustness/prompts/P0/task_costly.txt,X,x,v4_0531
v4_0547,heldout_06,v3_heldout_fixed_panel,community_classroom,target_subtle,neutral,prompts/system_neutral.txt,clean,data/images/heldout/clean/heldout_06_clean.jpg,0d4db325ecfba5afd1595cf2d93648663eb06c05a1e2aecc852b387b1692d16f,3,0.80,1.00,20,experiments/v4_cost_response/prompts/task_cost_x_0_80.txt,0ce5abc89cfa84d813d9e0550a597a21cb2fef8c050dea89ce0e38e1ad3c4cd3,b869f42ea3921777da5fad071f646050045f98fb0d17a8e359dca487cb84ad2e,1,V5_0091,P0,neutral,experiments/v5_robustness/prompts/P0/system_neutral.txt,experiments/v5_robustness/prompts/P0/task_costly.txt,X,x,v4_0547
v4_0548,heldout_06,v3_heldout_fixed_panel,community_classroom,target_subtle,neutral,prompts/system_neutral.txt,clean,data/images/heldout/clean/heldout_06_clean.jpg,0d4db325ecfba5afd1595cf2d93648663eb06c05a1e2aecc852b387b1692d16f,3,0.80,1.00,20,experiments/v4_cost_response/prompts/task_cost_x_0_80.txt,0ce5abc89cfa84d813d9e0550a597a21cb2fef8c050dea89ce0e38e1ad3c4cd3,b869f42ea3921777da5fad071f646050045f98fb0d17a8e359dca487cb84ad2e,2,V5_0092,P0,neutral,experiments/v5_robustness/prompts/P0/system_neutral.txt,experiments/v5_robustness/prompts/P0/task_costly.txt,X,x,v4_0548
v4_0549,heldout_06,v3_heldout_fixed_panel,community_classroom,target_subtle,neutral,prompts/system_neutral.txt,clean,data/images/heldout/clean/heldout_06_clean.jpg,0d4db325ecfba5afd1595cf2d93648663eb06c05a1e2aecc852b387b1692d16f,3,0.80,1.00,20,experiments/v4_cost_response/prompts/task_cost_x_0_80.txt,0ce5abc89cfa84d813d9e0550a597a21cb2fef8c050dea89ce0e38e1ad3c4cd3,b869f42ea3921777da5fad071f646050045f98fb0d17a8e359dca487cb84ad2e,3,V5_0093,P0,neutral,experiments/v5_robustness/prompts/P0/system_neutral.txt,experiments/v5_robustness/prompts/P0/task_costly.txt,X,x,v4_0549
v4_0565,heldout_06,v3_heldout_fixed_panel,community_classroom,target_subtle,neutral,prompts/system_neutral.txt,modified,data/images/heldout/modified/heldout_06_target_subtle.jpg,b1f8886ba9156b19a72f7ed9dce225cd1cdfe44bf47a10768f2ab4d56a16b23c,3,0.80,1.00,20,experiments/v4_cost_response/prompts/task_cost_x_0_80.txt,0ce5abc89cfa84d813d9e0550a597a21cb2fef8c050dea89ce0e38e1ad3c4cd3,b869f42ea3921777da5fad071f646050045f98fb0d17a8e359dca487cb84ad2e,1,V5_0094,P0,neutral,experiments/v5_robustness/prompts/P0/system_neutral.txt,experiments/v5_robustness/prompts/P0/task_costly.txt,X,x,v4_0565
v4_0566,heldout_06,v3_heldout_fixed_panel,community_classroom,target_subtle,neutral,prompts/system_neutral.txt,modified,data/images/heldout/modified/heldout_06_target_subtle.jpg,b1f8886ba9156b19a72f7ed9dce225cd1cdfe44bf47a10768f2ab4d56a16b23c,3,0.80,1.00,20,experiments/v4_cost_response/prompts/task_cost_x_0_80.txt,0ce5abc89cfa84d813d9e0550a597a21cb2fef8c050dea89ce0e38e1ad3c4cd3,b869f42ea3921777da5fad071f646050045f98fb0d17a8e359dca487cb84ad2e,2,V5_0095,P0,neutral,experiments/v5_robustness/prompts/P0/system_neutral.txt,experiments/v5_robustness/prompts/P0/task_costly.txt,X,x,v4_0566
v4_0567,heldout_06,v3_heldout_fixed_panel,community_classroom,target_subtle,neutral,prompts/system_neutral.txt,modified,data/images/heldout/modified/heldout_06_target_subtle.jpg,b1f8886ba9156b19a72f7ed9dce225cd1cdfe44bf47a10768f2ab4d56a16b23c,3,0.80,1.00,20,experiments/v4_cost_response/prompts/task_cost_x_0_80.txt,0ce5abc89cfa84d813d9e0550a597a21cb2fef8c050dea89ce0e38e1ad3c4cd3,b869f42ea3921777da5fad071f646050045f98fb0d17a8e359dca487cb84ad2e,3,V5_0096,P0,neutral,experiments/v5_robustness/prompts/P0/system_neutral.txt,experiments/v5_robustness/prompts/P0/task_costly.txt,X,x,v4_0567
v4_0583,heldout_06,v3_heldout_fixed_panel,community_classroom,target_subtle,cue_bound,prompts/system_cue_bound.txt,clean,data/images/heldout/clean/heldout_06_clean.jpg,0d4db325ecfba5afd1595cf2d93648663eb06c05a1e2aecc852b387b1692d16f,3,0.80,1.00,20,experiments/v4_cost_response/prompts/task_cost_x_0_80.txt,0ce5abc89cfa84d813d9e0550a597a21cb2fef8c050dea89ce0e38e1ad3c4cd3,33ff7ba12da9c25a3728e0c96b2f3fd67c0d1bd0c536af71e6ec6e8de843a859,1,V5_0097,P0,cue_bound,experiments/v5_robustness/prompts/P0/system_cue_bound.txt,experiments/v5_robustness/prompts/P0/task_costly.txt,X,x,v4_0583
v4_0584,heldout_06,v3_heldout_fixed_panel,community_classroom,target_subtle,cue_bound,prompts/system_cue_bound.txt,clean,data/images/heldout/clean/heldout_06_clean.jpg,0d4db325ecfba5afd1595cf2d93648663eb06c05a1e2aecc852b387b1692d16f,3,0.80,1.00,20,experiments/v4_cost_response/prompts/task_cost_x_0_80.txt,0ce5abc89cfa84d813d9e0550a597a21cb2fef8c050dea89ce0e38e1ad3c4cd3,33ff7ba12da9c25a3728e0c96b2f3fd67c0d1bd0c536af71e6ec6e8de843a859,2,V5_0098,P0,cue_bound,experiments/v5_robustness/prompts/P0/system_cue_bound.txt,experiments/v5_robustness/prompts/P0/task_costly.txt,X,x,v4_0584
v4_0585,heldout_06,v3_heldout_fixed_panel,community_classroom,target_subtle,cue_bound,prompts/system_cue_bound.txt,clean,data/images/heldout/clean/heldout_06_clean.jpg,0d4db325ecfba5afd1595cf2d93648663eb06c05a1e2aecc852b387b1692d16f,3,0.80,1.00,20,experiments/v4_cost_response/prompts/task_cost_x_0_80.txt,0ce5abc89cfa84d813d9e0550a597a21cb2fef8c050dea89ce0e38e1ad3c4cd3,33ff7ba12da9c25a3728e0c96b2f3fd67c0d1bd0c536af71e6ec6e8de843a859,3,V5_0099,P0,cue_bound,experiments/v5_robustness/prompts/P0/system_cue_bound.txt,experiments/v5_robustness/prompts/P0/task_costly.txt,X,x,v4_0585
v4_0601,heldout_06,v3_heldout_fixed_panel,community_classroom,target_subtle,cue_bound,prompts/system_cue_bound.txt,modified,data/images/heldout/modified/heldout_06_target_subtle.jpg,b1f8886ba9156b19a72f7ed9dce225cd1cdfe44bf47a10768f2ab4d56a16b23c,3,0.80,1.00,20,experiments/v4_cost_response/prompts/task_cost_x_0_80.txt,0ce5abc89cfa84d813d9e0550a597a21cb2fef8c050dea89ce0e38e1ad3c4cd3,33ff7ba12da9c25a3728e0c96b2f3fd67c0d1bd0c536af71e6ec6e8de843a859,1,V5_0100,P0,cue_bound,experiments/v5_robustness/prompts/P0/system_cue_bound.txt,experiments/v5_robustness/prompts/P0/task_costly.txt,X,x,v4_0601
v4_0602,heldout_06,v3_heldout_fixed_panel,community_classroom,target_subtle,cue_bound,prompts/system_cue_bound.txt,modified,data/images/heldout/modified/heldout_06_target_subtle.jpg,b1f8886ba9156b19a72f7ed9dce225cd1cdfe44bf47a10768f2ab4d56a16b23c,3,0.80,1.00,20,experiments/v4_cost_response/prompts/task_cost_x_0_80.txt,0ce5abc89cfa84d813d9e0550a597a21cb2fef8c050dea89ce0e38e1ad3c4cd3,33ff7ba12da9c25a3728e0c96b2f3fd67c0d1bd0c536af71e6ec6e8de843a859,2,V5_0101,P0,cue_bound,experiments/v5_robustness/prompts/P0/system_cue_bound.txt,experiments/v5_robustness/prompts/P0/task_costly.txt,X,x,v4_0602
v4_0603,heldout_06,v3_heldout_fixed_panel,community_classroom,target_subtle,cue_bound,prompts/system_cue_bound.txt,modified,data/images/heldout/modified/heldout_06_target_subtle.jpg,b1f8886ba9156b19a72f7ed9dce225cd1cdfe44bf47a10768f2ab4d56a16b23c,3,0.80,1.00,20,experiments/v4_cost_response/prompts/task_cost_x_0_80.txt,0ce5abc89cfa84d813d9e0550a597a21cb2fef8c050dea89ce0e38e1ad3c4cd3,33ff7ba12da9c25a3728e0c96b2f3fd67c0d1bd0c536af71e6ec6e8de843a859,3,V5_0102,P0,cue_bound,experiments/v5_robustness/prompts/P0/system_cue_bound.txt,experiments/v5_robustness/prompts/P0/task_costly.txt,X,x,v4_0603
v4_0619,heldout_06,v3_heldout_fixed_panel,community_classroom,target_subtle,generalized,prompts/system_generalized.txt,clean,data/images/heldout/clean/heldout_06_clean.jpg,0d4db325ecfba5afd1595cf2d93648663eb06c05a1e2aecc852b387b1692d16f,3,0.80,1.00,20,experiments/v4_cost_response/prompts/task_cost_x_0_80.txt,0ce5abc89cfa84d813d9e0550a597a21cb2fef8c050dea89ce0e38e1ad3c4cd3,1b17f7d53eb5fb6e22076dfc0961ade0c3f463f9c1e3ddd053e82bc8990faa80,1,V5_0103,P0,generalized,experiments/v5_robustness/prompts/P0/system_generalized.txt,experiments/v5_robustness/prompts/P0/task_costly.txt,X,x,v4_0619
v4_0620,heldout_06,v3_heldout_fixed_panel,community_classroom,target_subtle,generalized,prompts/system_generalized.txt,clean,data/images/heldout/clean/heldout_06_clean.jpg,0d4db325ecfba5afd1595cf2d93648663eb06c05a1e2aecc852b387b1692d16f,3,0.80,1.00,20,experiments/v4_cost_response/prompts/task_cost_x_0_80.txt,0ce5abc89cfa84d813d9e0550a597a21cb2fef8c050dea89ce0e38e1ad3c4cd3,1b17f7d53eb5fb6e22076dfc0961ade0c3f463f9c1e3ddd053e82bc8990faa80,2,V5_0104,P0,generalized,experiments/v5_robustness/prompts/P0/system_generalized.txt,experiments/v5_robustness/prompts/P0/task_costly.txt,X,x,v4_0620
v4_0621,heldout_06,v3_heldout_fixed_panel,community_classroom,target_subtle,generalized,prompts/system_generalized.txt,clean,data/images/heldout/clean/heldout_06_clean.jpg,0d4db325ecfba5afd1595cf2d93648663eb06c05a1e2aecc852b387b1692d16f,3,0.80,1.00,20,experiments/v4_cost_response/prompts/task_cost_x_0_80.txt,0ce5abc89cfa84d813d9e0550a597a21cb2fef8c050dea89ce0e38e1ad3c4cd3,1b17f7d53eb5fb6e22076dfc0961ade0c3f463f9c1e3ddd053e82bc8990faa80,3,V5_0105,P0,generalized,experiments/v5_robustness/prompts/P0/system_generalized.txt,experiments/v5_robustness/prompts/P0/task_costly.txt,X,x,v4_0621
v4_0637,heldout_06,v3_heldout_fixed_panel,community_classroom,target_subtle,generalized,prompts/system_generalized.txt,modified,data/images/heldout/modified/heldout_06_target_subtle.jpg,b1f8886ba9156b19a72f7ed9dce225cd1cdfe44bf47a10768f2ab4d56a16b23c,3,0.80,1.00,20,experiments/v4_cost_response/prompts/task_cost_x_0_80.txt,0ce5abc89cfa84d813d9e0550a597a21cb2fef8c050dea89ce0e38e1ad3c4cd3,1b17f7d53eb5fb6e22076dfc0961ade0c3f463f9c1e3ddd053e82bc8990faa80,1,V5_0106,P0,generalized,experiments/v5_robustness/prompts/P0/system_generalized.txt,experiments/v5_robustness/prompts/P0/task_costly.txt,X,x,v4_0637
v4_0638,heldout_06,v3_heldout_fixed_panel,community_classroom,target_subtle,generalized,prompts/system_generalized.txt,modified,data/images/heldout/modified/heldout_06_target_subtle.jpg,b1f8886ba9156b19a72f7ed9dce225cd1cdfe44bf47a10768f2ab4d56a16b23c,3,0.80,1.00,20,experiments/v4_cost_response/prompts/task_cost_x_0_80.txt,0ce5abc89cfa84d813d9e0550a597a21cb2fef8c050dea89ce0e38e1ad3c4cd3,1b17f7d53eb5fb6e22076dfc0961ade0c3f463f9c1e3ddd053e82bc8990faa80,2,V5_0107,P0,generalized,experiments/v5_robustness/prompts/P0/system_generalized.txt,experiments/v5_robustness/prompts/P0/task_costly.txt,X,x,v4_0638
v4_0639,heldout_06,v3_heldout_fixed_panel,community_classroom,target_subtle,generalized,prompts/system_generalized.txt,modified,data/images/heldout/modified/heldout_06_target_subtle.jpg,b1f8886ba9156b19a72f7ed9dce225cd1cdfe44bf47a10768f2ab4d56a16b23c,3,0.80,1.00,20,experiments/v4_cost_response/prompts/task_cost_x_0_80.txt,0ce5abc89cfa84d813d9e0550a597a21cb2fef8c050dea89ce0e38e1ad3c4cd3,1b17f7d53eb5fb6e22076dfc0961ade0c3f463f9c1e3ddd053e82bc8990faa80,3,V5_0108,P0,generalized,experiments/v5_robustness/prompts/P0/system_generalized.txt,experiments/v5_robustness/prompts/P0/task_costly.txt,X,x,v4_0639
v4_0655,heldout_07,v3_heldout_fixed_panel,water_lab,target_subtle,neutral,prompts/system_neutral.txt,clean,data/images/heldout/clean/heldout_07_clean.jpg,9ec4e2f8283e1d415ef3619f78abcf874da4857e6e3fcc33d6f680805d456fb4,3,0.80,1.00,20,experiments/v4_cost_response/prompts/task_cost_x_0_80.txt,0ce5abc89cfa84d813d9e0550a597a21cb2fef8c050dea89ce0e38e1ad3c4cd3,b869f42ea3921777da5fad071f646050045f98fb0d17a8e359dca487cb84ad2e,1,V5_0109,P0,neutral,experiments/v5_robustness/prompts/P0/system_neutral.txt,experiments/v5_robustness/prompts/P0/task_costly.txt,X,x,v4_0655
v4_0656,heldout_07,v3_heldout_fixed_panel,water_lab,target_subtle,neutral,prompts/system_neutral.txt,clean,data/images/heldout/clean/heldout_07_clean.jpg,9ec4e2f8283e1d415ef3619f78abcf874da4857e6e3fcc33d6f680805d456fb4,3,0.80,1.00,20,experiments/v4_cost_response/prompts/task_cost_x_0_80.txt,0ce5abc89cfa84d813d9e0550a597a21cb2fef8c050dea89ce0e38e1ad3c4cd3,b869f42ea3921777da5fad071f646050045f98fb0d17a8e359dca487cb84ad2e,2,V5_0110,P0,neutral,experiments/v5_robustness/prompts/P0/system_neutral.txt,experiments/v5_robustness/prompts/P0/task_costly.txt,X,x,v4_0656
v4_0657,heldout_07,v3_heldout_fixed_panel,water_lab,target_subtle,neutral,prompts/system_neutral.txt,clean,data/images/heldout/clean/heldout_07_clean.jpg,9ec4e2f8283e1d415ef3619f78abcf874da4857e6e3fcc33d6f680805d456fb4,3,0.80,1.00,20,experiments/v4_cost_response/prompts/task_cost_x_0_80.txt,0ce5abc89cfa84d813d9e0550a597a21cb2fef8c050dea89ce0e38e1ad3c4cd3,b869f42ea3921777da5fad071f646050045f98fb0d17a8e359dca487cb84ad2e,3,V5_0111,P0,neutral,experiments/v5_robustness/prompts/P0/system_neutral.txt,experiments/v5_robustness/prompts/P0/task_costly.txt,X,x,v4_0657
v4_0673,heldout_07,v3_heldout_fixed_panel,water_lab,target_subtle,neutral,prompts/system_neutral.txt,modified,data/images/heldout/modified/heldout_07_target_subtle.jpg,007a4027ac7c41cabd1bf0068401f7c850da9ca660c7969c22b88ec2b96060e1,3,0.80,1.00,20,experiments/v4_cost_response/prompts/task_cost_x_0_80.txt,0ce5abc89cfa84d813d9e0550a597a21cb2fef8c050dea89ce0e38e1ad3c4cd3,b869f42ea3921777da5fad071f646050045f98fb0d17a8e359dca487cb84ad2e,1,V5_0112,P0,neutral,experiments/v5_robustness/prompts/P0/system_neutral.txt,experiments/v5_robustness/prompts/P0/task_costly.txt,X,x,v4_0673
v4_0674,heldout_07,v3_heldout_fixed_panel,water_lab,target_subtle,neutral,prompts/system_neutral.txt,modified,data/images/heldout/modified/heldout_07_target_subtle.jpg,007a4027ac7c41cabd1bf0068401f7c850da9ca660c7969c22b88ec2b96060e1,3,0.80,1.00,20,experiments/v4_cost_response/prompts/task_cost_x_0_80.txt,0ce5abc89cfa84d813d9e0550a597a21cb2fef8c050dea89ce0e38e1ad3c4cd3,b869f42ea3921777da5fad071f646050045f98fb0d17a8e359dca487cb84ad2e,2,V5_0113,P0,neutral,experiments/v5_robustness/prompts/P0/system_neutral.txt,experiments/v5_robustness/prompts/P0/task_costly.txt,X,x,v4_0674
v4_0675,heldout_07,v3_heldout_fixed_panel,water_lab,target_subtle,neutral,prompts/system_neutral.txt,modified,data/images/heldout/modified/heldout_07_target_subtle.jpg,007a4027ac7c41cabd1bf0068401f7c850da9ca660c7969c22b88ec2b96060e1,3,0.80,1.00,20,experiments/v4_cost_response/prompts/task_cost_x_0_80.txt,0ce5abc89cfa84d813d9e0550a597a21cb2fef8c050dea89ce0e38e1ad3c4cd3,b869f42ea3921777da5fad071f646050045f98fb0d17a8e359dca487cb84ad2e,3,V5_0114,P0,neutral,experiments/v5_robustness/prompts/P0/system_neutral.txt,experiments/v5_robustness/prompts/P0/task_costly.txt,X,x,v4_0675
v4_0691,heldout_07,v3_heldout_fixed_panel,water_lab,target_subtle,cue_bound,prompts/system_cue_bound.txt,clean,data/images/heldout/clean/heldout_07_clean.jpg,9ec4e2f8283e1d415ef3619f78abcf874da4857e6e3fcc33d6f680805d456fb4,3,0.80,1.00,20,experiments/v4_cost_response/prompts/task_cost_x_0_80.txt,0ce5abc89cfa84d813d9e0550a597a21cb2fef8c050dea89ce0e38e1ad3c4cd3,33ff7ba12da9c25a3728e0c96b2f3fd67c0d1bd0c536af71e6ec6e8de843a859,1,V5_0115,P0,cue_bound,experiments/v5_robustness/prompts/P0/system_cue_bound.txt,experiments/v5_robustness/prompts/P0/task_costly.txt,X,x,v4_0691
v4_0692,heldout_07,v3_heldout_fixed_panel,water_lab,target_subtle,cue_bound,prompts/system_cue_bound.txt,clean,data/images/heldout/clean/heldout_07_clean.jpg,9ec4e2f8283e1d415ef3619f78abcf874da4857e6e3fcc33d6f680805d456fb4,3,0.80,1.00,20,experiments/v4_cost_response/prompts/task_cost_x_0_80.txt,0ce5abc89cfa84d813d9e0550a597a21cb2fef8c050dea89ce0e38e1ad3c4cd3,33ff7ba12da9c25a3728e0c96b2f3fd67c0d1bd0c536af71e6ec6e8de843a859,2,V5_0116,P0,cue_bound,experiments/v5_robustness/prompts/P0/system_cue_bound.txt,experiments/v5_robustness/prompts/P0/task_costly.txt,X,x,v4_0692
v4_0693,heldout_07,v3_heldout_fixed_panel,water_lab,target_subtle,cue_bound,prompts/system_cue_bound.txt,clean,data/images/heldout/clean/heldout_07_clean.jpg,9ec4e2f8283e1d415ef3619f78abcf874da4857e6e3fcc33d6f680805d456fb4,3,0.80,1.00,20,experiments/v4_cost_response/prompts/task_cost_x_0_80.txt,0ce5abc89cfa84d813d9e0550a597a21cb2fef8c050dea89ce0e38e1ad3c4cd3,33ff7ba12da9c25a3728e0c96b2f3fd67c0d1bd0c536af71e6ec6e8de843a859,3,V5_0117,P0,cue_bound,experiments/v5_robustness/prompts/P0/system_cue_bound.txt,experiments/v5_robustness/prompts/P0/task_costly.txt,X,x,v4_0693
v4_0709,heldout_07,v3_heldout_fixed_panel,water_lab,target_subtle,cue_bound,prompts/system_cue_bound.txt,modified,data/images/heldout/modified/heldout_07_target_subtle.jpg,007a4027ac7c41cabd1bf0068401f7c850da9ca660c7969c22b88ec2b96060e1,3,0.80,1.00,20,experiments/v4_cost_response/prompts/task_cost_x_0_80.txt,0ce5abc89cfa84d813d9e0550a597a21cb2fef8c050dea89ce0e38e1ad3c4cd3,33ff7ba12da9c25a3728e0c96b2f3fd67c0d1bd0c536af71e6ec6e8de843a859,1,V5_0118,P0,cue_bound,experiments/v5_robustness/prompts/P0/system_cue_bound.txt,experiments/v5_robustness/prompts/P0/task_costly.txt,X,x,v4_0709
v4_0710,heldout_07,v3_heldout_fixed_panel,water_lab,target_subtle,cue_bound,prompts/system_cue_bound.txt,modified,data/images/heldout/modified/heldout_07_target_subtle.jpg,007a4027ac7c41cabd1bf0068401f7c850da9ca660c7969c22b88ec2b96060e1,3,0.80,1.00,20,experiments/v4_cost_response/prompts/task_cost_x_0_80.txt,0ce5abc89cfa84d813d9e0550a597a21cb2fef8c050dea89ce0e38e1ad3c4cd3,33ff7ba12da9c25a3728e0c96b2f3fd67c0d1bd0c536af71e6ec6e8de843a859,2,V5_0119,P0,cue_bound,experiments/v5_robustness/prompts/P0/system_cue_bound.txt,experiments/v5_robustness/prompts/P0/task_costly.txt,X,x,v4_0710
v4_0711,heldout_07,v3_heldout_fixed_panel,water_lab,target_subtle,cue_bound,prompts/system_cue_bound.txt,modified,data/images/heldout/modified/heldout_07_target_subtle.jpg,007a4027ac7c41cabd1bf0068401f7c850da9ca660c7969c22b88ec2b96060e1,3,0.80,1.00,20,experiments/v4_cost_response/prompts/task_cost_x_0_80.txt,0ce5abc89cfa84d813d9e0550a597a21cb2fef8c050dea89ce0e38e1ad3c4cd3,33ff7ba12da9c25a3728e0c96b2f3fd67c0d1bd0c536af71e6ec6e8de843a859,3,V5_0120,P0,cue_bound,experiments/v5_robustness/prompts/P0/system_cue_bound.txt,experiments/v5_robustness/prompts/P0/task_costly.txt,X,x,v4_0711
v4_0727,heldout_07,v3_heldout_fixed_panel,water_lab,target_subtle,generalized,prompts/system_generalized.txt,clean,data/images/heldout/clean/heldout_07_clean.jpg,9ec4e2f8283e1d415ef3619f78abcf874da4857e6e3fcc33d6f680805d456fb4,3,0.80,1.00,20,experiments/v4_cost_response/prompts/task_cost_x_0_80.txt,0ce5abc89cfa84d813d9e0550a597a21cb2fef8c050dea89ce0e38e1ad3c4cd3,1b17f7d53eb5fb6e22076dfc0961ade0c3f463f9c1e3ddd053e82bc8990faa80,1,V5_0121,P0,generalized,experiments/v5_robustness/prompts/P0/system_generalized.txt,experiments/v5_robustness/prompts/P0/task_costly.txt,X,x,v4_0727
v4_0728,heldout_07,v3_heldout_fixed_panel,water_lab,target_subtle,generalized,prompts/system_generalized.txt,clean,data/images/heldout/clean/heldout_07_clean.jpg,9ec4e2f8283e1d415ef3619f78abcf874da4857e6e3fcc33d6f680805d456fb4,3,0.80,1.00,20,experiments/v4_cost_response/prompts/task_cost_x_0_80.txt,0ce5abc89cfa84d813d9e0550a597a21cb2fef8c050dea89ce0e38e1ad3c4cd3,1b17f7d53eb5fb6e22076dfc0961ade0c3f463f9c1e3ddd053e82bc8990faa80,2,V5_0122,P0,generalized,experiments/v5_robustness/prompts/P0/system_generalized.txt,experiments/v5_robustness/prompts/P0/task_costly.txt,X,x,v4_0728
v4_0729,heldout_07,v3_heldout_fixed_panel,water_lab,target_subtle,generalized,prompts/system_generalized.txt,clean,data/images/heldout/clean/heldout_07_clean.jpg,9ec4e2f8283e1d415ef3619f78abcf874da4857e6e3fcc33d6f680805d456fb4,3,0.80,1.00,20,experiments/v4_cost_response/prompts/task_cost_x_0_80.txt,0ce5abc89cfa84d813d9e0550a597a21cb2fef8c050dea89ce0e38e1ad3c4cd3,1b17f7d53eb5fb6e22076dfc0961ade0c3f463f9c1e3ddd053e82bc8990faa80,3,V5_0123,P0,generalized,experiments/v5_robustness/prompts/P0/system_generalized.txt,experiments/v5_robustness/prompts/P0/task_costly.txt,X,x,v4_0729
v4_0745,heldout_07,v3_heldout_fixed_panel,water_lab,target_subtle,generalized,prompts/system_generalized.txt,modified,data/images/heldout/modified/heldout_07_target_subtle.jpg,007a4027ac7c41cabd1bf0068401f7c850da9ca660c7969c22b88ec2b96060e1,3,0.80,1.00,20,experiments/v4_cost_response/prompts/task_cost_x_0_80.txt,0ce5abc89cfa84d813d9e0550a597a21cb2fef8c050dea89ce0e38e1ad3c4cd3,1b17f7d53eb5fb6e22076dfc0961ade0c3f463f9c1e3ddd053e82bc8990faa80,1,V5_0124,P0,generalized,experiments/v5_robustness/prompts/P0/system_generalized.txt,experiments/v5_robustness/prompts/P0/task_costly.txt,X,x,v4_0745
v4_0746,heldout_07,v3_heldout_fixed_panel,water_lab,target_subtle,generalized,prompts/system_generalized.txt,modified,data/images/heldout/modified/heldout_07_target_subtle.jpg,007a4027ac7c41cabd1bf0068401f7c850da9ca660c7969c22b88ec2b96060e1,3,0.80,1.00,20,experiments/v4_cost_response/prompts/task_cost_x_0_80.txt,0ce5abc89cfa84d813d9e0550a597a21cb2fef8c050dea89ce0e38e1ad3c4cd3,1b17f7d53eb5fb6e22076dfc0961ade0c3f463f9c1e3ddd053e82bc8990faa80,2,V5_0125,P0,generalized,experiments/v5_robustness/prompts/P0/system_generalized.txt,experiments/v5_robustness/prompts/P0/task_costly.txt,X,x,v4_0746
v4_0747,heldout_07,v3_heldout_fixed_panel,water_lab,target_subtle,generalized,prompts/system_generalized.txt,modified,data/images/heldout/modified/heldout_07_target_subtle.jpg,007a4027ac7c41cabd1bf0068401f7c850da9ca660c7969c22b88ec2b96060e1,3,0.80,1.00,20,experiments/v4_cost_response/prompts/task_cost_x_0_80.txt,0ce5abc89cfa84d813d9e0550a597a21cb2fef8c050dea89ce0e38e1ad3c4cd3,1b17f7d53eb5fb6e22076dfc0961ade0c3f463f9c1e3ddd053e82bc8990faa80,3,V5_0126,P0,generalized,experiments/v5_robustness/prompts/P0/system_generalized.txt,experiments/v5_robustness/prompts/P0/task_costly.txt,X,x,v4_0747
v4_0763,heldout_08,v3_heldout_fixed_panel,wildlife_station,target_subtle,neutral,prompts/system_neutral.txt,clean,data/images/heldout/clean/heldout_08_clean.jpg,4a94bc2061f06199392b2819ef9623a5ccc9010ceb0a152e1818f9e1d56cf107,3,0.80,1.00,20,experiments/v4_cost_response/prompts/task_cost_x_0_80.txt,0ce5abc89cfa84d813d9e0550a597a21cb2fef8c050dea89ce0e38e1ad3c4cd3,b869f42ea3921777da5fad071f646050045f98fb0d17a8e359dca487cb84ad2e,1,V5_0127,P0,neutral,experiments/v5_robustness/prompts/P0/system_neutral.txt,experiments/v5_robustness/prompts/P0/task_costly.txt,X,x,v4_0763
v4_0764,heldout_08,v3_heldout_fixed_panel,wildlife_station,target_subtle,neutral,prompts/system_neutral.txt,clean,data/images/heldout/clean/heldout_08_clean.jpg,4a94bc2061f06199392b2819ef9623a5ccc9010ceb0a152e1818f9e1d56cf107,3,0.80,1.00,20,experiments/v4_cost_response/prompts/task_cost_x_0_80.txt,0ce5abc89cfa84d813d9e0550a597a21cb2fef8c050dea89ce0e38e1ad3c4cd3,b869f42ea3921777da5fad071f646050045f98fb0d17a8e359dca487cb84ad2e,2,V5_0128,P0,neutral,experiments/v5_robustness/prompts/P0/system_neutral.txt,experiments/v5_robustness/prompts/P0/task_costly.txt,X,x,v4_0764
v4_0765,heldout_08,v3_heldout_fixed_panel,wildlife_station,target_subtle,neutral,prompts/system_neutral.txt,clean,data/images/heldout/clean/heldout_08_clean.jpg,4a94bc2061f06199392b2819ef9623a5ccc9010ceb0a152e1818f9e1d56cf107,3,0.80,1.00,20,experiments/v4_cost_response/prompts/task_cost_x_0_80.txt,0ce5abc89cfa84d813d9e0550a597a21cb2fef8c050dea89ce0e38e1ad3c4cd3,b869f42ea3921777da5fad071f646050045f98fb0d17a8e359dca487cb84ad2e,3,V5_0129,P0,neutral,experiments/v5_robustness/prompts/P0/system_neutral.txt,experiments/v5_robustness/prompts/P0/task_costly.txt,X,x,v4_0765
v4_0781,heldout_08,v3_heldout_fixed_panel,wildlife_station,target_subtle,neutral,prompts/system_neutral.txt,modified,data/images/heldout/modified/heldout_08_target_subtle.jpg,cc83bf37b69592809f245e0c6dde7b290178b6f3747df20956fa4880a051c22a,3,0.80,1.00,20,experiments/v4_cost_response/prompts/task_cost_x_0_80.txt,0ce5abc89cfa84d813d9e0550a597a21cb2fef8c050dea89ce0e38e1ad3c4cd3,b869f42ea3921777da5fad071f646050045f98fb0d17a8e359dca487cb84ad2e,1,V5_0130,P0,neutral,experiments/v5_robustness/prompts/P0/system_neutral.txt,experiments/v5_robustness/prompts/P0/task_costly.txt,X,x,v4_0781
v4_0782,heldout_08,v3_heldout_fixed_panel,wildlife_station,target_subtle,neutral,prompts/system_neutral.txt,modified,data/images/heldout/modified/heldout_08_target_subtle.jpg,cc83bf37b69592809f245e0c6dde7b290178b6f3747df20956fa4880a051c22a,3,0.80,1.00,20,experiments/v4_cost_response/prompts/task_cost_x_0_80.txt,0ce5abc89cfa84d813d9e0550a597a21cb2fef8c050dea89ce0e38e1ad3c4cd3,b869f42ea3921777da5fad071f646050045f98fb0d17a8e359dca487cb84ad2e,2,V5_0131,P0,neutral,experiments/v5_robustness/prompts/P0/system_neutral.txt,experiments/v5_robustness/prompts/P0/task_costly.txt,X,x,v4_0782
v4_0783,heldout_08,v3_heldout_fixed_panel,wildlife_station,target_subtle,neutral,prompts/system_neutral.txt,modified,data/images/heldout/modified/heldout_08_target_subtle.jpg,cc83bf37b69592809f245e0c6dde7b290178b6f3747df20956fa4880a051c22a,3,0.80,1.00,20,experiments/v4_cost_response/prompts/task_cost_x_0_80.txt,0ce5abc89cfa84d813d9e0550a597a21cb2fef8c050dea89ce0e38e1ad3c4cd3,b869f42ea3921777da5fad071f646050045f98fb0d17a8e359dca487cb84ad2e,3,V5_0132,P0,neutral,experiments/v5_robustness/prompts/P0/system_neutral.txt,experiments/v5_robustness/prompts/P0/task_costly.txt,X,x,v4_0783
v4_0799,heldout_08,v3_heldout_fixed_panel,wildlife_station,target_subtle,cue_bound,prompts/system_cue_bound.txt,clean,data/images/heldout/clean/heldout_08_clean.jpg,4a94bc2061f06199392b2819ef9623a5ccc9010ceb0a152e1818f9e1d56cf107,3,0.80,1.00,20,experiments/v4_cost_response/prompts/task_cost_x_0_80.txt,0ce5abc89cfa84d813d9e0550a597a21cb2fef8c050dea89ce0e38e1ad3c4cd3,33ff7ba12da9c25a3728e0c96b2f3fd67c0d1bd0c536af71e6ec6e8de843a859,1,V5_0133,P0,cue_bound,experiments/v5_robustness/prompts/P0/system_cue_bound.txt,experiments/v5_robustness/prompts/P0/task_costly.txt,X,x,v4_0799
v4_0800,heldout_08,v3_heldout_fixed_panel,wildlife_station,target_subtle,cue_bound,prompts/system_cue_bound.txt,clean,data/images/heldout/clean/heldout_08_clean.jpg,4a94bc2061f06199392b2819ef9623a5ccc9010ceb0a152e1818f9e1d56cf107,3,0.80,1.00,20,experiments/v4_cost_response/prompts/task_cost_x_0_80.txt,0ce5abc89cfa84d813d9e0550a597a21cb2fef8c050dea89ce0e38e1ad3c4cd3,33ff7ba12da9c25a3728e0c96b2f3fd67c0d1bd0c536af71e6ec6e8de843a859,2,V5_0134,P0,cue_bound,experiments/v5_robustness/prompts/P0/system_cue_bound.txt,experiments/v5_robustness/prompts/P0/task_costly.txt,X,x,v4_0800
v4_0801,heldout_08,v3_heldout_fixed_panel,wildlife_station,target_subtle,cue_bound,prompts/system_cue_bound.txt,clean,data/images/heldout/clean/heldout_08_clean.jpg,4a94bc2061f06199392b2819ef9623a5ccc9010ceb0a152e1818f9e1d56cf107,3,0.80,1.00,20,experiments/v4_cost_response/prompts/task_cost_x_0_80.txt,0ce5abc89cfa84d813d9e0550a597a21cb2fef8c050dea89ce0e38e1ad3c4cd3,33ff7ba12da9c25a3728e0c96b2f3fd67c0d1bd0c536af71e6ec6e8de843a859,3,V5_0135,P0,cue_bound,experiments/v5_robustness/prompts/P0/system_cue_bound.txt,experiments/v5_robustness/prompts/P0/task_costly.txt,X,x,v4_0801
v4_0817,heldout_08,v3_heldout_fixed_panel,wildlife_station,target_subtle,cue_bound,prompts/system_cue_bound.txt,modified,data/images/heldout/modified/heldout_08_target_subtle.jpg,cc83bf37b69592809f245e0c6dde7b290178b6f3747df20956fa4880a051c22a,3,0.80,1.00,20,experiments/v4_cost_response/prompts/task_cost_x_0_80.txt,0ce5abc89cfa84d813d9e0550a597a21cb2fef8c050dea89ce0e38e1ad3c4cd3,33ff7ba12da9c25a3728e0c96b2f3fd67c0d1bd0c536af71e6ec6e8de843a859,1,V5_0136,P0,cue_bound,experiments/v5_robustness/prompts/P0/system_cue_bound.txt,experiments/v5_robustness/prompts/P0/task_costly.txt,X,x,v4_0817
v4_0818,heldout_08,v3_heldout_fixed_panel,wildlife_station,target_subtle,cue_bound,prompts/system_cue_bound.txt,modified,data/images/heldout/modified/heldout_08_target_subtle.jpg,cc83bf37b69592809f245e0c6dde7b290178b6f3747df20956fa4880a051c22a,3,0.80,1.00,20,experiments/v4_cost_response/prompts/task_cost_x_0_80.txt,0ce5abc89cfa84d813d9e0550a597a21cb2fef8c050dea89ce0e38e1ad3c4cd3,33ff7ba12da9c25a3728e0c96b2f3fd67c0d1bd0c536af71e6ec6e8de843a859,2,V5_0137,P0,cue_bound,experiments/v5_robustness/prompts/P0/system_cue_bound.txt,experiments/v5_robustness/prompts/P0/task_costly.txt,X,x,v4_0818
v4_0819,heldout_08,v3_heldout_fixed_panel,wildlife_station,target_subtle,cue_bound,prompts/system_cue_bound.txt,modified,data/images/heldout/modified/heldout_08_target_subtle.jpg,cc83bf37b69592809f245e0c6dde7b290178b6f3747df20956fa4880a051c22a,3,0.80,1.00,20,experiments/v4_cost_response/prompts/task_cost_x_0_80.txt,0ce5abc89cfa84d813d9e0550a597a21cb2fef8c050dea89ce0e38e1ad3c4cd3,33ff7ba12da9c25a3728e0c96b2f3fd67c0d1bd0c536af71e6ec6e8de843a859,3,V5_0138,P0,cue_bound,experiments/v5_robustness/prompts/P0/system_cue_bound.txt,experiments/v5_robustness/prompts/P0/task_costly.txt,X,x,v4_0819
v4_0835,heldout_08,v3_heldout_fixed_panel,wildlife_station,target_subtle,generalized,prompts/system_generalized.txt,clean,data/images/heldout/clean/heldout_08_clean.jpg,4a94bc2061f06199392b2819ef9623a5ccc9010ceb0a152e1818f9e1d56cf107,3,0.80,1.00,20,experiments/v4_cost_response/prompts/task_cost_x_0_80.txt,0ce5abc89cfa84d813d9e0550a597a21cb2fef8c050dea89ce0e38e1ad3c4cd3,1b17f7d53eb5fb6e22076dfc0961ade0c3f463f9c1e3ddd053e82bc8990faa80,1,V5_0139,P0,generalized,experiments/v5_robustness/prompts/P0/system_generalized.txt,experiments/v5_robustness/prompts/P0/task_costly.txt,X,x,v4_0835
v4_0836,heldout_08,v3_heldout_fixed_panel,wildlife_station,target_subtle,generalized,prompts/system_generalized.txt,clean,data/images/heldout/clean/heldout_08_clean.jpg,4a94bc2061f06199392b2819ef9623a5ccc9010ceb0a152e1818f9e1d56cf107,3,0.80,1.00,20,experiments/v4_cost_response/prompts/task_cost_x_0_80.txt,0ce5abc89cfa84d813d9e0550a597a21cb2fef8c050dea89ce0e38e1ad3c4cd3,1b17f7d53eb5fb6e22076dfc0961ade0c3f463f9c1e3ddd053e82bc8990faa80,2,V5_0140,P0,generalized,experiments/v5_robustness/prompts/P0/system_generalized.txt,experiments/v5_robustness/prompts/P0/task_costly.txt,X,x,v4_0836
v4_0837,heldout_08,v3_heldout_fixed_panel,wildlife_station,target_subtle,generalized,prompts/system_generalized.txt,clean,data/images/heldout/clean/heldout_08_clean.jpg,4a94bc2061f06199392b2819ef9623a5ccc9010ceb0a152e1818f9e1d56cf107,3,0.80,1.00,20,experiments/v4_cost_response/prompts/task_cost_x_0_80.txt,0ce5abc89cfa84d813d9e0550a597a21cb2fef8c050dea89ce0e38e1ad3c4cd3,1b17f7d53eb5fb6e22076dfc0961ade0c3f463f9c1e3ddd053e82bc8990faa80,3,V5_0141,P0,generalized,experiments/v5_robustness/prompts/P0/system_generalized.txt,experiments/v5_robustness/prompts/P0/task_costly.txt,X,x,v4_0837
v4_0853,heldout_08,v3_heldout_fixed_panel,wildlife_station,target_subtle,generalized,prompts/system_generalized.txt,modified,data/images/heldout/modified/heldout_08_target_subtle.jpg,cc83bf37b69592809f245e0c6dde7b290178b6f3747df20956fa4880a051c22a,3,0.80,1.00,20,experiments/v4_cost_response/prompts/task_cost_x_0_80.txt,0ce5abc89cfa84d813d9e0550a597a21cb2fef8c050dea89ce0e38e1ad3c4cd3,1b17f7d53eb5fb6e22076dfc0961ade0c3f463f9c1e3ddd053e82bc8990faa80,1,V5_0142,P0,generalized,experiments/v5_robustness/prompts/P0/system_generalized.txt,experiments/v5_robustness/prompts/P0/task_costly.txt,X,x,v4_0853
v4_0854,heldout_08,v3_heldout_fixed_panel,wildlife_station,target_subtle,generalized,prompts/system_generalized.txt,modified,data/images/heldout/modified/heldout_08_target_subtle.jpg,cc83bf37b69592809f245e0c6dde7b290178b6f3747df20956fa4880a051c22a,3,0.80,1.00,20,experiments/v4_cost_response/prompts/task_cost_x_0_80.txt,0ce5abc89cfa84d813d9e0550a597a21cb2fef8c050dea89ce0e38e1ad3c4cd3,1b17f7d53eb5fb6e22076dfc0961ade0c3f463f9c1e3ddd053e82bc8990faa80,2,V5_0143,P0,generalized,experiments/v5_robustness/prompts/P0/system_generalized.txt,experiments/v5_robustness/prompts/P0/task_costly.txt,X,x,v4_0854
v4_0855,heldout_08,v3_heldout_fixed_panel,wildlife_station,target_subtle,generalized,prompts/system_generalized.txt,modified,data/images/heldout/modified/heldout_08_target_subtle.jpg,cc83bf37b69592809f245e0c6dde7b290178b6f3747df20956fa4880a051c22a,3,0.80,1.00,20,experiments/v4_cost_response/prompts/task_cost_x_0_80.txt,0ce5abc89cfa84d813d9e0550a597a21cb2fef8c050dea89ce0e38e1ad3c4cd3,1b17f7d53eb5fb6e22076dfc0961ade0c3f463f9c1e3ddd053e82bc8990faa80,3,V5_0144,P0,generalized,experiments/v5_robustness/prompts/P0/system_generalized.txt,experiments/v5_robustness/prompts/P0/task_costly.txt,X,x,v4_0855
v4_0871,heldout_09,v3_heldout_fixed_panel,disaster_logistics,target_subtle,neutral,prompts/system_neutral.txt,clean,data/images/heldout/clean/heldout_09_clean.jpg,2c97d89622e30ebe6b7b1139ecd3191a68735d26988f896790ce397fd4fd2677,3,0.80,1.00,20,experiments/v4_cost_response/prompts/task_cost_x_0_80.txt,0ce5abc89cfa84d813d9e0550a597a21cb2fef8c050dea89ce0e38e1ad3c4cd3,b869f42ea3921777da5fad071f646050045f98fb0d17a8e359dca487cb84ad2e,1,V5_0145,P0,neutral,experiments/v5_robustness/prompts/P0/system_neutral.txt,experiments/v5_robustness/prompts/P0/task_costly.txt,X,x,v4_0871
v4_0872,heldout_09,v3_heldout_fixed_panel,disaster_logistics,target_subtle,neutral,prompts/system_neutral.txt,clean,data/images/heldout/clean/heldout_09_clean.jpg,2c97d89622e30ebe6b7b1139ecd3191a68735d26988f896790ce397fd4fd2677,3,0.80,1.00,20,experiments/v4_cost_response/prompts/task_cost_x_0_80.txt,0ce5abc89cfa84d813d9e0550a597a21cb2fef8c050dea89ce0e38e1ad3c4cd3,b869f42ea3921777da5fad071f646050045f98fb0d17a8e359dca487cb84ad2e,2,V5_0146,P0,neutral,experiments/v5_robustness/prompts/P0/system_neutral.txt,experiments/v5_robustness/prompts/P0/task_costly.txt,X,x,v4_0872
v4_0873,heldout_09,v3_heldout_fixed_panel,disaster_logistics,target_subtle,neutral,prompts/system_neutral.txt,clean,data/images/heldout/clean/heldout_09_clean.jpg,2c97d89622e30ebe6b7b1139ecd3191a68735d26988f896790ce397fd4fd2677,3,0.80,1.00,20,experiments/v4_cost_response/prompts/task_cost_x_0_80.txt,0ce5abc89cfa84d813d9e0550a597a21cb2fef8c050dea89ce0e38e1ad3c4cd3,b869f42ea3921777da5fad071f646050045f98fb0d17a8e359dca487cb84ad2e,3,V5_0147,P0,neutral,experiments/v5_robustness/prompts/P0/system_neutral.txt,experiments/v5_robustness/prompts/P0/task_costly.txt,X,x,v4_0873
v4_0889,heldout_09,v3_heldout_fixed_panel,disaster_logistics,target_subtle,neutral,prompts/system_neutral.txt,modified,data/images/heldout/modified/heldout_09_target_subtle.jpg,9990a52fd7626d49cbe3e4f7238306cf60d9abeacb7ba98196d9dd67162fb1e8,3,0.80,1.00,20,experiments/v4_cost_response/prompts/task_cost_x_0_80.txt,0ce5abc89cfa84d813d9e0550a597a21cb2fef8c050dea89ce0e38e1ad3c4cd3,b869f42ea3921777da5fad071f646050045f98fb0d17a8e359dca487cb84ad2e,1,V5_0148,P0,neutral,experiments/v5_robustness/prompts/P0/system_neutral.txt,experiments/v5_robustness/prompts/P0/task_costly.txt,X,x,v4_0889
v4_0890,heldout_09,v3_heldout_fixed_panel,disaster_logistics,target_subtle,neutral,prompts/system_neutral.txt,modified,data/images/heldout/modified/heldout_09_target_subtle.jpg,9990a52fd7626d49cbe3e4f7238306cf60d9abeacb7ba98196d9dd67162fb1e8,3,0.80,1.00,20,experiments/v4_cost_response/prompts/task_cost_x_0_80.txt,0ce5abc89cfa84d813d9e0550a597a21cb2fef8c050dea89ce0e38e1ad3c4cd3,b869f42ea3921777da5fad071f646050045f98fb0d17a8e359dca487cb84ad2e,2,V5_0149,P0,neutral,experiments/v5_robustness/prompts/P0/system_neutral.txt,experiments/v5_robustness/prompts/P0/task_costly.txt,X,x,v4_0890
v4_0891,heldout_09,v3_heldout_fixed_panel,disaster_logistics,target_subtle,neutral,prompts/system_neutral.txt,modified,data/images/heldout/modified/heldout_09_target_subtle.jpg,9990a52fd7626d49cbe3e4f7238306cf60d9abeacb7ba98196d9dd67162fb1e8,3,0.80,1.00,20,experiments/v4_cost_response/prompts/task_cost_x_0_80.txt,0ce5abc89cfa84d813d9e0550a597a21cb2fef8c050dea89ce0e38e1ad3c4cd3,b869f42ea3921777da5fad071f646050045f98fb0d17a8e359dca487cb84ad2e,3,V5_0150,P0,neutral,experiments/v5_robustness/prompts/P0/system_neutral.txt,experiments/v5_robustness/prompts/P0/task_costly.txt,X,x,v4_0891
v4_0907,heldout_09,v3_heldout_fixed_panel,disaster_logistics,target_subtle,cue_bound,prompts/system_cue_bound.txt,clean,data/images/heldout/clean/heldout_09_clean.jpg,2c97d89622e30ebe6b7b1139ecd3191a68735d26988f896790ce397fd4fd2677,3,0.80,1.00,20,experiments/v4_cost_response/prompts/task_cost_x_0_80.txt,0ce5abc89cfa84d813d9e0550a597a21cb2fef8c050dea89ce0e38e1ad3c4cd3,33ff7ba12da9c25a3728e0c96b2f3fd67c0d1bd0c536af71e6ec6e8de843a859,1,V5_0151,P0,cue_bound,experiments/v5_robustness/prompts/P0/system_cue_bound.txt,experiments/v5_robustness/prompts/P0/task_costly.txt,X,x,v4_0907
v4_0908,heldout_09,v3_heldout_fixed_panel,disaster_logistics,target_subtle,cue_bound,prompts/system_cue_bound.txt,clean,data/images/heldout/clean/heldout_09_clean.jpg,2c97d89622e30ebe6b7b1139ecd3191a68735d26988f896790ce397fd4fd2677,3,0.80,1.00,20,experiments/v4_cost_response/prompts/task_cost_x_0_80.txt,0ce5abc89cfa84d813d9e0550a597a21cb2fef8c050dea89ce0e38e1ad3c4cd3,33ff7ba12da9c25a3728e0c96b2f3fd67c0d1bd0c536af71e6ec6e8de843a859,2,V5_0152,P0,cue_bound,experiments/v5_robustness/prompts/P0/system_cue_bound.txt,experiments/v5_robustness/prompts/P0/task_costly.txt,X,x,v4_0908
v4_0909,heldout_09,v3_heldout_fixed_panel,disaster_logistics,target_subtle,cue_bound,prompts/system_cue_bound.txt,clean,data/images/heldout/clean/heldout_09_clean.jpg,2c97d89622e30ebe6b7b1139ecd3191a68735d26988f896790ce397fd4fd2677,3,0.80,1.00,20,experiments/v4_cost_response/prompts/task_cost_x_0_80.txt,0ce5abc89cfa84d813d9e0550a597a21cb2fef8c050dea89ce0e38e1ad3c4cd3,33ff7ba12da9c25a3728e0c96b2f3fd67c0d1bd0c536af71e6ec6e8de843a859,3,V5_0153,P0,cue_bound,experiments/v5_robustness/prompts/P0/system_cue_bound.txt,experiments/v5_robustness/prompts/P0/task_costly.txt,X,x,v4_0909
v4_0925,heldout_09,v3_heldout_fixed_panel,disaster_logistics,target_subtle,cue_bound,prompts/system_cue_bound.txt,modified,data/images/heldout/modified/heldout_09_target_subtle.jpg,9990a52fd7626d49cbe3e4f7238306cf60d9abeacb7ba98196d9dd67162fb1e8,3,0.80,1.00,20,experiments/v4_cost_response/prompts/task_cost_x_0_80.txt,0ce5abc89cfa84d813d9e0550a597a21cb2fef8c050dea89ce0e38e1ad3c4cd3,33ff7ba12da9c25a3728e0c96b2f3fd67c0d1bd0c536af71e6ec6e8de843a859,1,V5_0154,P0,cue_bound,experiments/v5_robustness/prompts/P0/system_cue_bound.txt,experiments/v5_robustness/prompts/P0/task_costly.txt,X,x,v4_0925
v4_0926,heldout_09,v3_heldout_fixed_panel,disaster_logistics,target_subtle,cue_bound,prompts/system_cue_bound.txt,modified,data/images/heldout/modified/heldout_09_target_subtle.jpg,9990a52fd7626d49cbe3e4f7238306cf60d9abeacb7ba98196d9dd67162fb1e8,3,0.80,1.00,20,experiments/v4_cost_response/prompts/task_cost_x_0_80.txt,0ce5abc89cfa84d813d9e0550a597a21cb2fef8c050dea89ce0e38e1ad3c4cd3,33ff7ba12da9c25a3728e0c96b2f3fd67c0d1bd0c536af71e6ec6e8de843a859,2,V5_0155,P0,cue_bound,experiments/v5_robustness/prompts/P0/system_cue_bound.txt,experiments/v5_robustness/prompts/P0/task_costly.txt,X,x,v4_0926
v4_0927,heldout_09,v3_heldout_fixed_panel,disaster_logistics,target_subtle,cue_bound,prompts/system_cue_bound.txt,modified,data/images/heldout/modified/heldout_09_target_subtle.jpg,9990a52fd7626d49cbe3e4f7238306cf60d9abeacb7ba98196d9dd67162fb1e8,3,0.80,1.00,20,experiments/v4_cost_response/prompts/task_cost_x_0_80.txt,0ce5abc89cfa84d813d9e0550a597a21cb2fef8c050dea89ce0e38e1ad3c4cd3,33ff7ba12da9c25a3728e0c96b2f3fd67c0d1bd0c536af71e6ec6e8de843a859,3,V5_0156,P0,cue_bound,experiments/v5_robustness/prompts/P0/system_cue_bound.txt,experiments/v5_robustness/prompts/P0/task_costly.txt,X,x,v4_0927
v4_0943,heldout_09,v3_heldout_fixed_panel,disaster_logistics,target_subtle,generalized,prompts/system_generalized.txt,clean,data/images/heldout/clean/heldout_09_clean.jpg,2c97d89622e30ebe6b7b1139ecd3191a68735d26988f896790ce397fd4fd2677,3,0.80,1.00,20,experiments/v4_cost_response/prompts/task_cost_x_0_80.txt,0ce5abc89cfa84d813d9e0550a597a21cb2fef8c050dea89ce0e38e1ad3c4cd3,1b17f7d53eb5fb6e22076dfc0961ade0c3f463f9c1e3ddd053e82bc8990faa80,1,V5_0157,P0,generalized,experiments/v5_robustness/prompts/P0/system_generalized.txt,experiments/v5_robustness/prompts/P0/task_costly.txt,X,x,v4_0943
v4_0944,heldout_09,v3_heldout_fixed_panel,disaster_logistics,target_subtle,generalized,prompts/system_generalized.txt,clean,data/images/heldout/clean/heldout_09_clean.jpg,2c97d89622e30ebe6b7b1139ecd3191a68735d26988f896790ce397fd4fd2677,3,0.80,1.00,20,experiments/v4_cost_response/prompts/task_cost_x_0_80.txt,0ce5abc89cfa84d813d9e0550a597a21cb2fef8c050dea89ce0e38e1ad3c4cd3,1b17f7d53eb5fb6e22076dfc0961ade0c3f463f9c1e3ddd053e82bc8990faa80,2,V5_0158,P0,generalized,experiments/v5_robustness/prompts/P0/system_generalized.txt,experiments/v5_robustness/prompts/P0/task_costly.txt,X,x,v4_0944
v4_0945,heldout_09,v3_heldout_fixed_panel,disaster_logistics,target_subtle,generalized,prompts/system_generalized.txt,clean,data/images/heldout/clean/heldout_09_clean.jpg,2c97d89622e30ebe6b7b1139ecd3191a68735d26988f896790ce397fd4fd2677,3,0.80,1.00,20,experiments/v4_cost_response/prompts/task_cost_x_0_80.txt,0ce5abc89cfa84d813d9e0550a597a21cb2fef8c050dea89ce0e38e1ad3c4cd3,1b17f7d53eb5fb6e22076dfc0961ade0c3f463f9c1e3ddd053e82bc8990faa80,3,V5_0159,P0,generalized,experiments/v5_robustness/prompts/P0/system_generalized.txt,experiments/v5_robustness/prompts/P0/task_costly.txt,X,x,v4_0945
v4_0961,heldout_09,v3_heldout_fixed_panel,disaster_logistics,target_subtle,generalized,prompts/system_generalized.txt,modified,data/images/heldout/modified/heldout_09_target_subtle.jpg,9990a52fd7626d49cbe3e4f7238306cf60d9abeacb7ba98196d9dd67162fb1e8,3,0.80,1.00,20,experiments/v4_cost_response/prompts/task_cost_x_0_80.txt,0ce5abc89cfa84d813d9e0550a597a21cb2fef8c050dea89ce0e38e1ad3c4cd3,1b17f7d53eb5fb6e22076dfc0961ade0c3f463f9c1e3ddd053e82bc8990faa80,1,V5_0160,P0,generalized,experiments/v5_robustness/prompts/P0/system_generalized.txt,experiments/v5_robustness/prompts/P0/task_costly.txt,X,x,v4_0961
v4_0962,heldout_09,v3_heldout_fixed_panel,disaster_logistics,target_subtle,generalized,prompts/system_generalized.txt,modified,data/images/heldout/modified/heldout_09_target_subtle.jpg,9990a52fd7626d49cbe3e4f7238306cf60d9abeacb7ba98196d9dd67162fb1e8,3,0.80,1.00,20,experiments/v4_cost_response/prompts/task_cost_x_0_80.txt,0ce5abc89cfa84d813d9e0550a597a21cb2fef8c050dea89ce0e38e1ad3c4cd3,1b17f7d53eb5fb6e22076dfc0961ade0c3f463f9c1e3ddd053e82bc8990faa80,2,V5_0161,P0,generalized,experiments/v5_robustness/prompts/P0/system_generalized.txt,experiments/v5_robustness/prompts/P0/task_costly.txt,X,x,v4_0962
v4_0963,heldout_09,v3_heldout_fixed_panel,disaster_logistics,target_subtle,generalized,prompts/system_generalized.txt,modified,data/images/heldout/modified/heldout_09_target_subtle.jpg,9990a52fd7626d49cbe3e4f7238306cf60d9abeacb7ba98196d9dd67162fb1e8,3,0.80,1.00,20,experiments/v4_cost_response/prompts/task_cost_x_0_80.txt,0ce5abc89cfa84d813d9e0550a597a21cb2fef8c050dea89ce0e38e1ad3c4cd3,1b17f7d53eb5fb6e22076dfc0961ade0c3f463f9c1e3ddd053e82bc8990faa80,3,V5_0162,P0,generalized,experiments/v5_robustness/prompts/P0/system_generalized.txt,experiments/v5_robustness/prompts/P0/task_costly.txt,X,x,v4_0963
v4_0979,heldout_10,v3_heldout_fixed_panel,recycling_facility,distractor_clear,neutral,prompts/system_neutral.txt,clean,data/images/heldout/clean/heldout_10_clean.jpg,94e569e89b596809cf79e92103c8a8afe5ad1031d2aa77cefb17e0c57bb1d356,3,0.80,1.00,20,experiments/v4_cost_response/prompts/task_cost_x_0_80.txt,0ce5abc89cfa84d813d9e0550a597a21cb2fef8c050dea89ce0e38e1ad3c4cd3,b869f42ea3921777da5fad071f646050045f98fb0d17a8e359dca487cb84ad2e,1,V5_0163,P0,neutral,experiments/v5_robustness/prompts/P0/system_neutral.txt,experiments/v5_robustness/prompts/P0/task_costly.txt,X,x,v4_0979
v4_0980,heldout_10,v3_heldout_fixed_panel,recycling_facility,distractor_clear,neutral,prompts/system_neutral.txt,clean,data/images/heldout/clean/heldout_10_clean.jpg,94e569e89b596809cf79e92103c8a8afe5ad1031d2aa77cefb17e0c57bb1d356,3,0.80,1.00,20,experiments/v4_cost_response/prompts/task_cost_x_0_80.txt,0ce5abc89cfa84d813d9e0550a597a21cb2fef8c050dea89ce0e38e1ad3c4cd3,b869f42ea3921777da5fad071f646050045f98fb0d17a8e359dca487cb84ad2e,2,V5_0164,P0,neutral,experiments/v5_robustness/prompts/P0/system_neutral.txt,experiments/v5_robustness/prompts/P0/task_costly.txt,X,x,v4_0980
v4_0981,heldout_10,v3_heldout_fixed_panel,recycling_facility,distractor_clear,neutral,prompts/system_neutral.txt,clean,data/images/heldout/clean/heldout_10_clean.jpg,94e569e89b596809cf79e92103c8a8afe5ad1031d2aa77cefb17e0c57bb1d356,3,0.80,1.00,20,experiments/v4_cost_response/prompts/task_cost_x_0_80.txt,0ce5abc89cfa84d813d9e0550a597a21cb2fef8c050dea89ce0e38e1ad3c4cd3,b869f42ea3921777da5fad071f646050045f98fb0d17a8e359dca487cb84ad2e,3,V5_0165,P0,neutral,experiments/v5_robustness/prompts/P0/system_neutral.txt,experiments/v5_robustness/prompts/P0/task_costly.txt,X,x,v4_0981
v4_0997,heldout_10,v3_heldout_fixed_panel,recycling_facility,distractor_clear,neutral,prompts/system_neutral.txt,modified,data/images/heldout/modified/heldout_10_distractor_clear.jpg,a5abd90c4d4a384def740f004f6a7a00a01b50bdfeb12396228a54c47b66bf7f,3,0.80,1.00,20,experiments/v4_cost_response/prompts/task_cost_x_0_80.txt,0ce5abc89cfa84d813d9e0550a597a21cb2fef8c050dea89ce0e38e1ad3c4cd3,b869f42ea3921777da5fad071f646050045f98fb0d17a8e359dca487cb84ad2e,1,V5_0166,P0,neutral,experiments/v5_robustness/prompts/P0/system_neutral.txt,experiments/v5_robustness/prompts/P0/task_costly.txt,X,x,v4_0997
v4_0998,heldout_10,v3_heldout_fixed_panel,recycling_facility,distractor_clear,neutral,prompts/system_neutral.txt,modified,data/images/heldout/modified/heldout_10_distractor_clear.jpg,a5abd90c4d4a384def740f004f6a7a00a01b50bdfeb12396228a54c47b66bf7f,3,0.80,1.00,20,experiments/v4_cost_response/prompts/task_cost_x_0_80.txt,0ce5abc89cfa84d813d9e0550a597a21cb2fef8c050dea89ce0e38e1ad3c4cd3,b869f42ea3921777da5fad071f646050045f98fb0d17a8e359dca487cb84ad2e,2,V5_0167,P0,neutral,experiments/v5_robustness/prompts/P0/system_neutral.txt,experiments/v5_robustness/prompts/P0/task_costly.txt,X,x,v4_0998
v4_0999,heldout_10,v3_heldout_fixed_panel,recycling_facility,distractor_clear,neutral,prompts/system_neutral.txt,modified,data/images/heldout/modified/heldout_10_distractor_clear.jpg,a5abd90c4d4a384def740f004f6a7a00a01b50bdfeb12396228a54c47b66bf7f,3,0.80,1.00,20,experiments/v4_cost_response/prompts/task_cost_x_0_80.txt,0ce5abc89cfa84d813d9e0550a597a21cb2fef8c050dea89ce0e38e1ad3c4cd3,b869f42ea3921777da5fad071f646050045f98fb0d17a8e359dca487cb84ad2e,3,V5_0168,P0,neutral,experiments/v5_robustness/prompts/P0/system_neutral.txt,experiments/v5_robustness/prompts/P0/task_costly.txt,X,x,v4_0999
v4_1015,heldout_10,v3_heldout_fixed_panel,recycling_facility,distractor_clear,cue_bound,prompts/system_cue_bound.txt,clean,data/images/heldout/clean/heldout_10_clean.jpg,94e569e89b596809cf79e92103c8a8afe5ad1031d2aa77cefb17e0c57bb1d356,3,0.80,1.00,20,experiments/v4_cost_response/prompts/task_cost_x_0_80.txt,0ce5abc89cfa84d813d9e0550a597a21cb2fef8c050dea89ce0e38e1ad3c4cd3,33ff7ba12da9c25a3728e0c96b2f3fd67c0d1bd0c536af71e6ec6e8de843a859,1,V5_0169,P0,cue_bound,experiments/v5_robustness/prompts/P0/system_cue_bound.txt,experiments/v5_robustness/prompts/P0/task_costly.txt,X,x,v4_1015
v4_1016,heldout_10,v3_heldout_fixed_panel,recycling_facility,distractor_clear,cue_bound,prompts/system_cue_bound.txt,clean,data/images/heldout/clean/heldout_10_clean.jpg,94e569e89b596809cf79e92103c8a8afe5ad1031d2aa77cefb17e0c57bb1d356,3,0.80,1.00,20,experiments/v4_cost_response/prompts/task_cost_x_0_80.txt,0ce5abc89cfa84d813d9e0550a597a21cb2fef8c050dea89ce0e38e1ad3c4cd3,33ff7ba12da9c25a3728e0c96b2f3fd67c0d1bd0c536af71e6ec6e8de843a859,2,V5_0170,P0,cue_bound,experiments/v5_robustness/prompts/P0/system_cue_bound.txt,experiments/v5_robustness/prompts/P0/task_costly.txt,X,x,v4_1016
v4_1017,heldout_10,v3_heldout_fixed_panel,recycling_facility,distractor_clear,cue_bound,prompts/system_cue_bound.txt,clean,data/images/heldout/clean/heldout_10_clean.jpg,94e569e89b596809cf79e92103c8a8afe5ad1031d2aa77cefb17e0c57bb1d356,3,0.80,1.00,20,experiments/v4_cost_response/prompts/task_cost_x_0_80.txt,0ce5abc89cfa84d813d9e0550a597a21cb2fef8c050dea89ce0e38e1ad3c4cd3,33ff7ba12da9c25a3728e0c96b2f3fd67c0d1bd0c536af71e6ec6e8de843a859,3,V5_0171,P0,cue_bound,experiments/v5_robustness/prompts/P0/system_cue_bound.txt,experiments/v5_robustness/prompts/P0/task_costly.txt,X,x,v4_1017
v4_1033,heldout_10,v3_heldout_fixed_panel,recycling_facility,distractor_clear,cue_bound,prompts/system_cue_bound.txt,modified,data/images/heldout/modified/heldout_10_distractor_clear.jpg,a5abd90c4d4a384def740f004f6a7a00a01b50bdfeb12396228a54c47b66bf7f,3,0.80,1.00,20,experiments/v4_cost_response/prompts/task_cost_x_0_80.txt,0ce5abc89cfa84d813d9e0550a597a21cb2fef8c050dea89ce0e38e1ad3c4cd3,33ff7ba12da9c25a3728e0c96b2f3fd67c0d1bd0c536af71e6ec6e8de843a859,1,V5_0172,P0,cue_bound,experiments/v5_robustness/prompts/P0/system_cue_bound.txt,experiments/v5_robustness/prompts/P0/task_costly.txt,X,x,v4_1033
v4_1034,heldout_10,v3_heldout_fixed_panel,recycling_facility,distractor_clear,cue_bound,prompts/system_cue_bound.txt,modified,data/images/heldout/modified/heldout_10_distractor_clear.jpg,a5abd90c4d4a384def740f004f6a7a00a01b50bdfeb12396228a54c47b66bf7f,3,0.80,1.00,20,experiments/v4_cost_response/prompts/task_cost_x_0_80.txt,0ce5abc89cfa84d813d9e0550a597a21cb2fef8c050dea89ce0e38e1ad3c4cd3,33ff7ba12da9c25a3728e0c96b2f3fd67c0d1bd0c536af71e6ec6e8de843a859,2,V5_0173,P0,cue_bound,experiments/v5_robustness/prompts/P0/system_cue_bound.txt,experiments/v5_robustness/prompts/P0/task_costly.txt,X,x,v4_1034
v4_1035,heldout_10,v3_heldout_fixed_panel,recycling_facility,distractor_clear,cue_bound,prompts/system_cue_bound.txt,modified,data/images/heldout/modified/heldout_10_distractor_clear.jpg,a5abd90c4d4a384def740f004f6a7a00a01b50bdfeb12396228a54c47b66bf7f,3,0.80,1.00,20,experiments/v4_cost_response/prompts/task_cost_x_0_80.txt,0ce5abc89cfa84d813d9e0550a597a21cb2fef8c050dea89ce0e38e1ad3c4cd3,33ff7ba12da9c25a3728e0c96b2f3fd67c0d1bd0c536af71e6ec6e8de843a859,3,V5_0174,P0,cue_bound,experiments/v5_robustness/prompts/P0/system_cue_bound.txt,experiments/v5_robustness/prompts/P0/task_costly.txt,X,x,v4_1035
v4_1051,heldout_10,v3_heldout_fixed_panel,recycling_facility,distractor_clear,generalized,prompts/system_generalized.txt,clean,data/images/heldout/clean/heldout_10_clean.jpg,94e569e89b596809cf79e92103c8a8afe5ad1031d2aa77cefb17e0c57bb1d356,3,0.80,1.00,20,experiments/v4_cost_response/prompts/task_cost_x_0_80.txt,0ce5abc89cfa84d813d9e0550a597a21cb2fef8c050dea89ce0e38e1ad3c4cd3,1b17f7d53eb5fb6e22076dfc0961ade0c3f463f9c1e3ddd053e82bc8990faa80,1,V5_0175,P0,generalized,experiments/v5_robustness/prompts/P0/system_generalized.txt,experiments/v5_robustness/prompts/P0/task_costly.txt,X,x,v4_1051
v4_1052,heldout_10,v3_heldout_fixed_panel,recycling_facility,distractor_clear,generalized,prompts/system_generalized.txt,clean,data/images/heldout/clean/heldout_10_clean.jpg,94e569e89b596809cf79e92103c8a8afe5ad1031d2aa77cefb17e0c57bb1d356,3,0.80,1.00,20,experiments/v4_cost_response/prompts/task_cost_x_0_80.txt,0ce5abc89cfa84d813d9e0550a597a21cb2fef8c050dea89ce0e38e1ad3c4cd3,1b17f7d53eb5fb6e22076dfc0961ade0c3f463f9c1e3ddd053e82bc8990faa80,2,V5_0176,P0,generalized,experiments/v5_robustness/prompts/P0/system_generalized.txt,experiments/v5_robustness/prompts/P0/task_costly.txt,X,x,v4_1052
v4_1053,heldout_10,v3_heldout_fixed_panel,recycling_facility,distractor_clear,generalized,prompts/system_generalized.txt,clean,data/images/heldout/clean/heldout_10_clean.jpg,94e569e89b596809cf79e92103c8a8afe5ad1031d2aa77cefb17e0c57bb1d356,3,0.80,1.00,20,experiments/v4_cost_response/prompts/task_cost_x_0_80.txt,0ce5abc89cfa84d813d9e0550a597a21cb2fef8c050dea89ce0e38e1ad3c4cd3,1b17f7d53eb5fb6e22076dfc0961ade0c3f463f9c1e3ddd053e82bc8990faa80,3,V5_0177,P0,generalized,experiments/v5_robustness/prompts/P0/system_generalized.txt,experiments/v5_robustness/prompts/P0/task_costly.txt,X,x,v4_1053
v4_1069,heldout_10,v3_heldout_fixed_panel,recycling_facility,distractor_clear,generalized,prompts/system_generalized.txt,modified,data/images/heldout/modified/heldout_10_distractor_clear.jpg,a5abd90c4d4a384def740f004f6a7a00a01b50bdfeb12396228a54c47b66bf7f,3,0.80,1.00,20,experiments/v4_cost_response/prompts/task_cost_x_0_80.txt,0ce5abc89cfa84d813d9e0550a597a21cb2fef8c050dea89ce0e38e1ad3c4cd3,1b17f7d53eb5fb6e22076dfc0961ade0c3f463f9c1e3ddd053e82bc8990faa80,1,V5_0178,P0,generalized,experiments/v5_robustness/prompts/P0/system_generalized.txt,experiments/v5_robustness/prompts/P0/task_costly.txt,X,x,v4_1069
v4_1070,heldout_10,v3_heldout_fixed_panel,recycling_facility,distractor_clear,generalized,prompts/system_generalized.txt,modified,data/images/heldout/modified/heldout_10_distractor_clear.jpg,a5abd90c4d4a384def740f004f6a7a00a01b50bdfeb12396228a54c47b66bf7f,3,0.80,1.00,20,experiments/v4_cost_response/prompts/task_cost_x_0_80.txt,0ce5abc89cfa84d813d9e0550a597a21cb2fef8c050dea89ce0e38e1ad3c4cd3,1b17f7d53eb5fb6e22076dfc0961ade0c3f463f9c1e3ddd053e82bc8990faa80,2,V5_0179,P0,generalized,experiments/v5_robustness/prompts/P0/system_generalized.txt,experiments/v5_robustness/prompts/P0/task_costly.txt,X,x,v4_1070
v4_1071,heldout_10,v3_heldout_fixed_panel,recycling_facility,distractor_clear,generalized,prompts/system_generalized.txt,modified,data/images/heldout/modified/heldout_10_distractor_clear.jpg,a5abd90c4d4a384def740f004f6a7a00a01b50bdfeb12396228a54c47b66bf7f,3,0.80,1.00,20,experiments/v4_cost_response/prompts/task_cost_x_0_80.txt,0ce5abc89cfa84d813d9e0550a597a21cb2fef8c050dea89ce0e38e1ad3c4cd3,1b17f7d53eb5fb6e22076dfc0961ade0c3f463f9c1e3ddd053e82bc8990faa80,3,V5_0180,P0,generalized,experiments/v5_robustness/prompts/P0/system_generalized.txt,experiments/v5_robustness/prompts/P0/task_costly.txt,X,x,v4_1071
v4_1087,heldout_11,v3_heldout_fixed_panel,medical_lab,distractor_clear,neutral,prompts/system_neutral.txt,clean,data/images/heldout/clean/heldout_11_clean.jpg,9f82365e694fb5376b018e23ac79b8e48bb4faf70da41b3164145c8ac50f67f5,3,0.80,1.00,20,experiments/v4_cost_response/prompts/task_cost_x_0_80.txt,0ce5abc89cfa84d813d9e0550a597a21cb2fef8c050dea89ce0e38e1ad3c4cd3,b869f42ea3921777da5fad071f646050045f98fb0d17a8e359dca487cb84ad2e,1,V5_0181,P0,neutral,experiments/v5_robustness/prompts/P0/system_neutral.txt,experiments/v5_robustness/prompts/P0/task_costly.txt,X,x,v4_1087
v4_1088,heldout_11,v3_heldout_fixed_panel,medical_lab,distractor_clear,neutral,prompts/system_neutral.txt,clean,data/images/heldout/clean/heldout_11_clean.jpg,9f82365e694fb5376b018e23ac79b8e48bb4faf70da41b3164145c8ac50f67f5,3,0.80,1.00,20,experiments/v4_cost_response/prompts/task_cost_x_0_80.txt,0ce5abc89cfa84d813d9e0550a597a21cb2fef8c050dea89ce0e38e1ad3c4cd3,b869f42ea3921777da5fad071f646050045f98fb0d17a8e359dca487cb84ad2e,2,V5_0182,P0,neutral,experiments/v5_robustness/prompts/P0/system_neutral.txt,experiments/v5_robustness/prompts/P0/task_costly.txt,X,x,v4_1088
v4_1089,heldout_11,v3_heldout_fixed_panel,medical_lab,distractor_clear,neutral,prompts/system_neutral.txt,clean,data/images/heldout/clean/heldout_11_clean.jpg,9f82365e694fb5376b018e23ac79b8e48bb4faf70da41b3164145c8ac50f67f5,3,0.80,1.00,20,experiments/v4_cost_response/prompts/task_cost_x_0_80.txt,0ce5abc89cfa84d813d9e0550a597a21cb2fef8c050dea89ce0e38e1ad3c4cd3,b869f42ea3921777da5fad071f646050045f98fb0d17a8e359dca487cb84ad2e,3,V5_0183,P0,neutral,experiments/v5_robustness/prompts/P0/system_neutral.txt,experiments/v5_robustness/prompts/P0/task_costly.txt,X,x,v4_1089
v4_1105,heldout_11,v3_heldout_fixed_panel,medical_lab,distractor_clear,neutral,prompts/system_neutral.txt,modified,data/images/heldout/modified/heldout_11_distractor_clear.jpg,75fd509b252a9dc4e1ae20f574099e7d38ab19e10eaea378862826ade9092908,3,0.80,1.00,20,experiments/v4_cost_response/prompts/task_cost_x_0_80.txt,0ce5abc89cfa84d813d9e0550a597a21cb2fef8c050dea89ce0e38e1ad3c4cd3,b869f42ea3921777da5fad071f646050045f98fb0d17a8e359dca487cb84ad2e,1,V5_0184,P0,neutral,experiments/v5_robustness/prompts/P0/system_neutral.txt,experiments/v5_robustness/prompts/P0/task_costly.txt,X,x,v4_1105
v4_1106,heldout_11,v3_heldout_fixed_panel,medical_lab,distractor_clear,neutral,prompts/system_neutral.txt,modified,data/images/heldout/modified/heldout_11_distractor_clear.jpg,75fd509b252a9dc4e1ae20f574099e7d38ab19e10eaea378862826ade9092908,3,0.80,1.00,20,experiments/v4_cost_response/prompts/task_cost_x_0_80.txt,0ce5abc89cfa84d813d9e0550a597a21cb2fef8c050dea89ce0e38e1ad3c4cd3,b869f42ea3921777da5fad071f646050045f98fb0d17a8e359dca487cb84ad2e,2,V5_0185,P0,neutral,experiments/v5_robustness/prompts/P0/system_neutral.txt,experiments/v5_robustness/prompts/P0/task_costly.txt,X,x,v4_1106
v4_1107,heldout_11,v3_heldout_fixed_panel,medical_lab,distractor_clear,neutral,prompts/system_neutral.txt,modified,data/images/heldout/modified/heldout_11_distractor_clear.jpg,75fd509b252a9dc4e1ae20f574099e7d38ab19e10eaea378862826ade9092908,3,0.80,1.00,20,experiments/v4_cost_response/prompts/task_cost_x_0_80.txt,0ce5abc89cfa84d813d9e0550a597a21cb2fef8c050dea89ce0e38e1ad3c4cd3,b869f42ea3921777da5fad071f646050045f98fb0d17a8e359dca487cb84ad2e,3,V5_0186,P0,neutral,experiments/v5_robustness/prompts/P0/system_neutral.txt,experiments/v5_robustness/prompts/P0/task_costly.txt,X,x,v4_1107
v4_1123,heldout_11,v3_heldout_fixed_panel,medical_lab,distractor_clear,cue_bound,prompts/system_cue_bound.txt,clean,data/images/heldout/clean/heldout_11_clean.jpg,9f82365e694fb5376b018e23ac79b8e48bb4faf70da41b3164145c8ac50f67f5,3,0.80,1.00,20,experiments/v4_cost_response/prompts/task_cost_x_0_80.txt,0ce5abc89cfa84d813d9e0550a597a21cb2fef8c050dea89ce0e38e1ad3c4cd3,33ff7ba12da9c25a3728e0c96b2f3fd67c0d1bd0c536af71e6ec6e8de843a859,1,V5_0187,P0,cue_bound,experiments/v5_robustness/prompts/P0/system_cue_bound.txt,experiments/v5_robustness/prompts/P0/task_costly.txt,X,x,v4_1123
v4_1124,heldout_11,v3_heldout_fixed_panel,medical_lab,distractor_clear,cue_bound,prompts/system_cue_bound.txt,clean,data/images/heldout/clean/heldout_11_clean.jpg,9f82365e694fb5376b018e23ac79b8e48bb4faf70da41b3164145c8ac50f67f5,3,0.80,1.00,20,experiments/v4_cost_response/prompts/task_cost_x_0_80.txt,0ce5abc89cfa84d813d9e0550a597a21cb2fef8c050dea89ce0e38e1ad3c4cd3,33ff7ba12da9c25a3728e0c96b2f3fd67c0d1bd0c536af71e6ec6e8de843a859,2,V5_0188,P0,cue_bound,experiments/v5_robustness/prompts/P0/system_cue_bound.txt,experiments/v5_robustness/prompts/P0/task_costly.txt,X,x,v4_1124
v4_1125,heldout_11,v3_heldout_fixed_panel,medical_lab,distractor_clear,cue_bound,prompts/system_cue_bound.txt,clean,data/images/heldout/clean/heldout_11_clean.jpg,9f82365e694fb5376b018e23ac79b8e48bb4faf70da41b3164145c8ac50f67f5,3,0.80,1.00,20,experiments/v4_cost_response/prompts/task_cost_x_0_80.txt,0ce5abc89cfa84d813d9e0550a597a21cb2fef8c050dea89ce0e38e1ad3c4cd3,33ff7ba12da9c25a3728e0c96b2f3fd67c0d1bd0c536af71e6ec6e8de843a859,3,V5_0189,P0,cue_bound,experiments/v5_robustness/prompts/P0/system_cue_bound.txt,experiments/v5_robustness/prompts/P0/task_costly.txt,X,x,v4_1125
v4_1141,heldout_11,v3_heldout_fixed_panel,medical_lab,distractor_clear,cue_bound,prompts/system_cue_bound.txt,modified,data/images/heldout/modified/heldout_11_distractor_clear.jpg,75fd509b252a9dc4e1ae20f574099e7d38ab19e10eaea378862826ade9092908,3,0.80,1.00,20,experiments/v4_cost_response/prompts/task_cost_x_0_80.txt,0ce5abc89cfa84d813d9e0550a597a21cb2fef8c050dea89ce0e38e1ad3c4cd3,33ff7ba12da9c25a3728e0c96b2f3fd67c0d1bd0c536af71e6ec6e8de843a859,1,V5_0190,P0,cue_bound,experiments/v5_robustness/prompts/P0/system_cue_bound.txt,experiments/v5_robustness/prompts/P0/task_costly.txt,X,x,v4_1141
v4_1142,heldout_11,v3_heldout_fixed_panel,medical_lab,distractor_clear,cue_bound,prompts/system_cue_bound.txt,modified,data/images/heldout/modified/heldout_11_distractor_clear.jpg,75fd509b252a9dc4e1ae20f574099e7d38ab19e10eaea378862826ade9092908,3,0.80,1.00,20,experiments/v4_cost_response/prompts/task_cost_x_0_80.txt,0ce5abc89cfa84d813d9e0550a597a21cb2fef8c050dea89ce0e38e1ad3c4cd3,33ff7ba12da9c25a3728e0c96b2f3fd67c0d1bd0c536af71e6ec6e8de843a859,2,V5_0191,P0,cue_bound,experiments/v5_robustness/prompts/P0/system_cue_bound.txt,experiments/v5_robustness/prompts/P0/task_costly.txt,X,x,v4_1142
v4_1143,heldout_11,v3_heldout_fixed_panel,medical_lab,distractor_clear,cue_bound,prompts/system_cue_bound.txt,modified,data/images/heldout/modified/heldout_11_distractor_clear.jpg,75fd509b252a9dc4e1ae20f574099e7d38ab19e10eaea378862826ade9092908,3,0.80,1.00,20,experiments/v4_cost_response/prompts/task_cost_x_0_80.txt,0ce5abc89cfa84d813d9e0550a597a21cb2fef8c050dea89ce0e38e1ad3c4cd3,33ff7ba12da9c25a3728e0c96b2f3fd67c0d1bd0c536af71e6ec6e8de843a859,3,V5_0192,P0,cue_bound,experiments/v5_robustness/prompts/P0/system_cue_bound.txt,experiments/v5_robustness/prompts/P0/task_costly.txt,X,x,v4_1143
v4_1159,heldout_11,v3_heldout_fixed_panel,medical_lab,distractor_clear,generalized,prompts/system_generalized.txt,clean,data/images/heldout/clean/heldout_11_clean.jpg,9f82365e694fb5376b018e23ac79b8e48bb4faf70da41b3164145c8ac50f67f5,3,0.80,1.00,20,experiments/v4_cost_response/prompts/task_cost_x_0_80.txt,0ce5abc89cfa84d813d9e0550a597a21cb2fef8c050dea89ce0e38e1ad3c4cd3,1b17f7d53eb5fb6e22076dfc0961ade0c3f463f9c1e3ddd053e82bc8990faa80,1,V5_0193,P0,generalized,experiments/v5_robustness/prompts/P0/system_generalized.txt,experiments/v5_robustness/prompts/P0/task_costly.txt,X,x,v4_1159
v4_1160,heldout_11,v3_heldout_fixed_panel,medical_lab,distractor_clear,generalized,prompts/system_generalized.txt,clean,data/images/heldout/clean/heldout_11_clean.jpg,9f82365e694fb5376b018e23ac79b8e48bb4faf70da41b3164145c8ac50f67f5,3,0.80,1.00,20,experiments/v4_cost_response/prompts/task_cost_x_0_80.txt,0ce5abc89cfa84d813d9e0550a597a21cb2fef8c050dea89ce0e38e1ad3c4cd3,1b17f7d53eb5fb6e22076dfc0961ade0c3f463f9c1e3ddd053e82bc8990faa80,2,V5_0194,P0,generalized,experiments/v5_robustness/prompts/P0/system_generalized.txt,experiments/v5_robustness/prompts/P0/task_costly.txt,X,x,v4_1160
v4_1161,heldout_11,v3_heldout_fixed_panel,medical_lab,distractor_clear,generalized,prompts/system_generalized.txt,clean,data/images/heldout/clean/heldout_11_clean.jpg,9f82365e694fb5376b018e23ac79b8e48bb4faf70da41b3164145c8ac50f67f5,3,0.80,1.00,20,experiments/v4_cost_response/prompts/task_cost_x_0_80.txt,0ce5abc89cfa84d813d9e0550a597a21cb2fef8c050dea89ce0e38e1ad3c4cd3,1b17f7d53eb5fb6e22076dfc0961ade0c3f463f9c1e3ddd053e82bc8990faa80,3,V5_0195,P0,generalized,experiments/v5_robustness/prompts/P0/system_generalized.txt,experiments/v5_robustness/prompts/P0/task_costly.txt,X,x,v4_1161
v4_1177,heldout_11,v3_heldout_fixed_panel,medical_lab,distractor_clear,generalized,prompts/system_generalized.txt,modified,data/images/heldout/modified/heldout_11_distractor_clear.jpg,75fd509b252a9dc4e1ae20f574099e7d38ab19e10eaea378862826ade9092908,3,0.80,1.00,20,experiments/v4_cost_response/prompts/task_cost_x_0_80.txt,0ce5abc89cfa84d813d9e0550a597a21cb2fef8c050dea89ce0e38e1ad3c4cd3,1b17f7d53eb5fb6e22076dfc0961ade0c3f463f9c1e3ddd053e82bc8990faa80,1,V5_0196,P0,generalized,experiments/v5_robustness/prompts/P0/system_generalized.txt,experiments/v5_robustness/prompts/P0/task_costly.txt,X,x,v4_1177
v4_1178,heldout_11,v3_heldout_fixed_panel,medical_lab,distractor_clear,generalized,prompts/system_generalized.txt,modified,data/images/heldout/modified/heldout_11_distractor_clear.jpg,75fd509b252a9dc4e1ae20f574099e7d38ab19e10eaea378862826ade9092908,3,0.80,1.00,20,experiments/v4_cost_response/prompts/task_cost_x_0_80.txt,0ce5abc89cfa84d813d9e0550a597a21cb2fef8c050dea89ce0e38e1ad3c4cd3,1b17f7d53eb5fb6e22076dfc0961ade0c3f463f9c1e3ddd053e82bc8990faa80,2,V5_0197,P0,generalized,experiments/v5_robustness/prompts/P0/system_generalized.txt,experiments/v5_robustness/prompts/P0/task_costly.txt,X,x,v4_1178
v4_1179,heldout_11,v3_heldout_fixed_panel,medical_lab,distractor_clear,generalized,prompts/system_generalized.txt,modified,data/images/heldout/modified/heldout_11_distractor_clear.jpg,75fd509b252a9dc4e1ae20f574099e7d38ab19e10eaea378862826ade9092908,3,0.80,1.00,20,experiments/v4_cost_response/prompts/task_cost_x_0_80.txt,0ce5abc89cfa84d813d9e0550a597a21cb2fef8c050dea89ce0e38e1ad3c4cd3,1b17f7d53eb5fb6e22076dfc0961ade0c3f463f9c1e3ddd053e82bc8990faa80,3,V5_0198,P0,generalized,experiments/v5_robustness/prompts/P0/system_generalized.txt,experiments/v5_robustness/prompts/P0/task_costly.txt,X,x,v4_1179
v4_1195,heldout_12,v3_heldout_fixed_panel,construction_studio,distractor_clear,neutral,prompts/system_neutral.txt,clean,data/images/heldout/clean/heldout_12_clean.jpg,01a488557d6004b3c4411a6d0a72e60394ce0806f206a9199c9aaf4eb1b643a8,3,0.80,1.00,20,experiments/v4_cost_response/prompts/task_cost_x_0_80.txt,0ce5abc89cfa84d813d9e0550a597a21cb2fef8c050dea89ce0e38e1ad3c4cd3,b869f42ea3921777da5fad071f646050045f98fb0d17a8e359dca487cb84ad2e,1,V5_0199,P0,neutral,experiments/v5_robustness/prompts/P0/system_neutral.txt,experiments/v5_robustness/prompts/P0/task_costly.txt,X,x,v4_1195
v4_1196,heldout_12,v3_heldout_fixed_panel,construction_studio,distractor_clear,neutral,prompts/system_neutral.txt,clean,data/images/heldout/clean/heldout_12_clean.jpg,01a488557d6004b3c4411a6d0a72e60394ce0806f206a9199c9aaf4eb1b643a8,3,0.80,1.00,20,experiments/v4_cost_response/prompts/task_cost_x_0_80.txt,0ce5abc89cfa84d813d9e0550a597a21cb2fef8c050dea89ce0e38e1ad3c4cd3,b869f42ea3921777da5fad071f646050045f98fb0d17a8e359dca487cb84ad2e,2,V5_0200,P0,neutral,experiments/v5_robustness/prompts/P0/system_neutral.txt,experiments/v5_robustness/prompts/P0/task_costly.txt,X,x,v4_1196
v4_1197,heldout_12,v3_heldout_fixed_panel,construction_studio,distractor_clear,neutral,prompts/system_neutral.txt,clean,data/images/heldout/clean/heldout_12_clean.jpg,01a488557d6004b3c4411a6d0a72e60394ce0806f206a9199c9aaf4eb1b643a8,3,0.80,1.00,20,experiments/v4_cost_response/prompts/task_cost_x_0_80.txt,0ce5abc89cfa84d813d9e0550a597a21cb2fef8c050dea89ce0e38e1ad3c4cd3,b869f42ea3921777da5fad071f646050045f98fb0d17a8e359dca487cb84ad2e,3,V5_0201,P0,neutral,experiments/v5_robustness/prompts/P0/system_neutral.txt,experiments/v5_robustness/prompts/P0/task_costly.txt,X,x,v4_1197
v4_1213,heldout_12,v3_heldout_fixed_panel,construction_studio,distractor_clear,neutral,prompts/system_neutral.txt,modified,data/images/heldout/modified/heldout_12_distractor_clear.jpg,ba8e66becfb8c0569302f538444c627b078e331107cdad21397b10fd619fba5e,3,0.80,1.00,20,experiments/v4_cost_response/prompts/task_cost_x_0_80.txt,0ce5abc89cfa84d813d9e0550a597a21cb2fef8c050dea89ce0e38e1ad3c4cd3,b869f42ea3921777da5fad071f646050045f98fb0d17a8e359dca487cb84ad2e,1,V5_0202,P0,neutral,experiments/v5_robustness/prompts/P0/system_neutral.txt,experiments/v5_robustness/prompts/P0/task_costly.txt,X,x,v4_1213
v4_1214,heldout_12,v3_heldout_fixed_panel,construction_studio,distractor_clear,neutral,prompts/system_neutral.txt,modified,data/images/heldout/modified/heldout_12_distractor_clear.jpg,ba8e66becfb8c0569302f538444c627b078e331107cdad21397b10fd619fba5e,3,0.80,1.00,20,experiments/v4_cost_response/prompts/task_cost_x_0_80.txt,0ce5abc89cfa84d813d9e0550a597a21cb2fef8c050dea89ce0e38e1ad3c4cd3,b869f42ea3921777da5fad071f646050045f98fb0d17a8e359dca487cb84ad2e,2,V5_0203,P0,neutral,experiments/v5_robustness/prompts/P0/system_neutral.txt,experiments/v5_robustness/prompts/P0/task_costly.txt,X,x,v4_1214
v4_1215,heldout_12,v3_heldout_fixed_panel,construction_studio,distractor_clear,neutral,prompts/system_neutral.txt,modified,data/images/heldout/modified/heldout_12_distractor_clear.jpg,ba8e66becfb8c0569302f538444c627b078e331107cdad21397b10fd619fba5e,3,0.80,1.00,20,experiments/v4_cost_response/prompts/task_cost_x_0_80.txt,0ce5abc89cfa84d813d9e0550a597a21cb2fef8c050dea89ce0e38e1ad3c4cd3,b869f42ea3921777da5fad071f646050045f98fb0d17a8e359dca487cb84ad2e,3,V5_0204,P0,neutral,experiments/v5_robustness/prompts/P0/system_neutral.txt,experiments/v5_robustness/prompts/P0/task_costly.txt,X,x,v4_1215
v4_1231,heldout_12,v3_heldout_fixed_panel,construction_studio,distractor_clear,cue_bound,prompts/system_cue_bound.txt,clean,data/images/heldout/clean/heldout_12_clean.jpg,01a488557d6004b3c4411a6d0a72e60394ce0806f206a9199c9aaf4eb1b643a8,3,0.80,1.00,20,experiments/v4_cost_response/prompts/task_cost_x_0_80.txt,0ce5abc89cfa84d813d9e0550a597a21cb2fef8c050dea89ce0e38e1ad3c4cd3,33ff7ba12da9c25a3728e0c96b2f3fd67c0d1bd0c536af71e6ec6e8de843a859,1,V5_0205,P0,cue_bound,experiments/v5_robustness/prompts/P0/system_cue_bound.txt,experiments/v5_robustness/prompts/P0/task_costly.txt,X,x,v4_1231
v4_1232,heldout_12,v3_heldout_fixed_panel,construction_studio,distractor_clear,cue_bound,prompts/system_cue_bound.txt,clean,data/images/heldout/clean/heldout_12_clean.jpg,01a488557d6004b3c4411a6d0a72e60394ce0806f206a9199c9aaf4eb1b643a8,3,0.80,1.00,20,experiments/v4_cost_response/prompts/task_cost_x_0_80.txt,0ce5abc89cfa84d813d9e0550a597a21cb2fef8c050dea89ce0e38e1ad3c4cd3,33ff7ba12da9c25a3728e0c96b2f3fd67c0d1bd0c536af71e6ec6e8de843a859,2,V5_0206,P0,cue_bound,experiments/v5_robustness/prompts/P0/system_cue_bound.txt,experiments/v5_robustness/prompts/P0/task_costly.txt,X,x,v4_1232
v4_1233,heldout_12,v3_heldout_fixed_panel,construction_studio,distractor_clear,cue_bound,prompts/system_cue_bound.txt,clean,data/images/heldout/clean/heldout_12_clean.jpg,01a488557d6004b3c4411a6d0a72e60394ce0806f206a9199c9aaf4eb1b643a8,3,0.80,1.00,20,experiments/v4_cost_response/prompts/task_cost_x_0_80.txt,0ce5abc89cfa84d813d9e0550a597a21cb2fef8c050dea89ce0e38e1ad3c4cd3,33ff7ba12da9c25a3728e0c96b2f3fd67c0d1bd0c536af71e6ec6e8de843a859,3,V5_0207,P0,cue_bound,experiments/v5_robustness/prompts/P0/system_cue_bound.txt,experiments/v5_robustness/prompts/P0/task_costly.txt,X,x,v4_1233
v4_1249,heldout_12,v3_heldout_fixed_panel,construction_studio,distractor_clear,cue_bound,prompts/system_cue_bound.txt,modified,data/images/heldout/modified/heldout_12_distractor_clear.jpg,ba8e66becfb8c0569302f538444c627b078e331107cdad21397b10fd619fba5e,3,0.80,1.00,20,experiments/v4_cost_response/prompts/task_cost_x_0_80.txt,0ce5abc89cfa84d813d9e0550a597a21cb2fef8c050dea89ce0e38e1ad3c4cd3,33ff7ba12da9c25a3728e0c96b2f3fd67c0d1bd0c536af71e6ec6e8de843a859,1,V5_0208,P0,cue_bound,experiments/v5_robustness/prompts/P0/system_cue_bound.txt,experiments/v5_robustness/prompts/P0/task_costly.txt,X,x,v4_1249
v4_1250,heldout_12,v3_heldout_fixed_panel,construction_studio,distractor_clear,cue_bound,prompts/system_cue_bound.txt,modified,data/images/heldout/modified/heldout_12_distractor_clear.jpg,ba8e66becfb8c0569302f538444c627b078e331107cdad21397b10fd619fba5e,3,0.80,1.00,20,experiments/v4_cost_response/prompts/task_cost_x_0_80.txt,0ce5abc89cfa84d813d9e0550a597a21cb2fef8c050dea89ce0e38e1ad3c4cd3,33ff7ba12da9c25a3728e0c96b2f3fd67c0d1bd0c536af71e6ec6e8de843a859,2,V5_0209,P0,cue_bound,experiments/v5_robustness/prompts/P0/system_cue_bound.txt,experiments/v5_robustness/prompts/P0/task_costly.txt,X,x,v4_1250
v4_1251,heldout_12,v3_heldout_fixed_panel,construction_studio,distractor_clear,cue_bound,prompts/system_cue_bound.txt,modified,data/images/heldout/modified/heldout_12_distractor_clear.jpg,ba8e66becfb8c0569302f538444c627b078e331107cdad21397b10fd619fba5e,3,0.80,1.00,20,experiments/v4_cost_response/prompts/task_cost_x_0_80.txt,0ce5abc89cfa84d813d9e0550a597a21cb2fef8c050dea89ce0e38e1ad3c4cd3,33ff7ba12da9c25a3728e0c96b2f3fd67c0d1bd0c536af71e6ec6e8de843a859,3,V5_0210,P0,cue_bound,experiments/v5_robustness/prompts/P0/system_cue_bound.txt,experiments/v5_robustness/prompts/P0/task_costly.txt,X,x,v4_1251
v4_1267,heldout_12,v3_heldout_fixed_panel,construction_studio,distractor_clear,generalized,prompts/system_generalized.txt,clean,data/images/heldout/clean/heldout_12_clean.jpg,01a488557d6004b3c4411a6d0a72e60394ce0806f206a9199c9aaf4eb1b643a8,3,0.80,1.00,20,experiments/v4_cost_response/prompts/task_cost_x_0_80.txt,0ce5abc89cfa84d813d9e0550a597a21cb2fef8c050dea89ce0e38e1ad3c4cd3,1b17f7d53eb5fb6e22076dfc0961ade0c3f463f9c1e3ddd053e82bc8990faa80,1,V5_0211,P0,generalized,experiments/v5_robustness/prompts/P0/system_generalized.txt,experiments/v5_robustness/prompts/P0/task_costly.txt,X,x,v4_1267
v4_1268,heldout_12,v3_heldout_fixed_panel,construction_studio,distractor_clear,generalized,prompts/system_generalized.txt,clean,data/images/heldout/clean/heldout_12_clean.jpg,01a488557d6004b3c4411a6d0a72e60394ce0806f206a9199c9aaf4eb1b643a8,3,0.80,1.00,20,experiments/v4_cost_response/prompts/task_cost_x_0_80.txt,0ce5abc89cfa84d813d9e0550a597a21cb2fef8c050dea89ce0e38e1ad3c4cd3,1b17f7d53eb5fb6e22076dfc0961ade0c3f463f9c1e3ddd053e82bc8990faa80,2,V5_0212,P0,generalized,experiments/v5_robustness/prompts/P0/system_generalized.txt,experiments/v5_robustness/prompts/P0/task_costly.txt,X,x,v4_1268
v4_1269,heldout_12,v3_heldout_fixed_panel,construction_studio,distractor_clear,generalized,prompts/system_generalized.txt,clean,data/images/heldout/clean/heldout_12_clean.jpg,01a488557d6004b3c4411a6d0a72e60394ce0806f206a9199c9aaf4eb1b643a8,3,0.80,1.00,20,experiments/v4_cost_response/prompts/task_cost_x_0_80.txt,0ce5abc89cfa84d813d9e0550a597a21cb2fef8c050dea89ce0e38e1ad3c4cd3,1b17f7d53eb5fb6e22076dfc0961ade0c3f463f9c1e3ddd053e82bc8990faa80,3,V5_0213,P0,generalized,experiments/v5_robustness/prompts/P0/system_generalized.txt,experiments/v5_robustness/prompts/P0/task_costly.txt,X,x,v4_1269
v4_1285,heldout_12,v3_heldout_fixed_panel,construction_studio,distractor_clear,generalized,prompts/system_generalized.txt,modified,data/images/heldout/modified/heldout_12_distractor_clear.jpg,ba8e66becfb8c0569302f538444c627b078e331107cdad21397b10fd619fba5e,3,0.80,1.00,20,experiments/v4_cost_response/prompts/task_cost_x_0_80.txt,0ce5abc89cfa84d813d9e0550a597a21cb2fef8c050dea89ce0e38e1ad3c4cd3,1b17f7d53eb5fb6e22076dfc0961ade0c3f463f9c1e3ddd053e82bc8990faa80,1,V5_0214,P0,generalized,experiments/v5_robustness/prompts/P0/system_generalized.txt,experiments/v5_robustness/prompts/P0/task_costly.txt,X,x,v4_1285
v4_1286,heldout_12,v3_heldout_fixed_panel,construction_studio,distractor_clear,generalized,prompts/system_generalized.txt,modified,data/images/heldout/modified/heldout_12_distractor_clear.jpg,ba8e66becfb8c0569302f538444c627b078e331107cdad21397b10fd619fba5e,3,0.80,1.00,20,experiments/v4_cost_response/prompts/task_cost_x_0_80.txt,0ce5abc89cfa84d813d9e0550a597a21cb2fef8c050dea89ce0e38e1ad3c4cd3,1b17f7d53eb5fb6e22076dfc0961ade0c3f463f9c1e3ddd053e82bc8990faa80,2,V5_0215,P0,generalized,experiments/v5_robustness/prompts/P0/system_generalized.txt,experiments/v5_robustness/prompts/P0/task_costly.txt,X,x,v4_1286
v4_1287,heldout_12,v3_heldout_fixed_panel,construction_studio,distractor_clear,generalized,prompts/system_generalized.txt,modified,data/images/heldout/modified/heldout_12_distractor_clear.jpg,ba8e66becfb8c0569302f538444c627b078e331107cdad21397b10fd619fba5e,3,0.80,1.00,20,experiments/v4_cost_response/prompts/task_cost_x_0_80.txt,0ce5abc89cfa84d813d9e0550a597a21cb2fef8c050dea89ce0e38e1ad3c4cd3,1b17f7d53eb5fb6e22076dfc0961ade0c3f463f9c1e3ddd053e82bc8990faa80,3,V5_0216,P0,generalized,experiments/v5_robustness/prompts/P0/system_generalized.txt,experiments/v5_robustness/prompts/P0/task_costly.txt,X,x,v4_1287
v4_0007,heldout_01,v3_heldout_fixed_panel,fire_station,target_clear,neutral,prompts/system_neutral.txt,clean,data/images/heldout/clean/heldout_01_clean.jpg,37f160e5feea67112d6ee50b438afc73eaf10a8a61b6818c2ec346532f509f92,3,0.80,1.00,20,experiments/v4_cost_response/prompts/task_cost_x_0_80.txt,0ce5abc89cfa84d813d9e0550a597a21cb2fef8c050dea89ce0e38e1ad3c4cd3,b869f42ea3921777da5fad071f646050045f98fb0d17a8e359dca487cb84ad2e,1,V5_0217,P1,neutral,experiments/v5_robustness/prompts/P1/system_neutral.txt,experiments/v5_robustness/prompts/P1/task_costly.txt,X,x,v4_0007
v4_0008,heldout_01,v3_heldout_fixed_panel,fire_station,target_clear,neutral,prompts/system_neutral.txt,clean,data/images/heldout/clean/heldout_01_clean.jpg,37f160e5feea67112d6ee50b438afc73eaf10a8a61b6818c2ec346532f509f92,3,0.80,1.00,20,experiments/v4_cost_response/prompts/task_cost_x_0_80.txt,0ce5abc89cfa84d813d9e0550a597a21cb2fef8c050dea89ce0e38e1ad3c4cd3,b869f42ea3921777da5fad071f646050045f98fb0d17a8e359dca487cb84ad2e,2,V5_0218,P1,neutral,experiments/v5_robustness/prompts/P1/system_neutral.txt,experiments/v5_robustness/prompts/P1/task_costly.txt,X,x,v4_0008
v4_0009,heldout_01,v3_heldout_fixed_panel,fire_station,target_clear,neutral,prompts/system_neutral.txt,clean,data/images/heldout/clean/heldout_01_clean.jpg,37f160e5feea67112d6ee50b438afc73eaf10a8a61b6818c2ec346532f509f92,3,0.80,1.00,20,experiments/v4_cost_response/prompts/task_cost_x_0_80.txt,0ce5abc89cfa84d813d9e0550a597a21cb2fef8c050dea89ce0e38e1ad3c4cd3,b869f42ea3921777da5fad071f646050045f98fb0d17a8e359dca487cb84ad2e,3,V5_0219,P1,neutral,experiments/v5_robustness/prompts/P1/system_neutral.txt,experiments/v5_robustness/prompts/P1/task_costly.txt,X,x,v4_0009
v4_0025,heldout_01,v3_heldout_fixed_panel,fire_station,target_clear,neutral,prompts/system_neutral.txt,modified,data/images/heldout/modified/heldout_01_target_clear.jpg,38bad1b8229a112559bc2578dc3453ac98be67fa285dca5948c916b1bc60762e,3,0.80,1.00,20,experiments/v4_cost_response/prompts/task_cost_x_0_80.txt,0ce5abc89cfa84d813d9e0550a597a21cb2fef8c050dea89ce0e38e1ad3c4cd3,b869f42ea3921777da5fad071f646050045f98fb0d17a8e359dca487cb84ad2e,1,V5_0220,P1,neutral,experiments/v5_robustness/prompts/P1/system_neutral.txt,experiments/v5_robustness/prompts/P1/task_costly.txt,X,x,v4_0025
v4_0026,heldout_01,v3_heldout_fixed_panel,fire_station,target_clear,neutral,prompts/system_neutral.txt,modified,data/images/heldout/modified/heldout_01_target_clear.jpg,38bad1b8229a112559bc2578dc3453ac98be67fa285dca5948c916b1bc60762e,3,0.80,1.00,20,experiments/v4_cost_response/prompts/task_cost_x_0_80.txt,0ce5abc89cfa84d813d9e0550a597a21cb2fef8c050dea89ce0e38e1ad3c4cd3,b869f42ea3921777da5fad071f646050045f98fb0d17a8e359dca487cb84ad2e,2,V5_0221,P1,neutral,experiments/v5_robustness/prompts/P1/system_neutral.txt,experiments/v5_robustness/prompts/P1/task_costly.txt,X,x,v4_0026
v4_0027,heldout_01,v3_heldout_fixed_panel,fire_station,target_clear,neutral,prompts/system_neutral.txt,modified,data/images/heldout/modified/heldout_01_target_clear.jpg,38bad1b8229a112559bc2578dc3453ac98be67fa285dca5948c916b1bc60762e,3,0.80,1.00,20,experiments/v4_cost_response/prompts/task_cost_x_0_80.txt,0ce5abc89cfa84d813d9e0550a597a21cb2fef8c050dea89ce0e38e1ad3c4cd3,b869f42ea3921777da5fad071f646050045f98fb0d17a8e359dca487cb84ad2e,3,V5_0222,P1,neutral,experiments/v5_robustness/prompts/P1/system_neutral.txt,experiments/v5_robustness/prompts/P1/task_costly.txt,X,x,v4_0027
v4_0043,heldout_01,v3_heldout_fixed_panel,fire_station,target_clear,cue_bound,prompts/system_cue_bound.txt,clean,data/images/heldout/clean/heldout_01_clean.jpg,37f160e5feea67112d6ee50b438afc73eaf10a8a61b6818c2ec346532f509f92,3,0.80,1.00,20,experiments/v4_cost_response/prompts/task_cost_x_0_80.txt,0ce5abc89cfa84d813d9e0550a597a21cb2fef8c050dea89ce0e38e1ad3c4cd3,33ff7ba12da9c25a3728e0c96b2f3fd67c0d1bd0c536af71e6ec6e8de843a859,1,V5_0223,P1,cue_bound,experiments/v5_robustness/prompts/P1/system_cue_bound.txt,experiments/v5_robustness/prompts/P1/task_costly.txt,X,x,v4_0043
v4_0044,heldout_01,v3_heldout_fixed_panel,fire_station,target_clear,cue_bound,prompts/system_cue_bound.txt,clean,data/images/heldout/clean/heldout_01_clean.jpg,37f160e5feea67112d6ee50b438afc73eaf10a8a61b6818c2ec346532f509f92,3,0.80,1.00,20,experiments/v4_cost_response/prompts/task_cost_x_0_80.txt,0ce5abc89cfa84d813d9e0550a597a21cb2fef8c050dea89ce0e38e1ad3c4cd3,33ff7ba12da9c25a3728e0c96b2f3fd67c0d1bd0c536af71e6ec6e8de843a859,2,V5_0224,P1,cue_bound,experiments/v5_robustness/prompts/P1/system_cue_bound.txt,experiments/v5_robustness/prompts/P1/task_costly.txt,X,x,v4_0044
v4_0045,heldout_01,v3_heldout_fixed_panel,fire_station,target_clear,cue_bound,prompts/system_cue_bound.txt,clean,data/images/heldout/clean/heldout_01_clean.jpg,37f160e5feea67112d6ee50b438afc73eaf10a8a61b6818c2ec346532f509f92,3,0.80,1.00,20,experiments/v4_cost_response/prompts/task_cost_x_0_80.txt,0ce5abc89cfa84d813d9e0550a597a21cb2fef8c050dea89ce0e38e1ad3c4cd3,33ff7ba12da9c25a3728e0c96b2f3fd67c0d1bd0c536af71e6ec6e8de843a859,3,V5_0225,P1,cue_bound,experiments/v5_robustness/prompts/P1/system_cue_bound.txt,experiments/v5_robustness/prompts/P1/task_costly.txt,X,x,v4_0045
v4_0061,heldout_01,v3_heldout_fixed_panel,fire_station,target_clear,cue_bound,prompts/system_cue_bound.txt,modified,data/images/heldout/modified/heldout_01_target_clear.jpg,38bad1b8229a112559bc2578dc3453ac98be67fa285dca5948c916b1bc60762e,3,0.80,1.00,20,experiments/v4_cost_response/prompts/task_cost_x_0_80.txt,0ce5abc89cfa84d813d9e0550a597a21cb2fef8c050dea89ce0e38e1ad3c4cd3,33ff7ba12da9c25a3728e0c96b2f3fd67c0d1bd0c536af71e6ec6e8de843a859,1,V5_0226,P1,cue_bound,experiments/v5_robustness/prompts/P1/system_cue_bound.txt,experiments/v5_robustness/prompts/P1/task_costly.txt,X,x,v4_0061
v4_0062,heldout_01,v3_heldout_fixed_panel,fire_station,target_clear,cue_bound,prompts/system_cue_bound.txt,modified,data/images/heldout/modified/heldout_01_target_clear.jpg,38bad1b8229a112559bc2578dc3453ac98be67fa285dca5948c916b1bc60762e,3,0.80,1.00,20,experiments/v4_cost_response/prompts/task_cost_x_0_80.txt,0ce5abc89cfa84d813d9e0550a597a21cb2fef8c050dea89ce0e38e1ad3c4cd3,33ff7ba12da9c25a3728e0c96b2f3fd67c0d1bd0c536af71e6ec6e8de843a859,2,V5_0227,P1,cue_bound,experiments/v5_robustness/prompts/P1/system_cue_bound.txt,experiments/v5_robustness/prompts/P1/task_costly.txt,X,x,v4_0062
v4_0063,heldout_01,v3_heldout_fixed_panel,fire_station,target_clear,cue_bound,prompts/system_cue_bound.txt,modified,data/images/heldout/modified/heldout_01_target_clear.jpg,38bad1b8229a112559bc2578dc3453ac98be67fa285dca5948c916b1bc60762e,3,0.80,1.00,20,experiments/v4_cost_response/prompts/task_cost_x_0_80.txt,0ce5abc89cfa84d813d9e0550a597a21cb2fef8c050dea89ce0e38e1ad3c4cd3,33ff7ba12da9c25a3728e0c96b2f3fd67c0d1bd0c536af71e6ec6e8de843a859,3,V5_0228,P1,cue_bound,experiments/v5_robustness/prompts/P1/system_cue_bound.txt,experiments/v5_robustness/prompts/P1/task_costly.txt,X,x,v4_0063
v4_0079,heldout_01,v3_heldout_fixed_panel,fire_station,target_clear,generalized,prompts/system_generalized.txt,clean,data/images/heldout/clean/heldout_01_clean.jpg,37f160e5feea67112d6ee50b438afc73eaf10a8a61b6818c2ec346532f509f92,3,0.80,1.00,20,experiments/v4_cost_response/prompts/task_cost_x_0_80.txt,0ce5abc89cfa84d813d9e0550a597a21cb2fef8c050dea89ce0e38e1ad3c4cd3,1b17f7d53eb5fb6e22076dfc0961ade0c3f463f9c1e3ddd053e82bc8990faa80,1,V5_0229,P1,generalized,experiments/v5_robustness/prompts/P1/system_generalized.txt,experiments/v5_robustness/prompts/P1/task_costly.txt,X,x,v4_0079
v4_0080,heldout_01,v3_heldout_fixed_panel,fire_station,target_clear,generalized,prompts/system_generalized.txt,clean,data/images/heldout/clean/heldout_01_clean.jpg,37f160e5feea67112d6ee50b438afc73eaf10a8a61b6818c2ec346532f509f92,3,0.80,1.00,20,experiments/v4_cost_response/prompts/task_cost_x_0_80.txt,0ce5abc89cfa84d813d9e0550a597a21cb2fef8c050dea89ce0e38e1ad3c4cd3,1b17f7d53eb5fb6e22076dfc0961ade0c3f463f9c1e3ddd053e82bc8990faa80,2,V5_0230,P1,generalized,experiments/v5_robustness/prompts/P1/system_generalized.txt,experiments/v5_robustness/prompts/P1/task_costly.txt,X,x,v4_0080
v4_0081,heldout_01,v3_heldout_fixed_panel,fire_station,target_clear,generalized,prompts/system_generalized.txt,clean,data/images/heldout/clean/heldout_01_clean.jpg,37f160e5feea67112d6ee50b438afc73eaf10a8a61b6818c2ec346532f509f92,3,0.80,1.00,20,experiments/v4_cost_response/prompts/task_cost_x_0_80.txt,0ce5abc89cfa84d813d9e0550a597a21cb2fef8c050dea89ce0e38e1ad3c4cd3,1b17f7d53eb5fb6e22076dfc0961ade0c3f463f9c1e3ddd053e82bc8990faa80,3,V5_0231,P1,generalized,experiments/v5_robustness/prompts/P1/system_generalized.txt,experiments/v5_robustness/prompts/P1/task_costly.txt,X,x,v4_0081
v4_0097,heldout_01,v3_heldout_fixed_panel,fire_station,target_clear,generalized,prompts/system_generalized.txt,modified,data/images/heldout/modified/heldout_01_target_clear.jpg,38bad1b8229a112559bc2578dc3453ac98be67fa285dca5948c916b1bc60762e,3,0.80,1.00,20,experiments/v4_cost_response/prompts/task_cost_x_0_80.txt,0ce5abc89cfa84d813d9e0550a597a21cb2fef8c050dea89ce0e38e1ad3c4cd3,1b17f7d53eb5fb6e22076dfc0961ade0c3f463f9c1e3ddd053e82bc8990faa80,1,V5_0232,P1,generalized,experiments/v5_robustness/prompts/P1/system_generalized.txt,experiments/v5_robustness/prompts/P1/task_costly.txt,X,x,v4_0097
v4_0098,heldout_01,v3_heldout_fixed_panel,fire_station,target_clear,generalized,prompts/system_generalized.txt,modified,data/images/heldout/modified/heldout_01_target_clear.jpg,38bad1b8229a112559bc2578dc3453ac98be67fa285dca5948c916b1bc60762e,3,0.80,1.00,20,experiments/v4_cost_response/prompts/task_cost_x_0_80.txt,0ce5abc89cfa84d813d9e0550a597a21cb2fef8c050dea89ce0e38e1ad3c4cd3,1b17f7d53eb5fb6e22076dfc0961ade0c3f463f9c1e3ddd053e82bc8990faa80,2,V5_0233,P1,generalized,experiments/v5_robustness/prompts/P1/system_generalized.txt,experiments/v5_robustness/prompts/P1/task_costly.txt,X,x,v4_0098
v4_0099,heldout_01,v3_heldout_fixed_panel,fire_station,target_clear,generalized,prompts/system_generalized.txt,modified,data/images/heldout/modified/heldout_01_target_clear.jpg,38bad1b8229a112559bc2578dc3453ac98be67fa285dca5948c916b1bc60762e,3,0.80,1.00,20,experiments/v4_cost_response/prompts/task_cost_x_0_80.txt,0ce5abc89cfa84d813d9e0550a597a21cb2fef8c050dea89ce0e38e1ad3c4cd3,1b17f7d53eb5fb6e22076dfc0961ade0c3f463f9c1e3ddd053e82bc8990faa80,3,V5_0234,P1,generalized,experiments/v5_robustness/prompts/P1/system_generalized.txt,experiments/v5_robustness/prompts/P1/task_costly.txt,X,x,v4_0099
v4_0115,heldout_02,v3_heldout_fixed_panel,solar_operations,target_clear,neutral,prompts/system_neutral.txt,clean,data/images/heldout/clean/heldout_02_clean.jpg,3a358b6174f71f6f6c1e821b9933ed860a55f753b6d6c9c0989d5eda8d585109,3,0.80,1.00,20,experiments/v4_cost_response/prompts/task_cost_x_0_80.txt,0ce5abc89cfa84d813d9e0550a597a21cb2fef8c050dea89ce0e38e1ad3c4cd3,b869f42ea3921777da5fad071f646050045f98fb0d17a8e359dca487cb84ad2e,1,V5_0235,P1,neutral,experiments/v5_robustness/prompts/P1/system_neutral.txt,experiments/v5_robustness/prompts/P1/task_costly.txt,X,x,v4_0115
v4_0116,heldout_02,v3_heldout_fixed_panel,solar_operations,target_clear,neutral,prompts/system_neutral.txt,clean,data/images/heldout/clean/heldout_02_clean.jpg,3a358b6174f71f6f6c1e821b9933ed860a55f753b6d6c9c0989d5eda8d585109,3,0.80,1.00,20,experiments/v4_cost_response/prompts/task_cost_x_0_80.txt,0ce5abc89cfa84d813d9e0550a597a21cb2fef8c050dea89ce0e38e1ad3c4cd3,b869f42ea3921777da5fad071f646050045f98fb0d17a8e359dca487cb84ad2e,2,V5_0236,P1,neutral,experiments/v5_robustness/prompts/P1/system_neutral.txt,experiments/v5_robustness/prompts/P1/task_costly.txt,X,x,v4_0116
v4_0117,heldout_02,v3_heldout_fixed_panel,solar_operations,target_clear,neutral,prompts/system_neutral.txt,clean,data/images/heldout/clean/heldout_02_clean.jpg,3a358b6174f71f6f6c1e821b9933ed860a55f753b6d6c9c0989d5eda8d585109,3,0.80,1.00,20,experiments/v4_cost_response/prompts/task_cost_x_0_80.txt,0ce5abc89cfa84d813d9e0550a597a21cb2fef8c050dea89ce0e38e1ad3c4cd3,b869f42ea3921777da5fad071f646050045f98fb0d17a8e359dca487cb84ad2e,3,V5_0237,P1,neutral,experiments/v5_robustness/prompts/P1/system_neutral.txt,experiments/v5_robustness/prompts/P1/task_costly.txt,X,x,v4_0117
v4_0133,heldout_02,v3_heldout_fixed_panel,solar_operations,target_clear,neutral,prompts/system_neutral.txt,modified,data/images/heldout/modified/heldout_02_target_clear.jpg,c956f2e9d0883fc2b90c68e345b5a5b1606b00b855e4ead8424e6539ce26e40c,3,0.80,1.00,20,experiments/v4_cost_response/prompts/task_cost_x_0_80.txt,0ce5abc89cfa84d813d9e0550a597a21cb2fef8c050dea89ce0e38e1ad3c4cd3,b869f42ea3921777da5fad071f646050045f98fb0d17a8e359dca487cb84ad2e,1,V5_0238,P1,neutral,experiments/v5_robustness/prompts/P1/system_neutral.txt,experiments/v5_robustness/prompts/P1/task_costly.txt,X,x,v4_0133
v4_0134,heldout_02,v3_heldout_fixed_panel,solar_operations,target_clear,neutral,prompts/system_neutral.txt,modified,data/images/heldout/modified/heldout_02_target_clear.jpg,c956f2e9d0883fc2b90c68e345b5a5b1606b00b855e4ead8424e6539ce26e40c,3,0.80,1.00,20,experiments/v4_cost_response/prompts/task_cost_x_0_80.txt,0ce5abc89cfa84d813d9e0550a597a21cb2fef8c050dea89ce0e38e1ad3c4cd3,b869f42ea3921777da5fad071f646050045f98fb0d17a8e359dca487cb84ad2e,2,V5_0239,P1,neutral,experiments/v5_robustness/prompts/P1/system_neutral.txt,experiments/v5_robustness/prompts/P1/task_costly.txt,X,x,v4_0134
v4_0135,heldout_02,v3_heldout_fixed_panel,solar_operations,target_clear,neutral,prompts/system_neutral.txt,modified,data/images/heldout/modified/heldout_02_target_clear.jpg,c956f2e9d0883fc2b90c68e345b5a5b1606b00b855e4ead8424e6539ce26e40c,3,0.80,1.00,20,experiments/v4_cost_response/prompts/task_cost_x_0_80.txt,0ce5abc89cfa84d813d9e0550a597a21cb2fef8c050dea89ce0e38e1ad3c4cd3,b869f42ea3921777da5fad071f646050045f98fb0d17a8e359dca487cb84ad2e,3,V5_0240,P1,neutral,experiments/v5_robustness/prompts/P1/system_neutral.txt,experiments/v5_robustness/prompts/P1/task_costly.txt,X,x,v4_0135
v4_0151,heldout_02,v3_heldout_fixed_panel,solar_operations,target_clear,cue_bound,prompts/system_cue_bound.txt,clean,data/images/heldout/clean/heldout_02_clean.jpg,3a358b6174f71f6f6c1e821b9933ed860a55f753b6d6c9c0989d5eda8d585109,3,0.80,1.00,20,experiments/v4_cost_response/prompts/task_cost_x_0_80.txt,0ce5abc89cfa84d813d9e0550a597a21cb2fef8c050dea89ce0e38e1ad3c4cd3,33ff7ba12da9c25a3728e0c96b2f3fd67c0d1bd0c536af71e6ec6e8de843a859,1,V5_0241,P1,cue_bound,experiments/v5_robustness/prompts/P1/system_cue_bound.txt,experiments/v5_robustness/prompts/P1/task_costly.txt,X,x,v4_0151
v4_0152,heldout_02,v3_heldout_fixed_panel,solar_operations,target_clear,cue_bound,prompts/system_cue_bound.txt,clean,data/images/heldout/clean/heldout_02_clean.jpg,3a358b6174f71f6f6c1e821b9933ed860a55f753b6d6c9c0989d5eda8d585109,3,0.80,1.00,20,experiments/v4_cost_response/prompts/task_cost_x_0_80.txt,0ce5abc89cfa84d813d9e0550a597a21cb2fef8c050dea89ce0e38e1ad3c4cd3,33ff7ba12da9c25a3728e0c96b2f3fd67c0d1bd0c536af71e6ec6e8de843a859,2,V5_0242,P1,cue_bound,experiments/v5_robustness/prompts/P1/system_cue_bound.txt,experiments/v5_robustness/prompts/P1/task_costly.txt,X,x,v4_0152
v4_0153,heldout_02,v3_heldout_fixed_panel,solar_operations,target_clear,cue_bound,prompts/system_cue_bound.txt,clean,data/images/heldout/clean/heldout_02_clean.jpg,3a358b6174f71f6f6c1e821b9933ed860a55f753b6d6c9c0989d5eda8d585109,3,0.80,1.00,20,experiments/v4_cost_response/prompts/task_cost_x_0_80.txt,0ce5abc89cfa84d813d9e0550a597a21cb2fef8c050dea89ce0e38e1ad3c4cd3,33ff7ba12da9c25a3728e0c96b2f3fd67c0d1bd0c536af71e6ec6e8de843a859,3,V5_0243,P1,cue_bound,experiments/v5_robustness/prompts/P1/system_cue_bound.txt,experiments/v5_robustness/prompts/P1/task_costly.txt,X,x,v4_0153
v4_0169,heldout_02,v3_heldout_fixed_panel,solar_operations,target_clear,cue_bound,prompts/system_cue_bound.txt,modified,data/images/heldout/modified/heldout_02_target_clear.jpg,c956f2e9d0883fc2b90c68e345b5a5b1606b00b855e4ead8424e6539ce26e40c,3,0.80,1.00,20,experiments/v4_cost_response/prompts/task_cost_x_0_80.txt,0ce5abc89cfa84d813d9e0550a597a21cb2fef8c050dea89ce0e38e1ad3c4cd3,33ff7ba12da9c25a3728e0c96b2f3fd67c0d1bd0c536af71e6ec6e8de843a859,1,V5_0244,P1,cue_bound,experiments/v5_robustness/prompts/P1/system_cue_bound.txt,experiments/v5_robustness/prompts/P1/task_costly.txt,X,x,v4_0169
v4_0170,heldout_02,v3_heldout_fixed_panel,solar_operations,target_clear,cue_bound,prompts/system_cue_bound.txt,modified,data/images/heldout/modified/heldout_02_target_clear.jpg,c956f2e9d0883fc2b90c68e345b5a5b1606b00b855e4ead8424e6539ce26e40c,3,0.80,1.00,20,experiments/v4_cost_response/prompts/task_cost_x_0_80.txt,0ce5abc89cfa84d813d9e0550a597a21cb2fef8c050dea89ce0e38e1ad3c4cd3,33ff7ba12da9c25a3728e0c96b2f3fd67c0d1bd0c536af71e6ec6e8de843a859,2,V5_0245,P1,cue_bound,experiments/v5_robustness/prompts/P1/system_cue_bound.txt,experiments/v5_robustness/prompts/P1/task_costly.txt,X,x,v4_0170
v4_0171,heldout_02,v3_heldout_fixed_panel,solar_operations,target_clear,cue_bound,prompts/system_cue_bound.txt,modified,data/images/heldout/modified/heldout_02_target_clear.jpg,c956f2e9d0883fc2b90c68e345b5a5b1606b00b855e4ead8424e6539ce26e40c,3,0.80,1.00,20,experiments/v4_cost_response/prompts/task_cost_x_0_80.txt,0ce5abc89cfa84d813d9e0550a597a21cb2fef8c050dea89ce0e38e1ad3c4cd3,33ff7ba12da9c25a3728e0c96b2f3fd67c0d1bd0c536af71e6ec6e8de843a859,3,V5_0246,P1,cue_bound,experiments/v5_robustness/prompts/P1/system_cue_bound.txt,experiments/v5_robustness/prompts/P1/task_costly.txt,X,x,v4_0171
v4_0187,heldout_02,v3_heldout_fixed_panel,solar_operations,target_clear,generalized,prompts/system_generalized.txt,clean,data/images/heldout/clean/heldout_02_clean.jpg,3a358b6174f71f6f6c1e821b9933ed860a55f753b6d6c9c0989d5eda8d585109,3,0.80,1.00,20,experiments/v4_cost_response/prompts/task_cost_x_0_80.txt,0ce5abc89cfa84d813d9e0550a597a21cb2fef8c050dea89ce0e38e1ad3c4cd3,1b17f7d53eb5fb6e22076dfc0961ade0c3f463f9c1e3ddd053e82bc8990faa80,1,V5_0247,P1,generalized,experiments/v5_robustness/prompts/P1/system_generalized.txt,experiments/v5_robustness/prompts/P1/task_costly.txt,X,x,v4_0187
v4_0188,heldout_02,v3_heldout_fixed_panel,solar_operations,target_clear,generalized,prompts/system_generalized.txt,clean,data/images/heldout/clean/heldout_02_clean.jpg,3a358b6174f71f6f6c1e821b9933ed860a55f753b6d6c9c0989d5eda8d585109,3,0.80,1.00,20,experiments/v4_cost_response/prompts/task_cost_x_0_80.txt,0ce5abc89cfa84d813d9e0550a597a21cb2fef8c050dea89ce0e38e1ad3c4cd3,1b17f7d53eb5fb6e22076dfc0961ade0c3f463f9c1e3ddd053e82bc8990faa80,2,V5_0248,P1,generalized,experiments/v5_robustness/prompts/P1/system_generalized.txt,experiments/v5_robustness/prompts/P1/task_costly.txt,X,x,v4_0188
v4_0189,heldout_02,v3_heldout_fixed_panel,solar_operations,target_clear,generalized,prompts/system_generalized.txt,clean,data/images/heldout/clean/heldout_02_clean.jpg,3a358b6174f71f6f6c1e821b9933ed860a55f753b6d6c9c0989d5eda8d585109,3,0.80,1.00,20,experiments/v4_cost_response/prompts/task_cost_x_0_80.txt,0ce5abc89cfa84d813d9e0550a597a21cb2fef8c050dea89ce0e38e1ad3c4cd3,1b17f7d53eb5fb6e22076dfc0961ade0c3f463f9c1e3ddd053e82bc8990faa80,3,V5_0249,P1,generalized,experiments/v5_robustness/prompts/P1/system_generalized.txt,experiments/v5_robustness/prompts/P1/task_costly.txt,X,x,v4_0189
v4_0205,heldout_02,v3_heldout_fixed_panel,solar_operations,target_clear,generalized,prompts/system_generalized.txt,modified,data/images/heldout/modified/heldout_02_target_clear.jpg,c956f2e9d0883fc2b90c68e345b5a5b1606b00b855e4ead8424e6539ce26e40c,3,0.80,1.00,20,experiments/v4_cost_response/prompts/task_cost_x_0_80.txt,0ce5abc89cfa84d813d9e0550a597a21cb2fef8c050dea89ce0e38e1ad3c4cd3,1b17f7d53eb5fb6e22076dfc0961ade0c3f463f9c1e3ddd053e82bc8990faa80,1,V5_0250,P1,generalized,experiments/v5_robustness/prompts/P1/system_generalized.txt,experiments/v5_robustness/prompts/P1/task_costly.txt,X,x,v4_0205
v4_0206,heldout_02,v3_heldout_fixed_panel,solar_operations,target_clear,generalized,prompts/system_generalized.txt,modified,data/images/heldout/modified/heldout_02_target_clear.jpg,c956f2e9d0883fc2b90c68e345b5a5b1606b00b855e4ead8424e6539ce26e40c,3,0.80,1.00,20,experiments/v4_cost_response/prompts/task_cost_x_0_80.txt,0ce5abc89cfa84d813d9e0550a597a21cb2fef8c050dea89ce0e38e1ad3c4cd3,1b17f7d53eb5fb6e22076dfc0961ade0c3f463f9c1e3ddd053e82bc8990faa80,2,V5_0251,P1,generalized,experiments/v5_robustness/prompts/P1/system_generalized.txt,experiments/v5_robustness/prompts/P1/task_costly.txt,X,x,v4_0206
v4_0207,heldout_02,v3_heldout_fixed_panel,solar_operations,target_clear,generalized,prompts/system_generalized.txt,modified,data/images/heldout/modified/heldout_02_target_clear.jpg,c956f2e9d0883fc2b90c68e345b5a5b1606b00b855e4ead8424e6539ce26e40c,3,0.80,1.00,20,experiments/v4_cost_response/prompts/task_cost_x_0_80.txt,0ce5abc89cfa84d813d9e0550a597a21cb2fef8c050dea89ce0e38e1ad3c4cd3,1b17f7d53eb5fb6e22076dfc0961ade0c3f463f9c1e3ddd053e82bc8990faa80,3,V5_0252,P1,generalized,experiments/v5_robustness/prompts/P1/system_generalized.txt,experiments/v5_robustness/prompts/P1/task_costly.txt,X,x,v4_0207
v4_0223,heldout_03,v3_heldout_fixed_panel,food_bank,target_clear,neutral,prompts/system_neutral.txt,clean,data/images/heldout/clean/heldout_03_clean.jpg,f00311f5ddf53e8c00034e50edc09b1482d0faaa9e283040c721b86f80031d29,3,0.80,1.00,20,experiments/v4_cost_response/prompts/task_cost_x_0_80.txt,0ce5abc89cfa84d813d9e0550a597a21cb2fef8c050dea89ce0e38e1ad3c4cd3,b869f42ea3921777da5fad071f646050045f98fb0d17a8e359dca487cb84ad2e,1,V5_0253,P1,neutral,experiments/v5_robustness/prompts/P1/system_neutral.txt,experiments/v5_robustness/prompts/P1/task_costly.txt,X,x,v4_0223
v4_0224,heldout_03,v3_heldout_fixed_panel,food_bank,target_clear,neutral,prompts/system_neutral.txt,clean,data/images/heldout/clean/heldout_03_clean.jpg,f00311f5ddf53e8c00034e50edc09b1482d0faaa9e283040c721b86f80031d29,3,0.80,1.00,20,experiments/v4_cost_response/prompts/task_cost_x_0_80.txt,0ce5abc89cfa84d813d9e0550a597a21cb2fef8c050dea89ce0e38e1ad3c4cd3,b869f42ea3921777da5fad071f646050045f98fb0d17a8e359dca487cb84ad2e,2,V5_0254,P1,neutral,experiments/v5_robustness/prompts/P1/system_neutral.txt,experiments/v5_robustness/prompts/P1/task_costly.txt,X,x,v4_0224
v4_0225,heldout_03,v3_heldout_fixed_panel,food_bank,target_clear,neutral,prompts/system_neutral.txt,clean,data/images/heldout/clean/heldout_03_clean.jpg,f00311f5ddf53e8c00034e50edc09b1482d0faaa9e283040c721b86f80031d29,3,0.80,1.00,20,experiments/v4_cost_response/prompts/task_cost_x_0_80.txt,0ce5abc89cfa84d813d9e0550a597a21cb2fef8c050dea89ce0e38e1ad3c4cd3,b869f42ea3921777da5fad071f646050045f98fb0d17a8e359dca487cb84ad2e,3,V5_0255,P1,neutral,experiments/v5_robustness/prompts/P1/system_neutral.txt,experiments/v5_robustness/prompts/P1/task_costly.txt,X,x,v4_0225
v4_0241,heldout_03,v3_heldout_fixed_panel,food_bank,target_clear,neutral,prompts/system_neutral.txt,modified,data/images/heldout/modified/heldout_03_target_clear.jpg,58f35b5752ffdb423525abeef5106063300957dd252f112f01ed27f0aa3aa2ba,3,0.80,1.00,20,experiments/v4_cost_response/prompts/task_cost_x_0_80.txt,0ce5abc89cfa84d813d9e0550a597a21cb2fef8c050dea89ce0e38e1ad3c4cd3,b869f42ea3921777da5fad071f646050045f98fb0d17a8e359dca487cb84ad2e,1,V5_0256,P1,neutral,experiments/v5_robustness/prompts/P1/system_neutral.txt,experiments/v5_robustness/prompts/P1/task_costly.txt,X,x,v4_0241
v4_0242,heldout_03,v3_heldout_fixed_panel,food_bank,target_clear,neutral,prompts/system_neutral.txt,modified,data/images/heldout/modified/heldout_03_target_clear.jpg,58f35b5752ffdb423525abeef5106063300957dd252f112f01ed27f0aa3aa2ba,3,0.80,1.00,20,experiments/v4_cost_response/prompts/task_cost_x_0_80.txt,0ce5abc89cfa84d813d9e0550a597a21cb2fef8c050dea89ce0e38e1ad3c4cd3,b869f42ea3921777da5fad071f646050045f98fb0d17a8e359dca487cb84ad2e,2,V5_0257,P1,neutral,experiments/v5_robustness/prompts/P1/system_neutral.txt,experiments/v5_robustness/prompts/P1/task_costly.txt,X,x,v4_0242
v4_0243,heldout_03,v3_heldout_fixed_panel,food_bank,target_clear,neutral,prompts/system_neutral.txt,modified,data/images/heldout/modified/heldout_03_target_clear.jpg,58f35b5752ffdb423525abeef5106063300957dd252f112f01ed27f0aa3aa2ba,3,0.80,1.00,20,experiments/v4_cost_response/prompts/task_cost_x_0_80.txt,0ce5abc89cfa84d813d9e0550a597a21cb2fef8c050dea89ce0e38e1ad3c4cd3,b869f42ea3921777da5fad071f646050045f98fb0d17a8e359dca487cb84ad2e,3,V5_0258,P1,neutral,experiments/v5_robustness/prompts/P1/system_neutral.txt,experiments/v5_robustness/prompts/P1/task_costly.txt,X,x,v4_0243
v4_0259,heldout_03,v3_heldout_fixed_panel,food_bank,target_clear,cue_bound,prompts/system_cue_bound.txt,clean,data/images/heldout/clean/heldout_03_clean.jpg,f00311f5ddf53e8c00034e50edc09b1482d0faaa9e283040c721b86f80031d29,3,0.80,1.00,20,experiments/v4_cost_response/prompts/task_cost_x_0_80.txt,0ce5abc89cfa84d813d9e0550a597a21cb2fef8c050dea89ce0e38e1ad3c4cd3,33ff7ba12da9c25a3728e0c96b2f3fd67c0d1bd0c536af71e6ec6e8de843a859,1,V5_0259,P1,cue_bound,experiments/v5_robustness/prompts/P1/system_cue_bound.txt,experiments/v5_robustness/prompts/P1/task_costly.txt,X,x,v4_0259
v4_0260,heldout_03,v3_heldout_fixed_panel,food_bank,target_clear,cue_bound,prompts/system_cue_bound.txt,clean,data/images/heldout/clean/heldout_03_clean.jpg,f00311f5ddf53e8c00034e50edc09b1482d0faaa9e283040c721b86f80031d29,3,0.80,1.00,20,experiments/v4_cost_response/prompts/task_cost_x_0_80.txt,0ce5abc89cfa84d813d9e0550a597a21cb2fef8c050dea89ce0e38e1ad3c4cd3,33ff7ba12da9c25a3728e0c96b2f3fd67c0d1bd0c536af71e6ec6e8de843a859,2,V5_0260,P1,cue_bound,experiments/v5_robustness/prompts/P1/system_cue_bound.txt,experiments/v5_robustness/prompts/P1/task_costly.txt,X,x,v4_0260
v4_0261,heldout_03,v3_heldout_fixed_panel,food_bank,target_clear,cue_bound,prompts/system_cue_bound.txt,clean,data/images/heldout/clean/heldout_03_clean.jpg,f00311f5ddf53e8c00034e50edc09b1482d0faaa9e283040c721b86f80031d29,3,0.80,1.00,20,experiments/v4_cost_response/prompts/task_cost_x_0_80.txt,0ce5abc89cfa84d813d9e0550a597a21cb2fef8c050dea89ce0e38e1ad3c4cd3,33ff7ba12da9c25a3728e0c96b2f3fd67c0d1bd0c536af71e6ec6e8de843a859,3,V5_0261,P1,cue_bound,experiments/v5_robustness/prompts/P1/system_cue_bound.txt,experiments/v5_robustness/prompts/P1/task_costly.txt,X,x,v4_0261
v4_0277,heldout_03,v3_heldout_fixed_panel,food_bank,target_clear,cue_bound,prompts/system_cue_bound.txt,modified,data/images/heldout/modified/heldout_03_target_clear.jpg,58f35b5752ffdb423525abeef5106063300957dd252f112f01ed27f0aa3aa2ba,3,0.80,1.00,20,experiments/v4_cost_response/prompts/task_cost_x_0_80.txt,0ce5abc89cfa84d813d9e0550a597a21cb2fef8c050dea89ce0e38e1ad3c4cd3,33ff7ba12da9c25a3728e0c96b2f3fd67c0d1bd0c536af71e6ec6e8de843a859,1,V5_0262,P1,cue_bound,experiments/v5_robustness/prompts/P1/system_cue_bound.txt,experiments/v5_robustness/prompts/P1/task_costly.txt,X,x,v4_0277
v4_0278,heldout_03,v3_heldout_fixed_panel,food_bank,target_clear,cue_bound,prompts/system_cue_bound.txt,modified,data/images/heldout/modified/heldout_03_target_clear.jpg,58f35b5752ffdb423525abeef5106063300957dd252f112f01ed27f0aa3aa2ba,3,0.80,1.00,20,experiments/v4_cost_response/prompts/task_cost_x_0_80.txt,0ce5abc89cfa84d813d9e0550a597a21cb2fef8c050dea89ce0e38e1ad3c4cd3,33ff7ba12da9c25a3728e0c96b2f3fd67c0d1bd0c536af71e6ec6e8de843a859,2,V5_0263,P1,cue_bound,experiments/v5_robustness/prompts/P1/system_cue_bound.txt,experiments/v5_robustness/prompts/P1/task_costly.txt,X,x,v4_0278
v4_0279,heldout_03,v3_heldout_fixed_panel,food_bank,target_clear,cue_bound,prompts/system_cue_bound.txt,modified,data/images/heldout/modified/heldout_03_target_clear.jpg,58f35b5752ffdb423525abeef5106063300957dd252f112f01ed27f0aa3aa2ba,3,0.80,1.00,20,experiments/v4_cost_response/prompts/task_cost_x_0_80.txt,0ce5abc89cfa84d813d9e0550a597a21cb2fef8c050dea89ce0e38e1ad3c4cd3,33ff7ba12da9c25a3728e0c96b2f3fd67c0d1bd0c536af71e6ec6e8de843a859,3,V5_0264,P1,cue_bound,experiments/v5_robustness/prompts/P1/system_cue_bound.txt,experiments/v5_robustness/prompts/P1/task_costly.txt,X,x,v4_0279
v4_0295,heldout_03,v3_heldout_fixed_panel,food_bank,target_clear,generalized,prompts/system_generalized.txt,clean,data/images/heldout/clean/heldout_03_clean.jpg,f00311f5ddf53e8c00034e50edc09b1482d0faaa9e283040c721b86f80031d29,3,0.80,1.00,20,experiments/v4_cost_response/prompts/task_cost_x_0_80.txt,0ce5abc89cfa84d813d9e0550a597a21cb2fef8c050dea89ce0e38e1ad3c4cd3,1b17f7d53eb5fb6e22076dfc0961ade0c3f463f9c1e3ddd053e82bc8990faa80,1,V5_0265,P1,generalized,experiments/v5_robustness/prompts/P1/system_generalized.txt,experiments/v5_robustness/prompts/P1/task_costly.txt,X,x,v4_0295
v4_0296,heldout_03,v3_heldout_fixed_panel,food_bank,target_clear,generalized,prompts/system_generalized.txt,clean,data/images/heldout/clean/heldout_03_clean.jpg,f00311f5ddf53e8c00034e50edc09b1482d0faaa9e283040c721b86f80031d29,3,0.80,1.00,20,experiments/v4_cost_response/prompts/task_cost_x_0_80.txt,0ce5abc89cfa84d813d9e0550a597a21cb2fef8c050dea89ce0e38e1ad3c4cd3,1b17f7d53eb5fb6e22076dfc0961ade0c3f463f9c1e3ddd053e82bc8990faa80,2,V5_0266,P1,generalized,experiments/v5_robustness/prompts/P1/system_generalized.txt,experiments/v5_robustness/prompts/P1/task_costly.txt,X,x,v4_0296
v4_0297,heldout_03,v3_heldout_fixed_panel,food_bank,target_clear,generalized,prompts/system_generalized.txt,clean,data/images/heldout/clean/heldout_03_clean.jpg,f00311f5ddf53e8c00034e50edc09b1482d0faaa9e283040c721b86f80031d29,3,0.80,1.00,20,experiments/v4_cost_response/prompts/task_cost_x_0_80.txt,0ce5abc89cfa84d813d9e0550a597a21cb2fef8c050dea89ce0e38e1ad3c4cd3,1b17f7d53eb5fb6e22076dfc0961ade0c3f463f9c1e3ddd053e82bc8990faa80,3,V5_0267,P1,generalized,experiments/v5_robustness/prompts/P1/system_generalized.txt,experiments/v5_robustness/prompts/P1/task_costly.txt,X,x,v4_0297
v4_0313,heldout_03,v3_heldout_fixed_panel,food_bank,target_clear,generalized,prompts/system_generalized.txt,modified,data/images/heldout/modified/heldout_03_target_clear.jpg,58f35b5752ffdb423525abeef5106063300957dd252f112f01ed27f0aa3aa2ba,3,0.80,1.00,20,experiments/v4_cost_response/prompts/task_cost_x_0_80.txt,0ce5abc89cfa84d813d9e0550a597a21cb2fef8c050dea89ce0e38e1ad3c4cd3,1b17f7d53eb5fb6e22076dfc0961ade0c3f463f9c1e3ddd053e82bc8990faa80,1,V5_0268,P1,generalized,experiments/v5_robustness/prompts/P1/system_generalized.txt,experiments/v5_robustness/prompts/P1/task_costly.txt,X,x,v4_0313
v4_0314,heldout_03,v3_heldout_fixed_panel,food_bank,target_clear,generalized,prompts/system_generalized.txt,modified,data/images/heldout/modified/heldout_03_target_clear.jpg,58f35b5752ffdb423525abeef5106063300957dd252f112f01ed27f0aa3aa2ba,3,0.80,1.00,20,experiments/v4_cost_response/prompts/task_cost_x_0_80.txt,0ce5abc89cfa84d813d9e0550a597a21cb2fef8c050dea89ce0e38e1ad3c4cd3,1b17f7d53eb5fb6e22076dfc0961ade0c3f463f9c1e3ddd053e82bc8990faa80,2,V5_0269,P1,generalized,experiments/v5_robustness/prompts/P1/system_generalized.txt,experiments/v5_robustness/prompts/P1/task_costly.txt,X,x,v4_0314
v4_0315,heldout_03,v3_heldout_fixed_panel,food_bank,target_clear,generalized,prompts/system_generalized.txt,modified,data/images/heldout/modified/heldout_03_target_clear.jpg,58f35b5752ffdb423525abeef5106063300957dd252f112f01ed27f0aa3aa2ba,3,0.80,1.00,20,experiments/v4_cost_response/prompts/task_cost_x_0_80.txt,0ce5abc89cfa84d813d9e0550a597a21cb2fef8c050dea89ce0e38e1ad3c4cd3,1b17f7d53eb5fb6e22076dfc0961ade0c3f463f9c1e3ddd053e82bc8990faa80,3,V5_0270,P1,generalized,experiments/v5_robustness/prompts/P1/system_generalized.txt,experiments/v5_robustness/prompts/P1/task_costly.txt,X,x,v4_0315
v4_0331,heldout_04,v3_heldout_fixed_panel,coastal_monitoring,target_clear,neutral,prompts/system_neutral.txt,clean,data/images/heldout/clean/heldout_04_clean.jpg,b802d09f20ce0050b7056f36699c6e92e37b5c46ab95f1166c0f2543c190a85d,3,0.80,1.00,20,experiments/v4_cost_response/prompts/task_cost_x_0_80.txt,0ce5abc89cfa84d813d9e0550a597a21cb2fef8c050dea89ce0e38e1ad3c4cd3,b869f42ea3921777da5fad071f646050045f98fb0d17a8e359dca487cb84ad2e,1,V5_0271,P1,neutral,experiments/v5_robustness/prompts/P1/system_neutral.txt,experiments/v5_robustness/prompts/P1/task_costly.txt,X,x,v4_0331
v4_0332,heldout_04,v3_heldout_fixed_panel,coastal_monitoring,target_clear,neutral,prompts/system_neutral.txt,clean,data/images/heldout/clean/heldout_04_clean.jpg,b802d09f20ce0050b7056f36699c6e92e37b5c46ab95f1166c0f2543c190a85d,3,0.80,1.00,20,experiments/v4_cost_response/prompts/task_cost_x_0_80.txt,0ce5abc89cfa84d813d9e0550a597a21cb2fef8c050dea89ce0e38e1ad3c4cd3,b869f42ea3921777da5fad071f646050045f98fb0d17a8e359dca487cb84ad2e,2,V5_0272,P1,neutral,experiments/v5_robustness/prompts/P1/system_neutral.txt,experiments/v5_robustness/prompts/P1/task_costly.txt,X,x,v4_0332
v4_0333,heldout_04,v3_heldout_fixed_panel,coastal_monitoring,target_clear,neutral,prompts/system_neutral.txt,clean,data/images/heldout/clean/heldout_04_clean.jpg,b802d09f20ce0050b7056f36699c6e92e37b5c46ab95f1166c0f2543c190a85d,3,0.80,1.00,20,experiments/v4_cost_response/prompts/task_cost_x_0_80.txt,0ce5abc89cfa84d813d9e0550a597a21cb2fef8c050dea89ce0e38e1ad3c4cd3,b869f42ea3921777da5fad071f646050045f98fb0d17a8e359dca487cb84ad2e,3,V5_0273,P1,neutral,experiments/v5_robustness/prompts/P1/system_neutral.txt,experiments/v5_robustness/prompts/P1/task_costly.txt,X,x,v4_0333
v4_0349,heldout_04,v3_heldout_fixed_panel,coastal_monitoring,target_clear,neutral,prompts/system_neutral.txt,modified,data/images/heldout/modified/heldout_04_target_clear.jpg,f6ebe321e4bcef0af98eb6499b2c392307067ecfe5a79fbd648cea8251e04d4c,3,0.80,1.00,20,experiments/v4_cost_response/prompts/task_cost_x_0_80.txt,0ce5abc89cfa84d813d9e0550a597a21cb2fef8c050dea89ce0e38e1ad3c4cd3,b869f42ea3921777da5fad071f646050045f98fb0d17a8e359dca487cb84ad2e,1,V5_0274,P1,neutral,experiments/v5_robustness/prompts/P1/system_neutral.txt,experiments/v5_robustness/prompts/P1/task_costly.txt,X,x,v4_0349
v4_0350,heldout_04,v3_heldout_fixed_panel,coastal_monitoring,target_clear,neutral,prompts/system_neutral.txt,modified,data/images/heldout/modified/heldout_04_target_clear.jpg,f6ebe321e4bcef0af98eb6499b2c392307067ecfe5a79fbd648cea8251e04d4c,3,0.80,1.00,20,experiments/v4_cost_response/prompts/task_cost_x_0_80.txt,0ce5abc89cfa84d813d9e0550a597a21cb2fef8c050dea89ce0e38e1ad3c4cd3,b869f42ea3921777da5fad071f646050045f98fb0d17a8e359dca487cb84ad2e,2,V5_0275,P1,neutral,experiments/v5_robustness/prompts/P1/system_neutral.txt,experiments/v5_robustness/prompts/P1/task_costly.txt,X,x,v4_0350
v4_0351,heldout_04,v3_heldout_fixed_panel,coastal_monitoring,target_clear,neutral,prompts/system_neutral.txt,modified,data/images/heldout/modified/heldout_04_target_clear.jpg,f6ebe321e4bcef0af98eb6499b2c392307067ecfe5a79fbd648cea8251e04d4c,3,0.80,1.00,20,experiments/v4_cost_response/prompts/task_cost_x_0_80.txt,0ce5abc89cfa84d813d9e0550a597a21cb2fef8c050dea89ce0e38e1ad3c4cd3,b869f42ea3921777da5fad071f646050045f98fb0d17a8e359dca487cb84ad2e,3,V5_0276,P1,neutral,experiments/v5_robustness/prompts/P1/system_neutral.txt,experiments/v5_robustness/prompts/P1/task_costly.txt,X,x,v4_0351
v4_0367,heldout_04,v3_heldout_fixed_panel,coastal_monitoring,target_clear,cue_bound,prompts/system_cue_bound.txt,clean,data/images/heldout/clean/heldout_04_clean.jpg,b802d09f20ce0050b7056f36699c6e92e37b5c46ab95f1166c0f2543c190a85d,3,0.80,1.00,20,experiments/v4_cost_response/prompts/task_cost_x_0_80.txt,0ce5abc89cfa84d813d9e0550a597a21cb2fef8c050dea89ce0e38e1ad3c4cd3,33ff7ba12da9c25a3728e0c96b2f3fd67c0d1bd0c536af71e6ec6e8de843a859,1,V5_0277,P1,cue_bound,experiments/v5_robustness/prompts/P1/system_cue_bound.txt,experiments/v5_robustness/prompts/P1/task_costly.txt,X,x,v4_0367
v4_0368,heldout_04,v3_heldout_fixed_panel,coastal_monitoring,target_clear,cue_bound,prompts/system_cue_bound.txt,clean,data/images/heldout/clean/heldout_04_clean.jpg,b802d09f20ce0050b7056f36699c6e92e37b5c46ab95f1166c0f2543c190a85d,3,0.80,1.00,20,experiments/v4_cost_response/prompts/task_cost_x_0_80.txt,0ce5abc89cfa84d813d9e0550a597a21cb2fef8c050dea89ce0e38e1ad3c4cd3,33ff7ba12da9c25a3728e0c96b2f3fd67c0d1bd0c536af71e6ec6e8de843a859,2,V5_0278,P1,cue_bound,experiments/v5_robustness/prompts/P1/system_cue_bound.txt,experiments/v5_robustness/prompts/P1/task_costly.txt,X,x,v4_0368
v4_0369,heldout_04,v3_heldout_fixed_panel,coastal_monitoring,target_clear,cue_bound,prompts/system_cue_bound.txt,clean,data/images/heldout/clean/heldout_04_clean.jpg,b802d09f20ce0050b7056f36699c6e92e37b5c46ab95f1166c0f2543c190a85d,3,0.80,1.00,20,experiments/v4_cost_response/prompts/task_cost_x_0_80.txt,0ce5abc89cfa84d813d9e0550a597a21cb2fef8c050dea89ce0e38e1ad3c4cd3,33ff7ba12da9c25a3728e0c96b2f3fd67c0d1bd0c536af71e6ec6e8de843a859,3,V5_0279,P1,cue_bound,experiments/v5_robustness/prompts/P1/system_cue_bound.txt,experiments/v5_robustness/prompts/P1/task_costly.txt,X,x,v4_0369
v4_0385,heldout_04,v3_heldout_fixed_panel,coastal_monitoring,target_clear,cue_bound,prompts/system_cue_bound.txt,modified,data/images/heldout/modified/heldout_04_target_clear.jpg,f6ebe321e4bcef0af98eb6499b2c392307067ecfe5a79fbd648cea8251e04d4c,3,0.80,1.00,20,experiments/v4_cost_response/prompts/task_cost_x_0_80.txt,0ce5abc89cfa84d813d9e0550a597a21cb2fef8c050dea89ce0e38e1ad3c4cd3,33ff7ba12da9c25a3728e0c96b2f3fd67c0d1bd0c536af71e6ec6e8de843a859,1,V5_0280,P1,cue_bound,experiments/v5_robustness/prompts/P1/system_cue_bound.txt,experiments/v5_robustness/prompts/P1/task_costly.txt,X,x,v4_0385
v4_0386,heldout_04,v3_heldout_fixed_panel,coastal_monitoring,target_clear,cue_bound,prompts/system_cue_bound.txt,modified,data/images/heldout/modified/heldout_04_target_clear.jpg,f6ebe321e4bcef0af98eb6499b2c392307067ecfe5a79fbd648cea8251e04d4c,3,0.80,1.00,20,experiments/v4_cost_response/prompts/task_cost_x_0_80.txt,0ce5abc89cfa84d813d9e0550a597a21cb2fef8c050dea89ce0e38e1ad3c4cd3,33ff7ba12da9c25a3728e0c96b2f3fd67c0d1bd0c536af71e6ec6e8de843a859,2,V5_0281,P1,cue_bound,experiments/v5_robustness/prompts/P1/system_cue_bound.txt,experiments/v5_robustness/prompts/P1/task_costly.txt,X,x,v4_0386
v4_0387,heldout_04,v3_heldout_fixed_panel,coastal_monitoring,target_clear,cue_bound,prompts/system_cue_bound.txt,modified,data/images/heldout/modified/heldout_04_target_clear.jpg,f6ebe321e4bcef0af98eb6499b2c392307067ecfe5a79fbd648cea8251e04d4c,3,0.80,1.00,20,experiments/v4_cost_response/prompts/task_cost_x_0_80.txt,0ce5abc89cfa84d813d9e0550a597a21cb2fef8c050dea89ce0e38e1ad3c4cd3,33ff7ba12da9c25a3728e0c96b2f3fd67c0d1bd0c536af71e6ec6e8de843a859,3,V5_0282,P1,cue_bound,experiments/v5_robustness/prompts/P1/system_cue_bound.txt,experiments/v5_robustness/prompts/P1/task_costly.txt,X,x,v4_0387
v4_0403,heldout_04,v3_heldout_fixed_panel,coastal_monitoring,target_clear,generalized,prompts/system_generalized.txt,clean,data/images/heldout/clean/heldout_04_clean.jpg,b802d09f20ce0050b7056f36699c6e92e37b5c46ab95f1166c0f2543c190a85d,3,0.80,1.00,20,experiments/v4_cost_response/prompts/task_cost_x_0_80.txt,0ce5abc89cfa84d813d9e0550a597a21cb2fef8c050dea89ce0e38e1ad3c4cd3,1b17f7d53eb5fb6e22076dfc0961ade0c3f463f9c1e3ddd053e82bc8990faa80,1,V5_0283,P1,generalized,experiments/v5_robustness/prompts/P1/system_generalized.txt,experiments/v5_robustness/prompts/P1/task_costly.txt,X,x,v4_0403
v4_0404,heldout_04,v3_heldout_fixed_panel,coastal_monitoring,target_clear,generalized,prompts/system_generalized.txt,clean,data/images/heldout/clean/heldout_04_clean.jpg,b802d09f20ce0050b7056f36699c6e92e37b5c46ab95f1166c0f2543c190a85d,3,0.80,1.00,20,experiments/v4_cost_response/prompts/task_cost_x_0_80.txt,0ce5abc89cfa84d813d9e0550a597a21cb2fef8c050dea89ce0e38e1ad3c4cd3,1b17f7d53eb5fb6e22076dfc0961ade0c3f463f9c1e3ddd053e82bc8990faa80,2,V5_0284,P1,generalized,experiments/v5_robustness/prompts/P1/system_generalized.txt,experiments/v5_robustness/prompts/P1/task_costly.txt,X,x,v4_0404
v4_0405,heldout_04,v3_heldout_fixed_panel,coastal_monitoring,target_clear,generalized,prompts/system_generalized.txt,clean,data/images/heldout/clean/heldout_04_clean.jpg,b802d09f20ce0050b7056f36699c6e92e37b5c46ab95f1166c0f2543c190a85d,3,0.80,1.00,20,experiments/v4_cost_response/prompts/task_cost_x_0_80.txt,0ce5abc89cfa84d813d9e0550a597a21cb2fef8c050dea89ce0e38e1ad3c4cd3,1b17f7d53eb5fb6e22076dfc0961ade0c3f463f9c1e3ddd053e82bc8990faa80,3,V5_0285,P1,generalized,experiments/v5_robustness/prompts/P1/system_generalized.txt,experiments/v5_robustness/prompts/P1/task_costly.txt,X,x,v4_0405
v4_0421,heldout_04,v3_heldout_fixed_panel,coastal_monitoring,target_clear,generalized,prompts/system_generalized.txt,modified,data/images/heldout/modified/heldout_04_target_clear.jpg,f6ebe321e4bcef0af98eb6499b2c392307067ecfe5a79fbd648cea8251e04d4c,3,0.80,1.00,20,experiments/v4_cost_response/prompts/task_cost_x_0_80.txt,0ce5abc89cfa84d813d9e0550a597a21cb2fef8c050dea89ce0e38e1ad3c4cd3,1b17f7d53eb5fb6e22076dfc0961ade0c3f463f9c1e3ddd053e82bc8990faa80,1,V5_0286,P1,generalized,experiments/v5_robustness/prompts/P1/system_generalized.txt,experiments/v5_robustness/prompts/P1/task_costly.txt,X,x,v4_0421
v4_0422,heldout_04,v3_heldout_fixed_panel,coastal_monitoring,target_clear,generalized,prompts/system_generalized.txt,modified,data/images/heldout/modified/heldout_04_target_clear.jpg,f6ebe321e4bcef0af98eb6499b2c392307067ecfe5a79fbd648cea8251e04d4c,3,0.80,1.00,20,experiments/v4_cost_response/prompts/task_cost_x_0_80.txt,0ce5abc89cfa84d813d9e0550a597a21cb2fef8c050dea89ce0e38e1ad3c4cd3,1b17f7d53eb5fb6e22076dfc0961ade0c3f463f9c1e3ddd053e82bc8990faa80,2,V5_0287,P1,generalized,experiments/v5_robustness/prompts/P1/system_generalized.txt,experiments/v5_robustness/prompts/P1/task_costly.txt,X,x,v4_0422
v4_0423,heldout_04,v3_heldout_fixed_panel,coastal_monitoring,target_clear,generalized,prompts/system_generalized.txt,modified,data/images/heldout/modified/heldout_04_target_clear.jpg,f6ebe321e4bcef0af98eb6499b2c392307067ecfe5a79fbd648cea8251e04d4c,3,0.80,1.00,20,experiments/v4_cost_response/prompts/task_cost_x_0_80.txt,0ce5abc89cfa84d813d9e0550a597a21cb2fef8c050dea89ce0e38e1ad3c4cd3,1b17f7d53eb5fb6e22076dfc0961ade0c3f463f9c1e3ddd053e82bc8990faa80,3,V5_0288,P1,generalized,experiments/v5_robustness/prompts/P1/system_generalized.txt,experiments/v5_robustness/prompts/P1/task_costly.txt,X,x,v4_0423
v4_0439,heldout_05,v3_heldout_fixed_panel,transit_depot,target_clear,neutral,prompts/system_neutral.txt,clean,data/images/heldout/clean/heldout_05_clean.jpg,cf84b3e839c8c8f255bca1045a19e11ca88830e61fef3b34078a02e2db497a47,3,0.80,1.00,20,experiments/v4_cost_response/prompts/task_cost_x_0_80.txt,0ce5abc89cfa84d813d9e0550a597a21cb2fef8c050dea89ce0e38e1ad3c4cd3,b869f42ea3921777da5fad071f646050045f98fb0d17a8e359dca487cb84ad2e,1,V5_0289,P1,neutral,experiments/v5_robustness/prompts/P1/system_neutral.txt,experiments/v5_robustness/prompts/P1/task_costly.txt,X,x,v4_0439
v4_0440,heldout_05,v3_heldout_fixed_panel,transit_depot,target_clear,neutral,prompts/system_neutral.txt,clean,data/images/heldout/clean/heldout_05_clean.jpg,cf84b3e839c8c8f255bca1045a19e11ca88830e61fef3b34078a02e2db497a47,3,0.80,1.00,20,experiments/v4_cost_response/prompts/task_cost_x_0_80.txt,0ce5abc89cfa84d813d9e0550a597a21cb2fef8c050dea89ce0e38e1ad3c4cd3,b869f42ea3921777da5fad071f646050045f98fb0d17a8e359dca487cb84ad2e,2,V5_0290,P1,neutral,experiments/v5_robustness/prompts/P1/system_neutral.txt,experiments/v5_robustness/prompts/P1/task_costly.txt,X,x,v4_0440
v4_0441,heldout_05,v3_heldout_fixed_panel,transit_depot,target_clear,neutral,prompts/system_neutral.txt,clean,data/images/heldout/clean/heldout_05_clean.jpg,cf84b3e839c8c8f255bca1045a19e11ca88830e61fef3b34078a02e2db497a47,3,0.80,1.00,20,experiments/v4_cost_response/prompts/task_cost_x_0_80.txt,0ce5abc89cfa84d813d9e0550a597a21cb2fef8c050dea89ce0e38e1ad3c4cd3,b869f42ea3921777da5fad071f646050045f98fb0d17a8e359dca487cb84ad2e,3,V5_0291,P1,neutral,experiments/v5_robustness/prompts/P1/system_neutral.txt,experiments/v5_robustness/prompts/P1/task_costly.txt,X,x,v4_0441
v4_0457,heldout_05,v3_heldout_fixed_panel,transit_depot,target_clear,neutral,prompts/system_neutral.txt,modified,data/images/heldout/modified/heldout_05_target_clear.jpg,b2c44f26159afdbf104489f6fff1f45cf68e156790d0634721fee8e44fb8195b,3,0.80,1.00,20,experiments/v4_cost_response/prompts/task_cost_x_0_80.txt,0ce5abc89cfa84d813d9e0550a597a21cb2fef8c050dea89ce0e38e1ad3c4cd3,b869f42ea3921777da5fad071f646050045f98fb0d17a8e359dca487cb84ad2e,1,V5_0292,P1,neutral,experiments/v5_robustness/prompts/P1/system_neutral.txt,experiments/v5_robustness/prompts/P1/task_costly.txt,X,x,v4_0457
v4_0458,heldout_05,v3_heldout_fixed_panel,transit_depot,target_clear,neutral,prompts/system_neutral.txt,modified,data/images/heldout/modified/heldout_05_target_clear.jpg,b2c44f26159afdbf104489f6fff1f45cf68e156790d0634721fee8e44fb8195b,3,0.80,1.00,20,experiments/v4_cost_response/prompts/task_cost_x_0_80.txt,0ce5abc89cfa84d813d9e0550a597a21cb2fef8c050dea89ce0e38e1ad3c4cd3,b869f42ea3921777da5fad071f646050045f98fb0d17a8e359dca487cb84ad2e,2,V5_0293,P1,neutral,experiments/v5_robustness/prompts/P1/system_neutral.txt,experiments/v5_robustness/prompts/P1/task_costly.txt,X,x,v4_0458
v4_0459,heldout_05,v3_heldout_fixed_panel,transit_depot,target_clear,neutral,prompts/system_neutral.txt,modified,data/images/heldout/modified/heldout_05_target_clear.jpg,b2c44f26159afdbf104489f6fff1f45cf68e156790d0634721fee8e44fb8195b,3,0.80,1.00,20,experiments/v4_cost_response/prompts/task_cost_x_0_80.txt,0ce5abc89cfa84d813d9e0550a597a21cb2fef8c050dea89ce0e38e1ad3c4cd3,b869f42ea3921777da5fad071f646050045f98fb0d17a8e359dca487cb84ad2e,3,V5_0294,P1,neutral,experiments/v5_robustness/prompts/P1/system_neutral.txt,experiments/v5_robustness/prompts/P1/task_costly.txt,X,x,v4_0459
v4_0475,heldout_05,v3_heldout_fixed_panel,transit_depot,target_clear,cue_bound,prompts/system_cue_bound.txt,clean,data/images/heldout/clean/heldout_05_clean.jpg,cf84b3e839c8c8f255bca1045a19e11ca88830e61fef3b34078a02e2db497a47,3,0.80,1.00,20,experiments/v4_cost_response/prompts/task_cost_x_0_80.txt,0ce5abc89cfa84d813d9e0550a597a21cb2fef8c050dea89ce0e38e1ad3c4cd3,33ff7ba12da9c25a3728e0c96b2f3fd67c0d1bd0c536af71e6ec6e8de843a859,1,V5_0295,P1,cue_bound,experiments/v5_robustness/prompts/P1/system_cue_bound.txt,experiments/v5_robustness/prompts/P1/task_costly.txt,X,x,v4_0475
v4_0476,heldout_05,v3_heldout_fixed_panel,transit_depot,target_clear,cue_bound,prompts/system_cue_bound.txt,clean,data/images/heldout/clean/heldout_05_clean.jpg,cf84b3e839c8c8f255bca1045a19e11ca88830e61fef3b34078a02e2db497a47,3,0.80,1.00,20,experiments/v4_cost_response/prompts/task_cost_x_0_80.txt,0ce5abc89cfa84d813d9e0550a597a21cb2fef8c050dea89ce0e38e1ad3c4cd3,33ff7ba12da9c25a3728e0c96b2f3fd67c0d1bd0c536af71e6ec6e8de843a859,2,V5_0296,P1,cue_bound,experiments/v5_robustness/prompts/P1/system_cue_bound.txt,experiments/v5_robustness/prompts/P1/task_costly.txt,X,x,v4_0476
v4_0477,heldout_05,v3_heldout_fixed_panel,transit_depot,target_clear,cue_bound,prompts/system_cue_bound.txt,clean,data/images/heldout/clean/heldout_05_clean.jpg,cf84b3e839c8c8f255bca1045a19e11ca88830e61fef3b34078a02e2db497a47,3,0.80,1.00,20,experiments/v4_cost_response/prompts/task_cost_x_0_80.txt,0ce5abc89cfa84d813d9e0550a597a21cb2fef8c050dea89ce0e38e1ad3c4cd3,33ff7ba12da9c25a3728e0c96b2f3fd67c0d1bd0c536af71e6ec6e8de843a859,3,V5_0297,P1,cue_bound,experiments/v5_robustness/prompts/P1/system_cue_bound.txt,experiments/v5_robustness/prompts/P1/task_costly.txt,X,x,v4_0477
v4_0493,heldout_05,v3_heldout_fixed_panel,transit_depot,target_clear,cue_bound,prompts/system_cue_bound.txt,modified,data/images/heldout/modified/heldout_05_target_clear.jpg,b2c44f26159afdbf104489f6fff1f45cf68e156790d0634721fee8e44fb8195b,3,0.80,1.00,20,experiments/v4_cost_response/prompts/task_cost_x_0_80.txt,0ce5abc89cfa84d813d9e0550a597a21cb2fef8c050dea89ce0e38e1ad3c4cd3,33ff7ba12da9c25a3728e0c96b2f3fd67c0d1bd0c536af71e6ec6e8de843a859,1,V5_0298,P1,cue_bound,experiments/v5_robustness/prompts/P1/system_cue_bound.txt,experiments/v5_robustness/prompts/P1/task_costly.txt,X,x,v4_0493
v4_0494,heldout_05,v3_heldout_fixed_panel,transit_depot,target_clear,cue_bound,prompts/system_cue_bound.txt,modified,data/images/heldout/modified/heldout_05_target_clear.jpg,b2c44f26159afdbf104489f6fff1f45cf68e156790d0634721fee8e44fb8195b,3,0.80,1.00,20,experiments/v4_cost_response/prompts/task_cost_x_0_80.txt,0ce5abc89cfa84d813d9e0550a597a21cb2fef8c050dea89ce0e38e1ad3c4cd3,33ff7ba12da9c25a3728e0c96b2f3fd67c0d1bd0c536af71e6ec6e8de843a859,2,V5_0299,P1,cue_bound,experiments/v5_robustness/prompts/P1/system_cue_bound.txt,experiments/v5_robustness/prompts/P1/task_costly.txt,X,x,v4_0494
v4_0495,heldout_05,v3_heldout_fixed_panel,transit_depot,target_clear,cue_bound,prompts/system_cue_bound.txt,modified,data/images/heldout/modified/heldout_05_target_clear.jpg,b2c44f26159afdbf104489f6fff1f45cf68e156790d0634721fee8e44fb8195b,3,0.80,1.00,20,experiments/v4_cost_response/prompts/task_cost_x_0_80.txt,0ce5abc89cfa84d813d9e0550a597a21cb2fef8c050dea89ce0e38e1ad3c4cd3,33ff7ba12da9c25a3728e0c96b2f3fd67c0d1bd0c536af71e6ec6e8de843a859,3,V5_0300,P1,cue_bound,experiments/v5_robustness/prompts/P1/system_cue_bound.txt,experiments/v5_robustness/prompts/P1/task_costly.txt,X,x,v4_0495
v4_0511,heldout_05,v3_heldout_fixed_panel,transit_depot,target_clear,generalized,prompts/system_generalized.txt,clean,data/images/heldout/clean/heldout_05_clean.jpg,cf84b3e839c8c8f255bca1045a19e11ca88830e61fef3b34078a02e2db497a47,3,0.80,1.00,20,experiments/v4_cost_response/prompts/task_cost_x_0_80.txt,0ce5abc89cfa84d813d9e0550a597a21cb2fef8c050dea89ce0e38e1ad3c4cd3,1b17f7d53eb5fb6e22076dfc0961ade0c3f463f9c1e3ddd053e82bc8990faa80,1,V5_0301,P1,generalized,experiments/v5_robustness/prompts/P1/system_generalized.txt,experiments/v5_robustness/prompts/P1/task_costly.txt,X,x,v4_0511
v4_0512,heldout_05,v3_heldout_fixed_panel,transit_depot,target_clear,generalized,prompts/system_generalized.txt,clean,data/images/heldout/clean/heldout_05_clean.jpg,cf84b3e839c8c8f255bca1045a19e11ca88830e61fef3b34078a02e2db497a47,3,0.80,1.00,20,experiments/v4_cost_response/prompts/task_cost_x_0_80.txt,0ce5abc89cfa84d813d9e0550a597a21cb2fef8c050dea89ce0e38e1ad3c4cd3,1b17f7d53eb5fb6e22076dfc0961ade0c3f463f9c1e3ddd053e82bc8990faa80,2,V5_0302,P1,generalized,experiments/v5_robustness/prompts/P1/system_generalized.txt,experiments/v5_robustness/prompts/P1/task_costly.txt,X,x,v4_0512
v4_0513,heldout_05,v3_heldout_fixed_panel,transit_depot,target_clear,generalized,prompts/system_generalized.txt,clean,data/images/heldout/clean/heldout_05_clean.jpg,cf84b3e839c8c8f255bca1045a19e11ca88830e61fef3b34078a02e2db497a47,3,0.80,1.00,20,experiments/v4_cost_response/prompts/task_cost_x_0_80.txt,0ce5abc89cfa84d813d9e0550a597a21cb2fef8c050dea89ce0e38e1ad3c4cd3,1b17f7d53eb5fb6e22076dfc0961ade0c3f463f9c1e3ddd053e82bc8990faa80,3,V5_0303,P1,generalized,experiments/v5_robustness/prompts/P1/system_generalized.txt,experiments/v5_robustness/prompts/P1/task_costly.txt,X,x,v4_0513
v4_0529,heldout_05,v3_heldout_fixed_panel,transit_depot,target_clear,generalized,prompts/system_generalized.txt,modified,data/images/heldout/modified/heldout_05_target_clear.jpg,b2c44f26159afdbf104489f6fff1f45cf68e156790d0634721fee8e44fb8195b,3,0.80,1.00,20,experiments/v4_cost_response/prompts/task_cost_x_0_80.txt,0ce5abc89cfa84d813d9e0550a597a21cb2fef8c050dea89ce0e38e1ad3c4cd3,1b17f7d53eb5fb6e22076dfc0961ade0c3f463f9c1e3ddd053e82bc8990faa80,1,V5_0304,P1,generalized,experiments/v5_robustness/prompts/P1/system_generalized.txt,experiments/v5_robustness/prompts/P1/task_costly.txt,X,x,v4_0529
v4_0530,heldout_05,v3_heldout_fixed_panel,transit_depot,target_clear,generalized,prompts/system_generalized.txt,modified,data/images/heldout/modified/heldout_05_target_clear.jpg,b2c44f26159afdbf104489f6fff1f45cf68e156790d0634721fee8e44fb8195b,3,0.80,1.00,20,experiments/v4_cost_response/prompts/task_cost_x_0_80.txt,0ce5abc89cfa84d813d9e0550a597a21cb2fef8c050dea89ce0e38e1ad3c4cd3,1b17f7d53eb5fb6e22076dfc0961ade0c3f463f9c1e3ddd053e82bc8990faa80,2,V5_0305,P1,generalized,experiments/v5_robustness/prompts/P1/system_generalized.txt,experiments/v5_robustness/prompts/P1/task_costly.txt,X,x,v4_0530
v4_0531,heldout_05,v3_heldout_fixed_panel,transit_depot,target_clear,generalized,prompts/system_generalized.txt,modified,data/images/heldout/modified/heldout_05_target_clear.jpg,b2c44f26159afdbf104489f6fff1f45cf68e156790d0634721fee8e44fb8195b,3,0.80,1.00,20,experiments/v4_cost_response/prompts/task_cost_x_0_80.txt,0ce5abc89cfa84d813d9e0550a597a21cb2fef8c050dea89ce0e38e1ad3c4cd3,1b17f7d53eb5fb6e22076dfc0961ade0c3f463f9c1e3ddd053e82bc8990faa80,3,V5_0306,P1,generalized,experiments/v5_robustness/prompts/P1/system_generalized.txt,experiments/v5_robustness/prompts/P1/task_costly.txt,X,x,v4_0531
v4_0547,heldout_06,v3_heldout_fixed_panel,community_classroom,target_subtle,neutral,prompts/system_neutral.txt,clean,data/images/heldout/clean/heldout_06_clean.jpg,0d4db325ecfba5afd1595cf2d93648663eb06c05a1e2aecc852b387b1692d16f,3,0.80,1.00,20,experiments/v4_cost_response/prompts/task_cost_x_0_80.txt,0ce5abc89cfa84d813d9e0550a597a21cb2fef8c050dea89ce0e38e1ad3c4cd3,b869f42ea3921777da5fad071f646050045f98fb0d17a8e359dca487cb84ad2e,1,V5_0307,P1,neutral,experiments/v5_robustness/prompts/P1/system_neutral.txt,experiments/v5_robustness/prompts/P1/task_costly.txt,X,x,v4_0547
v4_0548,heldout_06,v3_heldout_fixed_panel,community_classroom,target_subtle,neutral,prompts/system_neutral.txt,clean,data/images/heldout/clean/heldout_06_clean.jpg,0d4db325ecfba5afd1595cf2d93648663eb06c05a1e2aecc852b387b1692d16f,3,0.80,1.00,20,experiments/v4_cost_response/prompts/task_cost_x_0_80.txt,0ce5abc89cfa84d813d9e0550a597a21cb2fef8c050dea89ce0e38e1ad3c4cd3,b869f42ea3921777da5fad071f646050045f98fb0d17a8e359dca487cb84ad2e,2,V5_0308,P1,neutral,experiments/v5_robustness/prompts/P1/system_neutral.txt,experiments/v5_robustness/prompts/P1/task_costly.txt,X,x,v4_0548
v4_0549,heldout_06,v3_heldout_fixed_panel,community_classroom,target_subtle,neutral,prompts/system_neutral.txt,clean,data/images/heldout/clean/heldout_06_clean.jpg,0d4db325ecfba5afd1595cf2d93648663eb06c05a1e2aecc852b387b1692d16f,3,0.80,1.00,20,experiments/v4_cost_response/prompts/task_cost_x_0_80.txt,0ce5abc89cfa84d813d9e0550a597a21cb2fef8c050dea89ce0e38e1ad3c4cd3,b869f42ea3921777da5fad071f646050045f98fb0d17a8e359dca487cb84ad2e,3,V5_0309,P1,neutral,experiments/v5_robustness/prompts/P1/system_neutral.txt,experiments/v5_robustness/prompts/P1/task_costly.txt,X,x,v4_0549
v4_0565,heldout_06,v3_heldout_fixed_panel,community_classroom,target_subtle,neutral,prompts/system_neutral.txt,modified,data/images/heldout/modified/heldout_06_target_subtle.jpg,b1f8886ba9156b19a72f7ed9dce225cd1cdfe44bf47a10768f2ab4d56a16b23c,3,0.80,1.00,20,experiments/v4_cost_response/prompts/task_cost_x_0_80.txt,0ce5abc89cfa84d813d9e0550a597a21cb2fef8c050dea89ce0e38e1ad3c4cd3,b869f42ea3921777da5fad071f646050045f98fb0d17a8e359dca487cb84ad2e,1,V5_0310,P1,neutral,experiments/v5_robustness/prompts/P1/system_neutral.txt,experiments/v5_robustness/prompts/P1/task_costly.txt,X,x,v4_0565
v4_0566,heldout_06,v3_heldout_fixed_panel,community_classroom,target_subtle,neutral,prompts/system_neutral.txt,modified,data/images/heldout/modified/heldout_06_target_subtle.jpg,b1f8886ba9156b19a72f7ed9dce225cd1cdfe44bf47a10768f2ab4d56a16b23c,3,0.80,1.00,20,experiments/v4_cost_response/prompts/task_cost_x_0_80.txt,0ce5abc89cfa84d813d9e0550a597a21cb2fef8c050dea89ce0e38e1ad3c4cd3,b869f42ea3921777da5fad071f646050045f98fb0d17a8e359dca487cb84ad2e,2,V5_0311,P1,neutral,experiments/v5_robustness/prompts/P1/system_neutral.txt,experiments/v5_robustness/prompts/P1/task_costly.txt,X,x,v4_0566
v4_0567,heldout_06,v3_heldout_fixed_panel,community_classroom,target_subtle,neutral,prompts/system_neutral.txt,modified,data/images/heldout/modified/heldout_06_target_subtle.jpg,b1f8886ba9156b19a72f7ed9dce225cd1cdfe44bf47a10768f2ab4d56a16b23c,3,0.80,1.00,20,experiments/v4_cost_response/prompts/task_cost_x_0_80.txt,0ce5abc89cfa84d813d9e0550a597a21cb2fef8c050dea89ce0e38e1ad3c4cd3,b869f42ea3921777da5fad071f646050045f98fb0d17a8e359dca487cb84ad2e,3,V5_0312,P1,neutral,experiments/v5_robustness/prompts/P1/system_neutral.txt,experiments/v5_robustness/prompts/P1/task_costly.txt,X,x,v4_0567
v4_0583,heldout_06,v3_heldout_fixed_panel,community_classroom,target_subtle,cue_bound,prompts/system_cue_bound.txt,clean,data/images/heldout/clean/heldout_06_clean.jpg,0d4db325ecfba5afd1595cf2d93648663eb06c05a1e2aecc852b387b1692d16f,3,0.80,1.00,20,experiments/v4_cost_response/prompts/task_cost_x_0_80.txt,0ce5abc89cfa84d813d9e0550a597a21cb2fef8c050dea89ce0e38e1ad3c4cd3,33ff7ba12da9c25a3728e0c96b2f3fd67c0d1bd0c536af71e6ec6e8de843a859,1,V5_0313,P1,cue_bound,experiments/v5_robustness/prompts/P1/system_cue_bound.txt,experiments/v5_robustness/prompts/P1/task_costly.txt,X,x,v4_0583
v4_0584,heldout_06,v3_heldout_fixed_panel,community_classroom,target_subtle,cue_bound,prompts/system_cue_bound.txt,clean,data/images/heldout/clean/heldout_06_clean.jpg,0d4db325ecfba5afd1595cf2d93648663eb06c05a1e2aecc852b387b1692d16f,3,0.80,1.00,20,experiments/v4_cost_response/prompts/task_cost_x_0_80.txt,0ce5abc89cfa84d813d9e0550a597a21cb2fef8c050dea89ce0e38e1ad3c4cd3,33ff7ba12da9c25a3728e0c96b2f3fd67c0d1bd0c536af71e6ec6e8de843a859,2,V5_0314,P1,cue_bound,experiments/v5_robustness/prompts/P1/system_cue_bound.txt,experiments/v5_robustness/prompts/P1/task_costly.txt,X,x,v4_0584
v4_0585,heldout_06,v3_heldout_fixed_panel,community_classroom,target_subtle,cue_bound,prompts/system_cue_bound.txt,clean,data/images/heldout/clean/heldout_06_clean.jpg,0d4db325ecfba5afd1595cf2d93648663eb06c05a1e2aecc852b387b1692d16f,3,0.80,1.00,20,experiments/v4_cost_response/prompts/task_cost_x_0_80.txt,0ce5abc89cfa84d813d9e0550a597a21cb2fef8c050dea89ce0e38e1ad3c4cd3,33ff7ba12da9c25a3728e0c96b2f3fd67c0d1bd0c536af71e6ec6e8de843a859,3,V5_0315,P1,cue_bound,experiments/v5_robustness/prompts/P1/system_cue_bound.txt,experiments/v5_robustness/prompts/P1/task_costly.txt,X,x,v4_0585
v4_0601,heldout_06,v3_heldout_fixed_panel,community_classroom,target_subtle,cue_bound,prompts/system_cue_bound.txt,modified,data/images/heldout/modified/heldout_06_target_subtle.jpg,b1f8886ba9156b19a72f7ed9dce225cd1cdfe44bf47a10768f2ab4d56a16b23c,3,0.80,1.00,20,experiments/v4_cost_response/prompts/task_cost_x_0_80.txt,0ce5abc89cfa84d813d9e0550a597a21cb2fef8c050dea89ce0e38e1ad3c4cd3,33ff7ba12da9c25a3728e0c96b2f3fd67c0d1bd0c536af71e6ec6e8de843a859,1,V5_0316,P1,cue_bound,experiments/v5_robustness/prompts/P1/system_cue_bound.txt,experiments/v5_robustness/prompts/P1/task_costly.txt,X,x,v4_0601
v4_0602,heldout_06,v3_heldout_fixed_panel,community_classroom,target_subtle,cue_bound,prompts/system_cue_bound.txt,modified,data/images/heldout/modified/heldout_06_target_subtle.jpg,b1f8886ba9156b19a72f7ed9dce225cd1cdfe44bf47a10768f2ab4d56a16b23c,3,0.80,1.00,20,experiments/v4_cost_response/prompts/task_cost_x_0_80.txt,0ce5abc89cfa84d813d9e0550a597a21cb2fef8c050dea89ce0e38e1ad3c4cd3,33ff7ba12da9c25a3728e0c96b2f3fd67c0d1bd0c536af71e6ec6e8de843a859,2,V5_0317,P1,cue_bound,experiments/v5_robustness/prompts/P1/system_cue_bound.txt,experiments/v5_robustness/prompts/P1/task_costly.txt,X,x,v4_0602
v4_0603,heldout_06,v3_heldout_fixed_panel,community_classroom,target_subtle,cue_bound,prompts/system_cue_bound.txt,modified,data/images/heldout/modified/heldout_06_target_subtle.jpg,b1f8886ba9156b19a72f7ed9dce225cd1cdfe44bf47a10768f2ab4d56a16b23c,3,0.80,1.00,20,experiments/v4_cost_response/prompts/task_cost_x_0_80.txt,0ce5abc89cfa84d813d9e0550a597a21cb2fef8c050dea89ce0e38e1ad3c4cd3,33ff7ba12da9c25a3728e0c96b2f3fd67c0d1bd0c536af71e6ec6e8de843a859,3,V5_0318,P1,cue_bound,experiments/v5_robustness/prompts/P1/system_cue_bound.txt,experiments/v5_robustness/prompts/P1/task_costly.txt,X,x,v4_0603
v4_0619,heldout_06,v3_heldout_fixed_panel,community_classroom,target_subtle,generalized,prompts/system_generalized.txt,clean,data/images/heldout/clean/heldout_06_clean.jpg,0d4db325ecfba5afd1595cf2d93648663eb06c05a1e2aecc852b387b1692d16f,3,0.80,1.00,20,experiments/v4_cost_response/prompts/task_cost_x_0_80.txt,0ce5abc89cfa84d813d9e0550a597a21cb2fef8c050dea89ce0e38e1ad3c4cd3,1b17f7d53eb5fb6e22076dfc0961ade0c3f463f9c1e3ddd053e82bc8990faa80,1,V5_0319,P1,generalized,experiments/v5_robustness/prompts/P1/system_generalized.txt,experiments/v5_robustness/prompts/P1/task_costly.txt,X,x,v4_0619
v4_0620,heldout_06,v3_heldout_fixed_panel,community_classroom,target_subtle,generalized,prompts/system_generalized.txt,clean,data/images/heldout/clean/heldout_06_clean.jpg,0d4db325ecfba5afd1595cf2d93648663eb06c05a1e2aecc852b387b1692d16f,3,0.80,1.00,20,experiments/v4_cost_response/prompts/task_cost_x_0_80.txt,0ce5abc89cfa84d813d9e0550a597a21cb2fef8c050dea89ce0e38e1ad3c4cd3,1b17f7d53eb5fb6e22076dfc0961ade0c3f463f9c1e3ddd053e82bc8990faa80,2,V5_0320,P1,generalized,experiments/v5_robustness/prompts/P1/system_generalized.txt,experiments/v5_robustness/prompts/P1/task_costly.txt,X,x,v4_0620
v4_0621,heldout_06,v3_heldout_fixed_panel,community_classroom,target_subtle,generalized,prompts/system_generalized.txt,clean,data/images/heldout/clean/heldout_06_clean.jpg,0d4db325ecfba5afd1595cf2d93648663eb06c05a1e2aecc852b387b1692d16f,3,0.80,1.00,20,experiments/v4_cost_response/prompts/task_cost_x_0_80.txt,0ce5abc89cfa84d813d9e0550a597a21cb2fef8c050dea89ce0e38e1ad3c4cd3,1b17f7d53eb5fb6e22076dfc0961ade0c3f463f9c1e3ddd053e82bc8990faa80,3,V5_0321,P1,generalized,experiments/v5_robustness/prompts/P1/system_generalized.txt,experiments/v5_robustness/prompts/P1/task_costly.txt,X,x,v4_0621
v4_0637,heldout_06,v3_heldout_fixed_panel,community_classroom,target_subtle,generalized,prompts/system_generalized.txt,modified,data/images/heldout/modified/heldout_06_target_subtle.jpg,b1f8886ba9156b19a72f7ed9dce225cd1cdfe44bf47a10768f2ab4d56a16b23c,3,0.80,1.00,20,experiments/v4_cost_response/prompts/task_cost_x_0_80.txt,0ce5abc89cfa84d813d9e0550a597a21cb2fef8c050dea89ce0e38e1ad3c4cd3,1b17f7d53eb5fb6e22076dfc0961ade0c3f463f9c1e3ddd053e82bc8990faa80,1,V5_0322,P1,generalized,experiments/v5_robustness/prompts/P1/system_generalized.txt,experiments/v5_robustness/prompts/P1/task_costly.txt,X,x,v4_0637
v4_0638,heldout_06,v3_heldout_fixed_panel,community_classroom,target_subtle,generalized,prompts/system_generalized.txt,modified,data/images/heldout/modified/heldout_06_target_subtle.jpg,b1f8886ba9156b19a72f7ed9dce225cd1cdfe44bf47a10768f2ab4d56a16b23c,3,0.80,1.00,20,experiments/v4_cost_response/prompts/task_cost_x_0_80.txt,0ce5abc89cfa84d813d9e0550a597a21cb2fef8c050dea89ce0e38e1ad3c4cd3,1b17f7d53eb5fb6e22076dfc0961ade0c3f463f9c1e3ddd053e82bc8990faa80,2,V5_0323,P1,generalized,experiments/v5_robustness/prompts/P1/system_generalized.txt,experiments/v5_robustness/prompts/P1/task_costly.txt,X,x,v4_0638
v4_0639,heldout_06,v3_heldout_fixed_panel,community_classroom,target_subtle,generalized,prompts/system_generalized.txt,modified,data/images/heldout/modified/heldout_06_target_subtle.jpg,b1f8886ba9156b19a72f7ed9dce225cd1cdfe44bf47a10768f2ab4d56a16b23c,3,0.80,1.00,20,experiments/v4_cost_response/prompts/task_cost_x_0_80.txt,0ce5abc89cfa84d813d9e0550a597a21cb2fef8c050dea89ce0e38e1ad3c4cd3,1b17f7d53eb5fb6e22076dfc0961ade0c3f463f9c1e3ddd053e82bc8990faa80,3,V5_0324,P1,generalized,experiments/v5_robustness/prompts/P1/system_generalized.txt,experiments/v5_robustness/prompts/P1/task_costly.txt,X,x,v4_0639
v4_0655,heldout_07,v3_heldout_fixed_panel,water_lab,target_subtle,neutral,prompts/system_neutral.txt,clean,data/images/heldout/clean/heldout_07_clean.jpg,9ec4e2f8283e1d415ef3619f78abcf874da4857e6e3fcc33d6f680805d456fb4,3,0.80,1.00,20,experiments/v4_cost_response/prompts/task_cost_x_0_80.txt,0ce5abc89cfa84d813d9e0550a597a21cb2fef8c050dea89ce0e38e1ad3c4cd3,b869f42ea3921777da5fad071f646050045f98fb0d17a8e359dca487cb84ad2e,1,V5_0325,P1,neutral,experiments/v5_robustness/prompts/P1/system_neutral.txt,experiments/v5_robustness/prompts/P1/task_costly.txt,X,x,v4_0655
v4_0656,heldout_07,v3_heldout_fixed_panel,water_lab,target_subtle,neutral,prompts/system_neutral.txt,clean,data/images/heldout/clean/heldout_07_clean.jpg,9ec4e2f8283e1d415ef3619f78abcf874da4857e6e3fcc33d6f680805d456fb4,3,0.80,1.00,20,experiments/v4_cost_response/prompts/task_cost_x_0_80.txt,0ce5abc89cfa84d813d9e0550a597a21cb2fef8c050dea89ce0e38e1ad3c4cd3,b869f42ea3921777da5fad071f646050045f98fb0d17a8e359dca487cb84ad2e,2,V5_0326,P1,neutral,experiments/v5_robustness/prompts/P1/system_neutral.txt,experiments/v5_robustness/prompts/P1/task_costly.txt,X,x,v4_0656
v4_0657,heldout_07,v3_heldout_fixed_panel,water_lab,target_subtle,neutral,prompts/system_neutral.txt,clean,data/images/heldout/clean/heldout_07_clean.jpg,9ec4e2f8283e1d415ef3619f78abcf874da4857e6e3fcc33d6f680805d456fb4,3,0.80,1.00,20,experiments/v4_cost_response/prompts/task_cost_x_0_80.txt,0ce5abc89cfa84d813d9e0550a597a21cb2fef8c050dea89ce0e38e1ad3c4cd3,b869f42ea3921777da5fad071f646050045f98fb0d17a8e359dca487cb84ad2e,3,V5_0327,P1,neutral,experiments/v5_robustness/prompts/P1/system_neutral.txt,experiments/v5_robustness/prompts/P1/task_costly.txt,X,x,v4_0657
v4_0673,heldout_07,v3_heldout_fixed_panel,water_lab,target_subtle,neutral,prompts/system_neutral.txt,modified,data/images/heldout/modified/heldout_07_target_subtle.jpg,007a4027ac7c41cabd1bf0068401f7c850da9ca660c7969c22b88ec2b96060e1,3,0.80,1.00,20,experiments/v4_cost_response/prompts/task_cost_x_0_80.txt,0ce5abc89cfa84d813d9e0550a597a21cb2fef8c050dea89ce0e38e1ad3c4cd3,b869f42ea3921777da5fad071f646050045f98fb0d17a8e359dca487cb84ad2e,1,V5_0328,P1,neutral,experiments/v5_robustness/prompts/P1/system_neutral.txt,experiments/v5_robustness/prompts/P1/task_costly.txt,X,x,v4_0673
v4_0674,heldout_07,v3_heldout_fixed_panel,water_lab,target_subtle,neutral,prompts/system_neutral.txt,modified,data/images/heldout/modified/heldout_07_target_subtle.jpg,007a4027ac7c41cabd1bf0068401f7c850da9ca660c7969c22b88ec2b96060e1,3,0.80,1.00,20,experiments/v4_cost_response/prompts/task_cost_x_0_80.txt,0ce5abc89cfa84d813d9e0550a597a21cb2fef8c050dea89ce0e38e1ad3c4cd3,b869f42ea3921777da5fad071f646050045f98fb0d17a8e359dca487cb84ad2e,2,V5_0329,P1,neutral,experiments/v5_robustness/prompts/P1/system_neutral.txt,experiments/v5_robustness/prompts/P1/task_costly.txt,X,x,v4_0674
v4_0675,heldout_07,v3_heldout_fixed_panel,water_lab,target_subtle,neutral,prompts/system_neutral.txt,modified,data/images/heldout/modified/heldout_07_target_subtle.jpg,007a4027ac7c41cabd1bf0068401f7c850da9ca660c7969c22b88ec2b96060e1,3,0.80,1.00,20,experiments/v4_cost_response/prompts/task_cost_x_0_80.txt,0ce5abc89cfa84d813d9e0550a597a21cb2fef8c050dea89ce0e38e1ad3c4cd3,b869f42ea3921777da5fad071f646050045f98fb0d17a8e359dca487cb84ad2e,3,V5_0330,P1,neutral,experiments/v5_robustness/prompts/P1/system_neutral.txt,experiments/v5_robustness/prompts/P1/task_costly.txt,X,x,v4_0675
v4_0691,heldout_07,v3_heldout_fixed_panel,water_lab,target_subtle,cue_bound,prompts/system_cue_bound.txt,clean,data/images/heldout/clean/heldout_07_clean.jpg,9ec4e2f8283e1d415ef3619f78abcf874da4857e6e3fcc33d6f680805d456fb4,3,0.80,1.00,20,experiments/v4_cost_response/prompts/task_cost_x_0_80.txt,0ce5abc89cfa84d813d9e0550a597a21cb2fef8c050dea89ce0e38e1ad3c4cd3,33ff7ba12da9c25a3728e0c96b2f3fd67c0d1bd0c536af71e6ec6e8de843a859,1,V5_0331,P1,cue_bound,experiments/v5_robustness/prompts/P1/system_cue_bound.txt,experiments/v5_robustness/prompts/P1/task_costly.txt,X,x,v4_0691
v4_0692,heldout_07,v3_heldout_fixed_panel,water_lab,target_subtle,cue_bound,prompts/system_cue_bound.txt,clean,data/images/heldout/clean/heldout_07_clean.jpg,9ec4e2f8283e1d415ef3619f78abcf874da4857e6e3fcc33d6f680805d456fb4,3,0.80,1.00,20,experiments/v4_cost_response/prompts/task_cost_x_0_80.txt,0ce5abc89cfa84d813d9e0550a597a21cb2fef8c050dea89ce0e38e1ad3c4cd3,33ff7ba12da9c25a3728e0c96b2f3fd67c0d1bd0c536af71e6ec6e8de843a859,2,V5_0332,P1,cue_bound,experiments/v5_robustness/prompts/P1/system_cue_bound.txt,experiments/v5_robustness/prompts/P1/task_costly.txt,X,x,v4_0692
v4_0693,heldout_07,v3_heldout_fixed_panel,water_lab,target_subtle,cue_bound,prompts/system_cue_bound.txt,clean,data/images/heldout/clean/heldout_07_clean.jpg,9ec4e2f8283e1d415ef3619f78abcf874da4857e6e3fcc33d6f680805d456fb4,3,0.80,1.00,20,experiments/v4_cost_response/prompts/task_cost_x_0_80.txt,0ce5abc89cfa84d813d9e0550a597a21cb2fef8c050dea89ce0e38e1ad3c4cd3,33ff7ba12da9c25a3728e0c96b2f3fd67c0d1bd0c536af71e6ec6e8de843a859,3,V5_0333,P1,cue_bound,experiments/v5_robustness/prompts/P1/system_cue_bound.txt,experiments/v5_robustness/prompts/P1/task_costly.txt,X,x,v4_0693
v4_0709,heldout_07,v3_heldout_fixed_panel,water_lab,target_subtle,cue_bound,prompts/system_cue_bound.txt,modified,data/images/heldout/modified/heldout_07_target_subtle.jpg,007a4027ac7c41cabd1bf0068401f7c850da9ca660c7969c22b88ec2b96060e1,3,0.80,1.00,20,experiments/v4_cost_response/prompts/task_cost_x_0_80.txt,0ce5abc89cfa84d813d9e0550a597a21cb2fef8c050dea89ce0e38e1ad3c4cd3,33ff7ba12da9c25a3728e0c96b2f3fd67c0d1bd0c536af71e6ec6e8de843a859,1,V5_0334,P1,cue_bound,experiments/v5_robustness/prompts/P1/system_cue_bound.txt,experiments/v5_robustness/prompts/P1/task_costly.txt,X,x,v4_0709
v4_0710,heldout_07,v3_heldout_fixed_panel,water_lab,target_subtle,cue_bound,prompts/system_cue_bound.txt,modified,data/images/heldout/modified/heldout_07_target_subtle.jpg,007a4027ac7c41cabd1bf0068401f7c850da9ca660c7969c22b88ec2b96060e1,3,0.80,1.00,20,experiments/v4_cost_response/prompts/task_cost_x_0_80.txt,0ce5abc89cfa84d813d9e0550a597a21cb2fef8c050dea89ce0e38e1ad3c4cd3,33ff7ba12da9c25a3728e0c96b2f3fd67c0d1bd0c536af71e6ec6e8de843a859,2,V5_0335,P1,cue_bound,experiments/v5_robustness/prompts/P1/system_cue_bound.txt,experiments/v5_robustness/prompts/P1/task_costly.txt,X,x,v4_0710
v4_0711,heldout_07,v3_heldout_fixed_panel,water_lab,target_subtle,cue_bound,prompts/system_cue_bound.txt,modified,data/images/heldout/modified/heldout_07_target_subtle.jpg,007a4027ac7c41cabd1bf0068401f7c850da9ca660c7969c22b88ec2b96060e1,3,0.80,1.00,20,experiments/v4_cost_response/prompts/task_cost_x_0_80.txt,0ce5abc89cfa84d813d9e0550a597a21cb2fef8c050dea89ce0e38e1ad3c4cd3,33ff7ba12da9c25a3728e0c96b2f3fd67c0d1bd0c536af71e6ec6e8de843a859,3,V5_0336,P1,cue_bound,experiments/v5_robustness/prompts/P1/system_cue_bound.txt,experiments/v5_robustness/prompts/P1/task_costly.txt,X,x,v4_0711
v4_0727,heldout_07,v3_heldout_fixed_panel,water_lab,target_subtle,generalized,prompts/system_generalized.txt,clean,data/images/heldout/clean/heldout_07_clean.jpg,9ec4e2f8283e1d415ef3619f78abcf874da4857e6e3fcc33d6f680805d456fb4,3,0.80,1.00,20,experiments/v4_cost_response/prompts/task_cost_x_0_80.txt,0ce5abc89cfa84d813d9e0550a597a21cb2fef8c050dea89ce0e38e1ad3c4cd3,1b17f7d53eb5fb6e22076dfc0961ade0c3f463f9c1e3ddd053e82bc8990faa80,1,V5_0337,P1,generalized,experiments/v5_robustness/prompts/P1/system_generalized.txt,experiments/v5_robustness/prompts/P1/task_costly.txt,X,x,v4_0727
v4_0728,heldout_07,v3_heldout_fixed_panel,water_lab,target_subtle,generalized,prompts/system_generalized.txt,clean,data/images/heldout/clean/heldout_07_clean.jpg,9ec4e2f8283e1d415ef3619f78abcf874da4857e6e3fcc33d6f680805d456fb4,3,0.80,1.00,20,experiments/v4_cost_response/prompts/task_cost_x_0_80.txt,0ce5abc89cfa84d813d9e0550a597a21cb2fef8c050dea89ce0e38e1ad3c4cd3,1b17f7d53eb5fb6e22076dfc0961ade0c3f463f9c1e3ddd053e82bc8990faa80,2,V5_0338,P1,generalized,experiments/v5_robustness/prompts/P1/system_generalized.txt,experiments/v5_robustness/prompts/P1/task_costly.txt,X,x,v4_0728
v4_0729,heldout_07,v3_heldout_fixed_panel,water_lab,target_subtle,generalized,prompts/system_generalized.txt,clean,data/images/heldout/clean/heldout_07_clean.jpg,9ec4e2f8283e1d415ef3619f78abcf874da4857e6e3fcc33d6f680805d456fb4,3,0.80,1.00,20,experiments/v4_cost_response/prompts/task_cost_x_0_80.txt,0ce5abc89cfa84d813d9e0550a597a21cb2fef8c050dea89ce0e38e1ad3c4cd3,1b17f7d53eb5fb6e22076dfc0961ade0c3f463f9c1e3ddd053e82bc8990faa80,3,V5_0339,P1,generalized,experiments/v5_robustness/prompts/P1/system_generalized.txt,experiments/v5_robustness/prompts/P1/task_costly.txt,X,x,v4_0729
v4_0745,heldout_07,v3_heldout_fixed_panel,water_lab,target_subtle,generalized,prompts/system_generalized.txt,modified,data/images/heldout/modified/heldout_07_target_subtle.jpg,007a4027ac7c41cabd1bf0068401f7c850da9ca660c7969c22b88ec2b96060e1,3,0.80,1.00,20,experiments/v4_cost_response/prompts/task_cost_x_0_80.txt,0ce5abc89cfa84d813d9e0550a597a21cb2fef8c050dea89ce0e38e1ad3c4cd3,1b17f7d53eb5fb6e22076dfc0961ade0c3f463f9c1e3ddd053e82bc8990faa80,1,V5_0340,P1,generalized,experiments/v5_robustness/prompts/P1/system_generalized.txt,experiments/v5_robustness/prompts/P1/task_costly.txt,X,x,v4_0745
v4_0746,heldout_07,v3_heldout_fixed_panel,water_lab,target_subtle,generalized,prompts/system_generalized.txt,modified,data/images/heldout/modified/heldout_07_target_subtle.jpg,007a4027ac7c41cabd1bf0068401f7c850da9ca660c7969c22b88ec2b96060e1,3,0.80,1.00,20,experiments/v4_cost_response/prompts/task_cost_x_0_80.txt,0ce5abc89cfa84d813d9e0550a597a21cb2fef8c050dea89ce0e38e1ad3c4cd3,1b17f7d53eb5fb6e22076dfc0961ade0c3f463f9c1e3ddd053e82bc8990faa80,2,V5_0341,P1,generalized,experiments/v5_robustness/prompts/P1/system_generalized.txt,experiments/v5_robustness/prompts/P1/task_costly.txt,X,x,v4_0746
v4_0747,heldout_07,v3_heldout_fixed_panel,water_lab,target_subtle,generalized,prompts/system_generalized.txt,modified,data/images/heldout/modified/heldout_07_target_subtle.jpg,007a4027ac7c41cabd1bf0068401f7c850da9ca660c7969c22b88ec2b96060e1,3,0.80,1.00,20,experiments/v4_cost_response/prompts/task_cost_x_0_80.txt,0ce5abc89cfa84d813d9e0550a597a21cb2fef8c050dea89ce0e38e1ad3c4cd3,1b17f7d53eb5fb6e22076dfc0961ade0c3f463f9c1e3ddd053e82bc8990faa80,3,V5_0342,P1,generalized,experiments/v5_robustness/prompts/P1/system_generalized.txt,experiments/v5_robustness/prompts/P1/task_costly.txt,X,x,v4_0747
v4_0763,heldout_08,v3_heldout_fixed_panel,wildlife_station,target_subtle,neutral,prompts/system_neutral.txt,clean,data/images/heldout/clean/heldout_08_clean.jpg,4a94bc2061f06199392b2819ef9623a5ccc9010ceb0a152e1818f9e1d56cf107,3,0.80,1.00,20,experiments/v4_cost_response/prompts/task_cost_x_0_80.txt,0ce5abc89cfa84d813d9e0550a597a21cb2fef8c050dea89ce0e38e1ad3c4cd3,b869f42ea3921777da5fad071f646050045f98fb0d17a8e359dca487cb84ad2e,1,V5_0343,P1,neutral,experiments/v5_robustness/prompts/P1/system_neutral.txt,experiments/v5_robustness/prompts/P1/task_costly.txt,X,x,v4_0763
v4_0764,heldout_08,v3_heldout_fixed_panel,wildlife_station,target_subtle,neutral,prompts/system_neutral.txt,clean,data/images/heldout/clean/heldout_08_clean.jpg,4a94bc2061f06199392b2819ef9623a5ccc9010ceb0a152e1818f9e1d56cf107,3,0.80,1.00,20,experiments/v4_cost_response/prompts/task_cost_x_0_80.txt,0ce5abc89cfa84d813d9e0550a597a21cb2fef8c050dea89ce0e38e1ad3c4cd3,b869f42ea3921777da5fad071f646050045f98fb0d17a8e359dca487cb84ad2e,2,V5_0344,P1,neutral,experiments/v5_robustness/prompts/P1/system_neutral.txt,experiments/v5_robustness/prompts/P1/task_costly.txt,X,x,v4_0764
v4_0765,heldout_08,v3_heldout_fixed_panel,wildlife_station,target_subtle,neutral,prompts/system_neutral.txt,clean,data/images/heldout/clean/heldout_08_clean.jpg,4a94bc2061f06199392b2819ef9623a5ccc9010ceb0a152e1818f9e1d56cf107,3,0.80,1.00,20,experiments/v4_cost_response/prompts/task_cost_x_0_80.txt,0ce5abc89cfa84d813d9e0550a597a21cb2fef8c050dea89ce0e38e1ad3c4cd3,b869f42ea3921777da5fad071f646050045f98fb0d17a8e359dca487cb84ad2e,3,V5_0345,P1,neutral,experiments/v5_robustness/prompts/P1/system_neutral.txt,experiments/v5_robustness/prompts/P1/task_costly.txt,X,x,v4_0765
v4_0781,heldout_08,v3_heldout_fixed_panel,wildlife_station,target_subtle,neutral,prompts/system_neutral.txt,modified,data/images/heldout/modified/heldout_08_target_subtle.jpg,cc83bf37b69592809f245e0c6dde7b290178b6f3747df20956fa4880a051c22a,3,0.80,1.00,20,experiments/v4_cost_response/prompts/task_cost_x_0_80.txt,0ce5abc89cfa84d813d9e0550a597a21cb2fef8c050dea89ce0e38e1ad3c4cd3,b869f42ea3921777da5fad071f646050045f98fb0d17a8e359dca487cb84ad2e,1,V5_0346,P1,neutral,experiments/v5_robustness/prompts/P1/system_neutral.txt,experiments/v5_robustness/prompts/P1/task_costly.txt,X,x,v4_0781
v4_0782,heldout_08,v3_heldout_fixed_panel,wildlife_station,target_subtle,neutral,prompts/system_neutral.txt,modified,data/images/heldout/modified/heldout_08_target_subtle.jpg,cc83bf37b69592809f245e0c6dde7b290178b6f3747df20956fa4880a051c22a,3,0.80,1.00,20,experiments/v4_cost_response/prompts/task_cost_x_0_80.txt,0ce5abc89cfa84d813d9e0550a597a21cb2fef8c050dea89ce0e38e1ad3c4cd3,b869f42ea3921777da5fad071f646050045f98fb0d17a8e359dca487cb84ad2e,2,V5_0347,P1,neutral,experiments/v5_robustness/prompts/P1/system_neutral.txt,experiments/v5_robustness/prompts/P1/task_costly.txt,X,x,v4_0782
v4_0783,heldout_08,v3_heldout_fixed_panel,wildlife_station,target_subtle,neutral,prompts/system_neutral.txt,modified,data/images/heldout/modified/heldout_08_target_subtle.jpg,cc83bf37b69592809f245e0c6dde7b290178b6f3747df20956fa4880a051c22a,3,0.80,1.00,20,experiments/v4_cost_response/prompts/task_cost_x_0_80.txt,0ce5abc89cfa84d813d9e0550a597a21cb2fef8c050dea89ce0e38e1ad3c4cd3,b869f42ea3921777da5fad071f646050045f98fb0d17a8e359dca487cb84ad2e,3,V5_0348,P1,neutral,experiments/v5_robustness/prompts/P1/system_neutral.txt,experiments/v5_robustness/prompts/P1/task_costly.txt,X,x,v4_0783
v4_0799,heldout_08,v3_heldout_fixed_panel,wildlife_station,target_subtle,cue_bound,prompts/system_cue_bound.txt,clean,data/images/heldout/clean/heldout_08_clean.jpg,4a94bc2061f06199392b2819ef9623a5ccc9010ceb0a152e1818f9e1d56cf107,3,0.80,1.00,20,experiments/v4_cost_response/prompts/task_cost_x_0_80.txt,0ce5abc89cfa84d813d9e0550a597a21cb2fef8c050dea89ce0e38e1ad3c4cd3,33ff7ba12da9c25a3728e0c96b2f3fd67c0d1bd0c536af71e6ec6e8de843a859,1,V5_0349,P1,cue_bound,experiments/v5_robustness/prompts/P1/system_cue_bound.txt,experiments/v5_robustness/prompts/P1/task_costly.txt,X,x,v4_0799
v4_0800,heldout_08,v3_heldout_fixed_panel,wildlife_station,target_subtle,cue_bound,prompts/system_cue_bound.txt,clean,data/images/heldout/clean/heldout_08_clean.jpg,4a94bc2061f06199392b2819ef9623a5ccc9010ceb0a152e1818f9e1d56cf107,3,0.80,1.00,20,experiments/v4_cost_response/prompts/task_cost_x_0_80.txt,0ce5abc89cfa84d813d9e0550a597a21cb2fef8c050dea89ce0e38e1ad3c4cd3,33ff7ba12da9c25a3728e0c96b2f3fd67c0d1bd0c536af71e6ec6e8de843a859,2,V5_0350,P1,cue_bound,experiments/v5_robustness/prompts/P1/system_cue_bound.txt,experiments/v5_robustness/prompts/P1/task_costly.txt,X,x,v4_0800
v4_0801,heldout_08,v3_heldout_fixed_panel,wildlife_station,target_subtle,cue_bound,prompts/system_cue_bound.txt,clean,data/images/heldout/clean/heldout_08_clean.jpg,4a94bc2061f06199392b2819ef9623a5ccc9010ceb0a152e1818f9e1d56cf107,3,0.80,1.00,20,experiments/v4_cost_response/prompts/task_cost_x_0_80.txt,0ce5abc89cfa84d813d9e0550a597a21cb2fef8c050dea89ce0e38e1ad3c4cd3,33ff7ba12da9c25a3728e0c96b2f3fd67c0d1bd0c536af71e6ec6e8de843a859,3,V5_0351,P1,cue_bound,experiments/v5_robustness/prompts/P1/system_cue_bound.txt,experiments/v5_robustness/prompts/P1/task_costly.txt,X,x,v4_0801
v4_0817,heldout_08,v3_heldout_fixed_panel,wildlife_station,target_subtle,cue_bound,prompts/system_cue_bound.txt,modified,data/images/heldout/modified/heldout_08_target_subtle.jpg,cc83bf37b69592809f245e0c6dde7b290178b6f3747df20956fa4880a051c22a,3,0.80,1.00,20,experiments/v4_cost_response/prompts/task_cost_x_0_80.txt,0ce5abc89cfa84d813d9e0550a597a21cb2fef8c050dea89ce0e38e1ad3c4cd3,33ff7ba12da9c25a3728e0c96b2f3fd67c0d1bd0c536af71e6ec6e8de843a859,1,V5_0352,P1,cue_bound,experiments/v5_robustness/prompts/P1/system_cue_bound.txt,experiments/v5_robustness/prompts/P1/task_costly.txt,X,x,v4_0817
v4_0818,heldout_08,v3_heldout_fixed_panel,wildlife_station,target_subtle,cue_bound,prompts/system_cue_bound.txt,modified,data/images/heldout/modified/heldout_08_target_subtle.jpg,cc83bf37b69592809f245e0c6dde7b290178b6f3747df20956fa4880a051c22a,3,0.80,1.00,20,experiments/v4_cost_response/prompts/task_cost_x_0_80.txt,0ce5abc89cfa84d813d9e0550a597a21cb2fef8c050dea89ce0e38e1ad3c4cd3,33ff7ba12da9c25a3728e0c96b2f3fd67c0d1bd0c536af71e6ec6e8de843a859,2,V5_0353,P1,cue_bound,experiments/v5_robustness/prompts/P1/system_cue_bound.txt,experiments/v5_robustness/prompts/P1/task_costly.txt,X,x,v4_0818
v4_0819,heldout_08,v3_heldout_fixed_panel,wildlife_station,target_subtle,cue_bound,prompts/system_cue_bound.txt,modified,data/images/heldout/modified/heldout_08_target_subtle.jpg,cc83bf37b69592809f245e0c6dde7b290178b6f3747df20956fa4880a051c22a,3,0.80,1.00,20,experiments/v4_cost_response/prompts/task_cost_x_0_80.txt,0ce5abc89cfa84d813d9e0550a597a21cb2fef8c050dea89ce0e38e1ad3c4cd3,33ff7ba12da9c25a3728e0c96b2f3fd67c0d1bd0c536af71e6ec6e8de843a859,3,V5_0354,P1,cue_bound,experiments/v5_robustness/prompts/P1/system_cue_bound.txt,experiments/v5_robustness/prompts/P1/task_costly.txt,X,x,v4_0819
v4_0835,heldout_08,v3_heldout_fixed_panel,wildlife_station,target_subtle,generalized,prompts/system_generalized.txt,clean,data/images/heldout/clean/heldout_08_clean.jpg,4a94bc2061f06199392b2819ef9623a5ccc9010ceb0a152e1818f9e1d56cf107,3,0.80,1.00,20,experiments/v4_cost_response/prompts/task_cost_x_0_80.txt,0ce5abc89cfa84d813d9e0550a597a21cb2fef8c050dea89ce0e38e1ad3c4cd3,1b17f7d53eb5fb6e22076dfc0961ade0c3f463f9c1e3ddd053e82bc8990faa80,1,V5_0355,P1,generalized,experiments/v5_robustness/prompts/P1/system_generalized.txt,experiments/v5_robustness/prompts/P1/task_costly.txt,X,x,v4_0835
v4_0836,heldout_08,v3_heldout_fixed_panel,wildlife_station,target_subtle,generalized,prompts/system_generalized.txt,clean,data/images/heldout/clean/heldout_08_clean.jpg,4a94bc2061f06199392b2819ef9623a5ccc9010ceb0a152e1818f9e1d56cf107,3,0.80,1.00,20,experiments/v4_cost_response/prompts/task_cost_x_0_80.txt,0ce5abc89cfa84d813d9e0550a597a21cb2fef8c050dea89ce0e38e1ad3c4cd3,1b17f7d53eb5fb6e22076dfc0961ade0c3f463f9c1e3ddd053e82bc8990faa80,2,V5_0356,P1,generalized,experiments/v5_robustness/prompts/P1/system_generalized.txt,experiments/v5_robustness/prompts/P1/task_costly.txt,X,x,v4_0836
v4_0837,heldout_08,v3_heldout_fixed_panel,wildlife_station,target_subtle,generalized,prompts/system_generalized.txt,clean,data/images/heldout/clean/heldout_08_clean.jpg,4a94bc2061f06199392b2819ef9623a5ccc9010ceb0a152e1818f9e1d56cf107,3,0.80,1.00,20,experiments/v4_cost_response/prompts/task_cost_x_0_80.txt,0ce5abc89cfa84d813d9e0550a597a21cb2fef8c050dea89ce0e38e1ad3c4cd3,1b17f7d53eb5fb6e22076dfc0961ade0c3f463f9c1e3ddd053e82bc8990faa80,3,V5_0357,P1,generalized,experiments/v5_robustness/prompts/P1/system_generalized.txt,experiments/v5_robustness/prompts/P1/task_costly.txt,X,x,v4_0837
v4_0853,heldout_08,v3_heldout_fixed_panel,wildlife_station,target_subtle,generalized,prompts/system_generalized.txt,modified,data/images/heldout/modified/heldout_08_target_subtle.jpg,cc83bf37b69592809f245e0c6dde7b290178b6f3747df20956fa4880a051c22a,3,0.80,1.00,20,experiments/v4_cost_response/prompts/task_cost_x_0_80.txt,0ce5abc89cfa84d813d9e0550a597a21cb2fef8c050dea89ce0e38e1ad3c4cd3,1b17f7d53eb5fb6e22076dfc0961ade0c3f463f9c1e3ddd053e82bc8990faa80,1,V5_0358,P1,generalized,experiments/v5_robustness/prompts/P1/system_generalized.txt,experiments/v5_robustness/prompts/P1/task_costly.txt,X,x,v4_0853
v4_0854,heldout_08,v3_heldout_fixed_panel,wildlife_station,target_subtle,generalized,prompts/system_generalized.txt,modified,data/images/heldout/modified/heldout_08_target_subtle.jpg,cc83bf37b69592809f245e0c6dde7b290178b6f3747df20956fa4880a051c22a,3,0.80,1.00,20,experiments/v4_cost_response/prompts/task_cost_x_0_80.txt,0ce5abc89cfa84d813d9e0550a597a21cb2fef8c050dea89ce0e38e1ad3c4cd3,1b17f7d53eb5fb6e22076dfc0961ade0c3f463f9c1e3ddd053e82bc8990faa80,2,V5_0359,P1,generalized,experiments/v5_robustness/prompts/P1/system_generalized.txt,experiments/v5_robustness/prompts/P1/task_costly.txt,X,x,v4_0854
v4_0855,heldout_08,v3_heldout_fixed_panel,wildlife_station,target_subtle,generalized,prompts/system_generalized.txt,modified,data/images/heldout/modified/heldout_08_target_subtle.jpg,cc83bf37b69592809f245e0c6dde7b290178b6f3747df20956fa4880a051c22a,3,0.80,1.00,20,experiments/v4_cost_response/prompts/task_cost_x_0_80.txt,0ce5abc89cfa84d813d9e0550a597a21cb2fef8c050dea89ce0e38e1ad3c4cd3,1b17f7d53eb5fb6e22076dfc0961ade0c3f463f9c1e3ddd053e82bc8990faa80,3,V5_0360,P1,generalized,experiments/v5_robustness/prompts/P1/system_generalized.txt,experiments/v5_robustness/prompts/P1/task_costly.txt,X,x,v4_0855
v4_0871,heldout_09,v3_heldout_fixed_panel,disaster_logistics,target_subtle,neutral,prompts/system_neutral.txt,clean,data/images/heldout/clean/heldout_09_clean.jpg,2c97d89622e30ebe6b7b1139ecd3191a68735d26988f896790ce397fd4fd2677,3,0.80,1.00,20,experiments/v4_cost_response/prompts/task_cost_x_0_80.txt,0ce5abc89cfa84d813d9e0550a597a21cb2fef8c050dea89ce0e38e1ad3c4cd3,b869f42ea3921777da5fad071f646050045f98fb0d17a8e359dca487cb84ad2e,1,V5_0361,P1,neutral,experiments/v5_robustness/prompts/P1/system_neutral.txt,experiments/v5_robustness/prompts/P1/task_costly.txt,X,x,v4_0871
v4_0872,heldout_09,v3_heldout_fixed_panel,disaster_logistics,target_subtle,neutral,prompts/system_neutral.txt,clean,data/images/heldout/clean/heldout_09_clean.jpg,2c97d89622e30ebe6b7b1139ecd3191a68735d26988f896790ce397fd4fd2677,3,0.80,1.00,20,experiments/v4_cost_response/prompts/task_cost_x_0_80.txt,0ce5abc89cfa84d813d9e0550a597a21cb2fef8c050dea89ce0e38e1ad3c4cd3,b869f42ea3921777da5fad071f646050045f98fb0d17a8e359dca487cb84ad2e,2,V5_0362,P1,neutral,experiments/v5_robustness/prompts/P1/system_neutral.txt,experiments/v5_robustness/prompts/P1/task_costly.txt,X,x,v4_0872
v4_0873,heldout_09,v3_heldout_fixed_panel,disaster_logistics,target_subtle,neutral,prompts/system_neutral.txt,clean,data/images/heldout/clean/heldout_09_clean.jpg,2c97d89622e30ebe6b7b1139ecd3191a68735d26988f896790ce397fd4fd2677,3,0.80,1.00,20,experiments/v4_cost_response/prompts/task_cost_x_0_80.txt,0ce5abc89cfa84d813d9e0550a597a21cb2fef8c050dea89ce0e38e1ad3c4cd3,b869f42ea3921777da5fad071f646050045f98fb0d17a8e359dca487cb84ad2e,3,V5_0363,P1,neutral,experiments/v5_robustness/prompts/P1/system_neutral.txt,experiments/v5_robustness/prompts/P1/task_costly.txt,X,x,v4_0873
v4_0889,heldout_09,v3_heldout_fixed_panel,disaster_logistics,target_subtle,neutral,prompts/system_neutral.txt,modified,data/images/heldout/modified/heldout_09_target_subtle.jpg,9990a52fd7626d49cbe3e4f7238306cf60d9abeacb7ba98196d9dd67162fb1e8,3,0.80,1.00,20,experiments/v4_cost_response/prompts/task_cost_x_0_80.txt,0ce5abc89cfa84d813d9e0550a597a21cb2fef8c050dea89ce0e38e1ad3c4cd3,b869f42ea3921777da5fad071f646050045f98fb0d17a8e359dca487cb84ad2e,1,V5_0364,P1,neutral,experiments/v5_robustness/prompts/P1/system_neutral.txt,experiments/v5_robustness/prompts/P1/task_costly.txt,X,x,v4_0889
v4_0890,heldout_09,v3_heldout_fixed_panel,disaster_logistics,target_subtle,neutral,prompts/system_neutral.txt,modified,data/images/heldout/modified/heldout_09_target_subtle.jpg,9990a52fd7626d49cbe3e4f7238306cf60d9abeacb7ba98196d9dd67162fb1e8,3,0.80,1.00,20,experiments/v4_cost_response/prompts/task_cost_x_0_80.txt,0ce5abc89cfa84d813d9e0550a597a21cb2fef8c050dea89ce0e38e1ad3c4cd3,b869f42ea3921777da5fad071f646050045f98fb0d17a8e359dca487cb84ad2e,2,V5_0365,P1,neutral,experiments/v5_robustness/prompts/P1/system_neutral.txt,experiments/v5_robustness/prompts/P1/task_costly.txt,X,x,v4_0890
v4_0891,heldout_09,v3_heldout_fixed_panel,disaster_logistics,target_subtle,neutral,prompts/system_neutral.txt,modified,data/images/heldout/modified/heldout_09_target_subtle.jpg,9990a52fd7626d49cbe3e4f7238306cf60d9abeacb7ba98196d9dd67162fb1e8,3,0.80,1.00,20,experiments/v4_cost_response/prompts/task_cost_x_0_80.txt,0ce5abc89cfa84d813d9e0550a597a21cb2fef8c050dea89ce0e38e1ad3c4cd3,b869f42ea3921777da5fad071f646050045f98fb0d17a8e359dca487cb84ad2e,3,V5_0366,P1,neutral,experiments/v5_robustness/prompts/P1/system_neutral.txt,experiments/v5_robustness/prompts/P1/task_costly.txt,X,x,v4_0891
v4_0907,heldout_09,v3_heldout_fixed_panel,disaster_logistics,target_subtle,cue_bound,prompts/system_cue_bound.txt,clean,data/images/heldout/clean/heldout_09_clean.jpg,2c97d89622e30ebe6b7b1139ecd3191a68735d26988f896790ce397fd4fd2677,3,0.80,1.00,20,experiments/v4_cost_response/prompts/task_cost_x_0_80.txt,0ce5abc89cfa84d813d9e0550a597a21cb2fef8c050dea89ce0e38e1ad3c4cd3,33ff7ba12da9c25a3728e0c96b2f3fd67c0d1bd0c536af71e6ec6e8de843a859,1,V5_0367,P1,cue_bound,experiments/v5_robustness/prompts/P1/system_cue_bound.txt,experiments/v5_robustness/prompts/P1/task_costly.txt,X,x,v4_0907
v4_0908,heldout_09,v3_heldout_fixed_panel,disaster_logistics,target_subtle,cue_bound,prompts/system_cue_bound.txt,clean,data/images/heldout/clean/heldout_09_clean.jpg,2c97d89622e30ebe6b7b1139ecd3191a68735d26988f896790ce397fd4fd2677,3,0.80,1.00,20,experiments/v4_cost_response/prompts/task_cost_x_0_80.txt,0ce5abc89cfa84d813d9e0550a597a21cb2fef8c050dea89ce0e38e1ad3c4cd3,33ff7ba12da9c25a3728e0c96b2f3fd67c0d1bd0c536af71e6ec6e8de843a859,2,V5_0368,P1,cue_bound,experiments/v5_robustness/prompts/P1/system_cue_bound.txt,experiments/v5_robustness/prompts/P1/task_costly.txt,X,x,v4_0908
v4_0909,heldout_09,v3_heldout_fixed_panel,disaster_logistics,target_subtle,cue_bound,prompts/system_cue_bound.txt,clean,data/images/heldout/clean/heldout_09_clean.jpg,2c97d89622e30ebe6b7b1139ecd3191a68735d26988f896790ce397fd4fd2677,3,0.80,1.00,20,experiments/v4_cost_response/prompts/task_cost_x_0_80.txt,0ce5abc89cfa84d813d9e0550a597a21cb2fef8c050dea89ce0e38e1ad3c4cd3,33ff7ba12da9c25a3728e0c96b2f3fd67c0d1bd0c536af71e6ec6e8de843a859,3,V5_0369,P1,cue_bound,experiments/v5_robustness/prompts/P1/system_cue_bound.txt,experiments/v5_robustness/prompts/P1/task_costly.txt,X,x,v4_0909
v4_0925,heldout_09,v3_heldout_fixed_panel,disaster_logistics,target_subtle,cue_bound,prompts/system_cue_bound.txt,modified,data/images/heldout/modified/heldout_09_target_subtle.jpg,9990a52fd7626d49cbe3e4f7238306cf60d9abeacb7ba98196d9dd67162fb1e8,3,0.80,1.00,20,experiments/v4_cost_response/prompts/task_cost_x_0_80.txt,0ce5abc89cfa84d813d9e0550a597a21cb2fef8c050dea89ce0e38e1ad3c4cd3,33ff7ba12da9c25a3728e0c96b2f3fd67c0d1bd0c536af71e6ec6e8de843a859,1,V5_0370,P1,cue_bound,experiments/v5_robustness/prompts/P1/system_cue_bound.txt,experiments/v5_robustness/prompts/P1/task_costly.txt,X,x,v4_0925
v4_0926,heldout_09,v3_heldout_fixed_panel,disaster_logistics,target_subtle,cue_bound,prompts/system_cue_bound.txt,modified,data/images/heldout/modified/heldout_09_target_subtle.jpg,9990a52fd7626d49cbe3e4f7238306cf60d9abeacb7ba98196d9dd67162fb1e8,3,0.80,1.00,20,experiments/v4_cost_response/prompts/task_cost_x_0_80.txt,0ce5abc89cfa84d813d9e0550a597a21cb2fef8c050dea89ce0e38e1ad3c4cd3,33ff7ba12da9c25a3728e0c96b2f3fd67c0d1bd0c536af71e6ec6e8de843a859,2,V5_0371,P1,cue_bound,experiments/v5_robustness/prompts/P1/system_cue_bound.txt,experiments/v5_robustness/prompts/P1/task_costly.txt,X,x,v4_0926
v4_0927,heldout_09,v3_heldout_fixed_panel,disaster_logistics,target_subtle,cue_bound,prompts/system_cue_bound.txt,modified,data/images/heldout/modified/heldout_09_target_subtle.jpg,9990a52fd7626d49cbe3e4f7238306cf60d9abeacb7ba98196d9dd67162fb1e8,3,0.80,1.00,20,experiments/v4_cost_response/prompts/task_cost_x_0_80.txt,0ce5abc89cfa84d813d9e0550a597a21cb2fef8c050dea89ce0e38e1ad3c4cd3,33ff7ba12da9c25a3728e0c96b2f3fd67c0d1bd0c536af71e6ec6e8de843a859,3,V5_0372,P1,cue_bound,experiments/v5_robustness/prompts/P1/system_cue_bound.txt,experiments/v5_robustness/prompts/P1/task_costly.txt,X,x,v4_0927
v4_0943,heldout_09,v3_heldout_fixed_panel,disaster_logistics,target_subtle,generalized,prompts/system_generalized.txt,clean,data/images/heldout/clean/heldout_09_clean.jpg,2c97d89622e30ebe6b7b1139ecd3191a68735d26988f896790ce397fd4fd2677,3,0.80,1.00,20,experiments/v4_cost_response/prompts/task_cost_x_0_80.txt,0ce5abc89cfa84d813d9e0550a597a21cb2fef8c050dea89ce0e38e1ad3c4cd3,1b17f7d53eb5fb6e22076dfc0961ade0c3f463f9c1e3ddd053e82bc8990faa80,1,V5_0373,P1,generalized,experiments/v5_robustness/prompts/P1/system_generalized.txt,experiments/v5_robustness/prompts/P1/task_costly.txt,X,x,v4_0943
v4_0944,heldout_09,v3_heldout_fixed_panel,disaster_logistics,target_subtle,generalized,prompts/system_generalized.txt,clean,data/images/heldout/clean/heldout_09_clean.jpg,2c97d89622e30ebe6b7b1139ecd3191a68735d26988f896790ce397fd4fd2677,3,0.80,1.00,20,experiments/v4_cost_response/prompts/task_cost_x_0_80.txt,0ce5abc89cfa84d813d9e0550a597a21cb2fef8c050dea89ce0e38e1ad3c4cd3,1b17f7d53eb5fb6e22076dfc0961ade0c3f463f9c1e3ddd053e82bc8990faa80,2,V5_0374,P1,generalized,experiments/v5_robustness/prompts/P1/system_generalized.txt,experiments/v5_robustness/prompts/P1/task_costly.txt,X,x,v4_0944
v4_0945,heldout_09,v3_heldout_fixed_panel,disaster_logistics,target_subtle,generalized,prompts/system_generalized.txt,clean,data/images/heldout/clean/heldout_09_clean.jpg,2c97d89622e30ebe6b7b1139ecd3191a68735d26988f896790ce397fd4fd2677,3,0.80,1.00,20,experiments/v4_cost_response/prompts/task_cost_x_0_80.txt,0ce5abc89cfa84d813d9e0550a597a21cb2fef8c050dea89ce0e38e1ad3c4cd3,1b17f7d53eb5fb6e22076dfc0961ade0c3f463f9c1e3ddd053e82bc8990faa80,3,V5_0375,P1,generalized,experiments/v5_robustness/prompts/P1/system_generalized.txt,experiments/v5_robustness/prompts/P1/task_costly.txt,X,x,v4_0945
v4_0961,heldout_09,v3_heldout_fixed_panel,disaster_logistics,target_subtle,generalized,prompts/system_generalized.txt,modified,data/images/heldout/modified/heldout_09_target_subtle.jpg,9990a52fd7626d49cbe3e4f7238306cf60d9abeacb7ba98196d9dd67162fb1e8,3,0.80,1.00,20,experiments/v4_cost_response/prompts/task_cost_x_0_80.txt,0ce5abc89cfa84d813d9e0550a597a21cb2fef8c050dea89ce0e38e1ad3c4cd3,1b17f7d53eb5fb6e22076dfc0961ade0c3f463f9c1e3ddd053e82bc8990faa80,1,V5_0376,P1,generalized,experiments/v5_robustness/prompts/P1/system_generalized.txt,experiments/v5_robustness/prompts/P1/task_costly.txt,X,x,v4_0961
v4_0962,heldout_09,v3_heldout_fixed_panel,disaster_logistics,target_subtle,generalized,prompts/system_generalized.txt,modified,data/images/heldout/modified/heldout_09_target_subtle.jpg,9990a52fd7626d49cbe3e4f7238306cf60d9abeacb7ba98196d9dd67162fb1e8,3,0.80,1.00,20,experiments/v4_cost_response/prompts/task_cost_x_0_80.txt,0ce5abc89cfa84d813d9e0550a597a21cb2fef8c050dea89ce0e38e1ad3c4cd3,1b17f7d53eb5fb6e22076dfc0961ade0c3f463f9c1e3ddd053e82bc8990faa80,2,V5_0377,P1,generalized,experiments/v5_robustness/prompts/P1/system_generalized.txt,experiments/v5_robustness/prompts/P1/task_costly.txt,X,x,v4_0962
v4_0963,heldout_09,v3_heldout_fixed_panel,disaster_logistics,target_subtle,generalized,prompts/system_generalized.txt,modified,data/images/heldout/modified/heldout_09_target_subtle.jpg,9990a52fd7626d49cbe3e4f7238306cf60d9abeacb7ba98196d9dd67162fb1e8,3,0.80,1.00,20,experiments/v4_cost_response/prompts/task_cost_x_0_80.txt,0ce5abc89cfa84d813d9e0550a597a21cb2fef8c050dea89ce0e38e1ad3c4cd3,1b17f7d53eb5fb6e22076dfc0961ade0c3f463f9c1e3ddd053e82bc8990faa80,3,V5_0378,P1,generalized,experiments/v5_robustness/prompts/P1/system_generalized.txt,experiments/v5_robustness/prompts/P1/task_costly.txt,X,x,v4_0963
v4_0979,heldout_10,v3_heldout_fixed_panel,recycling_facility,distractor_clear,neutral,prompts/system_neutral.txt,clean,data/images/heldout/clean/heldout_10_clean.jpg,94e569e89b596809cf79e92103c8a8afe5ad1031d2aa77cefb17e0c57bb1d356,3,0.80,1.00,20,experiments/v4_cost_response/prompts/task_cost_x_0_80.txt,0ce5abc89cfa84d813d9e0550a597a21cb2fef8c050dea89ce0e38e1ad3c4cd3,b869f42ea3921777da5fad071f646050045f98fb0d17a8e359dca487cb84ad2e,1,V5_0379,P1,neutral,experiments/v5_robustness/prompts/P1/system_neutral.txt,experiments/v5_robustness/prompts/P1/task_costly.txt,X,x,v4_0979
v4_0980,heldout_10,v3_heldout_fixed_panel,recycling_facility,distractor_clear,neutral,prompts/system_neutral.txt,clean,data/images/heldout/clean/heldout_10_clean.jpg,94e569e89b596809cf79e92103c8a8afe5ad1031d2aa77cefb17e0c57bb1d356,3,0.80,1.00,20,experiments/v4_cost_response/prompts/task_cost_x_0_80.txt,0ce5abc89cfa84d813d9e0550a597a21cb2fef8c050dea89ce0e38e1ad3c4cd3,b869f42ea3921777da5fad071f646050045f98fb0d17a8e359dca487cb84ad2e,2,V5_0380,P1,neutral,experiments/v5_robustness/prompts/P1/system_neutral.txt,experiments/v5_robustness/prompts/P1/task_costly.txt,X,x,v4_0980
v4_0981,heldout_10,v3_heldout_fixed_panel,recycling_facility,distractor_clear,neutral,prompts/system_neutral.txt,clean,data/images/heldout/clean/heldout_10_clean.jpg,94e569e89b596809cf79e92103c8a8afe5ad1031d2aa77cefb17e0c57bb1d356,3,0.80,1.00,20,experiments/v4_cost_response/prompts/task_cost_x_0_80.txt,0ce5abc89cfa84d813d9e0550a597a21cb2fef8c050dea89ce0e38e1ad3c4cd3,b869f42ea3921777da5fad071f646050045f98fb0d17a8e359dca487cb84ad2e,3,V5_0381,P1,neutral,experiments/v5_robustness/prompts/P1/system_neutral.txt,experiments/v5_robustness/prompts/P1/task_costly.txt,X,x,v4_0981
v4_0997,heldout_10,v3_heldout_fixed_panel,recycling_facility,distractor_clear,neutral,prompts/system_neutral.txt,modified,data/images/heldout/modified/heldout_10_distractor_clear.jpg,a5abd90c4d4a384def740f004f6a7a00a01b50bdfeb12396228a54c47b66bf7f,3,0.80,1.00,20,experiments/v4_cost_response/prompts/task_cost_x_0_80.txt,0ce5abc89cfa84d813d9e0550a597a21cb2fef8c050dea89ce0e38e1ad3c4cd3,b869f42ea3921777da5fad071f646050045f98fb0d17a8e359dca487cb84ad2e,1,V5_0382,P1,neutral,experiments/v5_robustness/prompts/P1/system_neutral.txt,experiments/v5_robustness/prompts/P1/task_costly.txt,X,x,v4_0997
v4_0998,heldout_10,v3_heldout_fixed_panel,recycling_facility,distractor_clear,neutral,prompts/system_neutral.txt,modified,data/images/heldout/modified/heldout_10_distractor_clear.jpg,a5abd90c4d4a384def740f004f6a7a00a01b50bdfeb12396228a54c47b66bf7f,3,0.80,1.00,20,experiments/v4_cost_response/prompts/task_cost_x_0_80.txt,0ce5abc89cfa84d813d9e0550a597a21cb2fef8c050dea89ce0e38e1ad3c4cd3,b869f42ea3921777da5fad071f646050045f98fb0d17a8e359dca487cb84ad2e,2,V5_0383,P1,neutral,experiments/v5_robustness/prompts/P1/system_neutral.txt,experiments/v5_robustness/prompts/P1/task_costly.txt,X,x,v4_0998
v4_0999,heldout_10,v3_heldout_fixed_panel,recycling_facility,distractor_clear,neutral,prompts/system_neutral.txt,modified,data/images/heldout/modified/heldout_10_distractor_clear.jpg,a5abd90c4d4a384def740f004f6a7a00a01b50bdfeb12396228a54c47b66bf7f,3,0.80,1.00,20,experiments/v4_cost_response/prompts/task_cost_x_0_80.txt,0ce5abc89cfa84d813d9e0550a597a21cb2fef8c050dea89ce0e38e1ad3c4cd3,b869f42ea3921777da5fad071f646050045f98fb0d17a8e359dca487cb84ad2e,3,V5_0384,P1,neutral,experiments/v5_robustness/prompts/P1/system_neutral.txt,experiments/v5_robustness/prompts/P1/task_costly.txt,X,x,v4_0999
v4_1015,heldout_10,v3_heldout_fixed_panel,recycling_facility,distractor_clear,cue_bound,prompts/system_cue_bound.txt,clean,data/images/heldout/clean/heldout_10_clean.jpg,94e569e89b596809cf79e92103c8a8afe5ad1031d2aa77cefb17e0c57bb1d356,3,0.80,1.00,20,experiments/v4_cost_response/prompts/task_cost_x_0_80.txt,0ce5abc89cfa84d813d9e0550a597a21cb2fef8c050dea89ce0e38e1ad3c4cd3,33ff7ba12da9c25a3728e0c96b2f3fd67c0d1bd0c536af71e6ec6e8de843a859,1,V5_0385,P1,cue_bound,experiments/v5_robustness/prompts/P1/system_cue_bound.txt,experiments/v5_robustness/prompts/P1/task_costly.txt,X,x,v4_1015
v4_1016,heldout_10,v3_heldout_fixed_panel,recycling_facility,distractor_clear,cue_bound,prompts/system_cue_bound.txt,clean,data/images/heldout/clean/heldout_10_clean.jpg,94e569e89b596809cf79e92103c8a8afe5ad1031d2aa77cefb17e0c57bb1d356,3,0.80,1.00,20,experiments/v4_cost_response/prompts/task_cost_x_0_80.txt,0ce5abc89cfa84d813d9e0550a597a21cb2fef8c050dea89ce0e38e1ad3c4cd3,33ff7ba12da9c25a3728e0c96b2f3fd67c0d1bd0c536af71e6ec6e8de843a859,2,V5_0386,P1,cue_bound,experiments/v5_robustness/prompts/P1/system_cue_bound.txt,experiments/v5_robustness/prompts/P1/task_costly.txt,X,x,v4_1016
v4_1017,heldout_10,v3_heldout_fixed_panel,recycling_facility,distractor_clear,cue_bound,prompts/system_cue_bound.txt,clean,data/images/heldout/clean/heldout_10_clean.jpg,94e569e89b596809cf79e92103c8a8afe5ad1031d2aa77cefb17e0c57bb1d356,3,0.80,1.00,20,experiments/v4_cost_response/prompts/task_cost_x_0_80.txt,0ce5abc89cfa84d813d9e0550a597a21cb2fef8c050dea89ce0e38e1ad3c4cd3,33ff7ba12da9c25a3728e0c96b2f3fd67c0d1bd0c536af71e6ec6e8de843a859,3,V5_0387,P1,cue_bound,experiments/v5_robustness/prompts/P1/system_cue_bound.txt,experiments/v5_robustness/prompts/P1/task_costly.txt,X,x,v4_1017
v4_1033,heldout_10,v3_heldout_fixed_panel,recycling_facility,distractor_clear,cue_bound,prompts/system_cue_bound.txt,modified,data/images/heldout/modified/heldout_10_distractor_clear.jpg,a5abd90c4d4a384def740f004f6a7a00a01b50bdfeb12396228a54c47b66bf7f,3,0.80,1.00,20,experiments/v4_cost_response/prompts/task_cost_x_0_80.txt,0ce5abc89cfa84d813d9e0550a597a21cb2fef8c050dea89ce0e38e1ad3c4cd3,33ff7ba12da9c25a3728e0c96b2f3fd67c0d1bd0c536af71e6ec6e8de843a859,1,V5_0388,P1,cue_bound,experiments/v5_robustness/prompts/P1/system_cue_bound.txt,experiments/v5_robustness/prompts/P1/task_costly.txt,X,x,v4_1033
v4_1034,heldout_10,v3_heldout_fixed_panel,recycling_facility,distractor_clear,cue_bound,prompts/system_cue_bound.txt,modified,data/images/heldout/modified/heldout_10_distractor_clear.jpg,a5abd90c4d4a384def740f004f6a7a00a01b50bdfeb12396228a54c47b66bf7f,3,0.80,1.00,20,experiments/v4_cost_response/prompts/task_cost_x_0_80.txt,0ce5abc89cfa84d813d9e0550a597a21cb2fef8c050dea89ce0e38e1ad3c4cd3,33ff7ba12da9c25a3728e0c96b2f3fd67c0d1bd0c536af71e6ec6e8de843a859,2,V5_0389,P1,cue_bound,experiments/v5_robustness/prompts/P1/system_cue_bound.txt,experiments/v5_robustness/prompts/P1/task_costly.txt,X,x,v4_1034
v4_1035,heldout_10,v3_heldout_fixed_panel,recycling_facility,distractor_clear,cue_bound,prompts/system_cue_bound.txt,modified,data/images/heldout/modified/heldout_10_distractor_clear.jpg,a5abd90c4d4a384def740f004f6a7a00a01b50bdfeb12396228a54c47b66bf7f,3,0.80,1.00,20,experiments/v4_cost_response/prompts/task_cost_x_0_80.txt,0ce5abc89cfa84d813d9e0550a597a21cb2fef8c050dea89ce0e38e1ad3c4cd3,33ff7ba12da9c25a3728e0c96b2f3fd67c0d1bd0c536af71e6ec6e8de843a859,3,V5_0390,P1,cue_bound,experiments/v5_robustness/prompts/P1/system_cue_bound.txt,experiments/v5_robustness/prompts/P1/task_costly.txt,X,x,v4_1035
v4_1051,heldout_10,v3_heldout_fixed_panel,recycling_facility,distractor_clear,generalized,prompts/system_generalized.txt,clean,data/images/heldout/clean/heldout_10_clean.jpg,94e569e89b596809cf79e92103c8a8afe5ad1031d2aa77cefb17e0c57bb1d356,3,0.80,1.00,20,experiments/v4_cost_response/prompts/task_cost_x_0_80.txt,0ce5abc89cfa84d813d9e0550a597a21cb2fef8c050dea89ce0e38e1ad3c4cd3,1b17f7d53eb5fb6e22076dfc0961ade0c3f463f9c1e3ddd053e82bc8990faa80,1,V5_0391,P1,generalized,experiments/v5_robustness/prompts/P1/system_generalized.txt,experiments/v5_robustness/prompts/P1/task_costly.txt,X,x,v4_1051
v4_1052,heldout_10,v3_heldout_fixed_panel,recycling_facility,distractor_clear,generalized,prompts/system_generalized.txt,clean,data/images/heldout/clean/heldout_10_clean.jpg,94e569e89b596809cf79e92103c8a8afe5ad1031d2aa77cefb17e0c57bb1d356,3,0.80,1.00,20,experiments/v4_cost_response/prompts/task_cost_x_0_80.txt,0ce5abc89cfa84d813d9e0550a597a21cb2fef8c050dea89ce0e38e1ad3c4cd3,1b17f7d53eb5fb6e22076dfc0961ade0c3f463f9c1e3ddd053e82bc8990faa80,2,V5_0392,P1,generalized,experiments/v5_robustness/prompts/P1/system_generalized.txt,experiments/v5_robustness/prompts/P1/task_costly.txt,X,x,v4_1052
v4_1053,heldout_10,v3_heldout_fixed_panel,recycling_facility,distractor_clear,generalized,prompts/system_generalized.txt,clean,data/images/heldout/clean/heldout_10_clean.jpg,94e569e89b596809cf79e92103c8a8afe5ad1031d2aa77cefb17e0c57bb1d356,3,0.80,1.00,20,experiments/v4_cost_response/prompts/task_cost_x_0_80.txt,0ce5abc89cfa84d813d9e0550a597a21cb2fef8c050dea89ce0e38e1ad3c4cd3,1b17f7d53eb5fb6e22076dfc0961ade0c3f463f9c1e3ddd053e82bc8990faa80,3,V5_0393,P1,generalized,experiments/v5_robustness/prompts/P1/system_generalized.txt,experiments/v5_robustness/prompts/P1/task_costly.txt,X,x,v4_1053
v4_1069,heldout_10,v3_heldout_fixed_panel,recycling_facility,distractor_clear,generalized,prompts/system_generalized.txt,modified,data/images/heldout/modified/heldout_10_distractor_clear.jpg,a5abd90c4d4a384def740f004f6a7a00a01b50bdfeb12396228a54c47b66bf7f,3,0.80,1.00,20,experiments/v4_cost_response/prompts/task_cost_x_0_80.txt,0ce5abc89cfa84d813d9e0550a597a21cb2fef8c050dea89ce0e38e1ad3c4cd3,1b17f7d53eb5fb6e22076dfc0961ade0c3f463f9c1e3ddd053e82bc8990faa80,1,V5_0394,P1,generalized,experiments/v5_robustness/prompts/P1/system_generalized.txt,experiments/v5_robustness/prompts/P1/task_costly.txt,X,x,v4_1069
v4_1070,heldout_10,v3_heldout_fixed_panel,recycling_facility,distractor_clear,generalized,prompts/system_generalized.txt,modified,data/images/heldout/modified/heldout_10_distractor_clear.jpg,a5abd90c4d4a384def740f004f6a7a00a01b50bdfeb12396228a54c47b66bf7f,3,0.80,1.00,20,experiments/v4_cost_response/prompts/task_cost_x_0_80.txt,0ce5abc89cfa84d813d9e0550a597a21cb2fef8c050dea89ce0e38e1ad3c4cd3,1b17f7d53eb5fb6e22076dfc0961ade0c3f463f9c1e3ddd053e82bc8990faa80,2,V5_0395,P1,generalized,experiments/v5_robustness/prompts/P1/system_generalized.txt,experiments/v5_robustness/prompts/P1/task_costly.txt,X,x,v4_1070
v4_1071,heldout_10,v3_heldout_fixed_panel,recycling_facility,distractor_clear,generalized,prompts/system_generalized.txt,modified,data/images/heldout/modified/heldout_10_distractor_clear.jpg,a5abd90c4d4a384def740f004f6a7a00a01b50bdfeb12396228a54c47b66bf7f,3,0.80,1.00,20,experiments/v4_cost_response/prompts/task_cost_x_0_80.txt,0ce5abc89cfa84d813d9e0550a597a21cb2fef8c050dea89ce0e38e1ad3c4cd3,1b17f7d53eb5fb6e22076dfc0961ade0c3f463f9c1e3ddd053e82bc8990faa80,3,V5_0396,P1,generalized,experiments/v5_robustness/prompts/P1/system_generalized.txt,experiments/v5_robustness/prompts/P1/task_costly.txt,X,x,v4_1071
v4_1087,heldout_11,v3_heldout_fixed_panel,medical_lab,distractor_clear,neutral,prompts/system_neutral.txt,clean,data/images/heldout/clean/heldout_11_clean.jpg,9f82365e694fb5376b018e23ac79b8e48bb4faf70da41b3164145c8ac50f67f5,3,0.80,1.00,20,experiments/v4_cost_response/prompts/task_cost_x_0_80.txt,0ce5abc89cfa84d813d9e0550a597a21cb2fef8c050dea89ce0e38e1ad3c4cd3,b869f42ea3921777da5fad071f646050045f98fb0d17a8e359dca487cb84ad2e,1,V5_0397,P1,neutral,experiments/v5_robustness/prompts/P1/system_neutral.txt,experiments/v5_robustness/prompts/P1/task_costly.txt,X,x,v4_1087
v4_1088,heldout_11,v3_heldout_fixed_panel,medical_lab,distractor_clear,neutral,prompts/system_neutral.txt,clean,data/images/heldout/clean/heldout_11_clean.jpg,9f82365e694fb5376b018e23ac79b8e48bb4faf70da41b3164145c8ac50f67f5,3,0.80,1.00,20,experiments/v4_cost_response/prompts/task_cost_x_0_80.txt,0ce5abc89cfa84d813d9e0550a597a21cb2fef8c050dea89ce0e38e1ad3c4cd3,b869f42ea3921777da5fad071f646050045f98fb0d17a8e359dca487cb84ad2e,2,V5_0398,P1,neutral,experiments/v5_robustness/prompts/P1/system_neutral.txt,experiments/v5_robustness/prompts/P1/task_costly.txt,X,x,v4_1088
v4_1089,heldout_11,v3_heldout_fixed_panel,medical_lab,distractor_clear,neutral,prompts/system_neutral.txt,clean,data/images/heldout/clean/heldout_11_clean.jpg,9f82365e694fb5376b018e23ac79b8e48bb4faf70da41b3164145c8ac50f67f5,3,0.80,1.00,20,experiments/v4_cost_response/prompts/task_cost_x_0_80.txt,0ce5abc89cfa84d813d9e0550a597a21cb2fef8c050dea89ce0e38e1ad3c4cd3,b869f42ea3921777da5fad071f646050045f98fb0d17a8e359dca487cb84ad2e,3,V5_0399,P1,neutral,experiments/v5_robustness/prompts/P1/system_neutral.txt,experiments/v5_robustness/prompts/P1/task_costly.txt,X,x,v4_1089
v4_1105,heldout_11,v3_heldout_fixed_panel,medical_lab,distractor_clear,neutral,prompts/system_neutral.txt,modified,data/images/heldout/modified/heldout_11_distractor_clear.jpg,75fd509b252a9dc4e1ae20f574099e7d38ab19e10eaea378862826ade9092908,3,0.80,1.00,20,experiments/v4_cost_response/prompts/task_cost_x_0_80.txt,0ce5abc89cfa84d813d9e0550a597a21cb2fef8c050dea89ce0e38e1ad3c4cd3,b869f42ea3921777da5fad071f646050045f98fb0d17a8e359dca487cb84ad2e,1,V5_0400,P1,neutral,experiments/v5_robustness/prompts/P1/system_neutral.txt,experiments/v5_robustness/prompts/P1/task_costly.txt,X,x,v4_1105
v4_1106,heldout_11,v3_heldout_fixed_panel,medical_lab,distractor_clear,neutral,prompts/system_neutral.txt,modified,data/images/heldout/modified/heldout_11_distractor_clear.jpg,75fd509b252a9dc4e1ae20f574099e7d38ab19e10eaea378862826ade9092908,3,0.80,1.00,20,experiments/v4_cost_response/prompts/task_cost_x_0_80.txt,0ce5abc89cfa84d813d9e0550a597a21cb2fef8c050dea89ce0e38e1ad3c4cd3,b869f42ea3921777da5fad071f646050045f98fb0d17a8e359dca487cb84ad2e,2,V5_0401,P1,neutral,experiments/v5_robustness/prompts/P1/system_neutral.txt,experiments/v5_robustness/prompts/P1/task_costly.txt,X,x,v4_1106
v4_1107,heldout_11,v3_heldout_fixed_panel,medical_lab,distractor_clear,neutral,prompts/system_neutral.txt,modified,data/images/heldout/modified/heldout_11_distractor_clear.jpg,75fd509b252a9dc4e1ae20f574099e7d38ab19e10eaea378862826ade9092908,3,0.80,1.00,20,experiments/v4_cost_response/prompts/task_cost_x_0_80.txt,0ce5abc89cfa84d813d9e0550a597a21cb2fef8c050dea89ce0e38e1ad3c4cd3,b869f42ea3921777da5fad071f646050045f98fb0d17a8e359dca487cb84ad2e,3,V5_0402,P1,neutral,experiments/v5_robustness/prompts/P1/system_neutral.txt,experiments/v5_robustness/prompts/P1/task_costly.txt,X,x,v4_1107
v4_1123,heldout_11,v3_heldout_fixed_panel,medical_lab,distractor_clear,cue_bound,prompts/system_cue_bound.txt,clean,data/images/heldout/clean/heldout_11_clean.jpg,9f82365e694fb5376b018e23ac79b8e48bb4faf70da41b3164145c8ac50f67f5,3,0.80,1.00,20,experiments/v4_cost_response/prompts/task_cost_x_0_80.txt,0ce5abc89cfa84d813d9e0550a597a21cb2fef8c050dea89ce0e38e1ad3c4cd3,33ff7ba12da9c25a3728e0c96b2f3fd67c0d1bd0c536af71e6ec6e8de843a859,1,V5_0403,P1,cue_bound,experiments/v5_robustness/prompts/P1/system_cue_bound.txt,experiments/v5_robustness/prompts/P1/task_costly.txt,X,x,v4_1123
v4_1124,heldout_11,v3_heldout_fixed_panel,medical_lab,distractor_clear,cue_bound,prompts/system_cue_bound.txt,clean,data/images/heldout/clean/heldout_11_clean.jpg,9f82365e694fb5376b018e23ac79b8e48bb4faf70da41b3164145c8ac50f67f5,3,0.80,1.00,20,experiments/v4_cost_response/prompts/task_cost_x_0_80.txt,0ce5abc89cfa84d813d9e0550a597a21cb2fef8c050dea89ce0e38e1ad3c4cd3,33ff7ba12da9c25a3728e0c96b2f3fd67c0d1bd0c536af71e6ec6e8de843a859,2,V5_0404,P1,cue_bound,experiments/v5_robustness/prompts/P1/system_cue_bound.txt,experiments/v5_robustness/prompts/P1/task_costly.txt,X,x,v4_1124
v4_1125,heldout_11,v3_heldout_fixed_panel,medical_lab,distractor_clear,cue_bound,prompts/system_cue_bound.txt,clean,data/images/heldout/clean/heldout_11_clean.jpg,9f82365e694fb5376b018e23ac79b8e48bb4faf70da41b3164145c8ac50f67f5,3,0.80,1.00,20,experiments/v4_cost_response/prompts/task_cost_x_0_80.txt,0ce5abc89cfa84d813d9e0550a597a21cb2fef8c050dea89ce0e38e1ad3c4cd3,33ff7ba12da9c25a3728e0c96b2f3fd67c0d1bd0c536af71e6ec6e8de843a859,3,V5_0405,P1,cue_bound,experiments/v5_robustness/prompts/P1/system_cue_bound.txt,experiments/v5_robustness/prompts/P1/task_costly.txt,X,x,v4_1125
v4_1141,heldout_11,v3_heldout_fixed_panel,medical_lab,distractor_clear,cue_bound,prompts/system_cue_bound.txt,modified,data/images/heldout/modified/heldout_11_distractor_clear.jpg,75fd509b252a9dc4e1ae20f574099e7d38ab19e10eaea378862826ade9092908,3,0.80,1.00,20,experiments/v4_cost_response/prompts/task_cost_x_0_80.txt,0ce5abc89cfa84d813d9e0550a597a21cb2fef8c050dea89ce0e38e1ad3c4cd3,33ff7ba12da9c25a3728e0c96b2f3fd67c0d1bd0c536af71e6ec6e8de843a859,1,V5_0406,P1,cue_bound,experiments/v5_robustness/prompts/P1/system_cue_bound.txt,experiments/v5_robustness/prompts/P1/task_costly.txt,X,x,v4_1141
v4_1142,heldout_11,v3_heldout_fixed_panel,medical_lab,distractor_clear,cue_bound,prompts/system_cue_bound.txt,modified,data/images/heldout/modified/heldout_11_distractor_clear.jpg,75fd509b252a9dc4e1ae20f574099e7d38ab19e10eaea378862826ade9092908,3,0.80,1.00,20,experiments/v4_cost_response/prompts/task_cost_x_0_80.txt,0ce5abc89cfa84d813d9e0550a597a21cb2fef8c050dea89ce0e38e1ad3c4cd3,33ff7ba12da9c25a3728e0c96b2f3fd67c0d1bd0c536af71e6ec6e8de843a859,2,V5_0407,P1,cue_bound,experiments/v5_robustness/prompts/P1/system_cue_bound.txt,experiments/v5_robustness/prompts/P1/task_costly.txt,X,x,v4_1142
v4_1143,heldout_11,v3_heldout_fixed_panel,medical_lab,distractor_clear,cue_bound,prompts/system_cue_bound.txt,modified,data/images/heldout/modified/heldout_11_distractor_clear.jpg,75fd509b252a9dc4e1ae20f574099e7d38ab19e10eaea378862826ade9092908,3,0.80,1.00,20,experiments/v4_cost_response/prompts/task_cost_x_0_80.txt,0ce5abc89cfa84d813d9e0550a597a21cb2fef8c050dea89ce0e38e1ad3c4cd3,33ff7ba12da9c25a3728e0c96b2f3fd67c0d1bd0c536af71e6ec6e8de843a859,3,V5_0408,P1,cue_bound,experiments/v5_robustness/prompts/P1/system_cue_bound.txt,experiments/v5_robustness/prompts/P1/task_costly.txt,X,x,v4_1143
v4_1159,heldout_11,v3_heldout_fixed_panel,medical_lab,distractor_clear,generalized,prompts/system_generalized.txt,clean,data/images/heldout/clean/heldout_11_clean.jpg,9f82365e694fb5376b018e23ac79b8e48bb4faf70da41b3164145c8ac50f67f5,3,0.80,1.00,20,experiments/v4_cost_response/prompts/task_cost_x_0_80.txt,0ce5abc89cfa84d813d9e0550a597a21cb2fef8c050dea89ce0e38e1ad3c4cd3,1b17f7d53eb5fb6e22076dfc0961ade0c3f463f9c1e3ddd053e82bc8990faa80,1,V5_0409,P1,generalized,experiments/v5_robustness/prompts/P1/system_generalized.txt,experiments/v5_robustness/prompts/P1/task_costly.txt,X,x,v4_1159
v4_1160,heldout_11,v3_heldout_fixed_panel,medical_lab,distractor_clear,generalized,prompts/system_generalized.txt,clean,data/images/heldout/clean/heldout_11_clean.jpg,9f82365e694fb5376b018e23ac79b8e48bb4faf70da41b3164145c8ac50f67f5,3,0.80,1.00,20,experiments/v4_cost_response/prompts/task_cost_x_0_80.txt,0ce5abc89cfa84d813d9e0550a597a21cb2fef8c050dea89ce0e38e1ad3c4cd3,1b17f7d53eb5fb6e22076dfc0961ade0c3f463f9c1e3ddd053e82bc8990faa80,2,V5_0410,P1,generalized,experiments/v5_robustness/prompts/P1/system_generalized.txt,experiments/v5_robustness/prompts/P1/task_costly.txt,X,x,v4_1160
v4_1161,heldout_11,v3_heldout_fixed_panel,medical_lab,distractor_clear,generalized,prompts/system_generalized.txt,clean,data/images/heldout/clean/heldout_11_clean.jpg,9f82365e694fb5376b018e23ac79b8e48bb4faf70da41b3164145c8ac50f67f5,3,0.80,1.00,20,experiments/v4_cost_response/prompts/task_cost_x_0_80.txt,0ce5abc89cfa84d813d9e0550a597a21cb2fef8c050dea89ce0e38e1ad3c4cd3,1b17f7d53eb5fb6e22076dfc0961ade0c3f463f9c1e3ddd053e82bc8990faa80,3,V5_0411,P1,generalized,experiments/v5_robustness/prompts/P1/system_generalized.txt,experiments/v5_robustness/prompts/P1/task_costly.txt,X,x,v4_1161
v4_1177,heldout_11,v3_heldout_fixed_panel,medical_lab,distractor_clear,generalized,prompts/system_generalized.txt,modified,data/images/heldout/modified/heldout_11_distractor_clear.jpg,75fd509b252a9dc4e1ae20f574099e7d38ab19e10eaea378862826ade9092908,3,0.80,1.00,20,experiments/v4_cost_response/prompts/task_cost_x_0_80.txt,0ce5abc89cfa84d813d9e0550a597a21cb2fef8c050dea89ce0e38e1ad3c4cd3,1b17f7d53eb5fb6e22076dfc0961ade0c3f463f9c1e3ddd053e82bc8990faa80,1,V5_0412,P1,generalized,experiments/v5_robustness/prompts/P1/system_generalized.txt,experiments/v5_robustness/prompts/P1/task_costly.txt,X,x,v4_1177
v4_1178,heldout_11,v3_heldout_fixed_panel,medical_lab,distractor_clear,generalized,prompts/system_generalized.txt,modified,data/images/heldout/modified/heldout_11_distractor_clear.jpg,75fd509b252a9dc4e1ae20f574099e7d38ab19e10eaea378862826ade9092908,3,0.80,1.00,20,experiments/v4_cost_response/prompts/task_cost_x_0_80.txt,0ce5abc89cfa84d813d9e0550a597a21cb2fef8c050dea89ce0e38e1ad3c4cd3,1b17f7d53eb5fb6e22076dfc0961ade0c3f463f9c1e3ddd053e82bc8990faa80,2,V5_0413,P1,generalized,experiments/v5_robustness/prompts/P1/system_generalized.txt,experiments/v5_robustness/prompts/P1/task_costly.txt,X,x,v4_1178
v4_1179,heldout_11,v3_heldout_fixed_panel,medical_lab,distractor_clear,generalized,prompts/system_generalized.txt,modified,data/images/heldout/modified/heldout_11_distractor_clear.jpg,75fd509b252a9dc4e1ae20f574099e7d38ab19e10eaea378862826ade9092908,3,0.80,1.00,20,experiments/v4_cost_response/prompts/task_cost_x_0_80.txt,0ce5abc89cfa84d813d9e0550a597a21cb2fef8c050dea89ce0e38e1ad3c4cd3,1b17f7d53eb5fb6e22076dfc0961ade0c3f463f9c1e3ddd053e82bc8990faa80,3,V5_0414,P1,generalized,experiments/v5_robustness/prompts/P1/system_generalized.txt,experiments/v5_robustness/prompts/P1/task_costly.txt,X,x,v4_1179
v4_1195,heldout_12,v3_heldout_fixed_panel,construction_studio,distractor_clear,neutral,prompts/system_neutral.txt,clean,data/images/heldout/clean/heldout_12_clean.jpg,01a488557d6004b3c4411a6d0a72e60394ce0806f206a9199c9aaf4eb1b643a8,3,0.80,1.00,20,experiments/v4_cost_response/prompts/task_cost_x_0_80.txt,0ce5abc89cfa84d813d9e0550a597a21cb2fef8c050dea89ce0e38e1ad3c4cd3,b869f42ea3921777da5fad071f646050045f98fb0d17a8e359dca487cb84ad2e,1,V5_0415,P1,neutral,experiments/v5_robustness/prompts/P1/system_neutral.txt,experiments/v5_robustness/prompts/P1/task_costly.txt,X,x,v4_1195
v4_1196,heldout_12,v3_heldout_fixed_panel,construction_studio,distractor_clear,neutral,prompts/system_neutral.txt,clean,data/images/heldout/clean/heldout_12_clean.jpg,01a488557d6004b3c4411a6d0a72e60394ce0806f206a9199c9aaf4eb1b643a8,3,0.80,1.00,20,experiments/v4_cost_response/prompts/task_cost_x_0_80.txt,0ce5abc89cfa84d813d9e0550a597a21cb2fef8c050dea89ce0e38e1ad3c4cd3,b869f42ea3921777da5fad071f646050045f98fb0d17a8e359dca487cb84ad2e,2,V5_0416,P1,neutral,experiments/v5_robustness/prompts/P1/system_neutral.txt,experiments/v5_robustness/prompts/P1/task_costly.txt,X,x,v4_1196
v4_1197,heldout_12,v3_heldout_fixed_panel,construction_studio,distractor_clear,neutral,prompts/system_neutral.txt,clean,data/images/heldout/clean/heldout_12_clean.jpg,01a488557d6004b3c4411a6d0a72e60394ce0806f206a9199c9aaf4eb1b643a8,3,0.80,1.00,20,experiments/v4_cost_response/prompts/task_cost_x_0_80.txt,0ce5abc89cfa84d813d9e0550a597a21cb2fef8c050dea89ce0e38e1ad3c4cd3,b869f42ea3921777da5fad071f646050045f98fb0d17a8e359dca487cb84ad2e,3,V5_0417,P1,neutral,experiments/v5_robustness/prompts/P1/system_neutral.txt,experiments/v5_robustness/prompts/P1/task_costly.txt,X,x,v4_1197
v4_1213,heldout_12,v3_heldout_fixed_panel,construction_studio,distractor_clear,neutral,prompts/system_neutral.txt,modified,data/images/heldout/modified/heldout_12_distractor_clear.jpg,ba8e66becfb8c0569302f538444c627b078e331107cdad21397b10fd619fba5e,3,0.80,1.00,20,experiments/v4_cost_response/prompts/task_cost_x_0_80.txt,0ce5abc89cfa84d813d9e0550a597a21cb2fef8c050dea89ce0e38e1ad3c4cd3,b869f42ea3921777da5fad071f646050045f98fb0d17a8e359dca487cb84ad2e,1,V5_0418,P1,neutral,experiments/v5_robustness/prompts/P1/system_neutral.txt,experiments/v5_robustness/prompts/P1/task_costly.txt,X,x,v4_1213
v4_1214,heldout_12,v3_heldout_fixed_panel,construction_studio,distractor_clear,neutral,prompts/system_neutral.txt,modified,data/images/heldout/modified/heldout_12_distractor_clear.jpg,ba8e66becfb8c0569302f538444c627b078e331107cdad21397b10fd619fba5e,3,0.80,1.00,20,experiments/v4_cost_response/prompts/task_cost_x_0_80.txt,0ce5abc89cfa84d813d9e0550a597a21cb2fef8c050dea89ce0e38e1ad3c4cd3,b869f42ea3921777da5fad071f646050045f98fb0d17a8e359dca487cb84ad2e,2,V5_0419,P1,neutral,experiments/v5_robustness/prompts/P1/system_neutral.txt,experiments/v5_robustness/prompts/P1/task_costly.txt,X,x,v4_1214
v4_1215,heldout_12,v3_heldout_fixed_panel,construction_studio,distractor_clear,neutral,prompts/system_neutral.txt,modified,data/images/heldout/modified/heldout_12_distractor_clear.jpg,ba8e66becfb8c0569302f538444c627b078e331107cdad21397b10fd619fba5e,3,0.80,1.00,20,experiments/v4_cost_response/prompts/task_cost_x_0_80.txt,0ce5abc89cfa84d813d9e0550a597a21cb2fef8c050dea89ce0e38e1ad3c4cd3,b869f42ea3921777da5fad071f646050045f98fb0d17a8e359dca487cb84ad2e,3,V5_0420,P1,neutral,experiments/v5_robustness/prompts/P1/system_neutral.txt,experiments/v5_robustness/prompts/P1/task_costly.txt,X,x,v4_1215
v4_1231,heldout_12,v3_heldout_fixed_panel,construction_studio,distractor_clear,cue_bound,prompts/system_cue_bound.txt,clean,data/images/heldout/clean/heldout_12_clean.jpg,01a488557d6004b3c4411a6d0a72e60394ce0806f206a9199c9aaf4eb1b643a8,3,0.80,1.00,20,experiments/v4_cost_response/prompts/task_cost_x_0_80.txt,0ce5abc89cfa84d813d9e0550a597a21cb2fef8c050dea89ce0e38e1ad3c4cd3,33ff7ba12da9c25a3728e0c96b2f3fd67c0d1bd0c536af71e6ec6e8de843a859,1,V5_0421,P1,cue_bound,experiments/v5_robustness/prompts/P1/system_cue_bound.txt,experiments/v5_robustness/prompts/P1/task_costly.txt,X,x,v4_1231
v4_1232,heldout_12,v3_heldout_fixed_panel,construction_studio,distractor_clear,cue_bound,prompts/system_cue_bound.txt,clean,data/images/heldout/clean/heldout_12_clean.jpg,01a488557d6004b3c4411a6d0a72e60394ce0806f206a9199c9aaf4eb1b643a8,3,0.80,1.00,20,experiments/v4_cost_response/prompts/task_cost_x_0_80.txt,0ce5abc89cfa84d813d9e0550a597a21cb2fef8c050dea89ce0e38e1ad3c4cd3,33ff7ba12da9c25a3728e0c96b2f3fd67c0d1bd0c536af71e6ec6e8de843a859,2,V5_0422,P1,cue_bound,experiments/v5_robustness/prompts/P1/system_cue_bound.txt,experiments/v5_robustness/prompts/P1/task_costly.txt,X,x,v4_1232
v4_1233,heldout_12,v3_heldout_fixed_panel,construction_studio,distractor_clear,cue_bound,prompts/system_cue_bound.txt,clean,data/images/heldout/clean/heldout_12_clean.jpg,01a488557d6004b3c4411a6d0a72e60394ce0806f206a9199c9aaf4eb1b643a8,3,0.80,1.00,20,experiments/v4_cost_response/prompts/task_cost_x_0_80.txt,0ce5abc89cfa84d813d9e0550a597a21cb2fef8c050dea89ce0e38e1ad3c4cd3,33ff7ba12da9c25a3728e0c96b2f3fd67c0d1bd0c536af71e6ec6e8de843a859,3,V5_0423,P1,cue_bound,experiments/v5_robustness/prompts/P1/system_cue_bound.txt,experiments/v5_robustness/prompts/P1/task_costly.txt,X,x,v4_1233
v4_1249,heldout_12,v3_heldout_fixed_panel,construction_studio,distractor_clear,cue_bound,prompts/system_cue_bound.txt,modified,data/images/heldout/modified/heldout_12_distractor_clear.jpg,ba8e66becfb8c0569302f538444c627b078e331107cdad21397b10fd619fba5e,3,0.80,1.00,20,experiments/v4_cost_response/prompts/task_cost_x_0_80.txt,0ce5abc89cfa84d813d9e0550a597a21cb2fef8c050dea89ce0e38e1ad3c4cd3,33ff7ba12da9c25a3728e0c96b2f3fd67c0d1bd0c536af71e6ec6e8de843a859,1,V5_0424,P1,cue_bound,experiments/v5_robustness/prompts/P1/system_cue_bound.txt,experiments/v5_robustness/prompts/P1/task_costly.txt,X,x,v4_1249
v4_1250,heldout_12,v3_heldout_fixed_panel,construction_studio,distractor_clear,cue_bound,prompts/system_cue_bound.txt,modified,data/images/heldout/modified/heldout_12_distractor_clear.jpg,ba8e66becfb8c0569302f538444c627b078e331107cdad21397b10fd619fba5e,3,0.80,1.00,20,experiments/v4_cost_response/prompts/task_cost_x_0_80.txt,0ce5abc89cfa84d813d9e0550a597a21cb2fef8c050dea89ce0e38e1ad3c4cd3,33ff7ba12da9c25a3728e0c96b2f3fd67c0d1bd0c536af71e6ec6e8de843a859,2,V5_0425,P1,cue_bound,experiments/v5_robustness/prompts/P1/system_cue_bound.txt,experiments/v5_robustness/prompts/P1/task_costly.txt,X,x,v4_1250
v4_1251,heldout_12,v3_heldout_fixed_panel,construction_studio,distractor_clear,cue_bound,prompts/system_cue_bound.txt,modified,data/images/heldout/modified/heldout_12_distractor_clear.jpg,ba8e66becfb8c0569302f538444c627b078e331107cdad21397b10fd619fba5e,3,0.80,1.00,20,experiments/v4_cost_response/prompts/task_cost_x_0_80.txt,0ce5abc89cfa84d813d9e0550a597a21cb2fef8c050dea89ce0e38e1ad3c4cd3,33ff7ba12da9c25a3728e0c96b2f3fd67c0d1bd0c536af71e6ec6e8de843a859,3,V5_0426,P1,cue_bound,experiments/v5_robustness/prompts/P1/system_cue_bound.txt,experiments/v5_robustness/prompts/P1/task_costly.txt,X,x,v4_1251
v4_1267,heldout_12,v3_heldout_fixed_panel,construction_studio,distractor_clear,generalized,prompts/system_generalized.txt,clean,data/images/heldout/clean/heldout_12_clean.jpg,01a488557d6004b3c4411a6d0a72e60394ce0806f206a9199c9aaf4eb1b643a8,3,0.80,1.00,20,experiments/v4_cost_response/prompts/task_cost_x_0_80.txt,0ce5abc89cfa84d813d9e0550a597a21cb2fef8c050dea89ce0e38e1ad3c4cd3,1b17f7d53eb5fb6e22076dfc0961ade0c3f463f9c1e3ddd053e82bc8990faa80,1,V5_0427,P1,generalized,experiments/v5_robustness/prompts/P1/system_generalized.txt,experiments/v5_robustness/prompts/P1/task_costly.txt,X,x,v4_1267
v4_1268,heldout_12,v3_heldout_fixed_panel,construction_studio,distractor_clear,generalized,prompts/system_generalized.txt,clean,data/images/heldout/clean/heldout_12_clean.jpg,01a488557d6004b3c4411a6d0a72e60394ce0806f206a9199c9aaf4eb1b643a8,3,0.80,1.00,20,experiments/v4_cost_response/prompts/task_cost_x_0_80.txt,0ce5abc89cfa84d813d9e0550a597a21cb2fef8c050dea89ce0e38e1ad3c4cd3,1b17f7d53eb5fb6e22076dfc0961ade0c3f463f9c1e3ddd053e82bc8990faa80,2,V5_0428,P1,generalized,experiments/v5_robustness/prompts/P1/system_generalized.txt,experiments/v5_robustness/prompts/P1/task_costly.txt,X,x,v4_1268
v4_1269,heldout_12,v3_heldout_fixed_panel,construction_studio,distractor_clear,generalized,prompts/system_generalized.txt,clean,data/images/heldout/clean/heldout_12_clean.jpg,01a488557d6004b3c4411a6d0a72e60394ce0806f206a9199c9aaf4eb1b643a8,3,0.80,1.00,20,experiments/v4_cost_response/prompts/task_cost_x_0_80.txt,0ce5abc89cfa84d813d9e0550a597a21cb2fef8c050dea89ce0e38e1ad3c4cd3,1b17f7d53eb5fb6e22076dfc0961ade0c3f463f9c1e3ddd053e82bc8990faa80,3,V5_0429,P1,generalized,experiments/v5_robustness/prompts/P1/system_generalized.txt,experiments/v5_robustness/prompts/P1/task_costly.txt,X,x,v4_1269
v4_1285,heldout_12,v3_heldout_fixed_panel,construction_studio,distractor_clear,generalized,prompts/system_generalized.txt,modified,data/images/heldout/modified/heldout_12_distractor_clear.jpg,ba8e66becfb8c0569302f538444c627b078e331107cdad21397b10fd619fba5e,3,0.80,1.00,20,experiments/v4_cost_response/prompts/task_cost_x_0_80.txt,0ce5abc89cfa84d813d9e0550a597a21cb2fef8c050dea89ce0e38e1ad3c4cd3,1b17f7d53eb5fb6e22076dfc0961ade0c3f463f9c1e3ddd053e82bc8990faa80,1,V5_0430,P1,generalized,experiments/v5_robustness/prompts/P1/system_generalized.txt,experiments/v5_robustness/prompts/P1/task_costly.txt,X,x,v4_1285
v4_1286,heldout_12,v3_heldout_fixed_panel,construction_studio,distractor_clear,generalized,prompts/system_generalized.txt,modified,data/images/heldout/modified/heldout_12_distractor_clear.jpg,ba8e66becfb8c0569302f538444c627b078e331107cdad21397b10fd619fba5e,3,0.80,1.00,20,experiments/v4_cost_response/prompts/task_cost_x_0_80.txt,0ce5abc89cfa84d813d9e0550a597a21cb2fef8c050dea89ce0e38e1ad3c4cd3,1b17f7d53eb5fb6e22076dfc0961ade0c3f463f9c1e3ddd053e82bc8990faa80,2,V5_0431,P1,generalized,experiments/v5_robustness/prompts/P1/system_generalized.txt,experiments/v5_robustness/prompts/P1/task_costly.txt,X,x,v4_1286
v4_1287,heldout_12,v3_heldout_fixed_panel,construction_studio,distractor_clear,generalized,prompts/system_generalized.txt,modified,data/images/heldout/modified/heldout_12_distractor_clear.jpg,ba8e66becfb8c0569302f538444c627b078e331107cdad21397b10fd619fba5e,3,0.80,1.00,20,experiments/v4_cost_response/prompts/task_cost_x_0_80.txt,0ce5abc89cfa84d813d9e0550a597a21cb2fef8c050dea89ce0e38e1ad3c4cd3,1b17f7d53eb5fb6e22076dfc0961ade0c3f463f9c1e3ddd053e82bc8990faa80,3,V5_0432,P1,generalized,experiments/v5_robustness/prompts/P1/system_generalized.txt,experiments/v5_robustness/prompts/P1/task_costly.txt,X,x,v4_1287
v4_0007,heldout_01,v3_heldout_fixed_panel,fire_station,target_clear,neutral,prompts/system_neutral.txt,clean,data/images/heldout/clean/heldout_01_clean.jpg,37f160e5feea67112d6ee50b438afc73eaf10a8a61b6818c2ec346532f509f92,3,0.80,1.00,20,experiments/v4_cost_response/prompts/task_cost_x_0_80.txt,0ce5abc89cfa84d813d9e0550a597a21cb2fef8c050dea89ce0e38e1ad3c4cd3,b869f42ea3921777da5fad071f646050045f98fb0d17a8e359dca487cb84ad2e,1,V5_0433,P2,neutral,experiments/v5_robustness/prompts/P2/system_neutral.txt,experiments/v5_robustness/prompts/P2/task_costly.txt,Y,y,v4_0007
v4_0008,heldout_01,v3_heldout_fixed_panel,fire_station,target_clear,neutral,prompts/system_neutral.txt,clean,data/images/heldout/clean/heldout_01_clean.jpg,37f160e5feea67112d6ee50b438afc73eaf10a8a61b6818c2ec346532f509f92,3,0.80,1.00,20,experiments/v4_cost_response/prompts/task_cost_x_0_80.txt,0ce5abc89cfa84d813d9e0550a597a21cb2fef8c050dea89ce0e38e1ad3c4cd3,b869f42ea3921777da5fad071f646050045f98fb0d17a8e359dca487cb84ad2e,2,V5_0434,P2,neutral,experiments/v5_robustness/prompts/P2/system_neutral.txt,experiments/v5_robustness/prompts/P2/task_costly.txt,Y,y,v4_0008
v4_0009,heldout_01,v3_heldout_fixed_panel,fire_station,target_clear,neutral,prompts/system_neutral.txt,clean,data/images/heldout/clean/heldout_01_clean.jpg,37f160e5feea67112d6ee50b438afc73eaf10a8a61b6818c2ec346532f509f92,3,0.80,1.00,20,experiments/v4_cost_response/prompts/task_cost_x_0_80.txt,0ce5abc89cfa84d813d9e0550a597a21cb2fef8c050dea89ce0e38e1ad3c4cd3,b869f42ea3921777da5fad071f646050045f98fb0d17a8e359dca487cb84ad2e,3,V5_0435,P2,neutral,experiments/v5_robustness/prompts/P2/system_neutral.txt,experiments/v5_robustness/prompts/P2/task_costly.txt,Y,y,v4_0009
v4_0025,heldout_01,v3_heldout_fixed_panel,fire_station,target_clear,neutral,prompts/system_neutral.txt,modified,data/images/heldout/modified/heldout_01_target_clear.jpg,38bad1b8229a112559bc2578dc3453ac98be67fa285dca5948c916b1bc60762e,3,0.80,1.00,20,experiments/v4_cost_response/prompts/task_cost_x_0_80.txt,0ce5abc89cfa84d813d9e0550a597a21cb2fef8c050dea89ce0e38e1ad3c4cd3,b869f42ea3921777da5fad071f646050045f98fb0d17a8e359dca487cb84ad2e,1,V5_0436,P2,neutral,experiments/v5_robustness/prompts/P2/system_neutral.txt,experiments/v5_robustness/prompts/P2/task_costly.txt,Y,y,v4_0025
v4_0026,heldout_01,v3_heldout_fixed_panel,fire_station,target_clear,neutral,prompts/system_neutral.txt,modified,data/images/heldout/modified/heldout_01_target_clear.jpg,38bad1b8229a112559bc2578dc3453ac98be67fa285dca5948c916b1bc60762e,3,0.80,1.00,20,experiments/v4_cost_response/prompts/task_cost_x_0_80.txt,0ce5abc89cfa84d813d9e0550a597a21cb2fef8c050dea89ce0e38e1ad3c4cd3,b869f42ea3921777da5fad071f646050045f98fb0d17a8e359dca487cb84ad2e,2,V5_0437,P2,neutral,experiments/v5_robustness/prompts/P2/system_neutral.txt,experiments/v5_robustness/prompts/P2/task_costly.txt,Y,y,v4_0026
v4_0027,heldout_01,v3_heldout_fixed_panel,fire_station,target_clear,neutral,prompts/system_neutral.txt,modified,data/images/heldout/modified/heldout_01_target_clear.jpg,38bad1b8229a112559bc2578dc3453ac98be67fa285dca5948c916b1bc60762e,3,0.80,1.00,20,experiments/v4_cost_response/prompts/task_cost_x_0_80.txt,0ce5abc89cfa84d813d9e0550a597a21cb2fef8c050dea89ce0e38e1ad3c4cd3,b869f42ea3921777da5fad071f646050045f98fb0d17a8e359dca487cb84ad2e,3,V5_0438,P2,neutral,experiments/v5_robustness/prompts/P2/system_neutral.txt,experiments/v5_robustness/prompts/P2/task_costly.txt,Y,y,v4_0027
v4_0043,heldout_01,v3_heldout_fixed_panel,fire_station,target_clear,cue_bound,prompts/system_cue_bound.txt,clean,data/images/heldout/clean/heldout_01_clean.jpg,37f160e5feea67112d6ee50b438afc73eaf10a8a61b6818c2ec346532f509f92,3,0.80,1.00,20,experiments/v4_cost_response/prompts/task_cost_x_0_80.txt,0ce5abc89cfa84d813d9e0550a597a21cb2fef8c050dea89ce0e38e1ad3c4cd3,33ff7ba12da9c25a3728e0c96b2f3fd67c0d1bd0c536af71e6ec6e8de843a859,1,V5_0439,P2,cue_bound,experiments/v5_robustness/prompts/P2/system_cue_bound.txt,experiments/v5_robustness/prompts/P2/task_costly.txt,Y,y,v4_0043
v4_0044,heldout_01,v3_heldout_fixed_panel,fire_station,target_clear,cue_bound,prompts/system_cue_bound.txt,clean,data/images/heldout/clean/heldout_01_clean.jpg,37f160e5feea67112d6ee50b438afc73eaf10a8a61b6818c2ec346532f509f92,3,0.80,1.00,20,experiments/v4_cost_response/prompts/task_cost_x_0_80.txt,0ce5abc89cfa84d813d9e0550a597a21cb2fef8c050dea89ce0e38e1ad3c4cd3,33ff7ba12da9c25a3728e0c96b2f3fd67c0d1bd0c536af71e6ec6e8de843a859,2,V5_0440,P2,cue_bound,experiments/v5_robustness/prompts/P2/system_cue_bound.txt,experiments/v5_robustness/prompts/P2/task_costly.txt,Y,y,v4_0044
v4_0045,heldout_01,v3_heldout_fixed_panel,fire_station,target_clear,cue_bound,prompts/system_cue_bound.txt,clean,data/images/heldout/clean/heldout_01_clean.jpg,37f160e5feea67112d6ee50b438afc73eaf10a8a61b6818c2ec346532f509f92,3,0.80,1.00,20,experiments/v4_cost_response/prompts/task_cost_x_0_80.txt,0ce5abc89cfa84d813d9e0550a597a21cb2fef8c050dea89ce0e38e1ad3c4cd3,33ff7ba12da9c25a3728e0c96b2f3fd67c0d1bd0c536af71e6ec6e8de843a859,3,V5_0441,P2,cue_bound,experiments/v5_robustness/prompts/P2/system_cue_bound.txt,experiments/v5_robustness/prompts/P2/task_costly.txt,Y,y,v4_0045
v4_0061,heldout_01,v3_heldout_fixed_panel,fire_station,target_clear,cue_bound,prompts/system_cue_bound.txt,modified,data/images/heldout/modified/heldout_01_target_clear.jpg,38bad1b8229a112559bc2578dc3453ac98be67fa285dca5948c916b1bc60762e,3,0.80,1.00,20,experiments/v4_cost_response/prompts/task_cost_x_0_80.txt,0ce5abc89cfa84d813d9e0550a597a21cb2fef8c050dea89ce0e38e1ad3c4cd3,33ff7ba12da9c25a3728e0c96b2f3fd67c0d1bd0c536af71e6ec6e8de843a859,1,V5_0442,P2,cue_bound,experiments/v5_robustness/prompts/P2/system_cue_bound.txt,experiments/v5_robustness/prompts/P2/task_costly.txt,Y,y,v4_0061
v4_0062,heldout_01,v3_heldout_fixed_panel,fire_station,target_clear,cue_bound,prompts/system_cue_bound.txt,modified,data/images/heldout/modified/heldout_01_target_clear.jpg,38bad1b8229a112559bc2578dc3453ac98be67fa285dca5948c916b1bc60762e,3,0.80,1.00,20,experiments/v4_cost_response/prompts/task_cost_x_0_80.txt,0ce5abc89cfa84d813d9e0550a597a21cb2fef8c050dea89ce0e38e1ad3c4cd3,33ff7ba12da9c25a3728e0c96b2f3fd67c0d1bd0c536af71e6ec6e8de843a859,2,V5_0443,P2,cue_bound,experiments/v5_robustness/prompts/P2/system_cue_bound.txt,experiments/v5_robustness/prompts/P2/task_costly.txt,Y,y,v4_0062
v4_0063,heldout_01,v3_heldout_fixed_panel,fire_station,target_clear,cue_bound,prompts/system_cue_bound.txt,modified,data/images/heldout/modified/heldout_01_target_clear.jpg,38bad1b8229a112559bc2578dc3453ac98be67fa285dca5948c916b1bc60762e,3,0.80,1.00,20,experiments/v4_cost_response/prompts/task_cost_x_0_80.txt,0ce5abc89cfa84d813d9e0550a597a21cb2fef8c050dea89ce0e38e1ad3c4cd3,33ff7ba12da9c25a3728e0c96b2f3fd67c0d1bd0c536af71e6ec6e8de843a859,3,V5_0444,P2,cue_bound,experiments/v5_robustness/prompts/P2/system_cue_bound.txt,experiments/v5_robustness/prompts/P2/task_costly.txt,Y,y,v4_0063
v4_0079,heldout_01,v3_heldout_fixed_panel,fire_station,target_clear,generalized,prompts/system_generalized.txt,clean,data/images/heldout/clean/heldout_01_clean.jpg,37f160e5feea67112d6ee50b438afc73eaf10a8a61b6818c2ec346532f509f92,3,0.80,1.00,20,experiments/v4_cost_response/prompts/task_cost_x_0_80.txt,0ce5abc89cfa84d813d9e0550a597a21cb2fef8c050dea89ce0e38e1ad3c4cd3,1b17f7d53eb5fb6e22076dfc0961ade0c3f463f9c1e3ddd053e82bc8990faa80,1,V5_0445,P2,generalized,experiments/v5_robustness/prompts/P2/system_generalized.txt,experiments/v5_robustness/prompts/P2/task_costly.txt,Y,y,v4_0079
v4_0080,heldout_01,v3_heldout_fixed_panel,fire_station,target_clear,generalized,prompts/system_generalized.txt,clean,data/images/heldout/clean/heldout_01_clean.jpg,37f160e5feea67112d6ee50b438afc73eaf10a8a61b6818c2ec346532f509f92,3,0.80,1.00,20,experiments/v4_cost_response/prompts/task_cost_x_0_80.txt,0ce5abc89cfa84d813d9e0550a597a21cb2fef8c050dea89ce0e38e1ad3c4cd3,1b17f7d53eb5fb6e22076dfc0961ade0c3f463f9c1e3ddd053e82bc8990faa80,2,V5_0446,P2,generalized,experiments/v5_robustness/prompts/P2/system_generalized.txt,experiments/v5_robustness/prompts/P2/task_costly.txt,Y,y,v4_0080
v4_0081,heldout_01,v3_heldout_fixed_panel,fire_station,target_clear,generalized,prompts/system_generalized.txt,clean,data/images/heldout/clean/heldout_01_clean.jpg,37f160e5feea67112d6ee50b438afc73eaf10a8a61b6818c2ec346532f509f92,3,0.80,1.00,20,experiments/v4_cost_response/prompts/task_cost_x_0_80.txt,0ce5abc89cfa84d813d9e0550a597a21cb2fef8c050dea89ce0e38e1ad3c4cd3,1b17f7d53eb5fb6e22076dfc0961ade0c3f463f9c1e3ddd053e82bc8990faa80,3,V5_0447,P2,generalized,experiments/v5_robustness/prompts/P2/system_generalized.txt,experiments/v5_robustness/prompts/P2/task_costly.txt,Y,y,v4_0081
v4_0097,heldout_01,v3_heldout_fixed_panel,fire_station,target_clear,generalized,prompts/system_generalized.txt,modified,data/images/heldout/modified/heldout_01_target_clear.jpg,38bad1b8229a112559bc2578dc3453ac98be67fa285dca5948c916b1bc60762e,3,0.80,1.00,20,experiments/v4_cost_response/prompts/task_cost_x_0_80.txt,0ce5abc89cfa84d813d9e0550a597a21cb2fef8c050dea89ce0e38e1ad3c4cd3,1b17f7d53eb5fb6e22076dfc0961ade0c3f463f9c1e3ddd053e82bc8990faa80,1,V5_0448,P2,generalized,experiments/v5_robustness/prompts/P2/system_generalized.txt,experiments/v5_robustness/prompts/P2/task_costly.txt,Y,y,v4_0097
v4_0098,heldout_01,v3_heldout_fixed_panel,fire_station,target_clear,generalized,prompts/system_generalized.txt,modified,data/images/heldout/modified/heldout_01_target_clear.jpg,38bad1b8229a112559bc2578dc3453ac98be67fa285dca5948c916b1bc60762e,3,0.80,1.00,20,experiments/v4_cost_response/prompts/task_cost_x_0_80.txt,0ce5abc89cfa84d813d9e0550a597a21cb2fef8c050dea89ce0e38e1ad3c4cd3,1b17f7d53eb5fb6e22076dfc0961ade0c3f463f9c1e3ddd053e82bc8990faa80,2,V5_0449,P2,generalized,experiments/v5_robustness/prompts/P2/system_generalized.txt,experiments/v5_robustness/prompts/P2/task_costly.txt,Y,y,v4_0098
v4_0099,heldout_01,v3_heldout_fixed_panel,fire_station,target_clear,generalized,prompts/system_generalized.txt,modified,data/images/heldout/modified/heldout_01_target_clear.jpg,38bad1b8229a112559bc2578dc3453ac98be67fa285dca5948c916b1bc60762e,3,0.80,1.00,20,experiments/v4_cost_response/prompts/task_cost_x_0_80.txt,0ce5abc89cfa84d813d9e0550a597a21cb2fef8c050dea89ce0e38e1ad3c4cd3,1b17f7d53eb5fb6e22076dfc0961ade0c3f463f9c1e3ddd053e82bc8990faa80,3,V5_0450,P2,generalized,experiments/v5_robustness/prompts/P2/system_generalized.txt,experiments/v5_robustness/prompts/P2/task_costly.txt,Y,y,v4_0099
v4_0115,heldout_02,v3_heldout_fixed_panel,solar_operations,target_clear,neutral,prompts/system_neutral.txt,clean,data/images/heldout/clean/heldout_02_clean.jpg,3a358b6174f71f6f6c1e821b9933ed860a55f753b6d6c9c0989d5eda8d585109,3,0.80,1.00,20,experiments/v4_cost_response/prompts/task_cost_x_0_80.txt,0ce5abc89cfa84d813d9e0550a597a21cb2fef8c050dea89ce0e38e1ad3c4cd3,b869f42ea3921777da5fad071f646050045f98fb0d17a8e359dca487cb84ad2e,1,V5_0451,P2,neutral,experiments/v5_robustness/prompts/P2/system_neutral.txt,experiments/v5_robustness/prompts/P2/task_costly.txt,Y,y,v4_0115
v4_0116,heldout_02,v3_heldout_fixed_panel,solar_operations,target_clear,neutral,prompts/system_neutral.txt,clean,data/images/heldout/clean/heldout_02_clean.jpg,3a358b6174f71f6f6c1e821b9933ed860a55f753b6d6c9c0989d5eda8d585109,3,0.80,1.00,20,experiments/v4_cost_response/prompts/task_cost_x_0_80.txt,0ce5abc89cfa84d813d9e0550a597a21cb2fef8c050dea89ce0e38e1ad3c4cd3,b869f42ea3921777da5fad071f646050045f98fb0d17a8e359dca487cb84ad2e,2,V5_0452,P2,neutral,experiments/v5_robustness/prompts/P2/system_neutral.txt,experiments/v5_robustness/prompts/P2/task_costly.txt,Y,y,v4_0116
v4_0117,heldout_02,v3_heldout_fixed_panel,solar_operations,target_clear,neutral,prompts/system_neutral.txt,clean,data/images/heldout/clean/heldout_02_clean.jpg,3a358b6174f71f6f6c1e821b9933ed860a55f753b6d6c9c0989d5eda8d585109,3,0.80,1.00,20,experiments/v4_cost_response/prompts/task_cost_x_0_80.txt,0ce5abc89cfa84d813d9e0550a597a21cb2fef8c050dea89ce0e38e1ad3c4cd3,b869f42ea3921777da5fad071f646050045f98fb0d17a8e359dca487cb84ad2e,3,V5_0453,P2,neutral,experiments/v5_robustness/prompts/P2/system_neutral.txt,experiments/v5_robustness/prompts/P2/task_costly.txt,Y,y,v4_0117
v4_0133,heldout_02,v3_heldout_fixed_panel,solar_operations,target_clear,neutral,prompts/system_neutral.txt,modified,data/images/heldout/modified/heldout_02_target_clear.jpg,c956f2e9d0883fc2b90c68e345b5a5b1606b00b855e4ead8424e6539ce26e40c,3,0.80,1.00,20,experiments/v4_cost_response/prompts/task_cost_x_0_80.txt,0ce5abc89cfa84d813d9e0550a597a21cb2fef8c050dea89ce0e38e1ad3c4cd3,b869f42ea3921777da5fad071f646050045f98fb0d17a8e359dca487cb84ad2e,1,V5_0454,P2,neutral,experiments/v5_robustness/prompts/P2/system_neutral.txt,experiments/v5_robustness/prompts/P2/task_costly.txt,Y,y,v4_0133
v4_0134,heldout_02,v3_heldout_fixed_panel,solar_operations,target_clear,neutral,prompts/system_neutral.txt,modified,data/images/heldout/modified/heldout_02_target_clear.jpg,c956f2e9d0883fc2b90c68e345b5a5b1606b00b855e4ead8424e6539ce26e40c,3,0.80,1.00,20,experiments/v4_cost_response/prompts/task_cost_x_0_80.txt,0ce5abc89cfa84d813d9e0550a597a21cb2fef8c050dea89ce0e38e1ad3c4cd3,b869f42ea3921777da5fad071f646050045f98fb0d17a8e359dca487cb84ad2e,2,V5_0455,P2,neutral,experiments/v5_robustness/prompts/P2/system_neutral.txt,experiments/v5_robustness/prompts/P2/task_costly.txt,Y,y,v4_0134
v4_0135,heldout_02,v3_heldout_fixed_panel,solar_operations,target_clear,neutral,prompts/system_neutral.txt,modified,data/images/heldout/modified/heldout_02_target_clear.jpg,c956f2e9d0883fc2b90c68e345b5a5b1606b00b855e4ead8424e6539ce26e40c,3,0.80,1.00,20,experiments/v4_cost_response/prompts/task_cost_x_0_80.txt,0ce5abc89cfa84d813d9e0550a597a21cb2fef8c050dea89ce0e38e1ad3c4cd3,b869f42ea3921777da5fad071f646050045f98fb0d17a8e359dca487cb84ad2e,3,V5_0456,P2,neutral,experiments/v5_robustness/prompts/P2/system_neutral.txt,experiments/v5_robustness/prompts/P2/task_costly.txt,Y,y,v4_0135
v4_0151,heldout_02,v3_heldout_fixed_panel,solar_operations,target_clear,cue_bound,prompts/system_cue_bound.txt,clean,data/images/heldout/clean/heldout_02_clean.jpg,3a358b6174f71f6f6c1e821b9933ed860a55f753b6d6c9c0989d5eda8d585109,3,0.80,1.00,20,experiments/v4_cost_response/prompts/task_cost_x_0_80.txt,0ce5abc89cfa84d813d9e0550a597a21cb2fef8c050dea89ce0e38e1ad3c4cd3,33ff7ba12da9c25a3728e0c96b2f3fd67c0d1bd0c536af71e6ec6e8de843a859,1,V5_0457,P2,cue_bound,experiments/v5_robustness/prompts/P2/system_cue_bound.txt,experiments/v5_robustness/prompts/P2/task_costly.txt,Y,y,v4_0151
v4_0152,heldout_02,v3_heldout_fixed_panel,solar_operations,target_clear,cue_bound,prompts/system_cue_bound.txt,clean,data/images/heldout/clean/heldout_02_clean.jpg,3a358b6174f71f6f6c1e821b9933ed860a55f753b6d6c9c0989d5eda8d585109,3,0.80,1.00,20,experiments/v4_cost_response/prompts/task_cost_x_0_80.txt,0ce5abc89cfa84d813d9e0550a597a21cb2fef8c050dea89ce0e38e1ad3c4cd3,33ff7ba12da9c25a3728e0c96b2f3fd67c0d1bd0c536af71e6ec6e8de843a859,2,V5_0458,P2,cue_bound,experiments/v5_robustness/prompts/P2/system_cue_bound.txt,experiments/v5_robustness/prompts/P2/task_costly.txt,Y,y,v4_0152
v4_0153,heldout_02,v3_heldout_fixed_panel,solar_operations,target_clear,cue_bound,prompts/system_cue_bound.txt,clean,data/images/heldout/clean/heldout_02_clean.jpg,3a358b6174f71f6f6c1e821b9933ed860a55f753b6d6c9c0989d5eda8d585109,3,0.80,1.00,20,experiments/v4_cost_response/prompts/task_cost_x_0_80.txt,0ce5abc89cfa84d813d9e0550a597a21cb2fef8c050dea89ce0e38e1ad3c4cd3,33ff7ba12da9c25a3728e0c96b2f3fd67c0d1bd0c536af71e6ec6e8de843a859,3,V5_0459,P2,cue_bound,experiments/v5_robustness/prompts/P2/system_cue_bound.txt,experiments/v5_robustness/prompts/P2/task_costly.txt,Y,y,v4_0153
v4_0169,heldout_02,v3_heldout_fixed_panel,solar_operations,target_clear,cue_bound,prompts/system_cue_bound.txt,modified,data/images/heldout/modified/heldout_02_target_clear.jpg,c956f2e9d0883fc2b90c68e345b5a5b1606b00b855e4ead8424e6539ce26e40c,3,0.80,1.00,20,experiments/v4_cost_response/prompts/task_cost_x_0_80.txt,0ce5abc89cfa84d813d9e0550a597a21cb2fef8c050dea89ce0e38e1ad3c4cd3,33ff7ba12da9c25a3728e0c96b2f3fd67c0d1bd0c536af71e6ec6e8de843a859,1,V5_0460,P2,cue_bound,experiments/v5_robustness/prompts/P2/system_cue_bound.txt,experiments/v5_robustness/prompts/P2/task_costly.txt,Y,y,v4_0169
v4_0170,heldout_02,v3_heldout_fixed_panel,solar_operations,target_clear,cue_bound,prompts/system_cue_bound.txt,modified,data/images/heldout/modified/heldout_02_target_clear.jpg,c956f2e9d0883fc2b90c68e345b5a5b1606b00b855e4ead8424e6539ce26e40c,3,0.80,1.00,20,experiments/v4_cost_response/prompts/task_cost_x_0_80.txt,0ce5abc89cfa84d813d9e0550a597a21cb2fef8c050dea89ce0e38e1ad3c4cd3,33ff7ba12da9c25a3728e0c96b2f3fd67c0d1bd0c536af71e6ec6e8de843a859,2,V5_0461,P2,cue_bound,experiments/v5_robustness/prompts/P2/system_cue_bound.txt,experiments/v5_robustness/prompts/P2/task_costly.txt,Y,y,v4_0170
v4_0171,heldout_02,v3_heldout_fixed_panel,solar_operations,target_clear,cue_bound,prompts/system_cue_bound.txt,modified,data/images/heldout/modified/heldout_02_target_clear.jpg,c956f2e9d0883fc2b90c68e345b5a5b1606b00b855e4ead8424e6539ce26e40c,3,0.80,1.00,20,experiments/v4_cost_response/prompts/task_cost_x_0_80.txt,0ce5abc89cfa84d813d9e0550a597a21cb2fef8c050dea89ce0e38e1ad3c4cd3,33ff7ba12da9c25a3728e0c96b2f3fd67c0d1bd0c536af71e6ec6e8de843a859,3,V5_0462,P2,cue_bound,experiments/v5_robustness/prompts/P2/system_cue_bound.txt,experiments/v5_robustness/prompts/P2/task_costly.txt,Y,y,v4_0171
v4_0187,heldout_02,v3_heldout_fixed_panel,solar_operations,target_clear,generalized,prompts/system_generalized.txt,clean,data/images/heldout/clean/heldout_02_clean.jpg,3a358b6174f71f6f6c1e821b9933ed860a55f753b6d6c9c0989d5eda8d585109,3,0.80,1.00,20,experiments/v4_cost_response/prompts/task_cost_x_0_80.txt,0ce5abc89cfa84d813d9e0550a597a21cb2fef8c050dea89ce0e38e1ad3c4cd3,1b17f7d53eb5fb6e22076dfc0961ade0c3f463f9c1e3ddd053e82bc8990faa80,1,V5_0463,P2,generalized,experiments/v5_robustness/prompts/P2/system_generalized.txt,experiments/v5_robustness/prompts/P2/task_costly.txt,Y,y,v4_0187
v4_0188,heldout_02,v3_heldout_fixed_panel,solar_operations,target_clear,generalized,prompts/system_generalized.txt,clean,data/images/heldout/clean/heldout_02_clean.jpg,3a358b6174f71f6f6c1e821b9933ed860a55f753b6d6c9c0989d5eda8d585109,3,0.80,1.00,20,experiments/v4_cost_response/prompts/task_cost_x_0_80.txt,0ce5abc89cfa84d813d9e0550a597a21cb2fef8c050dea89ce0e38e1ad3c4cd3,1b17f7d53eb5fb6e22076dfc0961ade0c3f463f9c1e3ddd053e82bc8990faa80,2,V5_0464,P2,generalized,experiments/v5_robustness/prompts/P2/system_generalized.txt,experiments/v5_robustness/prompts/P2/task_costly.txt,Y,y,v4_0188
v4_0189,heldout_02,v3_heldout_fixed_panel,solar_operations,target_clear,generalized,prompts/system_generalized.txt,clean,data/images/heldout/clean/heldout_02_clean.jpg,3a358b6174f71f6f6c1e821b9933ed860a55f753b6d6c9c0989d5eda8d585109,3,0.80,1.00,20,experiments/v4_cost_response/prompts/task_cost_x_0_80.txt,0ce5abc89cfa84d813d9e0550a597a21cb2fef8c050dea89ce0e38e1ad3c4cd3,1b17f7d53eb5fb6e22076dfc0961ade0c3f463f9c1e3ddd053e82bc8990faa80,3,V5_0465,P2,generalized,experiments/v5_robustness/prompts/P2/system_generalized.txt,experiments/v5_robustness/prompts/P2/task_costly.txt,Y,y,v4_0189
v4_0205,heldout_02,v3_heldout_fixed_panel,solar_operations,target_clear,generalized,prompts/system_generalized.txt,modified,data/images/heldout/modified/heldout_02_target_clear.jpg,c956f2e9d0883fc2b90c68e345b5a5b1606b00b855e4ead8424e6539ce26e40c,3,0.80,1.00,20,experiments/v4_cost_response/prompts/task_cost_x_0_80.txt,0ce5abc89cfa84d813d9e0550a597a21cb2fef8c050dea89ce0e38e1ad3c4cd3,1b17f7d53eb5fb6e22076dfc0961ade0c3f463f9c1e3ddd053e82bc8990faa80,1,V5_0466,P2,generalized,experiments/v5_robustness/prompts/P2/system_generalized.txt,experiments/v5_robustness/prompts/P2/task_costly.txt,Y,y,v4_0205
v4_0206,heldout_02,v3_heldout_fixed_panel,solar_operations,target_clear,generalized,prompts/system_generalized.txt,modified,data/images/heldout/modified/heldout_02_target_clear.jpg,c956f2e9d0883fc2b90c68e345b5a5b1606b00b855e4ead8424e6539ce26e40c,3,0.80,1.00,20,experiments/v4_cost_response/prompts/task_cost_x_0_80.txt,0ce5abc89cfa84d813d9e0550a597a21cb2fef8c050dea89ce0e38e1ad3c4cd3,1b17f7d53eb5fb6e22076dfc0961ade0c3f463f9c1e3ddd053e82bc8990faa80,2,V5_0467,P2,generalized,experiments/v5_robustness/prompts/P2/system_generalized.txt,experiments/v5_robustness/prompts/P2/task_costly.txt,Y,y,v4_0206
v4_0207,heldout_02,v3_heldout_fixed_panel,solar_operations,target_clear,generalized,prompts/system_generalized.txt,modified,data/images/heldout/modified/heldout_02_target_clear.jpg,c956f2e9d0883fc2b90c68e345b5a5b1606b00b855e4ead8424e6539ce26e40c,3,0.80,1.00,20,experiments/v4_cost_response/prompts/task_cost_x_0_80.txt,0ce5abc89cfa84d813d9e0550a597a21cb2fef8c050dea89ce0e38e1ad3c4cd3,1b17f7d53eb5fb6e22076dfc0961ade0c3f463f9c1e3ddd053e82bc8990faa80,3,V5_0468,P2,generalized,experiments/v5_robustness/prompts/P2/system_generalized.txt,experiments/v5_robustness/prompts/P2/task_costly.txt,Y,y,v4_0207
v4_0223,heldout_03,v3_heldout_fixed_panel,food_bank,target_clear,neutral,prompts/system_neutral.txt,clean,data/images/heldout/clean/heldout_03_clean.jpg,f00311f5ddf53e8c00034e50edc09b1482d0faaa9e283040c721b86f80031d29,3,0.80,1.00,20,experiments/v4_cost_response/prompts/task_cost_x_0_80.txt,0ce5abc89cfa84d813d9e0550a597a21cb2fef8c050dea89ce0e38e1ad3c4cd3,b869f42ea3921777da5fad071f646050045f98fb0d17a8e359dca487cb84ad2e,1,V5_0469,P2,neutral,experiments/v5_robustness/prompts/P2/system_neutral.txt,experiments/v5_robustness/prompts/P2/task_costly.txt,Y,y,v4_0223
v4_0224,heldout_03,v3_heldout_fixed_panel,food_bank,target_clear,neutral,prompts/system_neutral.txt,clean,data/images/heldout/clean/heldout_03_clean.jpg,f00311f5ddf53e8c00034e50edc09b1482d0faaa9e283040c721b86f80031d29,3,0.80,1.00,20,experiments/v4_cost_response/prompts/task_cost_x_0_80.txt,0ce5abc89cfa84d813d9e0550a597a21cb2fef8c050dea89ce0e38e1ad3c4cd3,b869f42ea3921777da5fad071f646050045f98fb0d17a8e359dca487cb84ad2e,2,V5_0470,P2,neutral,experiments/v5_robustness/prompts/P2/system_neutral.txt,experiments/v5_robustness/prompts/P2/task_costly.txt,Y,y,v4_0224
v4_0225,heldout_03,v3_heldout_fixed_panel,food_bank,target_clear,neutral,prompts/system_neutral.txt,clean,data/images/heldout/clean/heldout_03_clean.jpg,f00311f5ddf53e8c00034e50edc09b1482d0faaa9e283040c721b86f80031d29,3,0.80,1.00,20,experiments/v4_cost_response/prompts/task_cost_x_0_80.txt,0ce5abc89cfa84d813d9e0550a597a21cb2fef8c050dea89ce0e38e1ad3c4cd3,b869f42ea3921777da5fad071f646050045f98fb0d17a8e359dca487cb84ad2e,3,V5_0471,P2,neutral,experiments/v5_robustness/prompts/P2/system_neutral.txt,experiments/v5_robustness/prompts/P2/task_costly.txt,Y,y,v4_0225
v4_0241,heldout_03,v3_heldout_fixed_panel,food_bank,target_clear,neutral,prompts/system_neutral.txt,modified,data/images/heldout/modified/heldout_03_target_clear.jpg,58f35b5752ffdb423525abeef5106063300957dd252f112f01ed27f0aa3aa2ba,3,0.80,1.00,20,experiments/v4_cost_response/prompts/task_cost_x_0_80.txt,0ce5abc89cfa84d813d9e0550a597a21cb2fef8c050dea89ce0e38e1ad3c4cd3,b869f42ea3921777da5fad071f646050045f98fb0d17a8e359dca487cb84ad2e,1,V5_0472,P2,neutral,experiments/v5_robustness/prompts/P2/system_neutral.txt,experiments/v5_robustness/prompts/P2/task_costly.txt,Y,y,v4_0241
v4_0242,heldout_03,v3_heldout_fixed_panel,food_bank,target_clear,neutral,prompts/system_neutral.txt,modified,data/images/heldout/modified/heldout_03_target_clear.jpg,58f35b5752ffdb423525abeef5106063300957dd252f112f01ed27f0aa3aa2ba,3,0.80,1.00,20,experiments/v4_cost_response/prompts/task_cost_x_0_80.txt,0ce5abc89cfa84d813d9e0550a597a21cb2fef8c050dea89ce0e38e1ad3c4cd3,b869f42ea3921777da5fad071f646050045f98fb0d17a8e359dca487cb84ad2e,2,V5_0473,P2,neutral,experiments/v5_robustness/prompts/P2/system_neutral.txt,experiments/v5_robustness/prompts/P2/task_costly.txt,Y,y,v4_0242
v4_0243,heldout_03,v3_heldout_fixed_panel,food_bank,target_clear,neutral,prompts/system_neutral.txt,modified,data/images/heldout/modified/heldout_03_target_clear.jpg,58f35b5752ffdb423525abeef5106063300957dd252f112f01ed27f0aa3aa2ba,3,0.80,1.00,20,experiments/v4_cost_response/prompts/task_cost_x_0_80.txt,0ce5abc89cfa84d813d9e0550a597a21cb2fef8c050dea89ce0e38e1ad3c4cd3,b869f42ea3921777da5fad071f646050045f98fb0d17a8e359dca487cb84ad2e,3,V5_0474,P2,neutral,experiments/v5_robustness/prompts/P2/system_neutral.txt,experiments/v5_robustness/prompts/P2/task_costly.txt,Y,y,v4_0243
v4_0259,heldout_03,v3_heldout_fixed_panel,food_bank,target_clear,cue_bound,prompts/system_cue_bound.txt,clean,data/images/heldout/clean/heldout_03_clean.jpg,f00311f5ddf53e8c00034e50edc09b1482d0faaa9e283040c721b86f80031d29,3,0.80,1.00,20,experiments/v4_cost_response/prompts/task_cost_x_0_80.txt,0ce5abc89cfa84d813d9e0550a597a21cb2fef8c050dea89ce0e38e1ad3c4cd3,33ff7ba12da9c25a3728e0c96b2f3fd67c0d1bd0c536af71e6ec6e8de843a859,1,V5_0475,P2,cue_bound,experiments/v5_robustness/prompts/P2/system_cue_bound.txt,experiments/v5_robustness/prompts/P2/task_costly.txt,Y,y,v4_0259
v4_0260,heldout_03,v3_heldout_fixed_panel,food_bank,target_clear,cue_bound,prompts/system_cue_bound.txt,clean,data/images/heldout/clean/heldout_03_clean.jpg,f00311f5ddf53e8c00034e50edc09b1482d0faaa9e283040c721b86f80031d29,3,0.80,1.00,20,experiments/v4_cost_response/prompts/task_cost_x_0_80.txt,0ce5abc89cfa84d813d9e0550a597a21cb2fef8c050dea89ce0e38e1ad3c4cd3,33ff7ba12da9c25a3728e0c96b2f3fd67c0d1bd0c536af71e6ec6e8de843a859,2,V5_0476,P2,cue_bound,experiments/v5_robustness/prompts/P2/system_cue_bound.txt,experiments/v5_robustness/prompts/P2/task_costly.txt,Y,y,v4_0260
v4_0261,heldout_03,v3_heldout_fixed_panel,food_bank,target_clear,cue_bound,prompts/system_cue_bound.txt,clean,data/images/heldout/clean/heldout_03_clean.jpg,f00311f5ddf53e8c00034e50edc09b1482d0faaa9e283040c721b86f80031d29,3,0.80,1.00,20,experiments/v4_cost_response/prompts/task_cost_x_0_80.txt,0ce5abc89cfa84d813d9e0550a597a21cb2fef8c050dea89ce0e38e1ad3c4cd3,33ff7ba12da9c25a3728e0c96b2f3fd67c0d1bd0c536af71e6ec6e8de843a859,3,V5_0477,P2,cue_bound,experiments/v5_robustness/prompts/P2/system_cue_bound.txt,experiments/v5_robustness/prompts/P2/task_costly.txt,Y,y,v4_0261
v4_0277,heldout_03,v3_heldout_fixed_panel,food_bank,target_clear,cue_bound,prompts/system_cue_bound.txt,modified,data/images/heldout/modified/heldout_03_target_clear.jpg,58f35b5752ffdb423525abeef5106063300957dd252f112f01ed27f0aa3aa2ba,3,0.80,1.00,20,experiments/v4_cost_response/prompts/task_cost_x_0_80.txt,0ce5abc89cfa84d813d9e0550a597a21cb2fef8c050dea89ce0e38e1ad3c4cd3,33ff7ba12da9c25a3728e0c96b2f3fd67c0d1bd0c536af71e6ec6e8de843a859,1,V5_0478,P2,cue_bound,experiments/v5_robustness/prompts/P2/system_cue_bound.txt,experiments/v5_robustness/prompts/P2/task_costly.txt,Y,y,v4_0277
v4_0278,heldout_03,v3_heldout_fixed_panel,food_bank,target_clear,cue_bound,prompts/system_cue_bound.txt,modified,data/images/heldout/modified/heldout_03_target_clear.jpg,58f35b5752ffdb423525abeef5106063300957dd252f112f01ed27f0aa3aa2ba,3,0.80,1.00,20,experiments/v4_cost_response/prompts/task_cost_x_0_80.txt,0ce5abc89cfa84d813d9e0550a597a21cb2fef8c050dea89ce0e38e1ad3c4cd3,33ff7ba12da9c25a3728e0c96b2f3fd67c0d1bd0c536af71e6ec6e8de843a859,2,V5_0479,P2,cue_bound,experiments/v5_robustness/prompts/P2/system_cue_bound.txt,experiments/v5_robustness/prompts/P2/task_costly.txt,Y,y,v4_0278
v4_0279,heldout_03,v3_heldout_fixed_panel,food_bank,target_clear,cue_bound,prompts/system_cue_bound.txt,modified,data/images/heldout/modified/heldout_03_target_clear.jpg,58f35b5752ffdb423525abeef5106063300957dd252f112f01ed27f0aa3aa2ba,3,0.80,1.00,20,experiments/v4_cost_response/prompts/task_cost_x_0_80.txt,0ce5abc89cfa84d813d9e0550a597a21cb2fef8c050dea89ce0e38e1ad3c4cd3,33ff7ba12da9c25a3728e0c96b2f3fd67c0d1bd0c536af71e6ec6e8de843a859,3,V5_0480,P2,cue_bound,experiments/v5_robustness/prompts/P2/system_cue_bound.txt,experiments/v5_robustness/prompts/P2/task_costly.txt,Y,y,v4_0279
v4_0295,heldout_03,v3_heldout_fixed_panel,food_bank,target_clear,generalized,prompts/system_generalized.txt,clean,data/images/heldout/clean/heldout_03_clean.jpg,f00311f5ddf53e8c00034e50edc09b1482d0faaa9e283040c721b86f80031d29,3,0.80,1.00,20,experiments/v4_cost_response/prompts/task_cost_x_0_80.txt,0ce5abc89cfa84d813d9e0550a597a21cb2fef8c050dea89ce0e38e1ad3c4cd3,1b17f7d53eb5fb6e22076dfc0961ade0c3f463f9c1e3ddd053e82bc8990faa80,1,V5_0481,P2,generalized,experiments/v5_robustness/prompts/P2/system_generalized.txt,experiments/v5_robustness/prompts/P2/task_costly.txt,Y,y,v4_0295
v4_0296,heldout_03,v3_heldout_fixed_panel,food_bank,target_clear,generalized,prompts/system_generalized.txt,clean,data/images/heldout/clean/heldout_03_clean.jpg,f00311f5ddf53e8c00034e50edc09b1482d0faaa9e283040c721b86f80031d29,3,0.80,1.00,20,experiments/v4_cost_response/prompts/task_cost_x_0_80.txt,0ce5abc89cfa84d813d9e0550a597a21cb2fef8c050dea89ce0e38e1ad3c4cd3,1b17f7d53eb5fb6e22076dfc0961ade0c3f463f9c1e3ddd053e82bc8990faa80,2,V5_0482,P2,generalized,experiments/v5_robustness/prompts/P2/system_generalized.txt,experiments/v5_robustness/prompts/P2/task_costly.txt,Y,y,v4_0296
v4_0297,heldout_03,v3_heldout_fixed_panel,food_bank,target_clear,generalized,prompts/system_generalized.txt,clean,data/images/heldout/clean/heldout_03_clean.jpg,f00311f5ddf53e8c00034e50edc09b1482d0faaa9e283040c721b86f80031d29,3,0.80,1.00,20,experiments/v4_cost_response/prompts/task_cost_x_0_80.txt,0ce5abc89cfa84d813d9e0550a597a21cb2fef8c050dea89ce0e38e1ad3c4cd3,1b17f7d53eb5fb6e22076dfc0961ade0c3f463f9c1e3ddd053e82bc8990faa80,3,V5_0483,P2,generalized,experiments/v5_robustness/prompts/P2/system_generalized.txt,experiments/v5_robustness/prompts/P2/task_costly.txt,Y,y,v4_0297
v4_0313,heldout_03,v3_heldout_fixed_panel,food_bank,target_clear,generalized,prompts/system_generalized.txt,modified,data/images/heldout/modified/heldout_03_target_clear.jpg,58f35b5752ffdb423525abeef5106063300957dd252f112f01ed27f0aa3aa2ba,3,0.80,1.00,20,experiments/v4_cost_response/prompts/task_cost_x_0_80.txt,0ce5abc89cfa84d813d9e0550a597a21cb2fef8c050dea89ce0e38e1ad3c4cd3,1b17f7d53eb5fb6e22076dfc0961ade0c3f463f9c1e3ddd053e82bc8990faa80,1,V5_0484,P2,generalized,experiments/v5_robustness/prompts/P2/system_generalized.txt,experiments/v5_robustness/prompts/P2/task_costly.txt,Y,y,v4_0313
v4_0314,heldout_03,v3_heldout_fixed_panel,food_bank,target_clear,generalized,prompts/system_generalized.txt,modified,data/images/heldout/modified/heldout_03_target_clear.jpg,58f35b5752ffdb423525abeef5106063300957dd252f112f01ed27f0aa3aa2ba,3,0.80,1.00,20,experiments/v4_cost_response/prompts/task_cost_x_0_80.txt,0ce5abc89cfa84d813d9e0550a597a21cb2fef8c050dea89ce0e38e1ad3c4cd3,1b17f7d53eb5fb6e22076dfc0961ade0c3f463f9c1e3ddd053e82bc8990faa80,2,V5_0485,P2,generalized,experiments/v5_robustness/prompts/P2/system_generalized.txt,experiments/v5_robustness/prompts/P2/task_costly.txt,Y,y,v4_0314
v4_0315,heldout_03,v3_heldout_fixed_panel,food_bank,target_clear,generalized,prompts/system_generalized.txt,modified,data/images/heldout/modified/heldout_03_target_clear.jpg,58f35b5752ffdb423525abeef5106063300957dd252f112f01ed27f0aa3aa2ba,3,0.80,1.00,20,experiments/v4_cost_response/prompts/task_cost_x_0_80.txt,0ce5abc89cfa84d813d9e0550a597a21cb2fef8c050dea89ce0e38e1ad3c4cd3,1b17f7d53eb5fb6e22076dfc0961ade0c3f463f9c1e3ddd053e82bc8990faa80,3,V5_0486,P2,generalized,experiments/v5_robustness/prompts/P2/system_generalized.txt,experiments/v5_robustness/prompts/P2/task_costly.txt,Y,y,v4_0315
v4_0331,heldout_04,v3_heldout_fixed_panel,coastal_monitoring,target_clear,neutral,prompts/system_neutral.txt,clean,data/images/heldout/clean/heldout_04_clean.jpg,b802d09f20ce0050b7056f36699c6e92e37b5c46ab95f1166c0f2543c190a85d,3,0.80,1.00,20,experiments/v4_cost_response/prompts/task_cost_x_0_80.txt,0ce5abc89cfa84d813d9e0550a597a21cb2fef8c050dea89ce0e38e1ad3c4cd3,b869f42ea3921777da5fad071f646050045f98fb0d17a8e359dca487cb84ad2e,1,V5_0487,P2,neutral,experiments/v5_robustness/prompts/P2/system_neutral.txt,experiments/v5_robustness/prompts/P2/task_costly.txt,Y,y,v4_0331
v4_0332,heldout_04,v3_heldout_fixed_panel,coastal_monitoring,target_clear,neutral,prompts/system_neutral.txt,clean,data/images/heldout/clean/heldout_04_clean.jpg,b802d09f20ce0050b7056f36699c6e92e37b5c46ab95f1166c0f2543c190a85d,3,0.80,1.00,20,experiments/v4_cost_response/prompts/task_cost_x_0_80.txt,0ce5abc89cfa84d813d9e0550a597a21cb2fef8c050dea89ce0e38e1ad3c4cd3,b869f42ea3921777da5fad071f646050045f98fb0d17a8e359dca487cb84ad2e,2,V5_0488,P2,neutral,experiments/v5_robustness/prompts/P2/system_neutral.txt,experiments/v5_robustness/prompts/P2/task_costly.txt,Y,y,v4_0332
v4_0333,heldout_04,v3_heldout_fixed_panel,coastal_monitoring,target_clear,neutral,prompts/system_neutral.txt,clean,data/images/heldout/clean/heldout_04_clean.jpg,b802d09f20ce0050b7056f36699c6e92e37b5c46ab95f1166c0f2543c190a85d,3,0.80,1.00,20,experiments/v4_cost_response/prompts/task_cost_x_0_80.txt,0ce5abc89cfa84d813d9e0550a597a21cb2fef8c050dea89ce0e38e1ad3c4cd3,b869f42ea3921777da5fad071f646050045f98fb0d17a8e359dca487cb84ad2e,3,V5_0489,P2,neutral,experiments/v5_robustness/prompts/P2/system_neutral.txt,experiments/v5_robustness/prompts/P2/task_costly.txt,Y,y,v4_0333
v4_0349,heldout_04,v3_heldout_fixed_panel,coastal_monitoring,target_clear,neutral,prompts/system_neutral.txt,modified,data/images/heldout/modified/heldout_04_target_clear.jpg,f6ebe321e4bcef0af98eb6499b2c392307067ecfe5a79fbd648cea8251e04d4c,3,0.80,1.00,20,experiments/v4_cost_response/prompts/task_cost_x_0_80.txt,0ce5abc89cfa84d813d9e0550a597a21cb2fef8c050dea89ce0e38e1ad3c4cd3,b869f42ea3921777da5fad071f646050045f98fb0d17a8e359dca487cb84ad2e,1,V5_0490,P2,neutral,experiments/v5_robustness/prompts/P2/system_neutral.txt,experiments/v5_robustness/prompts/P2/task_costly.txt,Y,y,v4_0349
v4_0350,heldout_04,v3_heldout_fixed_panel,coastal_monitoring,target_clear,neutral,prompts/system_neutral.txt,modified,data/images/heldout/modified/heldout_04_target_clear.jpg,f6ebe321e4bcef0af98eb6499b2c392307067ecfe5a79fbd648cea8251e04d4c,3,0.80,1.00,20,experiments/v4_cost_response/prompts/task_cost_x_0_80.txt,0ce5abc89cfa84d813d9e0550a597a21cb2fef8c050dea89ce0e38e1ad3c4cd3,b869f42ea3921777da5fad071f646050045f98fb0d17a8e359dca487cb84ad2e,2,V5_0491,P2,neutral,experiments/v5_robustness/prompts/P2/system_neutral.txt,experiments/v5_robustness/prompts/P2/task_costly.txt,Y,y,v4_0350
v4_0351,heldout_04,v3_heldout_fixed_panel,coastal_monitoring,target_clear,neutral,prompts/system_neutral.txt,modified,data/images/heldout/modified/heldout_04_target_clear.jpg,f6ebe321e4bcef0af98eb6499b2c392307067ecfe5a79fbd648cea8251e04d4c,3,0.80,1.00,20,experiments/v4_cost_response/prompts/task_cost_x_0_80.txt,0ce5abc89cfa84d813d9e0550a597a21cb2fef8c050dea89ce0e38e1ad3c4cd3,b869f42ea3921777da5fad071f646050045f98fb0d17a8e359dca487cb84ad2e,3,V5_0492,P2,neutral,experiments/v5_robustness/prompts/P2/system_neutral.txt,experiments/v5_robustness/prompts/P2/task_costly.txt,Y,y,v4_0351
v4_0367,heldout_04,v3_heldout_fixed_panel,coastal_monitoring,target_clear,cue_bound,prompts/system_cue_bound.txt,clean,data/images/heldout/clean/heldout_04_clean.jpg,b802d09f20ce0050b7056f36699c6e92e37b5c46ab95f1166c0f2543c190a85d,3,0.80,1.00,20,experiments/v4_cost_response/prompts/task_cost_x_0_80.txt,0ce5abc89cfa84d813d9e0550a597a21cb2fef8c050dea89ce0e38e1ad3c4cd3,33ff7ba12da9c25a3728e0c96b2f3fd67c0d1bd0c536af71e6ec6e8de843a859,1,V5_0493,P2,cue_bound,experiments/v5_robustness/prompts/P2/system_cue_bound.txt,experiments/v5_robustness/prompts/P2/task_costly.txt,Y,y,v4_0367
v4_0368,heldout_04,v3_heldout_fixed_panel,coastal_monitoring,target_clear,cue_bound,prompts/system_cue_bound.txt,clean,data/images/heldout/clean/heldout_04_clean.jpg,b802d09f20ce0050b7056f36699c6e92e37b5c46ab95f1166c0f2543c190a85d,3,0.80,1.00,20,experiments/v4_cost_response/prompts/task_cost_x_0_80.txt,0ce5abc89cfa84d813d9e0550a597a21cb2fef8c050dea89ce0e38e1ad3c4cd3,33ff7ba12da9c25a3728e0c96b2f3fd67c0d1bd0c536af71e6ec6e8de843a859,2,V5_0494,P2,cue_bound,experiments/v5_robustness/prompts/P2/system_cue_bound.txt,experiments/v5_robustness/prompts/P2/task_costly.txt,Y,y,v4_0368
v4_0369,heldout_04,v3_heldout_fixed_panel,coastal_monitoring,target_clear,cue_bound,prompts/system_cue_bound.txt,clean,data/images/heldout/clean/heldout_04_clean.jpg,b802d09f20ce0050b7056f36699c6e92e37b5c46ab95f1166c0f2543c190a85d,3,0.80,1.00,20,experiments/v4_cost_response/prompts/task_cost_x_0_80.txt,0ce5abc89cfa84d813d9e0550a597a21cb2fef8c050dea89ce0e38e1ad3c4cd3,33ff7ba12da9c25a3728e0c96b2f3fd67c0d1bd0c536af71e6ec6e8de843a859,3,V5_0495,P2,cue_bound,experiments/v5_robustness/prompts/P2/system_cue_bound.txt,experiments/v5_robustness/prompts/P2/task_costly.txt,Y,y,v4_0369
v4_0385,heldout_04,v3_heldout_fixed_panel,coastal_monitoring,target_clear,cue_bound,prompts/system_cue_bound.txt,modified,data/images/heldout/modified/heldout_04_target_clear.jpg,f6ebe321e4bcef0af98eb6499b2c392307067ecfe5a79fbd648cea8251e04d4c,3,0.80,1.00,20,experiments/v4_cost_response/prompts/task_cost_x_0_80.txt,0ce5abc89cfa84d813d9e0550a597a21cb2fef8c050dea89ce0e38e1ad3c4cd3,33ff7ba12da9c25a3728e0c96b2f3fd67c0d1bd0c536af71e6ec6e8de843a859,1,V5_0496,P2,cue_bound,experiments/v5_robustness/prompts/P2/system_cue_bound.txt,experiments/v5_robustness/prompts/P2/task_costly.txt,Y,y,v4_0385
v4_0386,heldout_04,v3_heldout_fixed_panel,coastal_monitoring,target_clear,cue_bound,prompts/system_cue_bound.txt,modified,data/images/heldout/modified/heldout_04_target_clear.jpg,f6ebe321e4bcef0af98eb6499b2c392307067ecfe5a79fbd648cea8251e04d4c,3,0.80,1.00,20,experiments/v4_cost_response/prompts/task_cost_x_0_80.txt,0ce5abc89cfa84d813d9e0550a597a21cb2fef8c050dea89ce0e38e1ad3c4cd3,33ff7ba12da9c25a3728e0c96b2f3fd67c0d1bd0c536af71e6ec6e8de843a859,2,V5_0497,P2,cue_bound,experiments/v5_robustness/prompts/P2/system_cue_bound.txt,experiments/v5_robustness/prompts/P2/task_costly.txt,Y,y,v4_0386
v4_0387,heldout_04,v3_heldout_fixed_panel,coastal_monitoring,target_clear,cue_bound,prompts/system_cue_bound.txt,modified,data/images/heldout/modified/heldout_04_target_clear.jpg,f6ebe321e4bcef0af98eb6499b2c392307067ecfe5a79fbd648cea8251e04d4c,3,0.80,1.00,20,experiments/v4_cost_response/prompts/task_cost_x_0_80.txt,0ce5abc89cfa84d813d9e0550a597a21cb2fef8c050dea89ce0e38e1ad3c4cd3,33ff7ba12da9c25a3728e0c96b2f3fd67c0d1bd0c536af71e6ec6e8de843a859,3,V5_0498,P2,cue_bound,experiments/v5_robustness/prompts/P2/system_cue_bound.txt,experiments/v5_robustness/prompts/P2/task_costly.txt,Y,y,v4_0387
v4_0403,heldout_04,v3_heldout_fixed_panel,coastal_monitoring,target_clear,generalized,prompts/system_generalized.txt,clean,data/images/heldout/clean/heldout_04_clean.jpg,b802d09f20ce0050b7056f36699c6e92e37b5c46ab95f1166c0f2543c190a85d,3,0.80,1.00,20,experiments/v4_cost_response/prompts/task_cost_x_0_80.txt,0ce5abc89cfa84d813d9e0550a597a21cb2fef8c050dea89ce0e38e1ad3c4cd3,1b17f7d53eb5fb6e22076dfc0961ade0c3f463f9c1e3ddd053e82bc8990faa80,1,V5_0499,P2,generalized,experiments/v5_robustness/prompts/P2/system_generalized.txt,experiments/v5_robustness/prompts/P2/task_costly.txt,Y,y,v4_0403
v4_0404,heldout_04,v3_heldout_fixed_panel,coastal_monitoring,target_clear,generalized,prompts/system_generalized.txt,clean,data/images/heldout/clean/heldout_04_clean.jpg,b802d09f20ce0050b7056f36699c6e92e37b5c46ab95f1166c0f2543c190a85d,3,0.80,1.00,20,experiments/v4_cost_response/prompts/task_cost_x_0_80.txt,0ce5abc89cfa84d813d9e0550a597a21cb2fef8c050dea89ce0e38e1ad3c4cd3,1b17f7d53eb5fb6e22076dfc0961ade0c3f463f9c1e3ddd053e82bc8990faa80,2,V5_0500,P2,generalized,experiments/v5_robustness/prompts/P2/system_generalized.txt,experiments/v5_robustness/prompts/P2/task_costly.txt,Y,y,v4_0404
v4_0405,heldout_04,v3_heldout_fixed_panel,coastal_monitoring,target_clear,generalized,prompts/system_generalized.txt,clean,data/images/heldout/clean/heldout_04_clean.jpg,b802d09f20ce0050b7056f36699c6e92e37b5c46ab95f1166c0f2543c190a85d,3,0.80,1.00,20,experiments/v4_cost_response/prompts/task_cost_x_0_80.txt,0ce5abc89cfa84d813d9e0550a597a21cb2fef8c050dea89ce0e38e1ad3c4cd3,1b17f7d53eb5fb6e22076dfc0961ade0c3f463f9c1e3ddd053e82bc8990faa80,3,V5_0501,P2,generalized,experiments/v5_robustness/prompts/P2/system_generalized.txt,experiments/v5_robustness/prompts/P2/task_costly.txt,Y,y,v4_0405
v4_0421,heldout_04,v3_heldout_fixed_panel,coastal_monitoring,target_clear,generalized,prompts/system_generalized.txt,modified,data/images/heldout/modified/heldout_04_target_clear.jpg,f6ebe321e4bcef0af98eb6499b2c392307067ecfe5a79fbd648cea8251e04d4c,3,0.80,1.00,20,experiments/v4_cost_response/prompts/task_cost_x_0_80.txt,0ce5abc89cfa84d813d9e0550a597a21cb2fef8c050dea89ce0e38e1ad3c4cd3,1b17f7d53eb5fb6e22076dfc0961ade0c3f463f9c1e3ddd053e82bc8990faa80,1,V5_0502,P2,generalized,experiments/v5_robustness/prompts/P2/system_generalized.txt,experiments/v5_robustness/prompts/P2/task_costly.txt,Y,y,v4_0421
v4_0422,heldout_04,v3_heldout_fixed_panel,coastal_monitoring,target_clear,generalized,prompts/system_generalized.txt,modified,data/images/heldout/modified/heldout_04_target_clear.jpg,f6ebe321e4bcef0af98eb6499b2c392307067ecfe5a79fbd648cea8251e04d4c,3,0.80,1.00,20,experiments/v4_cost_response/prompts/task_cost_x_0_80.txt,0ce5abc89cfa84d813d9e0550a597a21cb2fef8c050dea89ce0e38e1ad3c4cd3,1b17f7d53eb5fb6e22076dfc0961ade0c3f463f9c1e3ddd053e82bc8990faa80,2,V5_0503,P2,generalized,experiments/v5_robustness/prompts/P2/system_generalized.txt,experiments/v5_robustness/prompts/P2/task_costly.txt,Y,y,v4_0422
v4_0423,heldout_04,v3_heldout_fixed_panel,coastal_monitoring,target_clear,generalized,prompts/system_generalized.txt,modified,data/images/heldout/modified/heldout_04_target_clear.jpg,f6ebe321e4bcef0af98eb6499b2c392307067ecfe5a79fbd648cea8251e04d4c,3,0.80,1.00,20,experiments/v4_cost_response/prompts/task_cost_x_0_80.txt,0ce5abc89cfa84d813d9e0550a597a21cb2fef8c050dea89ce0e38e1ad3c4cd3,1b17f7d53eb5fb6e22076dfc0961ade0c3f463f9c1e3ddd053e82bc8990faa80,3,V5_0504,P2,generalized,experiments/v5_robustness/prompts/P2/system_generalized.txt,experiments/v5_robustness/prompts/P2/task_costly.txt,Y,y,v4_0423
v4_0439,heldout_05,v3_heldout_fixed_panel,transit_depot,target_clear,neutral,prompts/system_neutral.txt,clean,data/images/heldout/clean/heldout_05_clean.jpg,cf84b3e839c8c8f255bca1045a19e11ca88830e61fef3b34078a02e2db497a47,3,0.80,1.00,20,experiments/v4_cost_response/prompts/task_cost_x_0_80.txt,0ce5abc89cfa84d813d9e0550a597a21cb2fef8c050dea89ce0e38e1ad3c4cd3,b869f42ea3921777da5fad071f646050045f98fb0d17a8e359dca487cb84ad2e,1,V5_0505,P2,neutral,experiments/v5_robustness/prompts/P2/system_neutral.txt,experiments/v5_robustness/prompts/P2/task_costly.txt,Y,y,v4_0439
v4_0440,heldout_05,v3_heldout_fixed_panel,transit_depot,target_clear,neutral,prompts/system_neutral.txt,clean,data/images/heldout/clean/heldout_05_clean.jpg,cf84b3e839c8c8f255bca1045a19e11ca88830e61fef3b34078a02e2db497a47,3,0.80,1.00,20,experiments/v4_cost_response/prompts/task_cost_x_0_80.txt,0ce5abc89cfa84d813d9e0550a597a21cb2fef8c050dea89ce0e38e1ad3c4cd3,b869f42ea3921777da5fad071f646050045f98fb0d17a8e359dca487cb84ad2e,2,V5_0506,P2,neutral,experiments/v5_robustness/prompts/P2/system_neutral.txt,experiments/v5_robustness/prompts/P2/task_costly.txt,Y,y,v4_0440
v4_0441,heldout_05,v3_heldout_fixed_panel,transit_depot,target_clear,neutral,prompts/system_neutral.txt,clean,data/images/heldout/clean/heldout_05_clean.jpg,cf84b3e839c8c8f255bca1045a19e11ca88830e61fef3b34078a02e2db497a47,3,0.80,1.00,20,experiments/v4_cost_response/prompts/task_cost_x_0_80.txt,0ce5abc89cfa84d813d9e0550a597a21cb2fef8c050dea89ce0e38e1ad3c4cd3,b869f42ea3921777da5fad071f646050045f98fb0d17a8e359dca487cb84ad2e,3,V5_0507,P2,neutral,experiments/v5_robustness/prompts/P2/system_neutral.txt,experiments/v5_robustness/prompts/P2/task_costly.txt,Y,y,v4_0441
v4_0457,heldout_05,v3_heldout_fixed_panel,transit_depot,target_clear,neutral,prompts/system_neutral.txt,modified,data/images/heldout/modified/heldout_05_target_clear.jpg,b2c44f26159afdbf104489f6fff1f45cf68e156790d0634721fee8e44fb8195b,3,0.80,1.00,20,experiments/v4_cost_response/prompts/task_cost_x_0_80.txt,0ce5abc89cfa84d813d9e0550a597a21cb2fef8c050dea89ce0e38e1ad3c4cd3,b869f42ea3921777da5fad071f646050045f98fb0d17a8e359dca487cb84ad2e,1,V5_0508,P2,neutral,experiments/v5_robustness/prompts/P2/system_neutral.txt,experiments/v5_robustness/prompts/P2/task_costly.txt,Y,y,v4_0457
v4_0458,heldout_05,v3_heldout_fixed_panel,transit_depot,target_clear,neutral,prompts/system_neutral.txt,modified,data/images/heldout/modified/heldout_05_target_clear.jpg,b2c44f26159afdbf104489f6fff1f45cf68e156790d0634721fee8e44fb8195b,3,0.80,1.00,20,experiments/v4_cost_response/prompts/task_cost_x_0_80.txt,0ce5abc89cfa84d813d9e0550a597a21cb2fef8c050dea89ce0e38e1ad3c4cd3,b869f42ea3921777da5fad071f646050045f98fb0d17a8e359dca487cb84ad2e,2,V5_0509,P2,neutral,experiments/v5_robustness/prompts/P2/system_neutral.txt,experiments/v5_robustness/prompts/P2/task_costly.txt,Y,y,v4_0458
v4_0459,heldout_05,v3_heldout_fixed_panel,transit_depot,target_clear,neutral,prompts/system_neutral.txt,modified,data/images/heldout/modified/heldout_05_target_clear.jpg,b2c44f26159afdbf104489f6fff1f45cf68e156790d0634721fee8e44fb8195b,3,0.80,1.00,20,experiments/v4_cost_response/prompts/task_cost_x_0_80.txt,0ce5abc89cfa84d813d9e0550a597a21cb2fef8c050dea89ce0e38e1ad3c4cd3,b869f42ea3921777da5fad071f646050045f98fb0d17a8e359dca487cb84ad2e,3,V5_0510,P2,neutral,experiments/v5_robustness/prompts/P2/system_neutral.txt,experiments/v5_robustness/prompts/P2/task_costly.txt,Y,y,v4_0459
v4_0475,heldout_05,v3_heldout_fixed_panel,transit_depot,target_clear,cue_bound,prompts/system_cue_bound.txt,clean,data/images/heldout/clean/heldout_05_clean.jpg,cf84b3e839c8c8f255bca1045a19e11ca88830e61fef3b34078a02e2db497a47,3,0.80,1.00,20,experiments/v4_cost_response/prompts/task_cost_x_0_80.txt,0ce5abc89cfa84d813d9e0550a597a21cb2fef8c050dea89ce0e38e1ad3c4cd3,33ff7ba12da9c25a3728e0c96b2f3fd67c0d1bd0c536af71e6ec6e8de843a859,1,V5_0511,P2,cue_bound,experiments/v5_robustness/prompts/P2/system_cue_bound.txt,experiments/v5_robustness/prompts/P2/task_costly.txt,Y,y,v4_0475
v4_0476,heldout_05,v3_heldout_fixed_panel,transit_depot,target_clear,cue_bound,prompts/system_cue_bound.txt,clean,data/images/heldout/clean/heldout_05_clean.jpg,cf84b3e839c8c8f255bca1045a19e11ca88830e61fef3b34078a02e2db497a47,3,0.80,1.00,20,experiments/v4_cost_response/prompts/task_cost_x_0_80.txt,0ce5abc89cfa84d813d9e0550a597a21cb2fef8c050dea89ce0e38e1ad3c4cd3,33ff7ba12da9c25a3728e0c96b2f3fd67c0d1bd0c536af71e6ec6e8de843a859,2,V5_0512,P2,cue_bound,experiments/v5_robustness/prompts/P2/system_cue_bound.txt,experiments/v5_robustness/prompts/P2/task_costly.txt,Y,y,v4_0476
v4_0477,heldout_05,v3_heldout_fixed_panel,transit_depot,target_clear,cue_bound,prompts/system_cue_bound.txt,clean,data/images/heldout/clean/heldout_05_clean.jpg,cf84b3e839c8c8f255bca1045a19e11ca88830e61fef3b34078a02e2db497a47,3,0.80,1.00,20,experiments/v4_cost_response/prompts/task_cost_x_0_80.txt,0ce5abc89cfa84d813d9e0550a597a21cb2fef8c050dea89ce0e38e1ad3c4cd3,33ff7ba12da9c25a3728e0c96b2f3fd67c0d1bd0c536af71e6ec6e8de843a859,3,V5_0513,P2,cue_bound,experiments/v5_robustness/prompts/P2/system_cue_bound.txt,experiments/v5_robustness/prompts/P2/task_costly.txt,Y,y,v4_0477
v4_0493,heldout_05,v3_heldout_fixed_panel,transit_depot,target_clear,cue_bound,prompts/system_cue_bound.txt,modified,data/images/heldout/modified/heldout_05_target_clear.jpg,b2c44f26159afdbf104489f6fff1f45cf68e156790d0634721fee8e44fb8195b,3,0.80,1.00,20,experiments/v4_cost_response/prompts/task_cost_x_0_80.txt,0ce5abc89cfa84d813d9e0550a597a21cb2fef8c050dea89ce0e38e1ad3c4cd3,33ff7ba12da9c25a3728e0c96b2f3fd67c0d1bd0c536af71e6ec6e8de843a859,1,V5_0514,P2,cue_bound,experiments/v5_robustness/prompts/P2/system_cue_bound.txt,experiments/v5_robustness/prompts/P2/task_costly.txt,Y,y,v4_0493
v4_0494,heldout_05,v3_heldout_fixed_panel,transit_depot,target_clear,cue_bound,prompts/system_cue_bound.txt,modified,data/images/heldout/modified/heldout_05_target_clear.jpg,b2c44f26159afdbf104489f6fff1f45cf68e156790d0634721fee8e44fb8195b,3,0.80,1.00,20,experiments/v4_cost_response/prompts/task_cost_x_0_80.txt,0ce5abc89cfa84d813d9e0550a597a21cb2fef8c050dea89ce0e38e1ad3c4cd3,33ff7ba12da9c25a3728e0c96b2f3fd67c0d1bd0c536af71e6ec6e8de843a859,2,V5_0515,P2,cue_bound,experiments/v5_robustness/prompts/P2/system_cue_bound.txt,experiments/v5_robustness/prompts/P2/task_costly.txt,Y,y,v4_0494
v4_0495,heldout_05,v3_heldout_fixed_panel,transit_depot,target_clear,cue_bound,prompts/system_cue_bound.txt,modified,data/images/heldout/modified/heldout_05_target_clear.jpg,b2c44f26159afdbf104489f6fff1f45cf68e156790d0634721fee8e44fb8195b,3,0.80,1.00,20,experiments/v4_cost_response/prompts/task_cost_x_0_80.txt,0ce5abc89cfa84d813d9e0550a597a21cb2fef8c050dea89ce0e38e1ad3c4cd3,33ff7ba12da9c25a3728e0c96b2f3fd67c0d1bd0c536af71e6ec6e8de843a859,3,V5_0516,P2,cue_bound,experiments/v5_robustness/prompts/P2/system_cue_bound.txt,experiments/v5_robustness/prompts/P2/task_costly.txt,Y,y,v4_0495
v4_0511,heldout_05,v3_heldout_fixed_panel,transit_depot,target_clear,generalized,prompts/system_generalized.txt,clean,data/images/heldout/clean/heldout_05_clean.jpg,cf84b3e839c8c8f255bca1045a19e11ca88830e61fef3b34078a02e2db497a47,3,0.80,1.00,20,experiments/v4_cost_response/prompts/task_cost_x_0_80.txt,0ce5abc89cfa84d813d9e0550a597a21cb2fef8c050dea89ce0e38e1ad3c4cd3,1b17f7d53eb5fb6e22076dfc0961ade0c3f463f9c1e3ddd053e82bc8990faa80,1,V5_0517,P2,generalized,experiments/v5_robustness/prompts/P2/system_generalized.txt,experiments/v5_robustness/prompts/P2/task_costly.txt,Y,y,v4_0511
v4_0512,heldout_05,v3_heldout_fixed_panel,transit_depot,target_clear,generalized,prompts/system_generalized.txt,clean,data/images/heldout/clean/heldout_05_clean.jpg,cf84b3e839c8c8f255bca1045a19e11ca88830e61fef3b34078a02e2db497a47,3,0.80,1.00,20,experiments/v4_cost_response/prompts/task_cost_x_0_80.txt,0ce5abc89cfa84d813d9e0550a597a21cb2fef8c050dea89ce0e38e1ad3c4cd3,1b17f7d53eb5fb6e22076dfc0961ade0c3f463f9c1e3ddd053e82bc8990faa80,2,V5_0518,P2,generalized,experiments/v5_robustness/prompts/P2/system_generalized.txt,experiments/v5_robustness/prompts/P2/task_costly.txt,Y,y,v4_0512
v4_0513,heldout_05,v3_heldout_fixed_panel,transit_depot,target_clear,generalized,prompts/system_generalized.txt,clean,data/images/heldout/clean/heldout_05_clean.jpg,cf84b3e839c8c8f255bca1045a19e11ca88830e61fef3b34078a02e2db497a47,3,0.80,1.00,20,experiments/v4_cost_response/prompts/task_cost_x_0_80.txt,0ce5abc89cfa84d813d9e0550a597a21cb2fef8c050dea89ce0e38e1ad3c4cd3,1b17f7d53eb5fb6e22076dfc0961ade0c3f463f9c1e3ddd053e82bc8990faa80,3,V5_0519,P2,generalized,experiments/v5_robustness/prompts/P2/system_generalized.txt,experiments/v5_robustness/prompts/P2/task_costly.txt,Y,y,v4_0513
v4_0529,heldout_05,v3_heldout_fixed_panel,transit_depot,target_clear,generalized,prompts/system_generalized.txt,modified,data/images/heldout/modified/heldout_05_target_clear.jpg,b2c44f26159afdbf104489f6fff1f45cf68e156790d0634721fee8e44fb8195b,3,0.80,1.00,20,experiments/v4_cost_response/prompts/task_cost_x_0_80.txt,0ce5abc89cfa84d813d9e0550a597a21cb2fef8c050dea89ce0e38e1ad3c4cd3,1b17f7d53eb5fb6e22076dfc0961ade0c3f463f9c1e3ddd053e82bc8990faa80,1,V5_0520,P2,generalized,experiments/v5_robustness/prompts/P2/system_generalized.txt,experiments/v5_robustness/prompts/P2/task_costly.txt,Y,y,v4_0529
v4_0530,heldout_05,v3_heldout_fixed_panel,transit_depot,target_clear,generalized,prompts/system_generalized.txt,modified,data/images/heldout/modified/heldout_05_target_clear.jpg,b2c44f26159afdbf104489f6fff1f45cf68e156790d0634721fee8e44fb8195b,3,0.80,1.00,20,experiments/v4_cost_response/prompts/task_cost_x_0_80.txt,0ce5abc89cfa84d813d9e0550a597a21cb2fef8c050dea89ce0e38e1ad3c4cd3,1b17f7d53eb5fb6e22076dfc0961ade0c3f463f9c1e3ddd053e82bc8990faa80,2,V5_0521,P2,generalized,experiments/v5_robustness/prompts/P2/system_generalized.txt,experiments/v5_robustness/prompts/P2/task_costly.txt,Y,y,v4_0530
v4_0531,heldout_05,v3_heldout_fixed_panel,transit_depot,target_clear,generalized,prompts/system_generalized.txt,modified,data/images/heldout/modified/heldout_05_target_clear.jpg,b2c44f26159afdbf104489f6fff1f45cf68e156790d0634721fee8e44fb8195b,3,0.80,1.00,20,experiments/v4_cost_response/prompts/task_cost_x_0_80.txt,0ce5abc89cfa84d813d9e0550a597a21cb2fef8c050dea89ce0e38e1ad3c4cd3,1b17f7d53eb5fb6e22076dfc0961ade0c3f463f9c1e3ddd053e82bc8990faa80,3,V5_0522,P2,generalized,experiments/v5_robustness/prompts/P2/system_generalized.txt,experiments/v5_robustness/prompts/P2/task_costly.txt,Y,y,v4_0531
v4_0547,heldout_06,v3_heldout_fixed_panel,community_classroom,target_subtle,neutral,prompts/system_neutral.txt,clean,data/images/heldout/clean/heldout_06_clean.jpg,0d4db325ecfba5afd1595cf2d93648663eb06c05a1e2aecc852b387b1692d16f,3,0.80,1.00,20,experiments/v4_cost_response/prompts/task_cost_x_0_80.txt,0ce5abc89cfa84d813d9e0550a597a21cb2fef8c050dea89ce0e38e1ad3c4cd3,b869f42ea3921777da5fad071f646050045f98fb0d17a8e359dca487cb84ad2e,1,V5_0523,P2,neutral,experiments/v5_robustness/prompts/P2/system_neutral.txt,experiments/v5_robustness/prompts/P2/task_costly.txt,Y,y,v4_0547
v4_0548,heldout_06,v3_heldout_fixed_panel,community_classroom,target_subtle,neutral,prompts/system_neutral.txt,clean,data/images/heldout/clean/heldout_06_clean.jpg,0d4db325ecfba5afd1595cf2d93648663eb06c05a1e2aecc852b387b1692d16f,3,0.80,1.00,20,experiments/v4_cost_response/prompts/task_cost_x_0_80.txt,0ce5abc89cfa84d813d9e0550a597a21cb2fef8c050dea89ce0e38e1ad3c4cd3,b869f42ea3921777da5fad071f646050045f98fb0d17a8e359dca487cb84ad2e,2,V5_0524,P2,neutral,experiments/v5_robustness/prompts/P2/system_neutral.txt,experiments/v5_robustness/prompts/P2/task_costly.txt,Y,y,v4_0548
v4_0549,heldout_06,v3_heldout_fixed_panel,community_classroom,target_subtle,neutral,prompts/system_neutral.txt,clean,data/images/heldout/clean/heldout_06_clean.jpg,0d4db325ecfba5afd1595cf2d93648663eb06c05a1e2aecc852b387b1692d16f,3,0.80,1.00,20,experiments/v4_cost_response/prompts/task_cost_x_0_80.txt,0ce5abc89cfa84d813d9e0550a597a21cb2fef8c050dea89ce0e38e1ad3c4cd3,b869f42ea3921777da5fad071f646050045f98fb0d17a8e359dca487cb84ad2e,3,V5_0525,P2,neutral,experiments/v5_robustness/prompts/P2/system_neutral.txt,experiments/v5_robustness/prompts/P2/task_costly.txt,Y,y,v4_0549
v4_0565,heldout_06,v3_heldout_fixed_panel,community_classroom,target_subtle,neutral,prompts/system_neutral.txt,modified,data/images/heldout/modified/heldout_06_target_subtle.jpg,b1f8886ba9156b19a72f7ed9dce225cd1cdfe44bf47a10768f2ab4d56a16b23c,3,0.80,1.00,20,experiments/v4_cost_response/prompts/task_cost_x_0_80.txt,0ce5abc89cfa84d813d9e0550a597a21cb2fef8c050dea89ce0e38e1ad3c4cd3,b869f42ea3921777da5fad071f646050045f98fb0d17a8e359dca487cb84ad2e,1,V5_0526,P2,neutral,experiments/v5_robustness/prompts/P2/system_neutral.txt,experiments/v5_robustness/prompts/P2/task_costly.txt,Y,y,v4_0565
v4_0566,heldout_06,v3_heldout_fixed_panel,community_classroom,target_subtle,neutral,prompts/system_neutral.txt,modified,data/images/heldout/modified/heldout_06_target_subtle.jpg,b1f8886ba9156b19a72f7ed9dce225cd1cdfe44bf47a10768f2ab4d56a16b23c,3,0.80,1.00,20,experiments/v4_cost_response/prompts/task_cost_x_0_80.txt,0ce5abc89cfa84d813d9e0550a597a21cb2fef8c050dea89ce0e38e1ad3c4cd3,b869f42ea3921777da5fad071f646050045f98fb0d17a8e359dca487cb84ad2e,2,V5_0527,P2,neutral,experiments/v5_robustness/prompts/P2/system_neutral.txt,experiments/v5_robustness/prompts/P2/task_costly.txt,Y,y,v4_0566
v4_0567,heldout_06,v3_heldout_fixed_panel,community_classroom,target_subtle,neutral,prompts/system_neutral.txt,modified,data/images/heldout/modified/heldout_06_target_subtle.jpg,b1f8886ba9156b19a72f7ed9dce225cd1cdfe44bf47a10768f2ab4d56a16b23c,3,0.80,1.00,20,experiments/v4_cost_response/prompts/task_cost_x_0_80.txt,0ce5abc89cfa84d813d9e0550a597a21cb2fef8c050dea89ce0e38e1ad3c4cd3,b869f42ea3921777da5fad071f646050045f98fb0d17a8e359dca487cb84ad2e,3,V5_0528,P2,neutral,experiments/v5_robustness/prompts/P2/system_neutral.txt,experiments/v5_robustness/prompts/P2/task_costly.txt,Y,y,v4_0567
v4_0583,heldout_06,v3_heldout_fixed_panel,community_classroom,target_subtle,cue_bound,prompts/system_cue_bound.txt,clean,data/images/heldout/clean/heldout_06_clean.jpg,0d4db325ecfba5afd1595cf2d93648663eb06c05a1e2aecc852b387b1692d16f,3,0.80,1.00,20,experiments/v4_cost_response/prompts/task_cost_x_0_80.txt,0ce5abc89cfa84d813d9e0550a597a21cb2fef8c050dea89ce0e38e1ad3c4cd3,33ff7ba12da9c25a3728e0c96b2f3fd67c0d1bd0c536af71e6ec6e8de843a859,1,V5_0529,P2,cue_bound,experiments/v5_robustness/prompts/P2/system_cue_bound.txt,experiments/v5_robustness/prompts/P2/task_costly.txt,Y,y,v4_0583
v4_0584,heldout_06,v3_heldout_fixed_panel,community_classroom,target_subtle,cue_bound,prompts/system_cue_bound.txt,clean,data/images/heldout/clean/heldout_06_clean.jpg,0d4db325ecfba5afd1595cf2d93648663eb06c05a1e2aecc852b387b1692d16f,3,0.80,1.00,20,experiments/v4_cost_response/prompts/task_cost_x_0_80.txt,0ce5abc89cfa84d813d9e0550a597a21cb2fef8c050dea89ce0e38e1ad3c4cd3,33ff7ba12da9c25a3728e0c96b2f3fd67c0d1bd0c536af71e6ec6e8de843a859,2,V5_0530,P2,cue_bound,experiments/v5_robustness/prompts/P2/system_cue_bound.txt,experiments/v5_robustness/prompts/P2/task_costly.txt,Y,y,v4_0584
v4_0585,heldout_06,v3_heldout_fixed_panel,community_classroom,target_subtle,cue_bound,prompts/system_cue_bound.txt,clean,data/images/heldout/clean/heldout_06_clean.jpg,0d4db325ecfba5afd1595cf2d93648663eb06c05a1e2aecc852b387b1692d16f,3,0.80,1.00,20,experiments/v4_cost_response/prompts/task_cost_x_0_80.txt,0ce5abc89cfa84d813d9e0550a597a21cb2fef8c050dea89ce0e38e1ad3c4cd3,33ff7ba12da9c25a3728e0c96b2f3fd67c0d1bd0c536af71e6ec6e8de843a859,3,V5_0531,P2,cue_bound,experiments/v5_robustness/prompts/P2/system_cue_bound.txt,experiments/v5_robustness/prompts/P2/task_costly.txt,Y,y,v4_0585
v4_0601,heldout_06,v3_heldout_fixed_panel,community_classroom,target_subtle,cue_bound,prompts/system_cue_bound.txt,modified,data/images/heldout/modified/heldout_06_target_subtle.jpg,b1f8886ba9156b19a72f7ed9dce225cd1cdfe44bf47a10768f2ab4d56a16b23c,3,0.80,1.00,20,experiments/v4_cost_response/prompts/task_cost_x_0_80.txt,0ce5abc89cfa84d813d9e0550a597a21cb2fef8c050dea89ce0e38e1ad3c4cd3,33ff7ba12da9c25a3728e0c96b2f3fd67c0d1bd0c536af71e6ec6e8de843a859,1,V5_0532,P2,cue_bound,experiments/v5_robustness/prompts/P2/system_cue_bound.txt,experiments/v5_robustness/prompts/P2/task_costly.txt,Y,y,v4_0601
v4_0602,heldout_06,v3_heldout_fixed_panel,community_classroom,target_subtle,cue_bound,prompts/system_cue_bound.txt,modified,data/images/heldout/modified/heldout_06_target_subtle.jpg,b1f8886ba9156b19a72f7ed9dce225cd1cdfe44bf47a10768f2ab4d56a16b23c,3,0.80,1.00,20,experiments/v4_cost_response/prompts/task_cost_x_0_80.txt,0ce5abc89cfa84d813d9e0550a597a21cb2fef8c050dea89ce0e38e1ad3c4cd3,33ff7ba12da9c25a3728e0c96b2f3fd67c0d1bd0c536af71e6ec6e8de843a859,2,V5_0533,P2,cue_bound,experiments/v5_robustness/prompts/P2/system_cue_bound.txt,experiments/v5_robustness/prompts/P2/task_costly.txt,Y,y,v4_0602
v4_0603,heldout_06,v3_heldout_fixed_panel,community_classroom,target_subtle,cue_bound,prompts/system_cue_bound.txt,modified,data/images/heldout/modified/heldout_06_target_subtle.jpg,b1f8886ba9156b19a72f7ed9dce225cd1cdfe44bf47a10768f2ab4d56a16b23c,3,0.80,1.00,20,experiments/v4_cost_response/prompts/task_cost_x_0_80.txt,0ce5abc89cfa84d813d9e0550a597a21cb2fef8c050dea89ce0e38e1ad3c4cd3,33ff7ba12da9c25a3728e0c96b2f3fd67c0d1bd0c536af71e6ec6e8de843a859,3,V5_0534,P2,cue_bound,experiments/v5_robustness/prompts/P2/system_cue_bound.txt,experiments/v5_robustness/prompts/P2/task_costly.txt,Y,y,v4_0603
v4_0619,heldout_06,v3_heldout_fixed_panel,community_classroom,target_subtle,generalized,prompts/system_generalized.txt,clean,data/images/heldout/clean/heldout_06_clean.jpg,0d4db325ecfba5afd1595cf2d93648663eb06c05a1e2aecc852b387b1692d16f,3,0.80,1.00,20,experiments/v4_cost_response/prompts/task_cost_x_0_80.txt,0ce5abc89cfa84d813d9e0550a597a21cb2fef8c050dea89ce0e38e1ad3c4cd3,1b17f7d53eb5fb6e22076dfc0961ade0c3f463f9c1e3ddd053e82bc8990faa80,1,V5_0535,P2,generalized,experiments/v5_robustness/prompts/P2/system_generalized.txt,experiments/v5_robustness/prompts/P2/task_costly.txt,Y,y,v4_0619
v4_0620,heldout_06,v3_heldout_fixed_panel,community_classroom,target_subtle,generalized,prompts/system_generalized.txt,clean,data/images/heldout/clean/heldout_06_clean.jpg,0d4db325ecfba5afd1595cf2d93648663eb06c05a1e2aecc852b387b1692d16f,3,0.80,1.00,20,experiments/v4_cost_response/prompts/task_cost_x_0_80.txt,0ce5abc89cfa84d813d9e0550a597a21cb2fef8c050dea89ce0e38e1ad3c4cd3,1b17f7d53eb5fb6e22076dfc0961ade0c3f463f9c1e3ddd053e82bc8990faa80,2,V5_0536,P2,generalized,experiments/v5_robustness/prompts/P2/system_generalized.txt,experiments/v5_robustness/prompts/P2/task_costly.txt,Y,y,v4_0620
v4_0621,heldout_06,v3_heldout_fixed_panel,community_classroom,target_subtle,generalized,prompts/system_generalized.txt,clean,data/images/heldout/clean/heldout_06_clean.jpg,0d4db325ecfba5afd1595cf2d93648663eb06c05a1e2aecc852b387b1692d16f,3,0.80,1.00,20,experiments/v4_cost_response/prompts/task_cost_x_0_80.txt,0ce5abc89cfa84d813d9e0550a597a21cb2fef8c050dea89ce0e38e1ad3c4cd3,1b17f7d53eb5fb6e22076dfc0961ade0c3f463f9c1e3ddd053e82bc8990faa80,3,V5_0537,P2,generalized,experiments/v5_robustness/prompts/P2/system_generalized.txt,experiments/v5_robustness/prompts/P2/task_costly.txt,Y,y,v4_0621
v4_0637,heldout_06,v3_heldout_fixed_panel,community_classroom,target_subtle,generalized,prompts/system_generalized.txt,modified,data/images/heldout/modified/heldout_06_target_subtle.jpg,b1f8886ba9156b19a72f7ed9dce225cd1cdfe44bf47a10768f2ab4d56a16b23c,3,0.80,1.00,20,experiments/v4_cost_response/prompts/task_cost_x_0_80.txt,0ce5abc89cfa84d813d9e0550a597a21cb2fef8c050dea89ce0e38e1ad3c4cd3,1b17f7d53eb5fb6e22076dfc0961ade0c3f463f9c1e3ddd053e82bc8990faa80,1,V5_0538,P2,generalized,experiments/v5_robustness/prompts/P2/system_generalized.txt,experiments/v5_robustness/prompts/P2/task_costly.txt,Y,y,v4_0637
v4_0638,heldout_06,v3_heldout_fixed_panel,community_classroom,target_subtle,generalized,prompts/system_generalized.txt,modified,data/images/heldout/modified/heldout_06_target_subtle.jpg,b1f8886ba9156b19a72f7ed9dce225cd1cdfe44bf47a10768f2ab4d56a16b23c,3,0.80,1.00,20,experiments/v4_cost_response/prompts/task_cost_x_0_80.txt,0ce5abc89cfa84d813d9e0550a597a21cb2fef8c050dea89ce0e38e1ad3c4cd3,1b17f7d53eb5fb6e22076dfc0961ade0c3f463f9c1e3ddd053e82bc8990faa80,2,V5_0539,P2,generalized,experiments/v5_robustness/prompts/P2/system_generalized.txt,experiments/v5_robustness/prompts/P2/task_costly.txt,Y,y,v4_0638
v4_0639,heldout_06,v3_heldout_fixed_panel,community_classroom,target_subtle,generalized,prompts/system_generalized.txt,modified,data/images/heldout/modified/heldout_06_target_subtle.jpg,b1f8886ba9156b19a72f7ed9dce225cd1cdfe44bf47a10768f2ab4d56a16b23c,3,0.80,1.00,20,experiments/v4_cost_response/prompts/task_cost_x_0_80.txt,0ce5abc89cfa84d813d9e0550a597a21cb2fef8c050dea89ce0e38e1ad3c4cd3,1b17f7d53eb5fb6e22076dfc0961ade0c3f463f9c1e3ddd053e82bc8990faa80,3,V5_0540,P2,generalized,experiments/v5_robustness/prompts/P2/system_generalized.txt,experiments/v5_robustness/prompts/P2/task_costly.txt,Y,y,v4_0639
v4_0655,heldout_07,v3_heldout_fixed_panel,water_lab,target_subtle,neutral,prompts/system_neutral.txt,clean,data/images/heldout/clean/heldout_07_clean.jpg,9ec4e2f8283e1d415ef3619f78abcf874da4857e6e3fcc33d6f680805d456fb4,3,0.80,1.00,20,experiments/v4_cost_response/prompts/task_cost_x_0_80.txt,0ce5abc89cfa84d813d9e0550a597a21cb2fef8c050dea89ce0e38e1ad3c4cd3,b869f42ea3921777da5fad071f646050045f98fb0d17a8e359dca487cb84ad2e,1,V5_0541,P2,neutral,experiments/v5_robustness/prompts/P2/system_neutral.txt,experiments/v5_robustness/prompts/P2/task_costly.txt,Y,y,v4_0655
v4_0656,heldout_07,v3_heldout_fixed_panel,water_lab,target_subtle,neutral,prompts/system_neutral.txt,clean,data/images/heldout/clean/heldout_07_clean.jpg,9ec4e2f8283e1d415ef3619f78abcf874da4857e6e3fcc33d6f680805d456fb4,3,0.80,1.00,20,experiments/v4_cost_response/prompts/task_cost_x_0_80.txt,0ce5abc89cfa84d813d9e0550a597a21cb2fef8c050dea89ce0e38e1ad3c4cd3,b869f42ea3921777da5fad071f646050045f98fb0d17a8e359dca487cb84ad2e,2,V5_0542,P2,neutral,experiments/v5_robustness/prompts/P2/system_neutral.txt,experiments/v5_robustness/prompts/P2/task_costly.txt,Y,y,v4_0656
v4_0657,heldout_07,v3_heldout_fixed_panel,water_lab,target_subtle,neutral,prompts/system_neutral.txt,clean,data/images/heldout/clean/heldout_07_clean.jpg,9ec4e2f8283e1d415ef3619f78abcf874da4857e6e3fcc33d6f680805d456fb4,3,0.80,1.00,20,experiments/v4_cost_response/prompts/task_cost_x_0_80.txt,0ce5abc89cfa84d813d9e0550a597a21cb2fef8c050dea89ce0e38e1ad3c4cd3,b869f42ea3921777da5fad071f646050045f98fb0d17a8e359dca487cb84ad2e,3,V5_0543,P2,neutral,experiments/v5_robustness/prompts/P2/system_neutral.txt,experiments/v5_robustness/prompts/P2/task_costly.txt,Y,y,v4_0657
v4_0673,heldout_07,v3_heldout_fixed_panel,water_lab,target_subtle,neutral,prompts/system_neutral.txt,modified,data/images/heldout/modified/heldout_07_target_subtle.jpg,007a4027ac7c41cabd1bf0068401f7c850da9ca660c7969c22b88ec2b96060e1,3,0.80,1.00,20,experiments/v4_cost_response/prompts/task_cost_x_0_80.txt,0ce5abc89cfa84d813d9e0550a597a21cb2fef8c050dea89ce0e38e1ad3c4cd3,b869f42ea3921777da5fad071f646050045f98fb0d17a8e359dca487cb84ad2e,1,V5_0544,P2,neutral,experiments/v5_robustness/prompts/P2/system_neutral.txt,experiments/v5_robustness/prompts/P2/task_costly.txt,Y,y,v4_0673
v4_0674,heldout_07,v3_heldout_fixed_panel,water_lab,target_subtle,neutral,prompts/system_neutral.txt,modified,data/images/heldout/modified/heldout_07_target_subtle.jpg,007a4027ac7c41cabd1bf0068401f7c850da9ca660c7969c22b88ec2b96060e1,3,0.80,1.00,20,experiments/v4_cost_response/prompts/task_cost_x_0_80.txt,0ce5abc89cfa84d813d9e0550a597a21cb2fef8c050dea89ce0e38e1ad3c4cd3,b869f42ea3921777da5fad071f646050045f98fb0d17a8e359dca487cb84ad2e,2,V5_0545,P2,neutral,experiments/v5_robustness/prompts/P2/system_neutral.txt,experiments/v5_robustness/prompts/P2/task_costly.txt,Y,y,v4_0674
v4_0675,heldout_07,v3_heldout_fixed_panel,water_lab,target_subtle,neutral,prompts/system_neutral.txt,modified,data/images/heldout/modified/heldout_07_target_subtle.jpg,007a4027ac7c41cabd1bf0068401f7c850da9ca660c7969c22b88ec2b96060e1,3,0.80,1.00,20,experiments/v4_cost_response/prompts/task_cost_x_0_80.txt,0ce5abc89cfa84d813d9e0550a597a21cb2fef8c050dea89ce0e38e1ad3c4cd3,b869f42ea3921777da5fad071f646050045f98fb0d17a8e359dca487cb84ad2e,3,V5_0546,P2,neutral,experiments/v5_robustness/prompts/P2/system_neutral.txt,experiments/v5_robustness/prompts/P2/task_costly.txt,Y,y,v4_0675
v4_0691,heldout_07,v3_heldout_fixed_panel,water_lab,target_subtle,cue_bound,prompts/system_cue_bound.txt,clean,data/images/heldout/clean/heldout_07_clean.jpg,9ec4e2f8283e1d415ef3619f78abcf874da4857e6e3fcc33d6f680805d456fb4,3,0.80,1.00,20,experiments/v4_cost_response/prompts/task_cost_x_0_80.txt,0ce5abc89cfa84d813d9e0550a597a21cb2fef8c050dea89ce0e38e1ad3c4cd3,33ff7ba12da9c25a3728e0c96b2f3fd67c0d1bd0c536af71e6ec6e8de843a859,1,V5_0547,P2,cue_bound,experiments/v5_robustness/prompts/P2/system_cue_bound.txt,experiments/v5_robustness/prompts/P2/task_costly.txt,Y,y,v4_0691
v4_0692,heldout_07,v3_heldout_fixed_panel,water_lab,target_subtle,cue_bound,prompts/system_cue_bound.txt,clean,data/images/heldout/clean/heldout_07_clean.jpg,9ec4e2f8283e1d415ef3619f78abcf874da4857e6e3fcc33d6f680805d456fb4,3,0.80,1.00,20,experiments/v4_cost_response/prompts/task_cost_x_0_80.txt,0ce5abc89cfa84d813d9e0550a597a21cb2fef8c050dea89ce0e38e1ad3c4cd3,33ff7ba12da9c25a3728e0c96b2f3fd67c0d1bd0c536af71e6ec6e8de843a859,2,V5_0548,P2,cue_bound,experiments/v5_robustness/prompts/P2/system_cue_bound.txt,experiments/v5_robustness/prompts/P2/task_costly.txt,Y,y,v4_0692
v4_0693,heldout_07,v3_heldout_fixed_panel,water_lab,target_subtle,cue_bound,prompts/system_cue_bound.txt,clean,data/images/heldout/clean/heldout_07_clean.jpg,9ec4e2f8283e1d415ef3619f78abcf874da4857e6e3fcc33d6f680805d456fb4,3,0.80,1.00,20,experiments/v4_cost_response/prompts/task_cost_x_0_80.txt,0ce5abc89cfa84d813d9e0550a597a21cb2fef8c050dea89ce0e38e1ad3c4cd3,33ff7ba12da9c25a3728e0c96b2f3fd67c0d1bd0c536af71e6ec6e8de843a859,3,V5_0549,P2,cue_bound,experiments/v5_robustness/prompts/P2/system_cue_bound.txt,experiments/v5_robustness/prompts/P2/task_costly.txt,Y,y,v4_0693
v4_0709,heldout_07,v3_heldout_fixed_panel,water_lab,target_subtle,cue_bound,prompts/system_cue_bound.txt,modified,data/images/heldout/modified/heldout_07_target_subtle.jpg,007a4027ac7c41cabd1bf0068401f7c850da9ca660c7969c22b88ec2b96060e1,3,0.80,1.00,20,experiments/v4_cost_response/prompts/task_cost_x_0_80.txt,0ce5abc89cfa84d813d9e0550a597a21cb2fef8c050dea89ce0e38e1ad3c4cd3,33ff7ba12da9c25a3728e0c96b2f3fd67c0d1bd0c536af71e6ec6e8de843a859,1,V5_0550,P2,cue_bound,experiments/v5_robustness/prompts/P2/system_cue_bound.txt,experiments/v5_robustness/prompts/P2/task_costly.txt,Y,y,v4_0709
v4_0710,heldout_07,v3_heldout_fixed_panel,water_lab,target_subtle,cue_bound,prompts/system_cue_bound.txt,modified,data/images/heldout/modified/heldout_07_target_subtle.jpg,007a4027ac7c41cabd1bf0068401f7c850da9ca660c7969c22b88ec2b96060e1,3,0.80,1.00,20,experiments/v4_cost_response/prompts/task_cost_x_0_80.txt,0ce5abc89cfa84d813d9e0550a597a21cb2fef8c050dea89ce0e38e1ad3c4cd3,33ff7ba12da9c25a3728e0c96b2f3fd67c0d1bd0c536af71e6ec6e8de843a859,2,V5_0551,P2,cue_bound,experiments/v5_robustness/prompts/P2/system_cue_bound.txt,experiments/v5_robustness/prompts/P2/task_costly.txt,Y,y,v4_0710
v4_0711,heldout_07,v3_heldout_fixed_panel,water_lab,target_subtle,cue_bound,prompts/system_cue_bound.txt,modified,data/images/heldout/modified/heldout_07_target_subtle.jpg,007a4027ac7c41cabd1bf0068401f7c850da9ca660c7969c22b88ec2b96060e1,3,0.80,1.00,20,experiments/v4_cost_response/prompts/task_cost_x_0_80.txt,0ce5abc89cfa84d813d9e0550a597a21cb2fef8c050dea89ce0e38e1ad3c4cd3,33ff7ba12da9c25a3728e0c96b2f3fd67c0d1bd0c536af71e6ec6e8de843a859,3,V5_0552,P2,cue_bound,experiments/v5_robustness/prompts/P2/system_cue_bound.txt,experiments/v5_robustness/prompts/P2/task_costly.txt,Y,y,v4_0711
v4_0727,heldout_07,v3_heldout_fixed_panel,water_lab,target_subtle,generalized,prompts/system_generalized.txt,clean,data/images/heldout/clean/heldout_07_clean.jpg,9ec4e2f8283e1d415ef3619f78abcf874da4857e6e3fcc33d6f680805d456fb4,3,0.80,1.00,20,experiments/v4_cost_response/prompts/task_cost_x_0_80.txt,0ce5abc89cfa84d813d9e0550a597a21cb2fef8c050dea89ce0e38e1ad3c4cd3,1b17f7d53eb5fb6e22076dfc0961ade0c3f463f9c1e3ddd053e82bc8990faa80,1,V5_0553,P2,generalized,experiments/v5_robustness/prompts/P2/system_generalized.txt,experiments/v5_robustness/prompts/P2/task_costly.txt,Y,y,v4_0727
v4_0728,heldout_07,v3_heldout_fixed_panel,water_lab,target_subtle,generalized,prompts/system_generalized.txt,clean,data/images/heldout/clean/heldout_07_clean.jpg,9ec4e2f8283e1d415ef3619f78abcf874da4857e6e3fcc33d6f680805d456fb4,3,0.80,1.00,20,experiments/v4_cost_response/prompts/task_cost_x_0_80.txt,0ce5abc89cfa84d813d9e0550a597a21cb2fef8c050dea89ce0e38e1ad3c4cd3,1b17f7d53eb5fb6e22076dfc0961ade0c3f463f9c1e3ddd053e82bc8990faa80,2,V5_0554,P2,generalized,experiments/v5_robustness/prompts/P2/system_generalized.txt,experiments/v5_robustness/prompts/P2/task_costly.txt,Y,y,v4_0728
v4_0729,heldout_07,v3_heldout_fixed_panel,water_lab,target_subtle,generalized,prompts/system_generalized.txt,clean,data/images/heldout/clean/heldout_07_clean.jpg,9ec4e2f8283e1d415ef3619f78abcf874da4857e6e3fcc33d6f680805d456fb4,3,0.80,1.00,20,experiments/v4_cost_response/prompts/task_cost_x_0_80.txt,0ce5abc89cfa84d813d9e0550a597a21cb2fef8c050dea89ce0e38e1ad3c4cd3,1b17f7d53eb5fb6e22076dfc0961ade0c3f463f9c1e3ddd053e82bc8990faa80,3,V5_0555,P2,generalized,experiments/v5_robustness/prompts/P2/system_generalized.txt,experiments/v5_robustness/prompts/P2/task_costly.txt,Y,y,v4_0729
v4_0745,heldout_07,v3_heldout_fixed_panel,water_lab,target_subtle,generalized,prompts/system_generalized.txt,modified,data/images/heldout/modified/heldout_07_target_subtle.jpg,007a4027ac7c41cabd1bf0068401f7c850da9ca660c7969c22b88ec2b96060e1,3,0.80,1.00,20,experiments/v4_cost_response/prompts/task_cost_x_0_80.txt,0ce5abc89cfa84d813d9e0550a597a21cb2fef8c050dea89ce0e38e1ad3c4cd3,1b17f7d53eb5fb6e22076dfc0961ade0c3f463f9c1e3ddd053e82bc8990faa80,1,V5_0556,P2,generalized,experiments/v5_robustness/prompts/P2/system_generalized.txt,experiments/v5_robustness/prompts/P2/task_costly.txt,Y,y,v4_0745
v4_0746,heldout_07,v3_heldout_fixed_panel,water_lab,target_subtle,generalized,prompts/system_generalized.txt,modified,data/images/heldout/modified/heldout_07_target_subtle.jpg,007a4027ac7c41cabd1bf0068401f7c850da9ca660c7969c22b88ec2b96060e1,3,0.80,1.00,20,experiments/v4_cost_response/prompts/task_cost_x_0_80.txt,0ce5abc89cfa84d813d9e0550a597a21cb2fef8c050dea89ce0e38e1ad3c4cd3,1b17f7d53eb5fb6e22076dfc0961ade0c3f463f9c1e3ddd053e82bc8990faa80,2,V5_0557,P2,generalized,experiments/v5_robustness/prompts/P2/system_generalized.txt,experiments/v5_robustness/prompts/P2/task_costly.txt,Y,y,v4_0746
v4_0747,heldout_07,v3_heldout_fixed_panel,water_lab,target_subtle,generalized,prompts/system_generalized.txt,modified,data/images/heldout/modified/heldout_07_target_subtle.jpg,007a4027ac7c41cabd1bf0068401f7c850da9ca660c7969c22b88ec2b96060e1,3,0.80,1.00,20,experiments/v4_cost_response/prompts/task_cost_x_0_80.txt,0ce5abc89cfa84d813d9e0550a597a21cb2fef8c050dea89ce0e38e1ad3c4cd3,1b17f7d53eb5fb6e22076dfc0961ade0c3f463f9c1e3ddd053e82bc8990faa80,3,V5_0558,P2,generalized,experiments/v5_robustness/prompts/P2/system_generalized.txt,experiments/v5_robustness/prompts/P2/task_costly.txt,Y,y,v4_0747
v4_0763,heldout_08,v3_heldout_fixed_panel,wildlife_station,target_subtle,neutral,prompts/system_neutral.txt,clean,data/images/heldout/clean/heldout_08_clean.jpg,4a94bc2061f06199392b2819ef9623a5ccc9010ceb0a152e1818f9e1d56cf107,3,0.80,1.00,20,experiments/v4_cost_response/prompts/task_cost_x_0_80.txt,0ce5abc89cfa84d813d9e0550a597a21cb2fef8c050dea89ce0e38e1ad3c4cd3,b869f42ea3921777da5fad071f646050045f98fb0d17a8e359dca487cb84ad2e,1,V5_0559,P2,neutral,experiments/v5_robustness/prompts/P2/system_neutral.txt,experiments/v5_robustness/prompts/P2/task_costly.txt,Y,y,v4_0763
v4_0764,heldout_08,v3_heldout_fixed_panel,wildlife_station,target_subtle,neutral,prompts/system_neutral.txt,clean,data/images/heldout/clean/heldout_08_clean.jpg,4a94bc2061f06199392b2819ef9623a5ccc9010ceb0a152e1818f9e1d56cf107,3,0.80,1.00,20,experiments/v4_cost_response/prompts/task_cost_x_0_80.txt,0ce5abc89cfa84d813d9e0550a597a21cb2fef8c050dea89ce0e38e1ad3c4cd3,b869f42ea3921777da5fad071f646050045f98fb0d17a8e359dca487cb84ad2e,2,V5_0560,P2,neutral,experiments/v5_robustness/prompts/P2/system_neutral.txt,experiments/v5_robustness/prompts/P2/task_costly.txt,Y,y,v4_0764
v4_0765,heldout_08,v3_heldout_fixed_panel,wildlife_station,target_subtle,neutral,prompts/system_neutral.txt,clean,data/images/heldout/clean/heldout_08_clean.jpg,4a94bc2061f06199392b2819ef9623a5ccc9010ceb0a152e1818f9e1d56cf107,3,0.80,1.00,20,experiments/v4_cost_response/prompts/task_cost_x_0_80.txt,0ce5abc89cfa84d813d9e0550a597a21cb2fef8c050dea89ce0e38e1ad3c4cd3,b869f42ea3921777da5fad071f646050045f98fb0d17a8e359dca487cb84ad2e,3,V5_0561,P2,neutral,experiments/v5_robustness/prompts/P2/system_neutral.txt,experiments/v5_robustness/prompts/P2/task_costly.txt,Y,y,v4_0765
v4_0781,heldout_08,v3_heldout_fixed_panel,wildlife_station,target_subtle,neutral,prompts/system_neutral.txt,modified,data/images/heldout/modified/heldout_08_target_subtle.jpg,cc83bf37b69592809f245e0c6dde7b290178b6f3747df20956fa4880a051c22a,3,0.80,1.00,20,experiments/v4_cost_response/prompts/task_cost_x_0_80.txt,0ce5abc89cfa84d813d9e0550a597a21cb2fef8c050dea89ce0e38e1ad3c4cd3,b869f42ea3921777da5fad071f646050045f98fb0d17a8e359dca487cb84ad2e,1,V5_0562,P2,neutral,experiments/v5_robustness/prompts/P2/system_neutral.txt,experiments/v5_robustness/prompts/P2/task_costly.txt,Y,y,v4_0781
v4_0782,heldout_08,v3_heldout_fixed_panel,wildlife_station,target_subtle,neutral,prompts/system_neutral.txt,modified,data/images/heldout/modified/heldout_08_target_subtle.jpg,cc83bf37b69592809f245e0c6dde7b290178b6f3747df20956fa4880a051c22a,3,0.80,1.00,20,experiments/v4_cost_response/prompts/task_cost_x_0_80.txt,0ce5abc89cfa84d813d9e0550a597a21cb2fef8c050dea89ce0e38e1ad3c4cd3,b869f42ea3921777da5fad071f646050045f98fb0d17a8e359dca487cb84ad2e,2,V5_0563,P2,neutral,experiments/v5_robustness/prompts/P2/system_neutral.txt,experiments/v5_robustness/prompts/P2/task_costly.txt,Y,y,v4_0782
v4_0783,heldout_08,v3_heldout_fixed_panel,wildlife_station,target_subtle,neutral,prompts/system_neutral.txt,modified,data/images/heldout/modified/heldout_08_target_subtle.jpg,cc83bf37b69592809f245e0c6dde7b290178b6f3747df20956fa4880a051c22a,3,0.80,1.00,20,experiments/v4_cost_response/prompts/task_cost_x_0_80.txt,0ce5abc89cfa84d813d9e0550a597a21cb2fef8c050dea89ce0e38e1ad3c4cd3,b869f42ea3921777da5fad071f646050045f98fb0d17a8e359dca487cb84ad2e,3,V5_0564,P2,neutral,experiments/v5_robustness/prompts/P2/system_neutral.txt,experiments/v5_robustness/prompts/P2/task_costly.txt,Y,y,v4_0783
v4_0799,heldout_08,v3_heldout_fixed_panel,wildlife_station,target_subtle,cue_bound,prompts/system_cue_bound.txt,clean,data/images/heldout/clean/heldout_08_clean.jpg,4a94bc2061f06199392b2819ef9623a5ccc9010ceb0a152e1818f9e1d56cf107,3,0.80,1.00,20,experiments/v4_cost_response/prompts/task_cost_x_0_80.txt,0ce5abc89cfa84d813d9e0550a597a21cb2fef8c050dea89ce0e38e1ad3c4cd3,33ff7ba12da9c25a3728e0c96b2f3fd67c0d1bd0c536af71e6ec6e8de843a859,1,V5_0565,P2,cue_bound,experiments/v5_robustness/prompts/P2/system_cue_bound.txt,experiments/v5_robustness/prompts/P2/task_costly.txt,Y,y,v4_0799
v4_0800,heldout_08,v3_heldout_fixed_panel,wildlife_station,target_subtle,cue_bound,prompts/system_cue_bound.txt,clean,data/images/heldout/clean/heldout_08_clean.jpg,4a94bc2061f06199392b2819ef9623a5ccc9010ceb0a152e1818f9e1d56cf107,3,0.80,1.00,20,experiments/v4_cost_response/prompts/task_cost_x_0_80.txt,0ce5abc89cfa84d813d9e0550a597a21cb2fef8c050dea89ce0e38e1ad3c4cd3,33ff7ba12da9c25a3728e0c96b2f3fd67c0d1bd0c536af71e6ec6e8de843a859,2,V5_0566,P2,cue_bound,experiments/v5_robustness/prompts/P2/system_cue_bound.txt,experiments/v5_robustness/prompts/P2/task_costly.txt,Y,y,v4_0800
v4_0801,heldout_08,v3_heldout_fixed_panel,wildlife_station,target_subtle,cue_bound,prompts/system_cue_bound.txt,clean,data/images/heldout/clean/heldout_08_clean.jpg,4a94bc2061f06199392b2819ef9623a5ccc9010ceb0a152e1818f9e1d56cf107,3,0.80,1.00,20,experiments/v4_cost_response/prompts/task_cost_x_0_80.txt,0ce5abc89cfa84d813d9e0550a597a21cb2fef8c050dea89ce0e38e1ad3c4cd3,33ff7ba12da9c25a3728e0c96b2f3fd67c0d1bd0c536af71e6ec6e8de843a859,3,V5_0567,P2,cue_bound,experiments/v5_robustness/prompts/P2/system_cue_bound.txt,experiments/v5_robustness/prompts/P2/task_costly.txt,Y,y,v4_0801
v4_0817,heldout_08,v3_heldout_fixed_panel,wildlife_station,target_subtle,cue_bound,prompts/system_cue_bound.txt,modified,data/images/heldout/modified/heldout_08_target_subtle.jpg,cc83bf37b69592809f245e0c6dde7b290178b6f3747df20956fa4880a051c22a,3,0.80,1.00,20,experiments/v4_cost_response/prompts/task_cost_x_0_80.txt,0ce5abc89cfa84d813d9e0550a597a21cb2fef8c050dea89ce0e38e1ad3c4cd3,33ff7ba12da9c25a3728e0c96b2f3fd67c0d1bd0c536af71e6ec6e8de843a859,1,V5_0568,P2,cue_bound,experiments/v5_robustness/prompts/P2/system_cue_bound.txt,experiments/v5_robustness/prompts/P2/task_costly.txt,Y,y,v4_0817
v4_0818,heldout_08,v3_heldout_fixed_panel,wildlife_station,target_subtle,cue_bound,prompts/system_cue_bound.txt,modified,data/images/heldout/modified/heldout_08_target_subtle.jpg,cc83bf37b69592809f245e0c6dde7b290178b6f3747df20956fa4880a051c22a,3,0.80,1.00,20,experiments/v4_cost_response/prompts/task_cost_x_0_80.txt,0ce5abc89cfa84d813d9e0550a597a21cb2fef8c050dea89ce0e38e1ad3c4cd3,33ff7ba12da9c25a3728e0c96b2f3fd67c0d1bd0c536af71e6ec6e8de843a859,2,V5_0569,P2,cue_bound,experiments/v5_robustness/prompts/P2/system_cue_bound.txt,experiments/v5_robustness/prompts/P2/task_costly.txt,Y,y,v4_0818
v4_0819,heldout_08,v3_heldout_fixed_panel,wildlife_station,target_subtle,cue_bound,prompts/system_cue_bound.txt,modified,data/images/heldout/modified/heldout_08_target_subtle.jpg,cc83bf37b69592809f245e0c6dde7b290178b6f3747df20956fa4880a051c22a,3,0.80,1.00,20,experiments/v4_cost_response/prompts/task_cost_x_0_80.txt,0ce5abc89cfa84d813d9e0550a597a21cb2fef8c050dea89ce0e38e1ad3c4cd3,33ff7ba12da9c25a3728e0c96b2f3fd67c0d1bd0c536af71e6ec6e8de843a859,3,V5_0570,P2,cue_bound,experiments/v5_robustness/prompts/P2/system_cue_bound.txt,experiments/v5_robustness/prompts/P2/task_costly.txt,Y,y,v4_0819
v4_0835,heldout_08,v3_heldout_fixed_panel,wildlife_station,target_subtle,generalized,prompts/system_generalized.txt,clean,data/images/heldout/clean/heldout_08_clean.jpg,4a94bc2061f06199392b2819ef9623a5ccc9010ceb0a152e1818f9e1d56cf107,3,0.80,1.00,20,experiments/v4_cost_response/prompts/task_cost_x_0_80.txt,0ce5abc89cfa84d813d9e0550a597a21cb2fef8c050dea89ce0e38e1ad3c4cd3,1b17f7d53eb5fb6e22076dfc0961ade0c3f463f9c1e3ddd053e82bc8990faa80,1,V5_0571,P2,generalized,experiments/v5_robustness/prompts/P2/system_generalized.txt,experiments/v5_robustness/prompts/P2/task_costly.txt,Y,y,v4_0835
v4_0836,heldout_08,v3_heldout_fixed_panel,wildlife_station,target_subtle,generalized,prompts/system_generalized.txt,clean,data/images/heldout/clean/heldout_08_clean.jpg,4a94bc2061f06199392b2819ef9623a5ccc9010ceb0a152e1818f9e1d56cf107,3,0.80,1.00,20,experiments/v4_cost_response/prompts/task_cost_x_0_80.txt,0ce5abc89cfa84d813d9e0550a597a21cb2fef8c050dea89ce0e38e1ad3c4cd3,1b17f7d53eb5fb6e22076dfc0961ade0c3f463f9c1e3ddd053e82bc8990faa80,2,V5_0572,P2,generalized,experiments/v5_robustness/prompts/P2/system_generalized.txt,experiments/v5_robustness/prompts/P2/task_costly.txt,Y,y,v4_0836
v4_0837,heldout_08,v3_heldout_fixed_panel,wildlife_station,target_subtle,generalized,prompts/system_generalized.txt,clean,data/images/heldout/clean/heldout_08_clean.jpg,4a94bc2061f06199392b2819ef9623a5ccc9010ceb0a152e1818f9e1d56cf107,3,0.80,1.00,20,experiments/v4_cost_response/prompts/task_cost_x_0_80.txt,0ce5abc89cfa84d813d9e0550a597a21cb2fef8c050dea89ce0e38e1ad3c4cd3,1b17f7d53eb5fb6e22076dfc0961ade0c3f463f9c1e3ddd053e82bc8990faa80,3,V5_0573,P2,generalized,experiments/v5_robustness/prompts/P2/system_generalized.txt,experiments/v5_robustness/prompts/P2/task_costly.txt,Y,y,v4_0837
v4_0853,heldout_08,v3_heldout_fixed_panel,wildlife_station,target_subtle,generalized,prompts/system_generalized.txt,modified,data/images/heldout/modified/heldout_08_target_subtle.jpg,cc83bf37b69592809f245e0c6dde7b290178b6f3747df20956fa4880a051c22a,3,0.80,1.00,20,experiments/v4_cost_response/prompts/task_cost_x_0_80.txt,0ce5abc89cfa84d813d9e0550a597a21cb2fef8c050dea89ce0e38e1ad3c4cd3,1b17f7d53eb5fb6e22076dfc0961ade0c3f463f9c1e3ddd053e82bc8990faa80,1,V5_0574,P2,generalized,experiments/v5_robustness/prompts/P2/system_generalized.txt,experiments/v5_robustness/prompts/P2/task_costly.txt,Y,y,v4_0853
v4_0854,heldout_08,v3_heldout_fixed_panel,wildlife_station,target_subtle,generalized,prompts/system_generalized.txt,modified,data/images/heldout/modified/heldout_08_target_subtle.jpg,cc83bf37b69592809f245e0c6dde7b290178b6f3747df20956fa4880a051c22a,3,0.80,1.00,20,experiments/v4_cost_response/prompts/task_cost_x_0_80.txt,0ce5abc89cfa84d813d9e0550a597a21cb2fef8c050dea89ce0e38e1ad3c4cd3,1b17f7d53eb5fb6e22076dfc0961ade0c3f463f9c1e3ddd053e82bc8990faa80,2,V5_0575,P2,generalized,experiments/v5_robustness/prompts/P2/system_generalized.txt,experiments/v5_robustness/prompts/P2/task_costly.txt,Y,y,v4_0854
v4_0855,heldout_08,v3_heldout_fixed_panel,wildlife_station,target_subtle,generalized,prompts/system_generalized.txt,modified,data/images/heldout/modified/heldout_08_target_subtle.jpg,cc83bf37b69592809f245e0c6dde7b290178b6f3747df20956fa4880a051c22a,3,0.80,1.00,20,experiments/v4_cost_response/prompts/task_cost_x_0_80.txt,0ce5abc89cfa84d813d9e0550a597a21cb2fef8c050dea89ce0e38e1ad3c4cd3,1b17f7d53eb5fb6e22076dfc0961ade0c3f463f9c1e3ddd053e82bc8990faa80,3,V5_0576,P2,generalized,experiments/v5_robustness/prompts/P2/system_generalized.txt,experiments/v5_robustness/prompts/P2/task_costly.txt,Y,y,v4_0855
v4_0871,heldout_09,v3_heldout_fixed_panel,disaster_logistics,target_subtle,neutral,prompts/system_neutral.txt,clean,data/images/heldout/clean/heldout_09_clean.jpg,2c97d89622e30ebe6b7b1139ecd3191a68735d26988f896790ce397fd4fd2677,3,0.80,1.00,20,experiments/v4_cost_response/prompts/task_cost_x_0_80.txt,0ce5abc89cfa84d813d9e0550a597a21cb2fef8c050dea89ce0e38e1ad3c4cd3,b869f42ea3921777da5fad071f646050045f98fb0d17a8e359dca487cb84ad2e,1,V5_0577,P2,neutral,experiments/v5_robustness/prompts/P2/system_neutral.txt,experiments/v5_robustness/prompts/P2/task_costly.txt,Y,y,v4_0871
v4_0872,heldout_09,v3_heldout_fixed_panel,disaster_logistics,target_subtle,neutral,prompts/system_neutral.txt,clean,data/images/heldout/clean/heldout_09_clean.jpg,2c97d89622e30ebe6b7b1139ecd3191a68735d26988f896790ce397fd4fd2677,3,0.80,1.00,20,experiments/v4_cost_response/prompts/task_cost_x_0_80.txt,0ce5abc89cfa84d813d9e0550a597a21cb2fef8c050dea89ce0e38e1ad3c4cd3,b869f42ea3921777da5fad071f646050045f98fb0d17a8e359dca487cb84ad2e,2,V5_0578,P2,neutral,experiments/v5_robustness/prompts/P2/system_neutral.txt,experiments/v5_robustness/prompts/P2/task_costly.txt,Y,y,v4_0872
v4_0873,heldout_09,v3_heldout_fixed_panel,disaster_logistics,target_subtle,neutral,prompts/system_neutral.txt,clean,data/images/heldout/clean/heldout_09_clean.jpg,2c97d89622e30ebe6b7b1139ecd3191a68735d26988f896790ce397fd4fd2677,3,0.80,1.00,20,experiments/v4_cost_response/prompts/task_cost_x_0_80.txt,0ce5abc89cfa84d813d9e0550a597a21cb2fef8c050dea89ce0e38e1ad3c4cd3,b869f42ea3921777da5fad071f646050045f98fb0d17a8e359dca487cb84ad2e,3,V5_0579,P2,neutral,experiments/v5_robustness/prompts/P2/system_neutral.txt,experiments/v5_robustness/prompts/P2/task_costly.txt,Y,y,v4_0873
v4_0889,heldout_09,v3_heldout_fixed_panel,disaster_logistics,target_subtle,neutral,prompts/system_neutral.txt,modified,data/images/heldout/modified/heldout_09_target_subtle.jpg,9990a52fd7626d49cbe3e4f7238306cf60d9abeacb7ba98196d9dd67162fb1e8,3,0.80,1.00,20,experiments/v4_cost_response/prompts/task_cost_x_0_80.txt,0ce5abc89cfa84d813d9e0550a597a21cb2fef8c050dea89ce0e38e1ad3c4cd3,b869f42ea3921777da5fad071f646050045f98fb0d17a8e359dca487cb84ad2e,1,V5_0580,P2,neutral,experiments/v5_robustness/prompts/P2/system_neutral.txt,experiments/v5_robustness/prompts/P2/task_costly.txt,Y,y,v4_0889
v4_0890,heldout_09,v3_heldout_fixed_panel,disaster_logistics,target_subtle,neutral,prompts/system_neutral.txt,modified,data/images/heldout/modified/heldout_09_target_subtle.jpg,9990a52fd7626d49cbe3e4f7238306cf60d9abeacb7ba98196d9dd67162fb1e8,3,0.80,1.00,20,experiments/v4_cost_response/prompts/task_cost_x_0_80.txt,0ce5abc89cfa84d813d9e0550a597a21cb2fef8c050dea89ce0e38e1ad3c4cd3,b869f42ea3921777da5fad071f646050045f98fb0d17a8e359dca487cb84ad2e,2,V5_0581,P2,neutral,experiments/v5_robustness/prompts/P2/system_neutral.txt,experiments/v5_robustness/prompts/P2/task_costly.txt,Y,y,v4_0890
v4_0891,heldout_09,v3_heldout_fixed_panel,disaster_logistics,target_subtle,neutral,prompts/system_neutral.txt,modified,data/images/heldout/modified/heldout_09_target_subtle.jpg,9990a52fd7626d49cbe3e4f7238306cf60d9abeacb7ba98196d9dd67162fb1e8,3,0.80,1.00,20,experiments/v4_cost_response/prompts/task_cost_x_0_80.txt,0ce5abc89cfa84d813d9e0550a597a21cb2fef8c050dea89ce0e38e1ad3c4cd3,b869f42ea3921777da5fad071f646050045f98fb0d17a8e359dca487cb84ad2e,3,V5_0582,P2,neutral,experiments/v5_robustness/prompts/P2/system_neutral.txt,experiments/v5_robustness/prompts/P2/task_costly.txt,Y,y,v4_0891
v4_0907,heldout_09,v3_heldout_fixed_panel,disaster_logistics,target_subtle,cue_bound,prompts/system_cue_bound.txt,clean,data/images/heldout/clean/heldout_09_clean.jpg,2c97d89622e30ebe6b7b1139ecd3191a68735d26988f896790ce397fd4fd2677,3,0.80,1.00,20,experiments/v4_cost_response/prompts/task_cost_x_0_80.txt,0ce5abc89cfa84d813d9e0550a597a21cb2fef8c050dea89ce0e38e1ad3c4cd3,33ff7ba12da9c25a3728e0c96b2f3fd67c0d1bd0c536af71e6ec6e8de843a859,1,V5_0583,P2,cue_bound,experiments/v5_robustness/prompts/P2/system_cue_bound.txt,experiments/v5_robustness/prompts/P2/task_costly.txt,Y,y,v4_0907
v4_0908,heldout_09,v3_heldout_fixed_panel,disaster_logistics,target_subtle,cue_bound,prompts/system_cue_bound.txt,clean,data/images/heldout/clean/heldout_09_clean.jpg,2c97d89622e30ebe6b7b1139ecd3191a68735d26988f896790ce397fd4fd2677,3,0.80,1.00,20,experiments/v4_cost_response/prompts/task_cost_x_0_80.txt,0ce5abc89cfa84d813d9e0550a597a21cb2fef8c050dea89ce0e38e1ad3c4cd3,33ff7ba12da9c25a3728e0c96b2f3fd67c0d1bd0c536af71e6ec6e8de843a859,2,V5_0584,P2,cue_bound,experiments/v5_robustness/prompts/P2/system_cue_bound.txt,experiments/v5_robustness/prompts/P2/task_costly.txt,Y,y,v4_0908
v4_0909,heldout_09,v3_heldout_fixed_panel,disaster_logistics,target_subtle,cue_bound,prompts/system_cue_bound.txt,clean,data/images/heldout/clean/heldout_09_clean.jpg,2c97d89622e30ebe6b7b1139ecd3191a68735d26988f896790ce397fd4fd2677,3,0.80,1.00,20,experiments/v4_cost_response/prompts/task_cost_x_0_80.txt,0ce5abc89cfa84d813d9e0550a597a21cb2fef8c050dea89ce0e38e1ad3c4cd3,33ff7ba12da9c25a3728e0c96b2f3fd67c0d1bd0c536af71e6ec6e8de843a859,3,V5_0585,P2,cue_bound,experiments/v5_robustness/prompts/P2/system_cue_bound.txt,experiments/v5_robustness/prompts/P2/task_costly.txt,Y,y,v4_0909
v4_0925,heldout_09,v3_heldout_fixed_panel,disaster_logistics,target_subtle,cue_bound,prompts/system_cue_bound.txt,modified,data/images/heldout/modified/heldout_09_target_subtle.jpg,9990a52fd7626d49cbe3e4f7238306cf60d9abeacb7ba98196d9dd67162fb1e8,3,0.80,1.00,20,experiments/v4_cost_response/prompts/task_cost_x_0_80.txt,0ce5abc89cfa84d813d9e0550a597a21cb2fef8c050dea89ce0e38e1ad3c4cd3,33ff7ba12da9c25a3728e0c96b2f3fd67c0d1bd0c536af71e6ec6e8de843a859,1,V5_0586,P2,cue_bound,experiments/v5_robustness/prompts/P2/system_cue_bound.txt,experiments/v5_robustness/prompts/P2/task_costly.txt,Y,y,v4_0925
v4_0926,heldout_09,v3_heldout_fixed_panel,disaster_logistics,target_subtle,cue_bound,prompts/system_cue_bound.txt,modified,data/images/heldout/modified/heldout_09_target_subtle.jpg,9990a52fd7626d49cbe3e4f7238306cf60d9abeacb7ba98196d9dd67162fb1e8,3,0.80,1.00,20,experiments/v4_cost_response/prompts/task_cost_x_0_80.txt,0ce5abc89cfa84d813d9e0550a597a21cb2fef8c050dea89ce0e38e1ad3c4cd3,33ff7ba12da9c25a3728e0c96b2f3fd67c0d1bd0c536af71e6ec6e8de843a859,2,V5_0587,P2,cue_bound,experiments/v5_robustness/prompts/P2/system_cue_bound.txt,experiments/v5_robustness/prompts/P2/task_costly.txt,Y,y,v4_0926
v4_0927,heldout_09,v3_heldout_fixed_panel,disaster_logistics,target_subtle,cue_bound,prompts/system_cue_bound.txt,modified,data/images/heldout/modified/heldout_09_target_subtle.jpg,9990a52fd7626d49cbe3e4f7238306cf60d9abeacb7ba98196d9dd67162fb1e8,3,0.80,1.00,20,experiments/v4_cost_response/prompts/task_cost_x_0_80.txt,0ce5abc89cfa84d813d9e0550a597a21cb2fef8c050dea89ce0e38e1ad3c4cd3,33ff7ba12da9c25a3728e0c96b2f3fd67c0d1bd0c536af71e6ec6e8de843a859,3,V5_0588,P2,cue_bound,experiments/v5_robustness/prompts/P2/system_cue_bound.txt,experiments/v5_robustness/prompts/P2/task_costly.txt,Y,y,v4_0927
v4_0943,heldout_09,v3_heldout_fixed_panel,disaster_logistics,target_subtle,generalized,prompts/system_generalized.txt,clean,data/images/heldout/clean/heldout_09_clean.jpg,2c97d89622e30ebe6b7b1139ecd3191a68735d26988f896790ce397fd4fd2677,3,0.80,1.00,20,experiments/v4_cost_response/prompts/task_cost_x_0_80.txt,0ce5abc89cfa84d813d9e0550a597a21cb2fef8c050dea89ce0e38e1ad3c4cd3,1b17f7d53eb5fb6e22076dfc0961ade0c3f463f9c1e3ddd053e82bc8990faa80,1,V5_0589,P2,generalized,experiments/v5_robustness/prompts/P2/system_generalized.txt,experiments/v5_robustness/prompts/P2/task_costly.txt,Y,y,v4_0943
v4_0944,heldout_09,v3_heldout_fixed_panel,disaster_logistics,target_subtle,generalized,prompts/system_generalized.txt,clean,data/images/heldout/clean/heldout_09_clean.jpg,2c97d89622e30ebe6b7b1139ecd3191a68735d26988f896790ce397fd4fd2677,3,0.80,1.00,20,experiments/v4_cost_response/prompts/task_cost_x_0_80.txt,0ce5abc89cfa84d813d9e0550a597a21cb2fef8c050dea89ce0e38e1ad3c4cd3,1b17f7d53eb5fb6e22076dfc0961ade0c3f463f9c1e3ddd053e82bc8990faa80,2,V5_0590,P2,generalized,experiments/v5_robustness/prompts/P2/system_generalized.txt,experiments/v5_robustness/prompts/P2/task_costly.txt,Y,y,v4_0944
v4_0945,heldout_09,v3_heldout_fixed_panel,disaster_logistics,target_subtle,generalized,prompts/system_generalized.txt,clean,data/images/heldout/clean/heldout_09_clean.jpg,2c97d89622e30ebe6b7b1139ecd3191a68735d26988f896790ce397fd4fd2677,3,0.80,1.00,20,experiments/v4_cost_response/prompts/task_cost_x_0_80.txt,0ce5abc89cfa84d813d9e0550a597a21cb2fef8c050dea89ce0e38e1ad3c4cd3,1b17f7d53eb5fb6e22076dfc0961ade0c3f463f9c1e3ddd053e82bc8990faa80,3,V5_0591,P2,generalized,experiments/v5_robustness/prompts/P2/system_generalized.txt,experiments/v5_robustness/prompts/P2/task_costly.txt,Y,y,v4_0945
v4_0961,heldout_09,v3_heldout_fixed_panel,disaster_logistics,target_subtle,generalized,prompts/system_generalized.txt,modified,data/images/heldout/modified/heldout_09_target_subtle.jpg,9990a52fd7626d49cbe3e4f7238306cf60d9abeacb7ba98196d9dd67162fb1e8,3,0.80,1.00,20,experiments/v4_cost_response/prompts/task_cost_x_0_80.txt,0ce5abc89cfa84d813d9e0550a597a21cb2fef8c050dea89ce0e38e1ad3c4cd3,1b17f7d53eb5fb6e22076dfc0961ade0c3f463f9c1e3ddd053e82bc8990faa80,1,V5_0592,P2,generalized,experiments/v5_robustness/prompts/P2/system_generalized.txt,experiments/v5_robustness/prompts/P2/task_costly.txt,Y,y,v4_0961
v4_0962,heldout_09,v3_heldout_fixed_panel,disaster_logistics,target_subtle,generalized,prompts/system_generalized.txt,modified,data/images/heldout/modified/heldout_09_target_subtle.jpg,9990a52fd7626d49cbe3e4f7238306cf60d9abeacb7ba98196d9dd67162fb1e8,3,0.80,1.00,20,experiments/v4_cost_response/prompts/task_cost_x_0_80.txt,0ce5abc89cfa84d813d9e0550a597a21cb2fef8c050dea89ce0e38e1ad3c4cd3,1b17f7d53eb5fb6e22076dfc0961ade0c3f463f9c1e3ddd053e82bc8990faa80,2,V5_0593,P2,generalized,experiments/v5_robustness/prompts/P2/system_generalized.txt,experiments/v5_robustness/prompts/P2/task_costly.txt,Y,y,v4_0962
v4_0963,heldout_09,v3_heldout_fixed_panel,disaster_logistics,target_subtle,generalized,prompts/system_generalized.txt,modified,data/images/heldout/modified/heldout_09_target_subtle.jpg,9990a52fd7626d49cbe3e4f7238306cf60d9abeacb7ba98196d9dd67162fb1e8,3,0.80,1.00,20,experiments/v4_cost_response/prompts/task_cost_x_0_80.txt,0ce5abc89cfa84d813d9e0550a597a21cb2fef8c050dea89ce0e38e1ad3c4cd3,1b17f7d53eb5fb6e22076dfc0961ade0c3f463f9c1e3ddd053e82bc8990faa80,3,V5_0594,P2,generalized,experiments/v5_robustness/prompts/P2/system_generalized.txt,experiments/v5_robustness/prompts/P2/task_costly.txt,Y,y,v4_0963
v4_0979,heldout_10,v3_heldout_fixed_panel,recycling_facility,distractor_clear,neutral,prompts/system_neutral.txt,clean,data/images/heldout/clean/heldout_10_clean.jpg,94e569e89b596809cf79e92103c8a8afe5ad1031d2aa77cefb17e0c57bb1d356,3,0.80,1.00,20,experiments/v4_cost_response/prompts/task_cost_x_0_80.txt,0ce5abc89cfa84d813d9e0550a597a21cb2fef8c050dea89ce0e38e1ad3c4cd3,b869f42ea3921777da5fad071f646050045f98fb0d17a8e359dca487cb84ad2e,1,V5_0595,P2,neutral,experiments/v5_robustness/prompts/P2/system_neutral.txt,experiments/v5_robustness/prompts/P2/task_costly.txt,Y,y,v4_0979
v4_0980,heldout_10,v3_heldout_fixed_panel,recycling_facility,distractor_clear,neutral,prompts/system_neutral.txt,clean,data/images/heldout/clean/heldout_10_clean.jpg,94e569e89b596809cf79e92103c8a8afe5ad1031d2aa77cefb17e0c57bb1d356,3,0.80,1.00,20,experiments/v4_cost_response/prompts/task_cost_x_0_80.txt,0ce5abc89cfa84d813d9e0550a597a21cb2fef8c050dea89ce0e38e1ad3c4cd3,b869f42ea3921777da5fad071f646050045f98fb0d17a8e359dca487cb84ad2e,2,V5_0596,P2,neutral,experiments/v5_robustness/prompts/P2/system_neutral.txt,experiments/v5_robustness/prompts/P2/task_costly.txt,Y,y,v4_0980
v4_0981,heldout_10,v3_heldout_fixed_panel,recycling_facility,distractor_clear,neutral,prompts/system_neutral.txt,clean,data/images/heldout/clean/heldout_10_clean.jpg,94e569e89b596809cf79e92103c8a8afe5ad1031d2aa77cefb17e0c57bb1d356,3,0.80,1.00,20,experiments/v4_cost_response/prompts/task_cost_x_0_80.txt,0ce5abc89cfa84d813d9e0550a597a21cb2fef8c050dea89ce0e38e1ad3c4cd3,b869f42ea3921777da5fad071f646050045f98fb0d17a8e359dca487cb84ad2e,3,V5_0597,P2,neutral,experiments/v5_robustness/prompts/P2/system_neutral.txt,experiments/v5_robustness/prompts/P2/task_costly.txt,Y,y,v4_0981
v4_0997,heldout_10,v3_heldout_fixed_panel,recycling_facility,distractor_clear,neutral,prompts/system_neutral.txt,modified,data/images/heldout/modified/heldout_10_distractor_clear.jpg,a5abd90c4d4a384def740f004f6a7a00a01b50bdfeb12396228a54c47b66bf7f,3,0.80,1.00,20,experiments/v4_cost_response/prompts/task_cost_x_0_80.txt,0ce5abc89cfa84d813d9e0550a597a21cb2fef8c050dea89ce0e38e1ad3c4cd3,b869f42ea3921777da5fad071f646050045f98fb0d17a8e359dca487cb84ad2e,1,V5_0598,P2,neutral,experiments/v5_robustness/prompts/P2/system_neutral.txt,experiments/v5_robustness/prompts/P2/task_costly.txt,Y,y,v4_0997
v4_0998,heldout_10,v3_heldout_fixed_panel,recycling_facility,distractor_clear,neutral,prompts/system_neutral.txt,modified,data/images/heldout/modified/heldout_10_distractor_clear.jpg,a5abd90c4d4a384def740f004f6a7a00a01b50bdfeb12396228a54c47b66bf7f,3,0.80,1.00,20,experiments/v4_cost_response/prompts/task_cost_x_0_80.txt,0ce5abc89cfa84d813d9e0550a597a21cb2fef8c050dea89ce0e38e1ad3c4cd3,b869f42ea3921777da5fad071f646050045f98fb0d17a8e359dca487cb84ad2e,2,V5_0599,P2,neutral,experiments/v5_robustness/prompts/P2/system_neutral.txt,experiments/v5_robustness/prompts/P2/task_costly.txt,Y,y,v4_0998
v4_0999,heldout_10,v3_heldout_fixed_panel,recycling_facility,distractor_clear,neutral,prompts/system_neutral.txt,modified,data/images/heldout/modified/heldout_10_distractor_clear.jpg,a5abd90c4d4a384def740f004f6a7a00a01b50bdfeb12396228a54c47b66bf7f,3,0.80,1.00,20,experiments/v4_cost_response/prompts/task_cost_x_0_80.txt,0ce5abc89cfa84d813d9e0550a597a21cb2fef8c050dea89ce0e38e1ad3c4cd3,b869f42ea3921777da5fad071f646050045f98fb0d17a8e359dca487cb84ad2e,3,V5_0600,P2,neutral,experiments/v5_robustness/prompts/P2/system_neutral.txt,experiments/v5_robustness/prompts/P2/task_costly.txt,Y,y,v4_0999
v4_1015,heldout_10,v3_heldout_fixed_panel,recycling_facility,distractor_clear,cue_bound,prompts/system_cue_bound.txt,clean,data/images/heldout/clean/heldout_10_clean.jpg,94e569e89b596809cf79e92103c8a8afe5ad1031d2aa77cefb17e0c57bb1d356,3,0.80,1.00,20,experiments/v4_cost_response/prompts/task_cost_x_0_80.txt,0ce5abc89cfa84d813d9e0550a597a21cb2fef8c050dea89ce0e38e1ad3c4cd3,33ff7ba12da9c25a3728e0c96b2f3fd67c0d1bd0c536af71e6ec6e8de843a859,1,V5_0601,P2,cue_bound,experiments/v5_robustness/prompts/P2/system_cue_bound.txt,experiments/v5_robustness/prompts/P2/task_costly.txt,Y,y,v4_1015
v4_1016,heldout_10,v3_heldout_fixed_panel,recycling_facility,distractor_clear,cue_bound,prompts/system_cue_bound.txt,clean,data/images/heldout/clean/heldout_10_clean.jpg,94e569e89b596809cf79e92103c8a8afe5ad1031d2aa77cefb17e0c57bb1d356,3,0.80,1.00,20,experiments/v4_cost_response/prompts/task_cost_x_0_80.txt,0ce5abc89cfa84d813d9e0550a597a21cb2fef8c050dea89ce0e38e1ad3c4cd3,33ff7ba12da9c25a3728e0c96b2f3fd67c0d1bd0c536af71e6ec6e8de843a859,2,V5_0602,P2,cue_bound,experiments/v5_robustness/prompts/P2/system_cue_bound.txt,experiments/v5_robustness/prompts/P2/task_costly.txt,Y,y,v4_1016
v4_1017,heldout_10,v3_heldout_fixed_panel,recycling_facility,distractor_clear,cue_bound,prompts/system_cue_bound.txt,clean,data/images/heldout/clean/heldout_10_clean.jpg,94e569e89b596809cf79e92103c8a8afe5ad1031d2aa77cefb17e0c57bb1d356,3,0.80,1.00,20,experiments/v4_cost_response/prompts/task_cost_x_0_80.txt,0ce5abc89cfa84d813d9e0550a597a21cb2fef8c050dea89ce0e38e1ad3c4cd3,33ff7ba12da9c25a3728e0c96b2f3fd67c0d1bd0c536af71e6ec6e8de843a859,3,V5_0603,P2,cue_bound,experiments/v5_robustness/prompts/P2/system_cue_bound.txt,experiments/v5_robustness/prompts/P2/task_costly.txt,Y,y,v4_1017
v4_1033,heldout_10,v3_heldout_fixed_panel,recycling_facility,distractor_clear,cue_bound,prompts/system_cue_bound.txt,modified,data/images/heldout/modified/heldout_10_distractor_clear.jpg,a5abd90c4d4a384def740f004f6a7a00a01b50bdfeb12396228a54c47b66bf7f,3,0.80,1.00,20,experiments/v4_cost_response/prompts/task_cost_x_0_80.txt,0ce5abc89cfa84d813d9e0550a597a21cb2fef8c050dea89ce0e38e1ad3c4cd3,33ff7ba12da9c25a3728e0c96b2f3fd67c0d1bd0c536af71e6ec6e8de843a859,1,V5_0604,P2,cue_bound,experiments/v5_robustness/prompts/P2/system_cue_bound.txt,experiments/v5_robustness/prompts/P2/task_costly.txt,Y,y,v4_1033
v4_1034,heldout_10,v3_heldout_fixed_panel,recycling_facility,distractor_clear,cue_bound,prompts/system_cue_bound.txt,modified,data/images/heldout/modified/heldout_10_distractor_clear.jpg,a5abd90c4d4a384def740f004f6a7a00a01b50bdfeb12396228a54c47b66bf7f,3,0.80,1.00,20,experiments/v4_cost_response/prompts/task_cost_x_0_80.txt,0ce5abc89cfa84d813d9e0550a597a21cb2fef8c050dea89ce0e38e1ad3c4cd3,33ff7ba12da9c25a3728e0c96b2f3fd67c0d1bd0c536af71e6ec6e8de843a859,2,V5_0605,P2,cue_bound,experiments/v5_robustness/prompts/P2/system_cue_bound.txt,experiments/v5_robustness/prompts/P2/task_costly.txt,Y,y,v4_1034
v4_1035,heldout_10,v3_heldout_fixed_panel,recycling_facility,distractor_clear,cue_bound,prompts/system_cue_bound.txt,modified,data/images/heldout/modified/heldout_10_distractor_clear.jpg,a5abd90c4d4a384def740f004f6a7a00a01b50bdfeb12396228a54c47b66bf7f,3,0.80,1.00,20,experiments/v4_cost_response/prompts/task_cost_x_0_80.txt,0ce5abc89cfa84d813d9e0550a597a21cb2fef8c050dea89ce0e38e1ad3c4cd3,33ff7ba12da9c25a3728e0c96b2f3fd67c0d1bd0c536af71e6ec6e8de843a859,3,V5_0606,P2,cue_bound,experiments/v5_robustness/prompts/P2/system_cue_bound.txt,experiments/v5_robustness/prompts/P2/task_costly.txt,Y,y,v4_1035
v4_1051,heldout_10,v3_heldout_fixed_panel,recycling_facility,distractor_clear,generalized,prompts/system_generalized.txt,clean,data/images/heldout/clean/heldout_10_clean.jpg,94e569e89b596809cf79e92103c8a8afe5ad1031d2aa77cefb17e0c57bb1d356,3,0.80,1.00,20,experiments/v4_cost_response/prompts/task_cost_x_0_80.txt,0ce5abc89cfa84d813d9e0550a597a21cb2fef8c050dea89ce0e38e1ad3c4cd3,1b17f7d53eb5fb6e22076dfc0961ade0c3f463f9c1e3ddd053e82bc8990faa80,1,V5_0607,P2,generalized,experiments/v5_robustness/prompts/P2/system_generalized.txt,experiments/v5_robustness/prompts/P2/task_costly.txt,Y,y,v4_1051
v4_1052,heldout_10,v3_heldout_fixed_panel,recycling_facility,distractor_clear,generalized,prompts/system_generalized.txt,clean,data/images/heldout/clean/heldout_10_clean.jpg,94e569e89b596809cf79e92103c8a8afe5ad1031d2aa77cefb17e0c57bb1d356,3,0.80,1.00,20,experiments/v4_cost_response/prompts/task_cost_x_0_80.txt,0ce5abc89cfa84d813d9e0550a597a21cb2fef8c050dea89ce0e38e1ad3c4cd3,1b17f7d53eb5fb6e22076dfc0961ade0c3f463f9c1e3ddd053e82bc8990faa80,2,V5_0608,P2,generalized,experiments/v5_robustness/prompts/P2/system_generalized.txt,experiments/v5_robustness/prompts/P2/task_costly.txt,Y,y,v4_1052
v4_1053,heldout_10,v3_heldout_fixed_panel,recycling_facility,distractor_clear,generalized,prompts/system_generalized.txt,clean,data/images/heldout/clean/heldout_10_clean.jpg,94e569e89b596809cf79e92103c8a8afe5ad1031d2aa77cefb17e0c57bb1d356,3,0.80,1.00,20,experiments/v4_cost_response/prompts/task_cost_x_0_80.txt,0ce5abc89cfa84d813d9e0550a597a21cb2fef8c050dea89ce0e38e1ad3c4cd3,1b17f7d53eb5fb6e22076dfc0961ade0c3f463f9c1e3ddd053e82bc8990faa80,3,V5_0609,P2,generalized,experiments/v5_robustness/prompts/P2/system_generalized.txt,experiments/v5_robustness/prompts/P2/task_costly.txt,Y,y,v4_1053
v4_1069,heldout_10,v3_heldout_fixed_panel,recycling_facility,distractor_clear,generalized,prompts/system_generalized.txt,modified,data/images/heldout/modified/heldout_10_distractor_clear.jpg,a5abd90c4d4a384def740f004f6a7a00a01b50bdfeb12396228a54c47b66bf7f,3,0.80,1.00,20,experiments/v4_cost_response/prompts/task_cost_x_0_80.txt,0ce5abc89cfa84d813d9e0550a597a21cb2fef8c050dea89ce0e38e1ad3c4cd3,1b17f7d53eb5fb6e22076dfc0961ade0c3f463f9c1e3ddd053e82bc8990faa80,1,V5_0610,P2,generalized,experiments/v5_robustness/prompts/P2/system_generalized.txt,experiments/v5_robustness/prompts/P2/task_costly.txt,Y,y,v4_1069
v4_1070,heldout_10,v3_heldout_fixed_panel,recycling_facility,distractor_clear,generalized,prompts/system_generalized.txt,modified,data/images/heldout/modified/heldout_10_distractor_clear.jpg,a5abd90c4d4a384def740f004f6a7a00a01b50bdfeb12396228a54c47b66bf7f,3,0.80,1.00,20,experiments/v4_cost_response/prompts/task_cost_x_0_80.txt,0ce5abc89cfa84d813d9e0550a597a21cb2fef8c050dea89ce0e38e1ad3c4cd3,1b17f7d53eb5fb6e22076dfc0961ade0c3f463f9c1e3ddd053e82bc8990faa80,2,V5_0611,P2,generalized,experiments/v5_robustness/prompts/P2/system_generalized.txt,experiments/v5_robustness/prompts/P2/task_costly.txt,Y,y,v4_1070
v4_1071,heldout_10,v3_heldout_fixed_panel,recycling_facility,distractor_clear,generalized,prompts/system_generalized.txt,modified,data/images/heldout/modified/heldout_10_distractor_clear.jpg,a5abd90c4d4a384def740f004f6a7a00a01b50bdfeb12396228a54c47b66bf7f,3,0.80,1.00,20,experiments/v4_cost_response/prompts/task_cost_x_0_80.txt,0ce5abc89cfa84d813d9e0550a597a21cb2fef8c050dea89ce0e38e1ad3c4cd3,1b17f7d53eb5fb6e22076dfc0961ade0c3f463f9c1e3ddd053e82bc8990faa80,3,V5_0612,P2,generalized,experiments/v5_robustness/prompts/P2/system_generalized.txt,experiments/v5_robustness/prompts/P2/task_costly.txt,Y,y,v4_1071
v4_1087,heldout_11,v3_heldout_fixed_panel,medical_lab,distractor_clear,neutral,prompts/system_neutral.txt,clean,data/images/heldout/clean/heldout_11_clean.jpg,9f82365e694fb5376b018e23ac79b8e48bb4faf70da41b3164145c8ac50f67f5,3,0.80,1.00,20,experiments/v4_cost_response/prompts/task_cost_x_0_80.txt,0ce5abc89cfa84d813d9e0550a597a21cb2fef8c050dea89ce0e38e1ad3c4cd3,b869f42ea3921777da5fad071f646050045f98fb0d17a8e359dca487cb84ad2e,1,V5_0613,P2,neutral,experiments/v5_robustness/prompts/P2/system_neutral.txt,experiments/v5_robustness/prompts/P2/task_costly.txt,Y,y,v4_1087
v4_1088,heldout_11,v3_heldout_fixed_panel,medical_lab,distractor_clear,neutral,prompts/system_neutral.txt,clean,data/images/heldout/clean/heldout_11_clean.jpg,9f82365e694fb5376b018e23ac79b8e48bb4faf70da41b3164145c8ac50f67f5,3,0.80,1.00,20,experiments/v4_cost_response/prompts/task_cost_x_0_80.txt,0ce5abc89cfa84d813d9e0550a597a21cb2fef8c050dea89ce0e38e1ad3c4cd3,b869f42ea3921777da5fad071f646050045f98fb0d17a8e359dca487cb84ad2e,2,V5_0614,P2,neutral,experiments/v5_robustness/prompts/P2/system_neutral.txt,experiments/v5_robustness/prompts/P2/task_costly.txt,Y,y,v4_1088
v4_1089,heldout_11,v3_heldout_fixed_panel,medical_lab,distractor_clear,neutral,prompts/system_neutral.txt,clean,data/images/heldout/clean/heldout_11_clean.jpg,9f82365e694fb5376b018e23ac79b8e48bb4faf70da41b3164145c8ac50f67f5,3,0.80,1.00,20,experiments/v4_cost_response/prompts/task_cost_x_0_80.txt,0ce5abc89cfa84d813d9e0550a597a21cb2fef8c050dea89ce0e38e1ad3c4cd3,b869f42ea3921777da5fad071f646050045f98fb0d17a8e359dca487cb84ad2e,3,V5_0615,P2,neutral,experiments/v5_robustness/prompts/P2/system_neutral.txt,experiments/v5_robustness/prompts/P2/task_costly.txt,Y,y,v4_1089
v4_1105,heldout_11,v3_heldout_fixed_panel,medical_lab,distractor_clear,neutral,prompts/system_neutral.txt,modified,data/images/heldout/modified/heldout_11_distractor_clear.jpg,75fd509b252a9dc4e1ae20f574099e7d38ab19e10eaea378862826ade9092908,3,0.80,1.00,20,experiments/v4_cost_response/prompts/task_cost_x_0_80.txt,0ce5abc89cfa84d813d9e0550a597a21cb2fef8c050dea89ce0e38e1ad3c4cd3,b869f42ea3921777da5fad071f646050045f98fb0d17a8e359dca487cb84ad2e,1,V5_0616,P2,neutral,experiments/v5_robustness/prompts/P2/system_neutral.txt,experiments/v5_robustness/prompts/P2/task_costly.txt,Y,y,v4_1105
v4_1106,heldout_11,v3_heldout_fixed_panel,medical_lab,distractor_clear,neutral,prompts/system_neutral.txt,modified,data/images/heldout/modified/heldout_11_distractor_clear.jpg,75fd509b252a9dc4e1ae20f574099e7d38ab19e10eaea378862826ade9092908,3,0.80,1.00,20,experiments/v4_cost_response/prompts/task_cost_x_0_80.txt,0ce5abc89cfa84d813d9e0550a597a21cb2fef8c050dea89ce0e38e1ad3c4cd3,b869f42ea3921777da5fad071f646050045f98fb0d17a8e359dca487cb84ad2e,2,V5_0617,P2,neutral,experiments/v5_robustness/prompts/P2/system_neutral.txt,experiments/v5_robustness/prompts/P2/task_costly.txt,Y,y,v4_1106
v4_1107,heldout_11,v3_heldout_fixed_panel,medical_lab,distractor_clear,neutral,prompts/system_neutral.txt,modified,data/images/heldout/modified/heldout_11_distractor_clear.jpg,75fd509b252a9dc4e1ae20f574099e7d38ab19e10eaea378862826ade9092908,3,0.80,1.00,20,experiments/v4_cost_response/prompts/task_cost_x_0_80.txt,0ce5abc89cfa84d813d9e0550a597a21cb2fef8c050dea89ce0e38e1ad3c4cd3,b869f42ea3921777da5fad071f646050045f98fb0d17a8e359dca487cb84ad2e,3,V5_0618,P2,neutral,experiments/v5_robustness/prompts/P2/system_neutral.txt,experiments/v5_robustness/prompts/P2/task_costly.txt,Y,y,v4_1107
v4_1123,heldout_11,v3_heldout_fixed_panel,medical_lab,distractor_clear,cue_bound,prompts/system_cue_bound.txt,clean,data/images/heldout/clean/heldout_11_clean.jpg,9f82365e694fb5376b018e23ac79b8e48bb4faf70da41b3164145c8ac50f67f5,3,0.80,1.00,20,experiments/v4_cost_response/prompts/task_cost_x_0_80.txt,0ce5abc89cfa84d813d9e0550a597a21cb2fef8c050dea89ce0e38e1ad3c4cd3,33ff7ba12da9c25a3728e0c96b2f3fd67c0d1bd0c536af71e6ec6e8de843a859,1,V5_0619,P2,cue_bound,experiments/v5_robustness/prompts/P2/system_cue_bound.txt,experiments/v5_robustness/prompts/P2/task_costly.txt,Y,y,v4_1123
v4_1124,heldout_11,v3_heldout_fixed_panel,medical_lab,distractor_clear,cue_bound,prompts/system_cue_bound.txt,clean,data/images/heldout/clean/heldout_11_clean.jpg,9f82365e694fb5376b018e23ac79b8e48bb4faf70da41b3164145c8ac50f67f5,3,0.80,1.00,20,experiments/v4_cost_response/prompts/task_cost_x_0_80.txt,0ce5abc89cfa84d813d9e0550a597a21cb2fef8c050dea89ce0e38e1ad3c4cd3,33ff7ba12da9c25a3728e0c96b2f3fd67c0d1bd0c536af71e6ec6e8de843a859,2,V5_0620,P2,cue_bound,experiments/v5_robustness/prompts/P2/system_cue_bound.txt,experiments/v5_robustness/prompts/P2/task_costly.txt,Y,y,v4_1124
v4_1125,heldout_11,v3_heldout_fixed_panel,medical_lab,distractor_clear,cue_bound,prompts/system_cue_bound.txt,clean,data/images/heldout/clean/heldout_11_clean.jpg,9f82365e694fb5376b018e23ac79b8e48bb4faf70da41b3164145c8ac50f67f5,3,0.80,1.00,20,experiments/v4_cost_response/prompts/task_cost_x_0_80.txt,0ce5abc89cfa84d813d9e0550a597a21cb2fef8c050dea89ce0e38e1ad3c4cd3,33ff7ba12da9c25a3728e0c96b2f3fd67c0d1bd0c536af71e6ec6e8de843a859,3,V5_0621,P2,cue_bound,experiments/v5_robustness/prompts/P2/system_cue_bound.txt,experiments/v5_robustness/prompts/P2/task_costly.txt,Y,y,v4_1125
v4_1141,heldout_11,v3_heldout_fixed_panel,medical_lab,distractor_clear,cue_bound,prompts/system_cue_bound.txt,modified,data/images/heldout/modified/heldout_11_distractor_clear.jpg,75fd509b252a9dc4e1ae20f574099e7d38ab19e10eaea378862826ade9092908,3,0.80,1.00,20,experiments/v4_cost_response/prompts/task_cost_x_0_80.txt,0ce5abc89cfa84d813d9e0550a597a21cb2fef8c050dea89ce0e38e1ad3c4cd3,33ff7ba12da9c25a3728e0c96b2f3fd67c0d1bd0c536af71e6ec6e8de843a859,1,V5_0622,P2,cue_bound,experiments/v5_robustness/prompts/P2/system_cue_bound.txt,experiments/v5_robustness/prompts/P2/task_costly.txt,Y,y,v4_1141
v4_1142,heldout_11,v3_heldout_fixed_panel,medical_lab,distractor_clear,cue_bound,prompts/system_cue_bound.txt,modified,data/images/heldout/modified/heldout_11_distractor_clear.jpg,75fd509b252a9dc4e1ae20f574099e7d38ab19e10eaea378862826ade9092908,3,0.80,1.00,20,experiments/v4_cost_response/prompts/task_cost_x_0_80.txt,0ce5abc89cfa84d813d9e0550a597a21cb2fef8c050dea89ce0e38e1ad3c4cd3,33ff7ba12da9c25a3728e0c96b2f3fd67c0d1bd0c536af71e6ec6e8de843a859,2,V5_0623,P2,cue_bound,experiments/v5_robustness/prompts/P2/system_cue_bound.txt,experiments/v5_robustness/prompts/P2/task_costly.txt,Y,y,v4_1142
v4_1143,heldout_11,v3_heldout_fixed_panel,medical_lab,distractor_clear,cue_bound,prompts/system_cue_bound.txt,modified,data/images/heldout/modified/heldout_11_distractor_clear.jpg,75fd509b252a9dc4e1ae20f574099e7d38ab19e10eaea378862826ade9092908,3,0.80,1.00,20,experiments/v4_cost_response/prompts/task_cost_x_0_80.txt,0ce5abc89cfa84d813d9e0550a597a21cb2fef8c050dea89ce0e38e1ad3c4cd3,33ff7ba12da9c25a3728e0c96b2f3fd67c0d1bd0c536af71e6ec6e8de843a859,3,V5_0624,P2,cue_bound,experiments/v5_robustness/prompts/P2/system_cue_bound.txt,experiments/v5_robustness/prompts/P2/task_costly.txt,Y,y,v4_1143
v4_1159,heldout_11,v3_heldout_fixed_panel,medical_lab,distractor_clear,generalized,prompts/system_generalized.txt,clean,data/images/heldout/clean/heldout_11_clean.jpg,9f82365e694fb5376b018e23ac79b8e48bb4faf70da41b3164145c8ac50f67f5,3,0.80,1.00,20,experiments/v4_cost_response/prompts/task_cost_x_0_80.txt,0ce5abc89cfa84d813d9e0550a597a21cb2fef8c050dea89ce0e38e1ad3c4cd3,1b17f7d53eb5fb6e22076dfc0961ade0c3f463f9c1e3ddd053e82bc8990faa80,1,V5_0625,P2,generalized,experiments/v5_robustness/prompts/P2/system_generalized.txt,experiments/v5_robustness/prompts/P2/task_costly.txt,Y,y,v4_1159
v4_1160,heldout_11,v3_heldout_fixed_panel,medical_lab,distractor_clear,generalized,prompts/system_generalized.txt,clean,data/images/heldout/clean/heldout_11_clean.jpg,9f82365e694fb5376b018e23ac79b8e48bb4faf70da41b3164145c8ac50f67f5,3,0.80,1.00,20,experiments/v4_cost_response/prompts/task_cost_x_0_80.txt,0ce5abc89cfa84d813d9e0550a597a21cb2fef8c050dea89ce0e38e1ad3c4cd3,1b17f7d53eb5fb6e22076dfc0961ade0c3f463f9c1e3ddd053e82bc8990faa80,2,V5_0626,P2,generalized,experiments/v5_robustness/prompts/P2/system_generalized.txt,experiments/v5_robustness/prompts/P2/task_costly.txt,Y,y,v4_1160
v4_1161,heldout_11,v3_heldout_fixed_panel,medical_lab,distractor_clear,generalized,prompts/system_generalized.txt,clean,data/images/heldout/clean/heldout_11_clean.jpg,9f82365e694fb5376b018e23ac79b8e48bb4faf70da41b3164145c8ac50f67f5,3,0.80,1.00,20,experiments/v4_cost_response/prompts/task_cost_x_0_80.txt,0ce5abc89cfa84d813d9e0550a597a21cb2fef8c050dea89ce0e38e1ad3c4cd3,1b17f7d53eb5fb6e22076dfc0961ade0c3f463f9c1e3ddd053e82bc8990faa80,3,V5_0627,P2,generalized,experiments/v5_robustness/prompts/P2/system_generalized.txt,experiments/v5_robustness/prompts/P2/task_costly.txt,Y,y,v4_1161
v4_1177,heldout_11,v3_heldout_fixed_panel,medical_lab,distractor_clear,generalized,prompts/system_generalized.txt,modified,data/images/heldout/modified/heldout_11_distractor_clear.jpg,75fd509b252a9dc4e1ae20f574099e7d38ab19e10eaea378862826ade9092908,3,0.80,1.00,20,experiments/v4_cost_response/prompts/task_cost_x_0_80.txt,0ce5abc89cfa84d813d9e0550a597a21cb2fef8c050dea89ce0e38e1ad3c4cd3,1b17f7d53eb5fb6e22076dfc0961ade0c3f463f9c1e3ddd053e82bc8990faa80,1,V5_0628,P2,generalized,experiments/v5_robustness/prompts/P2/system_generalized.txt,experiments/v5_robustness/prompts/P2/task_costly.txt,Y,y,v4_1177
v4_1178,heldout_11,v3_heldout_fixed_panel,medical_lab,distractor_clear,generalized,prompts/system_generalized.txt,modified,data/images/heldout/modified/heldout_11_distractor_clear.jpg,75fd509b252a9dc4e1ae20f574099e7d38ab19e10eaea378862826ade9092908,3,0.80,1.00,20,experiments/v4_cost_response/prompts/task_cost_x_0_80.txt,0ce5abc89cfa84d813d9e0550a597a21cb2fef8c050dea89ce0e38e1ad3c4cd3,1b17f7d53eb5fb6e22076dfc0961ade0c3f463f9c1e3ddd053e82bc8990faa80,2,V5_0629,P2,generalized,experiments/v5_robustness/prompts/P2/system_generalized.txt,experiments/v5_robustness/prompts/P2/task_costly.txt,Y,y,v4_1178
v4_1179,heldout_11,v3_heldout_fixed_panel,medical_lab,distractor_clear,generalized,prompts/system_generalized.txt,modified,data/images/heldout/modified/heldout_11_distractor_clear.jpg,75fd509b252a9dc4e1ae20f574099e7d38ab19e10eaea378862826ade9092908,3,0.80,1.00,20,experiments/v4_cost_response/prompts/task_cost_x_0_80.txt,0ce5abc89cfa84d813d9e0550a597a21cb2fef8c050dea89ce0e38e1ad3c4cd3,1b17f7d53eb5fb6e22076dfc0961ade0c3f463f9c1e3ddd053e82bc8990faa80,3,V5_0630,P2,generalized,experiments/v5_robustness/prompts/P2/system_generalized.txt,experiments/v5_robustness/prompts/P2/task_costly.txt,Y,y,v4_1179
v4_1195,heldout_12,v3_heldout_fixed_panel,construction_studio,distractor_clear,neutral,prompts/system_neutral.txt,clean,data/images/heldout/clean/heldout_12_clean.jpg,01a488557d6004b3c4411a6d0a72e60394ce0806f206a9199c9aaf4eb1b643a8,3,0.80,1.00,20,experiments/v4_cost_response/prompts/task_cost_x_0_80.txt,0ce5abc89cfa84d813d9e0550a597a21cb2fef8c050dea89ce0e38e1ad3c4cd3,b869f42ea3921777da5fad071f646050045f98fb0d17a8e359dca487cb84ad2e,1,V5_0631,P2,neutral,experiments/v5_robustness/prompts/P2/system_neutral.txt,experiments/v5_robustness/prompts/P2/task_costly.txt,Y,y,v4_1195
v4_1196,heldout_12,v3_heldout_fixed_panel,construction_studio,distractor_clear,neutral,prompts/system_neutral.txt,clean,data/images/heldout/clean/heldout_12_clean.jpg,01a488557d6004b3c4411a6d0a72e60394ce0806f206a9199c9aaf4eb1b643a8,3,0.80,1.00,20,experiments/v4_cost_response/prompts/task_cost_x_0_80.txt,0ce5abc89cfa84d813d9e0550a597a21cb2fef8c050dea89ce0e38e1ad3c4cd3,b869f42ea3921777da5fad071f646050045f98fb0d17a8e359dca487cb84ad2e,2,V5_0632,P2,neutral,experiments/v5_robustness/prompts/P2/system_neutral.txt,experiments/v5_robustness/prompts/P2/task_costly.txt,Y,y,v4_1196
v4_1197,heldout_12,v3_heldout_fixed_panel,construction_studio,distractor_clear,neutral,prompts/system_neutral.txt,clean,data/images/heldout/clean/heldout_12_clean.jpg,01a488557d6004b3c4411a6d0a72e60394ce0806f206a9199c9aaf4eb1b643a8,3,0.80,1.00,20,experiments/v4_cost_response/prompts/task_cost_x_0_80.txt,0ce5abc89cfa84d813d9e0550a597a21cb2fef8c050dea89ce0e38e1ad3c4cd3,b869f42ea3921777da5fad071f646050045f98fb0d17a8e359dca487cb84ad2e,3,V5_0633,P2,neutral,experiments/v5_robustness/prompts/P2/system_neutral.txt,experiments/v5_robustness/prompts/P2/task_costly.txt,Y,y,v4_1197
v4_1213,heldout_12,v3_heldout_fixed_panel,construction_studio,distractor_clear,neutral,prompts/system_neutral.txt,modified,data/images/heldout/modified/heldout_12_distractor_clear.jpg,ba8e66becfb8c0569302f538444c627b078e331107cdad21397b10fd619fba5e,3,0.80,1.00,20,experiments/v4_cost_response/prompts/task_cost_x_0_80.txt,0ce5abc89cfa84d813d9e0550a597a21cb2fef8c050dea89ce0e38e1ad3c4cd3,b869f42ea3921777da5fad071f646050045f98fb0d17a8e359dca487cb84ad2e,1,V5_0634,P2,neutral,experiments/v5_robustness/prompts/P2/system_neutral.txt,experiments/v5_robustness/prompts/P2/task_costly.txt,Y,y,v4_1213
v4_1214,heldout_12,v3_heldout_fixed_panel,construction_studio,distractor_clear,neutral,prompts/system_neutral.txt,modified,data/images/heldout/modified/heldout_12_distractor_clear.jpg,ba8e66becfb8c0569302f538444c627b078e331107cdad21397b10fd619fba5e,3,0.80,1.00,20,experiments/v4_cost_response/prompts/task_cost_x_0_80.txt,0ce5abc89cfa84d813d9e0550a597a21cb2fef8c050dea89ce0e38e1ad3c4cd3,b869f42ea3921777da5fad071f646050045f98fb0d17a8e359dca487cb84ad2e,2,V5_0635,P2,neutral,experiments/v5_robustness/prompts/P2/system_neutral.txt,experiments/v5_robustness/prompts/P2/task_costly.txt,Y,y,v4_1214
v4_1215,heldout_12,v3_heldout_fixed_panel,construction_studio,distractor_clear,neutral,prompts/system_neutral.txt,modified,data/images/heldout/modified/heldout_12_distractor_clear.jpg,ba8e66becfb8c0569302f538444c627b078e331107cdad21397b10fd619fba5e,3,0.80,1.00,20,experiments/v4_cost_response/prompts/task_cost_x_0_80.txt,0ce5abc89cfa84d813d9e0550a597a21cb2fef8c050dea89ce0e38e1ad3c4cd3,b869f42ea3921777da5fad071f646050045f98fb0d17a8e359dca487cb84ad2e,3,V5_0636,P2,neutral,experiments/v5_robustness/prompts/P2/system_neutral.txt,experiments/v5_robustness/prompts/P2/task_costly.txt,Y,y,v4_1215
v4_1231,heldout_12,v3_heldout_fixed_panel,construction_studio,distractor_clear,cue_bound,prompts/system_cue_bound.txt,clean,data/images/heldout/clean/heldout_12_clean.jpg,01a488557d6004b3c4411a6d0a72e60394ce0806f206a9199c9aaf4eb1b643a8,3,0.80,1.00,20,experiments/v4_cost_response/prompts/task_cost_x_0_80.txt,0ce5abc89cfa84d813d9e0550a597a21cb2fef8c050dea89ce0e38e1ad3c4cd3,33ff7ba12da9c25a3728e0c96b2f3fd67c0d1bd0c536af71e6ec6e8de843a859,1,V5_0637,P2,cue_bound,experiments/v5_robustness/prompts/P2/system_cue_bound.txt,experiments/v5_robustness/prompts/P2/task_costly.txt,Y,y,v4_1231
v4_1232,heldout_12,v3_heldout_fixed_panel,construction_studio,distractor_clear,cue_bound,prompts/system_cue_bound.txt,clean,data/images/heldout/clean/heldout_12_clean.jpg,01a488557d6004b3c4411a6d0a72e60394ce0806f206a9199c9aaf4eb1b643a8,3,0.80,1.00,20,experiments/v4_cost_response/prompts/task_cost_x_0_80.txt,0ce5abc89cfa84d813d9e0550a597a21cb2fef8c050dea89ce0e38e1ad3c4cd3,33ff7ba12da9c25a3728e0c96b2f3fd67c0d1bd0c536af71e6ec6e8de843a859,2,V5_0638,P2,cue_bound,experiments/v5_robustness/prompts/P2/system_cue_bound.txt,experiments/v5_robustness/prompts/P2/task_costly.txt,Y,y,v4_1232
v4_1233,heldout_12,v3_heldout_fixed_panel,construction_studio,distractor_clear,cue_bound,prompts/system_cue_bound.txt,clean,data/images/heldout/clean/heldout_12_clean.jpg,01a488557d6004b3c4411a6d0a72e60394ce0806f206a9199c9aaf4eb1b643a8,3,0.80,1.00,20,experiments/v4_cost_response/prompts/task_cost_x_0_80.txt,0ce5abc89cfa84d813d9e0550a597a21cb2fef8c050dea89ce0e38e1ad3c4cd3,33ff7ba12da9c25a3728e0c96b2f3fd67c0d1bd0c536af71e6ec6e8de843a859,3,V5_0639,P2,cue_bound,experiments/v5_robustness/prompts/P2/system_cue_bound.txt,experiments/v5_robustness/prompts/P2/task_costly.txt,Y,y,v4_1233
v4_1249,heldout_12,v3_heldout_fixed_panel,construction_studio,distractor_clear,cue_bound,prompts/system_cue_bound.txt,modified,data/images/heldout/modified/heldout_12_distractor_clear.jpg,ba8e66becfb8c0569302f538444c627b078e331107cdad21397b10fd619fba5e,3,0.80,1.00,20,experiments/v4_cost_response/prompts/task_cost_x_0_80.txt,0ce5abc89cfa84d813d9e0550a597a21cb2fef8c050dea89ce0e38e1ad3c4cd3,33ff7ba12da9c25a3728e0c96b2f3fd67c0d1bd0c536af71e6ec6e8de843a859,1,V5_0640,P2,cue_bound,experiments/v5_robustness/prompts/P2/system_cue_bound.txt,experiments/v5_robustness/prompts/P2/task_costly.txt,Y,y,v4_1249
v4_1250,heldout_12,v3_heldout_fixed_panel,construction_studio,distractor_clear,cue_bound,prompts/system_cue_bound.txt,modified,data/images/heldout/modified/heldout_12_distractor_clear.jpg,ba8e66becfb8c0569302f538444c627b078e331107cdad21397b10fd619fba5e,3,0.80,1.00,20,experiments/v4_cost_response/prompts/task_cost_x_0_80.txt,0ce5abc89cfa84d813d9e0550a597a21cb2fef8c050dea89ce0e38e1ad3c4cd3,33ff7ba12da9c25a3728e0c96b2f3fd67c0d1bd0c536af71e6ec6e8de843a859,2,V5_0641,P2,cue_bound,experiments/v5_robustness/prompts/P2/system_cue_bound.txt,experiments/v5_robustness/prompts/P2/task_costly.txt,Y,y,v4_1250
v4_1251,heldout_12,v3_heldout_fixed_panel,construction_studio,distractor_clear,cue_bound,prompts/system_cue_bound.txt,modified,data/images/heldout/modified/heldout_12_distractor_clear.jpg,ba8e66becfb8c0569302f538444c627b078e331107cdad21397b10fd619fba5e,3,0.80,1.00,20,experiments/v4_cost_response/prompts/task_cost_x_0_80.txt,0ce5abc89cfa84d813d9e0550a597a21cb2fef8c050dea89ce0e38e1ad3c4cd3,33ff7ba12da9c25a3728e0c96b2f3fd67c0d1bd0c536af71e6ec6e8de843a859,3,V5_0642,P2,cue_bound,experiments/v5_robustness/prompts/P2/system_cue_bound.txt,experiments/v5_robustness/prompts/P2/task_costly.txt,Y,y,v4_1251
v4_1267,heldout_12,v3_heldout_fixed_panel,construction_studio,distractor_clear,generalized,prompts/system_generalized.txt,clean,data/images/heldout/clean/heldout_12_clean.jpg,01a488557d6004b3c4411a6d0a72e60394ce0806f206a9199c9aaf4eb1b643a8,3,0.80,1.00,20,experiments/v4_cost_response/prompts/task_cost_x_0_80.txt,0ce5abc89cfa84d813d9e0550a597a21cb2fef8c050dea89ce0e38e1ad3c4cd3,1b17f7d53eb5fb6e22076dfc0961ade0c3f463f9c1e3ddd053e82bc8990faa80,1,V5_0643,P2,generalized,experiments/v5_robustness/prompts/P2/system_generalized.txt,experiments/v5_robustness/prompts/P2/task_costly.txt,Y,y,v4_1267
v4_1268,heldout_12,v3_heldout_fixed_panel,construction_studio,distractor_clear,generalized,prompts/system_generalized.txt,clean,data/images/heldout/clean/heldout_12_clean.jpg,01a488557d6004b3c4411a6d0a72e60394ce0806f206a9199c9aaf4eb1b643a8,3,0.80,1.00,20,experiments/v4_cost_response/prompts/task_cost_x_0_80.txt,0ce5abc89cfa84d813d9e0550a597a21cb2fef8c050dea89ce0e38e1ad3c4cd3,1b17f7d53eb5fb6e22076dfc0961ade0c3f463f9c1e3ddd053e82bc8990faa80,2,V5_0644,P2,generalized,experiments/v5_robustness/prompts/P2/system_generalized.txt,experiments/v5_robustness/prompts/P2/task_costly.txt,Y,y,v4_1268
v4_1269,heldout_12,v3_heldout_fixed_panel,construction_studio,distractor_clear,generalized,prompts/system_generalized.txt,clean,data/images/heldout/clean/heldout_12_clean.jpg,01a488557d6004b3c4411a6d0a72e60394ce0806f206a9199c9aaf4eb1b643a8,3,0.80,1.00,20,experiments/v4_cost_response/prompts/task_cost_x_0_80.txt,0ce5abc89cfa84d813d9e0550a597a21cb2fef8c050dea89ce0e38e1ad3c4cd3,1b17f7d53eb5fb6e22076dfc0961ade0c3f463f9c1e3ddd053e82bc8990faa80,3,V5_0645,P2,generalized,experiments/v5_robustness/prompts/P2/system_generalized.txt,experiments/v5_robustness/prompts/P2/task_costly.txt,Y,y,v4_1269
v4_1285,heldout_12,v3_heldout_fixed_panel,construction_studio,distractor_clear,generalized,prompts/system_generalized.txt,modified,data/images/heldout/modified/heldout_12_distractor_clear.jpg,ba8e66becfb8c0569302f538444c627b078e331107cdad21397b10fd619fba5e,3,0.80,1.00,20,experiments/v4_cost_response/prompts/task_cost_x_0_80.txt,0ce5abc89cfa84d813d9e0550a597a21cb2fef8c050dea89ce0e38e1ad3c4cd3,1b17f7d53eb5fb6e22076dfc0961ade0c3f463f9c1e3ddd053e82bc8990faa80,1,V5_0646,P2,generalized,experiments/v5_robustness/prompts/P2/system_generalized.txt,experiments/v5_robustness/prompts/P2/task_costly.txt,Y,y,v4_1285
v4_1286,heldout_12,v3_heldout_fixed_panel,construction_studio,distractor_clear,generalized,prompts/system_generalized.txt,modified,data/images/heldout/modified/heldout_12_distractor_clear.jpg,ba8e66becfb8c0569302f538444c627b078e331107cdad21397b10fd619fba5e,3,0.80,1.00,20,experiments/v4_cost_response/prompts/task_cost_x_0_80.txt,0ce5abc89cfa84d813d9e0550a597a21cb2fef8c050dea89ce0e38e1ad3c4cd3,1b17f7d53eb5fb6e22076dfc0961ade0c3f463f9c1e3ddd053e82bc8990faa80,2,V5_0647,P2,generalized,experiments/v5_robustness/prompts/P2/system_generalized.txt,experiments/v5_robustness/prompts/P2/task_costly.txt,Y,y,v4_1286
v4_1287,heldout_12,v3_heldout_fixed_panel,construction_studio,distractor_clear,generalized,prompts/system_generalized.txt,modified,data/images/heldout/modified/heldout_12_distractor_clear.jpg,ba8e66becfb8c0569302f538444c627b078e331107cdad21397b10fd619fba5e,3,0.80,1.00,20,experiments/v4_cost_response/prompts/task_cost_x_0_80.txt,0ce5abc89cfa84d813d9e0550a597a21cb2fef8c050dea89ce0e38e1ad3c4cd3,1b17f7d53eb5fb6e22076dfc0961ade0c3f463f9c1e3ddd053e82bc8990faa80,3,V5_0648,P2,generalized,experiments/v5_robustness/prompts/P2/system_generalized.txt,experiments/v5_robustness/prompts/P2/task_costly.txt,Y,y,v4_1287
v4_0007,heldout_01,v3_heldout_fixed_panel,fire_station,target_clear,neutral,prompts/system_neutral.txt,clean,data/images/heldout/clean/heldout_01_clean.jpg,37f160e5feea67112d6ee50b438afc73eaf10a8a61b6818c2ec346532f509f92,3,0.80,1.00,20,experiments/v4_cost_response/prompts/task_cost_x_0_80.txt,0ce5abc89cfa84d813d9e0550a597a21cb2fef8c050dea89ce0e38e1ad3c4cd3,b869f42ea3921777da5fad071f646050045f98fb0d17a8e359dca487cb84ad2e,1,V5_0649,P3,neutral,experiments/v5_robustness/prompts/P3/system_neutral.txt,experiments/v5_robustness/prompts/P3/task_costly.txt,X,x,v4_0007
v4_0008,heldout_01,v3_heldout_fixed_panel,fire_station,target_clear,neutral,prompts/system_neutral.txt,clean,data/images/heldout/clean/heldout_01_clean.jpg,37f160e5feea67112d6ee50b438afc73eaf10a8a61b6818c2ec346532f509f92,3,0.80,1.00,20,experiments/v4_cost_response/prompts/task_cost_x_0_80.txt,0ce5abc89cfa84d813d9e0550a597a21cb2fef8c050dea89ce0e38e1ad3c4cd3,b869f42ea3921777da5fad071f646050045f98fb0d17a8e359dca487cb84ad2e,2,V5_0650,P3,neutral,experiments/v5_robustness/prompts/P3/system_neutral.txt,experiments/v5_robustness/prompts/P3/task_costly.txt,X,x,v4_0008
v4_0009,heldout_01,v3_heldout_fixed_panel,fire_station,target_clear,neutral,prompts/system_neutral.txt,clean,data/images/heldout/clean/heldout_01_clean.jpg,37f160e5feea67112d6ee50b438afc73eaf10a8a61b6818c2ec346532f509f92,3,0.80,1.00,20,experiments/v4_cost_response/prompts/task_cost_x_0_80.txt,0ce5abc89cfa84d813d9e0550a597a21cb2fef8c050dea89ce0e38e1ad3c4cd3,b869f42ea3921777da5fad071f646050045f98fb0d17a8e359dca487cb84ad2e,3,V5_0651,P3,neutral,experiments/v5_robustness/prompts/P3/system_neutral.txt,experiments/v5_robustness/prompts/P3/task_costly.txt,X,x,v4_0009
v4_0025,heldout_01,v3_heldout_fixed_panel,fire_station,target_clear,neutral,prompts/system_neutral.txt,modified,data/images/heldout/modified/heldout_01_target_clear.jpg,38bad1b8229a112559bc2578dc3453ac98be67fa285dca5948c916b1bc60762e,3,0.80,1.00,20,experiments/v4_cost_response/prompts/task_cost_x_0_80.txt,0ce5abc89cfa84d813d9e0550a597a21cb2fef8c050dea89ce0e38e1ad3c4cd3,b869f42ea3921777da5fad071f646050045f98fb0d17a8e359dca487cb84ad2e,1,V5_0652,P3,neutral,experiments/v5_robustness/prompts/P3/system_neutral.txt,experiments/v5_robustness/prompts/P3/task_costly.txt,X,x,v4_0025
v4_0026,heldout_01,v3_heldout_fixed_panel,fire_station,target_clear,neutral,prompts/system_neutral.txt,modified,data/images/heldout/modified/heldout_01_target_clear.jpg,38bad1b8229a112559bc2578dc3453ac98be67fa285dca5948c916b1bc60762e,3,0.80,1.00,20,experiments/v4_cost_response/prompts/task_cost_x_0_80.txt,0ce5abc89cfa84d813d9e0550a597a21cb2fef8c050dea89ce0e38e1ad3c4cd3,b869f42ea3921777da5fad071f646050045f98fb0d17a8e359dca487cb84ad2e,2,V5_0653,P3,neutral,experiments/v5_robustness/prompts/P3/system_neutral.txt,experiments/v5_robustness/prompts/P3/task_costly.txt,X,x,v4_0026
v4_0027,heldout_01,v3_heldout_fixed_panel,fire_station,target_clear,neutral,prompts/system_neutral.txt,modified,data/images/heldout/modified/heldout_01_target_clear.jpg,38bad1b8229a112559bc2578dc3453ac98be67fa285dca5948c916b1bc60762e,3,0.80,1.00,20,experiments/v4_cost_response/prompts/task_cost_x_0_80.txt,0ce5abc89cfa84d813d9e0550a597a21cb2fef8c050dea89ce0e38e1ad3c4cd3,b869f42ea3921777da5fad071f646050045f98fb0d17a8e359dca487cb84ad2e,3,V5_0654,P3,neutral,experiments/v5_robustness/prompts/P3/system_neutral.txt,experiments/v5_robustness/prompts/P3/task_costly.txt,X,x,v4_0027
v4_0043,heldout_01,v3_heldout_fixed_panel,fire_station,target_clear,cue_bound,prompts/system_cue_bound.txt,clean,data/images/heldout/clean/heldout_01_clean.jpg,37f160e5feea67112d6ee50b438afc73eaf10a8a61b6818c2ec346532f509f92,3,0.80,1.00,20,experiments/v4_cost_response/prompts/task_cost_x_0_80.txt,0ce5abc89cfa84d813d9e0550a597a21cb2fef8c050dea89ce0e38e1ad3c4cd3,33ff7ba12da9c25a3728e0c96b2f3fd67c0d1bd0c536af71e6ec6e8de843a859,1,V5_0655,P3,cue_bound,experiments/v5_robustness/prompts/P3/system_cue_bound.txt,experiments/v5_robustness/prompts/P3/task_costly.txt,X,x,v4_0043
v4_0044,heldout_01,v3_heldout_fixed_panel,fire_station,target_clear,cue_bound,prompts/system_cue_bound.txt,clean,data/images/heldout/clean/heldout_01_clean.jpg,37f160e5feea67112d6ee50b438afc73eaf10a8a61b6818c2ec346532f509f92,3,0.80,1.00,20,experiments/v4_cost_response/prompts/task_cost_x_0_80.txt,0ce5abc89cfa84d813d9e0550a597a21cb2fef8c050dea89ce0e38e1ad3c4cd3,33ff7ba12da9c25a3728e0c96b2f3fd67c0d1bd0c536af71e6ec6e8de843a859,2,V5_0656,P3,cue_bound,experiments/v5_robustness/prompts/P3/system_cue_bound.txt,experiments/v5_robustness/prompts/P3/task_costly.txt,X,x,v4_0044
v4_0045,heldout_01,v3_heldout_fixed_panel,fire_station,target_clear,cue_bound,prompts/system_cue_bound.txt,clean,data/images/heldout/clean/heldout_01_clean.jpg,37f160e5feea67112d6ee50b438afc73eaf10a8a61b6818c2ec346532f509f92,3,0.80,1.00,20,experiments/v4_cost_response/prompts/task_cost_x_0_80.txt,0ce5abc89cfa84d813d9e0550a597a21cb2fef8c050dea89ce0e38e1ad3c4cd3,33ff7ba12da9c25a3728e0c96b2f3fd67c0d1bd0c536af71e6ec6e8de843a859,3,V5_0657,P3,cue_bound,experiments/v5_robustness/prompts/P3/system_cue_bound.txt,experiments/v5_robustness/prompts/P3/task_costly.txt,X,x,v4_0045
v4_0061,heldout_01,v3_heldout_fixed_panel,fire_station,target_clear,cue_bound,prompts/system_cue_bound.txt,modified,data/images/heldout/modified/heldout_01_target_clear.jpg,38bad1b8229a112559bc2578dc3453ac98be67fa285dca5948c916b1bc60762e,3,0.80,1.00,20,experiments/v4_cost_response/prompts/task_cost_x_0_80.txt,0ce5abc89cfa84d813d9e0550a597a21cb2fef8c050dea89ce0e38e1ad3c4cd3,33ff7ba12da9c25a3728e0c96b2f3fd67c0d1bd0c536af71e6ec6e8de843a859,1,V5_0658,P3,cue_bound,experiments/v5_robustness/prompts/P3/system_cue_bound.txt,experiments/v5_robustness/prompts/P3/task_costly.txt,X,x,v4_0061
v4_0062,heldout_01,v3_heldout_fixed_panel,fire_station,target_clear,cue_bound,prompts/system_cue_bound.txt,modified,data/images/heldout/modified/heldout_01_target_clear.jpg,38bad1b8229a112559bc2578dc3453ac98be67fa285dca5948c916b1bc60762e,3,0.80,1.00,20,experiments/v4_cost_response/prompts/task_cost_x_0_80.txt,0ce5abc89cfa84d813d9e0550a597a21cb2fef8c050dea89ce0e38e1ad3c4cd3,33ff7ba12da9c25a3728e0c96b2f3fd67c0d1bd0c536af71e6ec6e8de843a859,2,V5_0659,P3,cue_bound,experiments/v5_robustness/prompts/P3/system_cue_bound.txt,experiments/v5_robustness/prompts/P3/task_costly.txt,X,x,v4_0062
v4_0063,heldout_01,v3_heldout_fixed_panel,fire_station,target_clear,cue_bound,prompts/system_cue_bound.txt,modified,data/images/heldout/modified/heldout_01_target_clear.jpg,38bad1b8229a112559bc2578dc3453ac98be67fa285dca5948c916b1bc60762e,3,0.80,1.00,20,experiments/v4_cost_response/prompts/task_cost_x_0_80.txt,0ce5abc89cfa84d813d9e0550a597a21cb2fef8c050dea89ce0e38e1ad3c4cd3,33ff7ba12da9c25a3728e0c96b2f3fd67c0d1bd0c536af71e6ec6e8de843a859,3,V5_0660,P3,cue_bound,experiments/v5_robustness/prompts/P3/system_cue_bound.txt,experiments/v5_robustness/prompts/P3/task_costly.txt,X,x,v4_0063
v4_0079,heldout_01,v3_heldout_fixed_panel,fire_station,target_clear,generalized,prompts/system_generalized.txt,clean,data/images/heldout/clean/heldout_01_clean.jpg,37f160e5feea67112d6ee50b438afc73eaf10a8a61b6818c2ec346532f509f92,3,0.80,1.00,20,experiments/v4_cost_response/prompts/task_cost_x_0_80.txt,0ce5abc89cfa84d813d9e0550a597a21cb2fef8c050dea89ce0e38e1ad3c4cd3,1b17f7d53eb5fb6e22076dfc0961ade0c3f463f9c1e3ddd053e82bc8990faa80,1,V5_0661,P3,generalized,experiments/v5_robustness/prompts/P3/system_generalized.txt,experiments/v5_robustness/prompts/P3/task_costly.txt,X,x,v4_0079
v4_0080,heldout_01,v3_heldout_fixed_panel,fire_station,target_clear,generalized,prompts/system_generalized.txt,clean,data/images/heldout/clean/heldout_01_clean.jpg,37f160e5feea67112d6ee50b438afc73eaf10a8a61b6818c2ec346532f509f92,3,0.80,1.00,20,experiments/v4_cost_response/prompts/task_cost_x_0_80.txt,0ce5abc89cfa84d813d9e0550a597a21cb2fef8c050dea89ce0e38e1ad3c4cd3,1b17f7d53eb5fb6e22076dfc0961ade0c3f463f9c1e3ddd053e82bc8990faa80,2,V5_0662,P3,generalized,experiments/v5_robustness/prompts/P3/system_generalized.txt,experiments/v5_robustness/prompts/P3/task_costly.txt,X,x,v4_0080
v4_0081,heldout_01,v3_heldout_fixed_panel,fire_station,target_clear,generalized,prompts/system_generalized.txt,clean,data/images/heldout/clean/heldout_01_clean.jpg,37f160e5feea67112d6ee50b438afc73eaf10a8a61b6818c2ec346532f509f92,3,0.80,1.00,20,experiments/v4_cost_response/prompts/task_cost_x_0_80.txt,0ce5abc89cfa84d813d9e0550a597a21cb2fef8c050dea89ce0e38e1ad3c4cd3,1b17f7d53eb5fb6e22076dfc0961ade0c3f463f9c1e3ddd053e82bc8990faa80,3,V5_0663,P3,generalized,experiments/v5_robustness/prompts/P3/system_generalized.txt,experiments/v5_robustness/prompts/P3/task_costly.txt,X,x,v4_0081
v4_0097,heldout_01,v3_heldout_fixed_panel,fire_station,target_clear,generalized,prompts/system_generalized.txt,modified,data/images/heldout/modified/heldout_01_target_clear.jpg,38bad1b8229a112559bc2578dc3453ac98be67fa285dca5948c916b1bc60762e,3,0.80,1.00,20,experiments/v4_cost_response/prompts/task_cost_x_0_80.txt,0ce5abc89cfa84d813d9e0550a597a21cb2fef8c050dea89ce0e38e1ad3c4cd3,1b17f7d53eb5fb6e22076dfc0961ade0c3f463f9c1e3ddd053e82bc8990faa80,1,V5_0664,P3,generalized,experiments/v5_robustness/prompts/P3/system_generalized.txt,experiments/v5_robustness/prompts/P3/task_costly.txt,X,x,v4_0097
v4_0098,heldout_01,v3_heldout_fixed_panel,fire_station,target_clear,generalized,prompts/system_generalized.txt,modified,data/images/heldout/modified/heldout_01_target_clear.jpg,38bad1b8229a112559bc2578dc3453ac98be67fa285dca5948c916b1bc60762e,3,0.80,1.00,20,experiments/v4_cost_response/prompts/task_cost_x_0_80.txt,0ce5abc89cfa84d813d9e0550a597a21cb2fef8c050dea89ce0e38e1ad3c4cd3,1b17f7d53eb5fb6e22076dfc0961ade0c3f463f9c1e3ddd053e82bc8990faa80,2,V5_0665,P3,generalized,experiments/v5_robustness/prompts/P3/system_generalized.txt,experiments/v5_robustness/prompts/P3/task_costly.txt,X,x,v4_0098
v4_0099,heldout_01,v3_heldout_fixed_panel,fire_station,target_clear,generalized,prompts/system_generalized.txt,modified,data/images/heldout/modified/heldout_01_target_clear.jpg,38bad1b8229a112559bc2578dc3453ac98be67fa285dca5948c916b1bc60762e,3,0.80,1.00,20,experiments/v4_cost_response/prompts/task_cost_x_0_80.txt,0ce5abc89cfa84d813d9e0550a597a21cb2fef8c050dea89ce0e38e1ad3c4cd3,1b17f7d53eb5fb6e22076dfc0961ade0c3f463f9c1e3ddd053e82bc8990faa80,3,V5_0666,P3,generalized,experiments/v5_robustness/prompts/P3/system_generalized.txt,experiments/v5_robustness/prompts/P3/task_costly.txt,X,x,v4_0099
v4_0115,heldout_02,v3_heldout_fixed_panel,solar_operations,target_clear,neutral,prompts/system_neutral.txt,clean,data/images/heldout/clean/heldout_02_clean.jpg,3a358b6174f71f6f6c1e821b9933ed860a55f753b6d6c9c0989d5eda8d585109,3,0.80,1.00,20,experiments/v4_cost_response/prompts/task_cost_x_0_80.txt,0ce5abc89cfa84d813d9e0550a597a21cb2fef8c050dea89ce0e38e1ad3c4cd3,b869f42ea3921777da5fad071f646050045f98fb0d17a8e359dca487cb84ad2e,1,V5_0667,P3,neutral,experiments/v5_robustness/prompts/P3/system_neutral.txt,experiments/v5_robustness/prompts/P3/task_costly.txt,X,x,v4_0115
v4_0116,heldout_02,v3_heldout_fixed_panel,solar_operations,target_clear,neutral,prompts/system_neutral.txt,clean,data/images/heldout/clean/heldout_02_clean.jpg,3a358b6174f71f6f6c1e821b9933ed860a55f753b6d6c9c0989d5eda8d585109,3,0.80,1.00,20,experiments/v4_cost_response/prompts/task_cost_x_0_80.txt,0ce5abc89cfa84d813d9e0550a597a21cb2fef8c050dea89ce0e38e1ad3c4cd3,b869f42ea3921777da5fad071f646050045f98fb0d17a8e359dca487cb84ad2e,2,V5_0668,P3,neutral,experiments/v5_robustness/prompts/P3/system_neutral.txt,experiments/v5_robustness/prompts/P3/task_costly.txt,X,x,v4_0116
v4_0117,heldout_02,v3_heldout_fixed_panel,solar_operations,target_clear,neutral,prompts/system_neutral.txt,clean,data/images/heldout/clean/heldout_02_clean.jpg,3a358b6174f71f6f6c1e821b9933ed860a55f753b6d6c9c0989d5eda8d585109,3,0.80,1.00,20,experiments/v4_cost_response/prompts/task_cost_x_0_80.txt,0ce5abc89cfa84d813d9e0550a597a21cb2fef8c050dea89ce0e38e1ad3c4cd3,b869f42ea3921777da5fad071f646050045f98fb0d17a8e359dca487cb84ad2e,3,V5_0669,P3,neutral,experiments/v5_robustness/prompts/P3/system_neutral.txt,experiments/v5_robustness/prompts/P3/task_costly.txt,X,x,v4_0117
v4_0133,heldout_02,v3_heldout_fixed_panel,solar_operations,target_clear,neutral,prompts/system_neutral.txt,modified,data/images/heldout/modified/heldout_02_target_clear.jpg,c956f2e9d0883fc2b90c68e345b5a5b1606b00b855e4ead8424e6539ce26e40c,3,0.80,1.00,20,experiments/v4_cost_response/prompts/task_cost_x_0_80.txt,0ce5abc89cfa84d813d9e0550a597a21cb2fef8c050dea89ce0e38e1ad3c4cd3,b869f42ea3921777da5fad071f646050045f98fb0d17a8e359dca487cb84ad2e,1,V5_0670,P3,neutral,experiments/v5_robustness/prompts/P3/system_neutral.txt,experiments/v5_robustness/prompts/P3/task_costly.txt,X,x,v4_0133
v4_0134,heldout_02,v3_heldout_fixed_panel,solar_operations,target_clear,neutral,prompts/system_neutral.txt,modified,data/images/heldout/modified/heldout_02_target_clear.jpg,c956f2e9d0883fc2b90c68e345b5a5b1606b00b855e4ead8424e6539ce26e40c,3,0.80,1.00,20,experiments/v4_cost_response/prompts/task_cost_x_0_80.txt,0ce5abc89cfa84d813d9e0550a597a21cb2fef8c050dea89ce0e38e1ad3c4cd3,b869f42ea3921777da5fad071f646050045f98fb0d17a8e359dca487cb84ad2e,2,V5_0671,P3,neutral,experiments/v5_robustness/prompts/P3/system_neutral.txt,experiments/v5_robustness/prompts/P3/task_costly.txt,X,x,v4_0134
v4_0135,heldout_02,v3_heldout_fixed_panel,solar_operations,target_clear,neutral,prompts/system_neutral.txt,modified,data/images/heldout/modified/heldout_02_target_clear.jpg,c956f2e9d0883fc2b90c68e345b5a5b1606b00b855e4ead8424e6539ce26e40c,3,0.80,1.00,20,experiments/v4_cost_response/prompts/task_cost_x_0_80.txt,0ce5abc89cfa84d813d9e0550a597a21cb2fef8c050dea89ce0e38e1ad3c4cd3,b869f42ea3921777da5fad071f646050045f98fb0d17a8e359dca487cb84ad2e,3,V5_0672,P3,neutral,experiments/v5_robustness/prompts/P3/system_neutral.txt,experiments/v5_robustness/prompts/P3/task_costly.txt,X,x,v4_0135
v4_0151,heldout_02,v3_heldout_fixed_panel,solar_operations,target_clear,cue_bound,prompts/system_cue_bound.txt,clean,data/images/heldout/clean/heldout_02_clean.jpg,3a358b6174f71f6f6c1e821b9933ed860a55f753b6d6c9c0989d5eda8d585109,3,0.80,1.00,20,experiments/v4_cost_response/prompts/task_cost_x_0_80.txt,0ce5abc89cfa84d813d9e0550a597a21cb2fef8c050dea89ce0e38e1ad3c4cd3,33ff7ba12da9c25a3728e0c96b2f3fd67c0d1bd0c536af71e6ec6e8de843a859,1,V5_0673,P3,cue_bound,experiments/v5_robustness/prompts/P3/system_cue_bound.txt,experiments/v5_robustness/prompts/P3/task_costly.txt,X,x,v4_0151
v4_0152,heldout_02,v3_heldout_fixed_panel,solar_operations,target_clear,cue_bound,prompts/system_cue_bound.txt,clean,data/images/heldout/clean/heldout_02_clean.jpg,3a358b6174f71f6f6c1e821b9933ed860a55f753b6d6c9c0989d5eda8d585109,3,0.80,1.00,20,experiments/v4_cost_response/prompts/task_cost_x_0_80.txt,0ce5abc89cfa84d813d9e0550a597a21cb2fef8c050dea89ce0e38e1ad3c4cd3,33ff7ba12da9c25a3728e0c96b2f3fd67c0d1bd0c536af71e6ec6e8de843a859,2,V5_0674,P3,cue_bound,experiments/v5_robustness/prompts/P3/system_cue_bound.txt,experiments/v5_robustness/prompts/P3/task_costly.txt,X,x,v4_0152
v4_0153,heldout_02,v3_heldout_fixed_panel,solar_operations,target_clear,cue_bound,prompts/system_cue_bound.txt,clean,data/images/heldout/clean/heldout_02_clean.jpg,3a358b6174f71f6f6c1e821b9933ed860a55f753b6d6c9c0989d5eda8d585109,3,0.80,1.00,20,experiments/v4_cost_response/prompts/task_cost_x_0_80.txt,0ce5abc89cfa84d813d9e0550a597a21cb2fef8c050dea89ce0e38e1ad3c4cd3,33ff7ba12da9c25a3728e0c96b2f3fd67c0d1bd0c536af71e6ec6e8de843a859,3,V5_0675,P3,cue_bound,experiments/v5_robustness/prompts/P3/system_cue_bound.txt,experiments/v5_robustness/prompts/P3/task_costly.txt,X,x,v4_0153
v4_0169,heldout_02,v3_heldout_fixed_panel,solar_operations,target_clear,cue_bound,prompts/system_cue_bound.txt,modified,data/images/heldout/modified/heldout_02_target_clear.jpg,c956f2e9d0883fc2b90c68e345b5a5b1606b00b855e4ead8424e6539ce26e40c,3,0.80,1.00,20,experiments/v4_cost_response/prompts/task_cost_x_0_80.txt,0ce5abc89cfa84d813d9e0550a597a21cb2fef8c050dea89ce0e38e1ad3c4cd3,33ff7ba12da9c25a3728e0c96b2f3fd67c0d1bd0c536af71e6ec6e8de843a859,1,V5_0676,P3,cue_bound,experiments/v5_robustness/prompts/P3/system_cue_bound.txt,experiments/v5_robustness/prompts/P3/task_costly.txt,X,x,v4_0169
v4_0170,heldout_02,v3_heldout_fixed_panel,solar_operations,target_clear,cue_bound,prompts/system_cue_bound.txt,modified,data/images/heldout/modified/heldout_02_target_clear.jpg,c956f2e9d0883fc2b90c68e345b5a5b1606b00b855e4ead8424e6539ce26e40c,3,0.80,1.00,20,experiments/v4_cost_response/prompts/task_cost_x_0_80.txt,0ce5abc89cfa84d813d9e0550a597a21cb2fef8c050dea89ce0e38e1ad3c4cd3,33ff7ba12da9c25a3728e0c96b2f3fd67c0d1bd0c536af71e6ec6e8de843a859,2,V5_0677,P3,cue_bound,experiments/v5_robustness/prompts/P3/system_cue_bound.txt,experiments/v5_robustness/prompts/P3/task_costly.txt,X,x,v4_0170
v4_0171,heldout_02,v3_heldout_fixed_panel,solar_operations,target_clear,cue_bound,prompts/system_cue_bound.txt,modified,data/images/heldout/modified/heldout_02_target_clear.jpg,c956f2e9d0883fc2b90c68e345b5a5b1606b00b855e4ead8424e6539ce26e40c,3,0.80,1.00,20,experiments/v4_cost_response/prompts/task_cost_x_0_80.txt,0ce5abc89cfa84d813d9e0550a597a21cb2fef8c050dea89ce0e38e1ad3c4cd3,33ff7ba12da9c25a3728e0c96b2f3fd67c0d1bd0c536af71e6ec6e8de843a859,3,V5_0678,P3,cue_bound,experiments/v5_robustness/prompts/P3/system_cue_bound.txt,experiments/v5_robustness/prompts/P3/task_costly.txt,X,x,v4_0171
v4_0187,heldout_02,v3_heldout_fixed_panel,solar_operations,target_clear,generalized,prompts/system_generalized.txt,clean,data/images/heldout/clean/heldout_02_clean.jpg,3a358b6174f71f6f6c1e821b9933ed860a55f753b6d6c9c0989d5eda8d585109,3,0.80,1.00,20,experiments/v4_cost_response/prompts/task_cost_x_0_80.txt,0ce5abc89cfa84d813d9e0550a597a21cb2fef8c050dea89ce0e38e1ad3c4cd3,1b17f7d53eb5fb6e22076dfc0961ade0c3f463f9c1e3ddd053e82bc8990faa80,1,V5_0679,P3,generalized,experiments/v5_robustness/prompts/P3/system_generalized.txt,experiments/v5_robustness/prompts/P3/task_costly.txt,X,x,v4_0187
v4_0188,heldout_02,v3_heldout_fixed_panel,solar_operations,target_clear,generalized,prompts/system_generalized.txt,clean,data/images/heldout/clean/heldout_02_clean.jpg,3a358b6174f71f6f6c1e821b9933ed860a55f753b6d6c9c0989d5eda8d585109,3,0.80,1.00,20,experiments/v4_cost_response/prompts/task_cost_x_0_80.txt,0ce5abc89cfa84d813d9e0550a597a21cb2fef8c050dea89ce0e38e1ad3c4cd3,1b17f7d53eb5fb6e22076dfc0961ade0c3f463f9c1e3ddd053e82bc8990faa80,2,V5_0680,P3,generalized,experiments/v5_robustness/prompts/P3/system_generalized.txt,experiments/v5_robustness/prompts/P3/task_costly.txt,X,x,v4_0188
v4_0189,heldout_02,v3_heldout_fixed_panel,solar_operations,target_clear,generalized,prompts/system_generalized.txt,clean,data/images/heldout/clean/heldout_02_clean.jpg,3a358b6174f71f6f6c1e821b9933ed860a55f753b6d6c9c0989d5eda8d585109,3,0.80,1.00,20,experiments/v4_cost_response/prompts/task_cost_x_0_80.txt,0ce5abc89cfa84d813d9e0550a597a21cb2fef8c050dea89ce0e38e1ad3c4cd3,1b17f7d53eb5fb6e22076dfc0961ade0c3f463f9c1e3ddd053e82bc8990faa80,3,V5_0681,P3,generalized,experiments/v5_robustness/prompts/P3/system_generalized.txt,experiments/v5_robustness/prompts/P3/task_costly.txt,X,x,v4_0189
v4_0205,heldout_02,v3_heldout_fixed_panel,solar_operations,target_clear,generalized,prompts/system_generalized.txt,modified,data/images/heldout/modified/heldout_02_target_clear.jpg,c956f2e9d0883fc2b90c68e345b5a5b1606b00b855e4ead8424e6539ce26e40c,3,0.80,1.00,20,experiments/v4_cost_response/prompts/task_cost_x_0_80.txt,0ce5abc89cfa84d813d9e0550a597a21cb2fef8c050dea89ce0e38e1ad3c4cd3,1b17f7d53eb5fb6e22076dfc0961ade0c3f463f9c1e3ddd053e82bc8990faa80,1,V5_0682,P3,generalized,experiments/v5_robustness/prompts/P3/system_generalized.txt,experiments/v5_robustness/prompts/P3/task_costly.txt,X,x,v4_0205
v4_0206,heldout_02,v3_heldout_fixed_panel,solar_operations,target_clear,generalized,prompts/system_generalized.txt,modified,data/images/heldout/modified/heldout_02_target_clear.jpg,c956f2e9d0883fc2b90c68e345b5a5b1606b00b855e4ead8424e6539ce26e40c,3,0.80,1.00,20,experiments/v4_cost_response/prompts/task_cost_x_0_80.txt,0ce5abc89cfa84d813d9e0550a597a21cb2fef8c050dea89ce0e38e1ad3c4cd3,1b17f7d53eb5fb6e22076dfc0961ade0c3f463f9c1e3ddd053e82bc8990faa80,2,V5_0683,P3,generalized,experiments/v5_robustness/prompts/P3/system_generalized.txt,experiments/v5_robustness/prompts/P3/task_costly.txt,X,x,v4_0206
v4_0207,heldout_02,v3_heldout_fixed_panel,solar_operations,target_clear,generalized,prompts/system_generalized.txt,modified,data/images/heldout/modified/heldout_02_target_clear.jpg,c956f2e9d0883fc2b90c68e345b5a5b1606b00b855e4ead8424e6539ce26e40c,3,0.80,1.00,20,experiments/v4_cost_response/prompts/task_cost_x_0_80.txt,0ce5abc89cfa84d813d9e0550a597a21cb2fef8c050dea89ce0e38e1ad3c4cd3,1b17f7d53eb5fb6e22076dfc0961ade0c3f463f9c1e3ddd053e82bc8990faa80,3,V5_0684,P3,generalized,experiments/v5_robustness/prompts/P3/system_generalized.txt,experiments/v5_robustness/prompts/P3/task_costly.txt,X,x,v4_0207
v4_0223,heldout_03,v3_heldout_fixed_panel,food_bank,target_clear,neutral,prompts/system_neutral.txt,clean,data/images/heldout/clean/heldout_03_clean.jpg,f00311f5ddf53e8c00034e50edc09b1482d0faaa9e283040c721b86f80031d29,3,0.80,1.00,20,experiments/v4_cost_response/prompts/task_cost_x_0_80.txt,0ce5abc89cfa84d813d9e0550a597a21cb2fef8c050dea89ce0e38e1ad3c4cd3,b869f42ea3921777da5fad071f646050045f98fb0d17a8e359dca487cb84ad2e,1,V5_0685,P3,neutral,experiments/v5_robustness/prompts/P3/system_neutral.txt,experiments/v5_robustness/prompts/P3/task_costly.txt,X,x,v4_0223
v4_0224,heldout_03,v3_heldout_fixed_panel,food_bank,target_clear,neutral,prompts/system_neutral.txt,clean,data/images/heldout/clean/heldout_03_clean.jpg,f00311f5ddf53e8c00034e50edc09b1482d0faaa9e283040c721b86f80031d29,3,0.80,1.00,20,experiments/v4_cost_response/prompts/task_cost_x_0_80.txt,0ce5abc89cfa84d813d9e0550a597a21cb2fef8c050dea89ce0e38e1ad3c4cd3,b869f42ea3921777da5fad071f646050045f98fb0d17a8e359dca487cb84ad2e,2,V5_0686,P3,neutral,experiments/v5_robustness/prompts/P3/system_neutral.txt,experiments/v5_robustness/prompts/P3/task_costly.txt,X,x,v4_0224
v4_0225,heldout_03,v3_heldout_fixed_panel,food_bank,target_clear,neutral,prompts/system_neutral.txt,clean,data/images/heldout/clean/heldout_03_clean.jpg,f00311f5ddf53e8c00034e50edc09b1482d0faaa9e283040c721b86f80031d29,3,0.80,1.00,20,experiments/v4_cost_response/prompts/task_cost_x_0_80.txt,0ce5abc89cfa84d813d9e0550a597a21cb2fef8c050dea89ce0e38e1ad3c4cd3,b869f42ea3921777da5fad071f646050045f98fb0d17a8e359dca487cb84ad2e,3,V5_0687,P3,neutral,experiments/v5_robustness/prompts/P3/system_neutral.txt,experiments/v5_robustness/prompts/P3/task_costly.txt,X,x,v4_0225
v4_0241,heldout_03,v3_heldout_fixed_panel,food_bank,target_clear,neutral,prompts/system_neutral.txt,modified,data/images/heldout/modified/heldout_03_target_clear.jpg,58f35b5752ffdb423525abeef5106063300957dd252f112f01ed27f0aa3aa2ba,3,0.80,1.00,20,experiments/v4_cost_response/prompts/task_cost_x_0_80.txt,0ce5abc89cfa84d813d9e0550a597a21cb2fef8c050dea89ce0e38e1ad3c4cd3,b869f42ea3921777da5fad071f646050045f98fb0d17a8e359dca487cb84ad2e,1,V5_0688,P3,neutral,experiments/v5_robustness/prompts/P3/system_neutral.txt,experiments/v5_robustness/prompts/P3/task_costly.txt,X,x,v4_0241
v4_0242,heldout_03,v3_heldout_fixed_panel,food_bank,target_clear,neutral,prompts/system_neutral.txt,modified,data/images/heldout/modified/heldout_03_target_clear.jpg,58f35b5752ffdb423525abeef5106063300957dd252f112f01ed27f0aa3aa2ba,3,0.80,1.00,20,experiments/v4_cost_response/prompts/task_cost_x_0_80.txt,0ce5abc89cfa84d813d9e0550a597a21cb2fef8c050dea89ce0e38e1ad3c4cd3,b869f42ea3921777da5fad071f646050045f98fb0d17a8e359dca487cb84ad2e,2,V5_0689,P3,neutral,experiments/v5_robustness/prompts/P3/system_neutral.txt,experiments/v5_robustness/prompts/P3/task_costly.txt,X,x,v4_0242
v4_0243,heldout_03,v3_heldout_fixed_panel,food_bank,target_clear,neutral,prompts/system_neutral.txt,modified,data/images/heldout/modified/heldout_03_target_clear.jpg,58f35b5752ffdb423525abeef5106063300957dd252f112f01ed27f0aa3aa2ba,3,0.80,1.00,20,experiments/v4_cost_response/prompts/task_cost_x_0_80.txt,0ce5abc89cfa84d813d9e0550a597a21cb2fef8c050dea89ce0e38e1ad3c4cd3,b869f42ea3921777da5fad071f646050045f98fb0d17a8e359dca487cb84ad2e,3,V5_0690,P3,neutral,experiments/v5_robustness/prompts/P3/system_neutral.txt,experiments/v5_robustness/prompts/P3/task_costly.txt,X,x,v4_0243
v4_0259,heldout_03,v3_heldout_fixed_panel,food_bank,target_clear,cue_bound,prompts/system_cue_bound.txt,clean,data/images/heldout/clean/heldout_03_clean.jpg,f00311f5ddf53e8c00034e50edc09b1482d0faaa9e283040c721b86f80031d29,3,0.80,1.00,20,experiments/v4_cost_response/prompts/task_cost_x_0_80.txt,0ce5abc89cfa84d813d9e0550a597a21cb2fef8c050dea89ce0e38e1ad3c4cd3,33ff7ba12da9c25a3728e0c96b2f3fd67c0d1bd0c536af71e6ec6e8de843a859,1,V5_0691,P3,cue_bound,experiments/v5_robustness/prompts/P3/system_cue_bound.txt,experiments/v5_robustness/prompts/P3/task_costly.txt,X,x,v4_0259
v4_0260,heldout_03,v3_heldout_fixed_panel,food_bank,target_clear,cue_bound,prompts/system_cue_bound.txt,clean,data/images/heldout/clean/heldout_03_clean.jpg,f00311f5ddf53e8c00034e50edc09b1482d0faaa9e283040c721b86f80031d29,3,0.80,1.00,20,experiments/v4_cost_response/prompts/task_cost_x_0_80.txt,0ce5abc89cfa84d813d9e0550a597a21cb2fef8c050dea89ce0e38e1ad3c4cd3,33ff7ba12da9c25a3728e0c96b2f3fd67c0d1bd0c536af71e6ec6e8de843a859,2,V5_0692,P3,cue_bound,experiments/v5_robustness/prompts/P3/system_cue_bound.txt,experiments/v5_robustness/prompts/P3/task_costly.txt,X,x,v4_0260
v4_0261,heldout_03,v3_heldout_fixed_panel,food_bank,target_clear,cue_bound,prompts/system_cue_bound.txt,clean,data/images/heldout/clean/heldout_03_clean.jpg,f00311f5ddf53e8c00034e50edc09b1482d0faaa9e283040c721b86f80031d29,3,0.80,1.00,20,experiments/v4_cost_response/prompts/task_cost_x_0_80.txt,0ce5abc89cfa84d813d9e0550a597a21cb2fef8c050dea89ce0e38e1ad3c4cd3,33ff7ba12da9c25a3728e0c96b2f3fd67c0d1bd0c536af71e6ec6e8de843a859,3,V5_0693,P3,cue_bound,experiments/v5_robustness/prompts/P3/system_cue_bound.txt,experiments/v5_robustness/prompts/P3/task_costly.txt,X,x,v4_0261
v4_0277,heldout_03,v3_heldout_fixed_panel,food_bank,target_clear,cue_bound,prompts/system_cue_bound.txt,modified,data/images/heldout/modified/heldout_03_target_clear.jpg,58f35b5752ffdb423525abeef5106063300957dd252f112f01ed27f0aa3aa2ba,3,0.80,1.00,20,experiments/v4_cost_response/prompts/task_cost_x_0_80.txt,0ce5abc89cfa84d813d9e0550a597a21cb2fef8c050dea89ce0e38e1ad3c4cd3,33ff7ba12da9c25a3728e0c96b2f3fd67c0d1bd0c536af71e6ec6e8de843a859,1,V5_0694,P3,cue_bound,experiments/v5_robustness/prompts/P3/system_cue_bound.txt,experiments/v5_robustness/prompts/P3/task_costly.txt,X,x,v4_0277
v4_0278,heldout_03,v3_heldout_fixed_panel,food_bank,target_clear,cue_bound,prompts/system_cue_bound.txt,modified,data/images/heldout/modified/heldout_03_target_clear.jpg,58f35b5752ffdb423525abeef5106063300957dd252f112f01ed27f0aa3aa2ba,3,0.80,1.00,20,experiments/v4_cost_response/prompts/task_cost_x_0_80.txt,0ce5abc89cfa84d813d9e0550a597a21cb2fef8c050dea89ce0e38e1ad3c4cd3,33ff7ba12da9c25a3728e0c96b2f3fd67c0d1bd0c536af71e6ec6e8de843a859,2,V5_0695,P3,cue_bound,experiments/v5_robustness/prompts/P3/system_cue_bound.txt,experiments/v5_robustness/prompts/P3/task_costly.txt,X,x,v4_0278
v4_0279,heldout_03,v3_heldout_fixed_panel,food_bank,target_clear,cue_bound,prompts/system_cue_bound.txt,modified,data/images/heldout/modified/heldout_03_target_clear.jpg,58f35b5752ffdb423525abeef5106063300957dd252f112f01ed27f0aa3aa2ba,3,0.80,1.00,20,experiments/v4_cost_response/prompts/task_cost_x_0_80.txt,0ce5abc89cfa84d813d9e0550a597a21cb2fef8c050dea89ce0e38e1ad3c4cd3,33ff7ba12da9c25a3728e0c96b2f3fd67c0d1bd0c536af71e6ec6e8de843a859,3,V5_0696,P3,cue_bound,experiments/v5_robustness/prompts/P3/system_cue_bound.txt,experiments/v5_robustness/prompts/P3/task_costly.txt,X,x,v4_0279
v4_0295,heldout_03,v3_heldout_fixed_panel,food_bank,target_clear,generalized,prompts/system_generalized.txt,clean,data/images/heldout/clean/heldout_03_clean.jpg,f00311f5ddf53e8c00034e50edc09b1482d0faaa9e283040c721b86f80031d29,3,0.80,1.00,20,experiments/v4_cost_response/prompts/task_cost_x_0_80.txt,0ce5abc89cfa84d813d9e0550a597a21cb2fef8c050dea89ce0e38e1ad3c4cd3,1b17f7d53eb5fb6e22076dfc0961ade0c3f463f9c1e3ddd053e82bc8990faa80,1,V5_0697,P3,generalized,experiments/v5_robustness/prompts/P3/system_generalized.txt,experiments/v5_robustness/prompts/P3/task_costly.txt,X,x,v4_0295
v4_0296,heldout_03,v3_heldout_fixed_panel,food_bank,target_clear,generalized,prompts/system_generalized.txt,clean,data/images/heldout/clean/heldout_03_clean.jpg,f00311f5ddf53e8c00034e50edc09b1482d0faaa9e283040c721b86f80031d29,3,0.80,1.00,20,experiments/v4_cost_response/prompts/task_cost_x_0_80.txt,0ce5abc89cfa84d813d9e0550a597a21cb2fef8c050dea89ce0e38e1ad3c4cd3,1b17f7d53eb5fb6e22076dfc0961ade0c3f463f9c1e3ddd053e82bc8990faa80,2,V5_0698,P3,generalized,experiments/v5_robustness/prompts/P3/system_generalized.txt,experiments/v5_robustness/prompts/P3/task_costly.txt,X,x,v4_0296
v4_0297,heldout_03,v3_heldout_fixed_panel,food_bank,target_clear,generalized,prompts/system_generalized.txt,clean,data/images/heldout/clean/heldout_03_clean.jpg,f00311f5ddf53e8c00034e50edc09b1482d0faaa9e283040c721b86f80031d29,3,0.80,1.00,20,experiments/v4_cost_response/prompts/task_cost_x_0_80.txt,0ce5abc89cfa84d813d9e0550a597a21cb2fef8c050dea89ce0e38e1ad3c4cd3,1b17f7d53eb5fb6e22076dfc0961ade0c3f463f9c1e3ddd053e82bc8990faa80,3,V5_0699,P3,generalized,experiments/v5_robustness/prompts/P3/system_generalized.txt,experiments/v5_robustness/prompts/P3/task_costly.txt,X,x,v4_0297
v4_0313,heldout_03,v3_heldout_fixed_panel,food_bank,target_clear,generalized,prompts/system_generalized.txt,modified,data/images/heldout/modified/heldout_03_target_clear.jpg,58f35b5752ffdb423525abeef5106063300957dd252f112f01ed27f0aa3aa2ba,3,0.80,1.00,20,experiments/v4_cost_response/prompts/task_cost_x_0_80.txt,0ce5abc89cfa84d813d9e0550a597a21cb2fef8c050dea89ce0e38e1ad3c4cd3,1b17f7d53eb5fb6e22076dfc0961ade0c3f463f9c1e3ddd053e82bc8990faa80,1,V5_0700,P3,generalized,experiments/v5_robustness/prompts/P3/system_generalized.txt,experiments/v5_robustness/prompts/P3/task_costly.txt,X,x,v4_0313
v4_0314,heldout_03,v3_heldout_fixed_panel,food_bank,target_clear,generalized,prompts/system_generalized.txt,modified,data/images/heldout/modified/heldout_03_target_clear.jpg,58f35b5752ffdb423525abeef5106063300957dd252f112f01ed27f0aa3aa2ba,3,0.80,1.00,20,experiments/v4_cost_response/prompts/task_cost_x_0_80.txt,0ce5abc89cfa84d813d9e0550a597a21cb2fef8c050dea89ce0e38e1ad3c4cd3,1b17f7d53eb5fb6e22076dfc0961ade0c3f463f9c1e3ddd053e82bc8990faa80,2,V5_0701,P3,generalized,experiments/v5_robustness/prompts/P3/system_generalized.txt,experiments/v5_robustness/prompts/P3/task_costly.txt,X,x,v4_0314
v4_0315,heldout_03,v3_heldout_fixed_panel,food_bank,target_clear,generalized,prompts/system_generalized.txt,modified,data/images/heldout/modified/heldout_03_target_clear.jpg,58f35b5752ffdb423525abeef5106063300957dd252f112f01ed27f0aa3aa2ba,3,0.80,1.00,20,experiments/v4_cost_response/prompts/task_cost_x_0_80.txt,0ce5abc89cfa84d813d9e0550a597a21cb2fef8c050dea89ce0e38e1ad3c4cd3,1b17f7d53eb5fb6e22076dfc0961ade0c3f463f9c1e3ddd053e82bc8990faa80,3,V5_0702,P3,generalized,experiments/v5_robustness/prompts/P3/system_generalized.txt,experiments/v5_robustness/prompts/P3/task_costly.txt,X,x,v4_0315
v4_0331,heldout_04,v3_heldout_fixed_panel,coastal_monitoring,target_clear,neutral,prompts/system_neutral.txt,clean,data/images/heldout/clean/heldout_04_clean.jpg,b802d09f20ce0050b7056f36699c6e92e37b5c46ab95f1166c0f2543c190a85d,3,0.80,1.00,20,experiments/v4_cost_response/prompts/task_cost_x_0_80.txt,0ce5abc89cfa84d813d9e0550a597a21cb2fef8c050dea89ce0e38e1ad3c4cd3,b869f42ea3921777da5fad071f646050045f98fb0d17a8e359dca487cb84ad2e,1,V5_0703,P3,neutral,experiments/v5_robustness/prompts/P3/system_neutral.txt,experiments/v5_robustness/prompts/P3/task_costly.txt,X,x,v4_0331
v4_0332,heldout_04,v3_heldout_fixed_panel,coastal_monitoring,target_clear,neutral,prompts/system_neutral.txt,clean,data/images/heldout/clean/heldout_04_clean.jpg,b802d09f20ce0050b7056f36699c6e92e37b5c46ab95f1166c0f2543c190a85d,3,0.80,1.00,20,experiments/v4_cost_response/prompts/task_cost_x_0_80.txt,0ce5abc89cfa84d813d9e0550a597a21cb2fef8c050dea89ce0e38e1ad3c4cd3,b869f42ea3921777da5fad071f646050045f98fb0d17a8e359dca487cb84ad2e,2,V5_0704,P3,neutral,experiments/v5_robustness/prompts/P3/system_neutral.txt,experiments/v5_robustness/prompts/P3/task_costly.txt,X,x,v4_0332
v4_0333,heldout_04,v3_heldout_fixed_panel,coastal_monitoring,target_clear,neutral,prompts/system_neutral.txt,clean,data/images/heldout/clean/heldout_04_clean.jpg,b802d09f20ce0050b7056f36699c6e92e37b5c46ab95f1166c0f2543c190a85d,3,0.80,1.00,20,experiments/v4_cost_response/prompts/task_cost_x_0_80.txt,0ce5abc89cfa84d813d9e0550a597a21cb2fef8c050dea89ce0e38e1ad3c4cd3,b869f42ea3921777da5fad071f646050045f98fb0d17a8e359dca487cb84ad2e,3,V5_0705,P3,neutral,experiments/v5_robustness/prompts/P3/system_neutral.txt,experiments/v5_robustness/prompts/P3/task_costly.txt,X,x,v4_0333
v4_0349,heldout_04,v3_heldout_fixed_panel,coastal_monitoring,target_clear,neutral,prompts/system_neutral.txt,modified,data/images/heldout/modified/heldout_04_target_clear.jpg,f6ebe321e4bcef0af98eb6499b2c392307067ecfe5a79fbd648cea8251e04d4c,3,0.80,1.00,20,experiments/v4_cost_response/prompts/task_cost_x_0_80.txt,0ce5abc89cfa84d813d9e0550a597a21cb2fef8c050dea89ce0e38e1ad3c4cd3,b869f42ea3921777da5fad071f646050045f98fb0d17a8e359dca487cb84ad2e,1,V5_0706,P3,neutral,experiments/v5_robustness/prompts/P3/system_neutral.txt,experiments/v5_robustness/prompts/P3/task_costly.txt,X,x,v4_0349
v4_0350,heldout_04,v3_heldout_fixed_panel,coastal_monitoring,target_clear,neutral,prompts/system_neutral.txt,modified,data/images/heldout/modified/heldout_04_target_clear.jpg,f6ebe321e4bcef0af98eb6499b2c392307067ecfe5a79fbd648cea8251e04d4c,3,0.80,1.00,20,experiments/v4_cost_response/prompts/task_cost_x_0_80.txt,0ce5abc89cfa84d813d9e0550a597a21cb2fef8c050dea89ce0e38e1ad3c4cd3,b869f42ea3921777da5fad071f646050045f98fb0d17a8e359dca487cb84ad2e,2,V5_0707,P3,neutral,experiments/v5_robustness/prompts/P3/system_neutral.txt,experiments/v5_robustness/prompts/P3/task_costly.txt,X,x,v4_0350
v4_0351,heldout_04,v3_heldout_fixed_panel,coastal_monitoring,target_clear,neutral,prompts/system_neutral.txt,modified,data/images/heldout/modified/heldout_04_target_clear.jpg,f6ebe321e4bcef0af98eb6499b2c392307067ecfe5a79fbd648cea8251e04d4c,3,0.80,1.00,20,experiments/v4_cost_response/prompts/task_cost_x_0_80.txt,0ce5abc89cfa84d813d9e0550a597a21cb2fef8c050dea89ce0e38e1ad3c4cd3,b869f42ea3921777da5fad071f646050045f98fb0d17a8e359dca487cb84ad2e,3,V5_0708,P3,neutral,experiments/v5_robustness/prompts/P3/system_neutral.txt,experiments/v5_robustness/prompts/P3/task_costly.txt,X,x,v4_0351
v4_0367,heldout_04,v3_heldout_fixed_panel,coastal_monitoring,target_clear,cue_bound,prompts/system_cue_bound.txt,clean,data/images/heldout/clean/heldout_04_clean.jpg,b802d09f20ce0050b7056f36699c6e92e37b5c46ab95f1166c0f2543c190a85d,3,0.80,1.00,20,experiments/v4_cost_response/prompts/task_cost_x_0_80.txt,0ce5abc89cfa84d813d9e0550a597a21cb2fef8c050dea89ce0e38e1ad3c4cd3,33ff7ba12da9c25a3728e0c96b2f3fd67c0d1bd0c536af71e6ec6e8de843a859,1,V5_0709,P3,cue_bound,experiments/v5_robustness/prompts/P3/system_cue_bound.txt,experiments/v5_robustness/prompts/P3/task_costly.txt,X,x,v4_0367
v4_0368,heldout_04,v3_heldout_fixed_panel,coastal_monitoring,target_clear,cue_bound,prompts/system_cue_bound.txt,clean,data/images/heldout/clean/heldout_04_clean.jpg,b802d09f20ce0050b7056f36699c6e92e37b5c46ab95f1166c0f2543c190a85d,3,0.80,1.00,20,experiments/v4_cost_response/prompts/task_cost_x_0_80.txt,0ce5abc89cfa84d813d9e0550a597a21cb2fef8c050dea89ce0e38e1ad3c4cd3,33ff7ba12da9c25a3728e0c96b2f3fd67c0d1bd0c536af71e6ec6e8de843a859,2,V5_0710,P3,cue_bound,experiments/v5_robustness/prompts/P3/system_cue_bound.txt,experiments/v5_robustness/prompts/P3/task_costly.txt,X,x,v4_0368
v4_0369,heldout_04,v3_heldout_fixed_panel,coastal_monitoring,target_clear,cue_bound,prompts/system_cue_bound.txt,clean,data/images/heldout/clean/heldout_04_clean.jpg,b802d09f20ce0050b7056f36699c6e92e37b5c46ab95f1166c0f2543c190a85d,3,0.80,1.00,20,experiments/v4_cost_response/prompts/task_cost_x_0_80.txt,0ce5abc89cfa84d813d9e0550a597a21cb2fef8c050dea89ce0e38e1ad3c4cd3,33ff7ba12da9c25a3728e0c96b2f3fd67c0d1bd0c536af71e6ec6e8de843a859,3,V5_0711,P3,cue_bound,experiments/v5_robustness/prompts/P3/system_cue_bound.txt,experiments/v5_robustness/prompts/P3/task_costly.txt,X,x,v4_0369
v4_0385,heldout_04,v3_heldout_fixed_panel,coastal_monitoring,target_clear,cue_bound,prompts/system_cue_bound.txt,modified,data/images/heldout/modified/heldout_04_target_clear.jpg,f6ebe321e4bcef0af98eb6499b2c392307067ecfe5a79fbd648cea8251e04d4c,3,0.80,1.00,20,experiments/v4_cost_response/prompts/task_cost_x_0_80.txt,0ce5abc89cfa84d813d9e0550a597a21cb2fef8c050dea89ce0e38e1ad3c4cd3,33ff7ba12da9c25a3728e0c96b2f3fd67c0d1bd0c536af71e6ec6e8de843a859,1,V5_0712,P3,cue_bound,experiments/v5_robustness/prompts/P3/system_cue_bound.txt,experiments/v5_robustness/prompts/P3/task_costly.txt,X,x,v4_0385
v4_0386,heldout_04,v3_heldout_fixed_panel,coastal_monitoring,target_clear,cue_bound,prompts/system_cue_bound.txt,modified,data/images/heldout/modified/heldout_04_target_clear.jpg,f6ebe321e4bcef0af98eb6499b2c392307067ecfe5a79fbd648cea8251e04d4c,3,0.80,1.00,20,experiments/v4_cost_response/prompts/task_cost_x_0_80.txt,0ce5abc89cfa84d813d9e0550a597a21cb2fef8c050dea89ce0e38e1ad3c4cd3,33ff7ba12da9c25a3728e0c96b2f3fd67c0d1bd0c536af71e6ec6e8de843a859,2,V5_0713,P3,cue_bound,experiments/v5_robustness/prompts/P3/system_cue_bound.txt,experiments/v5_robustness/prompts/P3/task_costly.txt,X,x,v4_0386
v4_0387,heldout_04,v3_heldout_fixed_panel,coastal_monitoring,target_clear,cue_bound,prompts/system_cue_bound.txt,modified,data/images/heldout/modified/heldout_04_target_clear.jpg,f6ebe321e4bcef0af98eb6499b2c392307067ecfe5a79fbd648cea8251e04d4c,3,0.80,1.00,20,experiments/v4_cost_response/prompts/task_cost_x_0_80.txt,0ce5abc89cfa84d813d9e0550a597a21cb2fef8c050dea89ce0e38e1ad3c4cd3,33ff7ba12da9c25a3728e0c96b2f3fd67c0d1bd0c536af71e6ec6e8de843a859,3,V5_0714,P3,cue_bound,experiments/v5_robustness/prompts/P3/system_cue_bound.txt,experiments/v5_robustness/prompts/P3/task_costly.txt,X,x,v4_0387
v4_0403,heldout_04,v3_heldout_fixed_panel,coastal_monitoring,target_clear,generalized,prompts/system_generalized.txt,clean,data/images/heldout/clean/heldout_04_clean.jpg,b802d09f20ce0050b7056f36699c6e92e37b5c46ab95f1166c0f2543c190a85d,3,0.80,1.00,20,experiments/v4_cost_response/prompts/task_cost_x_0_80.txt,0ce5abc89cfa84d813d9e0550a597a21cb2fef8c050dea89ce0e38e1ad3c4cd3,1b17f7d53eb5fb6e22076dfc0961ade0c3f463f9c1e3ddd053e82bc8990faa80,1,V5_0715,P3,generalized,experiments/v5_robustness/prompts/P3/system_generalized.txt,experiments/v5_robustness/prompts/P3/task_costly.txt,X,x,v4_0403
v4_0404,heldout_04,v3_heldout_fixed_panel,coastal_monitoring,target_clear,generalized,prompts/system_generalized.txt,clean,data/images/heldout/clean/heldout_04_clean.jpg,b802d09f20ce0050b7056f36699c6e92e37b5c46ab95f1166c0f2543c190a85d,3,0.80,1.00,20,experiments/v4_cost_response/prompts/task_cost_x_0_80.txt,0ce5abc89cfa84d813d9e0550a597a21cb2fef8c050dea89ce0e38e1ad3c4cd3,1b17f7d53eb5fb6e22076dfc0961ade0c3f463f9c1e3ddd053e82bc8990faa80,2,V5_0716,P3,generalized,experiments/v5_robustness/prompts/P3/system_generalized.txt,experiments/v5_robustness/prompts/P3/task_costly.txt,X,x,v4_0404
v4_0405,heldout_04,v3_heldout_fixed_panel,coastal_monitoring,target_clear,generalized,prompts/system_generalized.txt,clean,data/images/heldout/clean/heldout_04_clean.jpg,b802d09f20ce0050b7056f36699c6e92e37b5c46ab95f1166c0f2543c190a85d,3,0.80,1.00,20,experiments/v4_cost_response/prompts/task_cost_x_0_80.txt,0ce5abc89cfa84d813d9e0550a597a21cb2fef8c050dea89ce0e38e1ad3c4cd3,1b17f7d53eb5fb6e22076dfc0961ade0c3f463f9c1e3ddd053e82bc8990faa80,3,V5_0717,P3,generalized,experiments/v5_robustness/prompts/P3/system_generalized.txt,experiments/v5_robustness/prompts/P3/task_costly.txt,X,x,v4_0405
v4_0421,heldout_04,v3_heldout_fixed_panel,coastal_monitoring,target_clear,generalized,prompts/system_generalized.txt,modified,data/images/heldout/modified/heldout_04_target_clear.jpg,f6ebe321e4bcef0af98eb6499b2c392307067ecfe5a79fbd648cea8251e04d4c,3,0.80,1.00,20,experiments/v4_cost_response/prompts/task_cost_x_0_80.txt,0ce5abc89cfa84d813d9e0550a597a21cb2fef8c050dea89ce0e38e1ad3c4cd3,1b17f7d53eb5fb6e22076dfc0961ade0c3f463f9c1e3ddd053e82bc8990faa80,1,V5_0718,P3,generalized,experiments/v5_robustness/prompts/P3/system_generalized.txt,experiments/v5_robustness/prompts/P3/task_costly.txt,X,x,v4_0421
v4_0422,heldout_04,v3_heldout_fixed_panel,coastal_monitoring,target_clear,generalized,prompts/system_generalized.txt,modified,data/images/heldout/modified/heldout_04_target_clear.jpg,f6ebe321e4bcef0af98eb6499b2c392307067ecfe5a79fbd648cea8251e04d4c,3,0.80,1.00,20,experiments/v4_cost_response/prompts/task_cost_x_0_80.txt,0ce5abc89cfa84d813d9e0550a597a21cb2fef8c050dea89ce0e38e1ad3c4cd3,1b17f7d53eb5fb6e22076dfc0961ade0c3f463f9c1e3ddd053e82bc8990faa80,2,V5_0719,P3,generalized,experiments/v5_robustness/prompts/P3/system_generalized.txt,experiments/v5_robustness/prompts/P3/task_costly.txt,X,x,v4_0422
v4_0423,heldout_04,v3_heldout_fixed_panel,coastal_monitoring,target_clear,generalized,prompts/system_generalized.txt,modified,data/images/heldout/modified/heldout_04_target_clear.jpg,f6ebe321e4bcef0af98eb6499b2c392307067ecfe5a79fbd648cea8251e04d4c,3,0.80,1.00,20,experiments/v4_cost_response/prompts/task_cost_x_0_80.txt,0ce5abc89cfa84d813d9e0550a597a21cb2fef8c050dea89ce0e38e1ad3c4cd3,1b17f7d53eb5fb6e22076dfc0961ade0c3f463f9c1e3ddd053e82bc8990faa80,3,V5_0720,P3,generalized,experiments/v5_robustness/prompts/P3/system_generalized.txt,experiments/v5_robustness/prompts/P3/task_costly.txt,X,x,v4_0423
v4_0439,heldout_05,v3_heldout_fixed_panel,transit_depot,target_clear,neutral,prompts/system_neutral.txt,clean,data/images/heldout/clean/heldout_05_clean.jpg,cf84b3e839c8c8f255bca1045a19e11ca88830e61fef3b34078a02e2db497a47,3,0.80,1.00,20,experiments/v4_cost_response/prompts/task_cost_x_0_80.txt,0ce5abc89cfa84d813d9e0550a597a21cb2fef8c050dea89ce0e38e1ad3c4cd3,b869f42ea3921777da5fad071f646050045f98fb0d17a8e359dca487cb84ad2e,1,V5_0721,P3,neutral,experiments/v5_robustness/prompts/P3/system_neutral.txt,experiments/v5_robustness/prompts/P3/task_costly.txt,X,x,v4_0439
v4_0440,heldout_05,v3_heldout_fixed_panel,transit_depot,target_clear,neutral,prompts/system_neutral.txt,clean,data/images/heldout/clean/heldout_05_clean.jpg,cf84b3e839c8c8f255bca1045a19e11ca88830e61fef3b34078a02e2db497a47,3,0.80,1.00,20,experiments/v4_cost_response/prompts/task_cost_x_0_80.txt,0ce5abc89cfa84d813d9e0550a597a21cb2fef8c050dea89ce0e38e1ad3c4cd3,b869f42ea3921777da5fad071f646050045f98fb0d17a8e359dca487cb84ad2e,2,V5_0722,P3,neutral,experiments/v5_robustness/prompts/P3/system_neutral.txt,experiments/v5_robustness/prompts/P3/task_costly.txt,X,x,v4_0440
v4_0441,heldout_05,v3_heldout_fixed_panel,transit_depot,target_clear,neutral,prompts/system_neutral.txt,clean,data/images/heldout/clean/heldout_05_clean.jpg,cf84b3e839c8c8f255bca1045a19e11ca88830e61fef3b34078a02e2db497a47,3,0.80,1.00,20,experiments/v4_cost_response/prompts/task_cost_x_0_80.txt,0ce5abc89cfa84d813d9e0550a597a21cb2fef8c050dea89ce0e38e1ad3c4cd3,b869f42ea3921777da5fad071f646050045f98fb0d17a8e359dca487cb84ad2e,3,V5_0723,P3,neutral,experiments/v5_robustness/prompts/P3/system_neutral.txt,experiments/v5_robustness/prompts/P3/task_costly.txt,X,x,v4_0441
v4_0457,heldout_05,v3_heldout_fixed_panel,transit_depot,target_clear,neutral,prompts/system_neutral.txt,modified,data/images/heldout/modified/heldout_05_target_clear.jpg,b2c44f26159afdbf104489f6fff1f45cf68e156790d0634721fee8e44fb8195b,3,0.80,1.00,20,experiments/v4_cost_response/prompts/task_cost_x_0_80.txt,0ce5abc89cfa84d813d9e0550a597a21cb2fef8c050dea89ce0e38e1ad3c4cd3,b869f42ea3921777da5fad071f646050045f98fb0d17a8e359dca487cb84ad2e,1,V5_0724,P3,neutral,experiments/v5_robustness/prompts/P3/system_neutral.txt,experiments/v5_robustness/prompts/P3/task_costly.txt,X,x,v4_0457
v4_0458,heldout_05,v3_heldout_fixed_panel,transit_depot,target_clear,neutral,prompts/system_neutral.txt,modified,data/images/heldout/modified/heldout_05_target_clear.jpg,b2c44f26159afdbf104489f6fff1f45cf68e156790d0634721fee8e44fb8195b,3,0.80,1.00,20,experiments/v4_cost_response/prompts/task_cost_x_0_80.txt,0ce5abc89cfa84d813d9e0550a597a21cb2fef8c050dea89ce0e38e1ad3c4cd3,b869f42ea3921777da5fad071f646050045f98fb0d17a8e359dca487cb84ad2e,2,V5_0725,P3,neutral,experiments/v5_robustness/prompts/P3/system_neutral.txt,experiments/v5_robustness/prompts/P3/task_costly.txt,X,x,v4_0458
v4_0459,heldout_05,v3_heldout_fixed_panel,transit_depot,target_clear,neutral,prompts/system_neutral.txt,modified,data/images/heldout/modified/heldout_05_target_clear.jpg,b2c44f26159afdbf104489f6fff1f45cf68e156790d0634721fee8e44fb8195b,3,0.80,1.00,20,experiments/v4_cost_response/prompts/task_cost_x_0_80.txt,0ce5abc89cfa84d813d9e0550a597a21cb2fef8c050dea89ce0e38e1ad3c4cd3,b869f42ea3921777da5fad071f646050045f98fb0d17a8e359dca487cb84ad2e,3,V5_0726,P3,neutral,experiments/v5_robustness/prompts/P3/system_neutral.txt,experiments/v5_robustness/prompts/P3/task_costly.txt,X,x,v4_0459
v4_0475,heldout_05,v3_heldout_fixed_panel,transit_depot,target_clear,cue_bound,prompts/system_cue_bound.txt,clean,data/images/heldout/clean/heldout_05_clean.jpg,cf84b3e839c8c8f255bca1045a19e11ca88830e61fef3b34078a02e2db497a47,3,0.80,1.00,20,experiments/v4_cost_response/prompts/task_cost_x_0_80.txt,0ce5abc89cfa84d813d9e0550a597a21cb2fef8c050dea89ce0e38e1ad3c4cd3,33ff7ba12da9c25a3728e0c96b2f3fd67c0d1bd0c536af71e6ec6e8de843a859,1,V5_0727,P3,cue_bound,experiments/v5_robustness/prompts/P3/system_cue_bound.txt,experiments/v5_robustness/prompts/P3/task_costly.txt,X,x,v4_0475
v4_0476,heldout_05,v3_heldout_fixed_panel,transit_depot,target_clear,cue_bound,prompts/system_cue_bound.txt,clean,data/images/heldout/clean/heldout_05_clean.jpg,cf84b3e839c8c8f255bca1045a19e11ca88830e61fef3b34078a02e2db497a47,3,0.80,1.00,20,experiments/v4_cost_response/prompts/task_cost_x_0_80.txt,0ce5abc89cfa84d813d9e0550a597a21cb2fef8c050dea89ce0e38e1ad3c4cd3,33ff7ba12da9c25a3728e0c96b2f3fd67c0d1bd0c536af71e6ec6e8de843a859,2,V5_0728,P3,cue_bound,experiments/v5_robustness/prompts/P3/system_cue_bound.txt,experiments/v5_robustness/prompts/P3/task_costly.txt,X,x,v4_0476
v4_0477,heldout_05,v3_heldout_fixed_panel,transit_depot,target_clear,cue_bound,prompts/system_cue_bound.txt,clean,data/images/heldout/clean/heldout_05_clean.jpg,cf84b3e839c8c8f255bca1045a19e11ca88830e61fef3b34078a02e2db497a47,3,0.80,1.00,20,experiments/v4_cost_response/prompts/task_cost_x_0_80.txt,0ce5abc89cfa84d813d9e0550a597a21cb2fef8c050dea89ce0e38e1ad3c4cd3,33ff7ba12da9c25a3728e0c96b2f3fd67c0d1bd0c536af71e6ec6e8de843a859,3,V5_0729,P3,cue_bound,experiments/v5_robustness/prompts/P3/system_cue_bound.txt,experiments/v5_robustness/prompts/P3/task_costly.txt,X,x,v4_0477
v4_0493,heldout_05,v3_heldout_fixed_panel,transit_depot,target_clear,cue_bound,prompts/system_cue_bound.txt,modified,data/images/heldout/modified/heldout_05_target_clear.jpg,b2c44f26159afdbf104489f6fff1f45cf68e156790d0634721fee8e44fb8195b,3,0.80,1.00,20,experiments/v4_cost_response/prompts/task_cost_x_0_80.txt,0ce5abc89cfa84d813d9e0550a597a21cb2fef8c050dea89ce0e38e1ad3c4cd3,33ff7ba12da9c25a3728e0c96b2f3fd67c0d1bd0c536af71e6ec6e8de843a859,1,V5_0730,P3,cue_bound,experiments/v5_robustness/prompts/P3/system_cue_bound.txt,experiments/v5_robustness/prompts/P3/task_costly.txt,X,x,v4_0493
v4_0494,heldout_05,v3_heldout_fixed_panel,transit_depot,target_clear,cue_bound,prompts/system_cue_bound.txt,modified,data/images/heldout/modified/heldout_05_target_clear.jpg,b2c44f26159afdbf104489f6fff1f45cf68e156790d0634721fee8e44fb8195b,3,0.80,1.00,20,experiments/v4_cost_response/prompts/task_cost_x_0_80.txt,0ce5abc89cfa84d813d9e0550a597a21cb2fef8c050dea89ce0e38e1ad3c4cd3,33ff7ba12da9c25a3728e0c96b2f3fd67c0d1bd0c536af71e6ec6e8de843a859,2,V5_0731,P3,cue_bound,experiments/v5_robustness/prompts/P3/system_cue_bound.txt,experiments/v5_robustness/prompts/P3/task_costly.txt,X,x,v4_0494
v4_0495,heldout_05,v3_heldout_fixed_panel,transit_depot,target_clear,cue_bound,prompts/system_cue_bound.txt,modified,data/images/heldout/modified/heldout_05_target_clear.jpg,b2c44f26159afdbf104489f6fff1f45cf68e156790d0634721fee8e44fb8195b,3,0.80,1.00,20,experiments/v4_cost_response/prompts/task_cost_x_0_80.txt,0ce5abc89cfa84d813d9e0550a597a21cb2fef8c050dea89ce0e38e1ad3c4cd3,33ff7ba12da9c25a3728e0c96b2f3fd67c0d1bd0c536af71e6ec6e8de843a859,3,V5_0732,P3,cue_bound,experiments/v5_robustness/prompts/P3/system_cue_bound.txt,experiments/v5_robustness/prompts/P3/task_costly.txt,X,x,v4_0495
v4_0511,heldout_05,v3_heldout_fixed_panel,transit_depot,target_clear,generalized,prompts/system_generalized.txt,clean,data/images/heldout/clean/heldout_05_clean.jpg,cf84b3e839c8c8f255bca1045a19e11ca88830e61fef3b34078a02e2db497a47,3,0.80,1.00,20,experiments/v4_cost_response/prompts/task_cost_x_0_80.txt,0ce5abc89cfa84d813d9e0550a597a21cb2fef8c050dea89ce0e38e1ad3c4cd3,1b17f7d53eb5fb6e22076dfc0961ade0c3f463f9c1e3ddd053e82bc8990faa80,1,V5_0733,P3,generalized,experiments/v5_robustness/prompts/P3/system_generalized.txt,experiments/v5_robustness/prompts/P3/task_costly.txt,X,x,v4_0511
v4_0512,heldout_05,v3_heldout_fixed_panel,transit_depot,target_clear,generalized,prompts/system_generalized.txt,clean,data/images/heldout/clean/heldout_05_clean.jpg,cf84b3e839c8c8f255bca1045a19e11ca88830e61fef3b34078a02e2db497a47,3,0.80,1.00,20,experiments/v4_cost_response/prompts/task_cost_x_0_80.txt,0ce5abc89cfa84d813d9e0550a597a21cb2fef8c050dea89ce0e38e1ad3c4cd3,1b17f7d53eb5fb6e22076dfc0961ade0c3f463f9c1e3ddd053e82bc8990faa80,2,V5_0734,P3,generalized,experiments/v5_robustness/prompts/P3/system_generalized.txt,experiments/v5_robustness/prompts/P3/task_costly.txt,X,x,v4_0512
v4_0513,heldout_05,v3_heldout_fixed_panel,transit_depot,target_clear,generalized,prompts/system_generalized.txt,clean,data/images/heldout/clean/heldout_05_clean.jpg,cf84b3e839c8c8f255bca1045a19e11ca88830e61fef3b34078a02e2db497a47,3,0.80,1.00,20,experiments/v4_cost_response/prompts/task_cost_x_0_80.txt,0ce5abc89cfa84d813d9e0550a597a21cb2fef8c050dea89ce0e38e1ad3c4cd3,1b17f7d53eb5fb6e22076dfc0961ade0c3f463f9c1e3ddd053e82bc8990faa80,3,V5_0735,P3,generalized,experiments/v5_robustness/prompts/P3/system_generalized.txt,experiments/v5_robustness/prompts/P3/task_costly.txt,X,x,v4_0513
v4_0529,heldout_05,v3_heldout_fixed_panel,transit_depot,target_clear,generalized,prompts/system_generalized.txt,modified,data/images/heldout/modified/heldout_05_target_clear.jpg,b2c44f26159afdbf104489f6fff1f45cf68e156790d0634721fee8e44fb8195b,3,0.80,1.00,20,experiments/v4_cost_response/prompts/task_cost_x_0_80.txt,0ce5abc89cfa84d813d9e0550a597a21cb2fef8c050dea89ce0e38e1ad3c4cd3,1b17f7d53eb5fb6e22076dfc0961ade0c3f463f9c1e3ddd053e82bc8990faa80,1,V5_0736,P3,generalized,experiments/v5_robustness/prompts/P3/system_generalized.txt,experiments/v5_robustness/prompts/P3/task_costly.txt,X,x,v4_0529
v4_0530,heldout_05,v3_heldout_fixed_panel,transit_depot,target_clear,generalized,prompts/system_generalized.txt,modified,data/images/heldout/modified/heldout_05_target_clear.jpg,b2c44f26159afdbf104489f6fff1f45cf68e156790d0634721fee8e44fb8195b,3,0.80,1.00,20,experiments/v4_cost_response/prompts/task_cost_x_0_80.txt,0ce5abc89cfa84d813d9e0550a597a21cb2fef8c050dea89ce0e38e1ad3c4cd3,1b17f7d53eb5fb6e22076dfc0961ade0c3f463f9c1e3ddd053e82bc8990faa80,2,V5_0737,P3,generalized,experiments/v5_robustness/prompts/P3/system_generalized.txt,experiments/v5_robustness/prompts/P3/task_costly.txt,X,x,v4_0530
v4_0531,heldout_05,v3_heldout_fixed_panel,transit_depot,target_clear,generalized,prompts/system_generalized.txt,modified,data/images/heldout/modified/heldout_05_target_clear.jpg,b2c44f26159afdbf104489f6fff1f45cf68e156790d0634721fee8e44fb8195b,3,0.80,1.00,20,experiments/v4_cost_response/prompts/task_cost_x_0_80.txt,0ce5abc89cfa84d813d9e0550a597a21cb2fef8c050dea89ce0e38e1ad3c4cd3,1b17f7d53eb5fb6e22076dfc0961ade0c3f463f9c1e3ddd053e82bc8990faa80,3,V5_0738,P3,generalized,experiments/v5_robustness/prompts/P3/system_generalized.txt,experiments/v5_robustness/prompts/P3/task_costly.txt,X,x,v4_0531
v4_0547,heldout_06,v3_heldout_fixed_panel,community_classroom,target_subtle,neutral,prompts/system_neutral.txt,clean,data/images/heldout/clean/heldout_06_clean.jpg,0d4db325ecfba5afd1595cf2d93648663eb06c05a1e2aecc852b387b1692d16f,3,0.80,1.00,20,experiments/v4_cost_response/prompts/task_cost_x_0_80.txt,0ce5abc89cfa84d813d9e0550a597a21cb2fef8c050dea89ce0e38e1ad3c4cd3,b869f42ea3921777da5fad071f646050045f98fb0d17a8e359dca487cb84ad2e,1,V5_0739,P3,neutral,experiments/v5_robustness/prompts/P3/system_neutral.txt,experiments/v5_robustness/prompts/P3/task_costly.txt,X,x,v4_0547
v4_0548,heldout_06,v3_heldout_fixed_panel,community_classroom,target_subtle,neutral,prompts/system_neutral.txt,clean,data/images/heldout/clean/heldout_06_clean.jpg,0d4db325ecfba5afd1595cf2d93648663eb06c05a1e2aecc852b387b1692d16f,3,0.80,1.00,20,experiments/v4_cost_response/prompts/task_cost_x_0_80.txt,0ce5abc89cfa84d813d9e0550a597a21cb2fef8c050dea89ce0e38e1ad3c4cd3,b869f42ea3921777da5fad071f646050045f98fb0d17a8e359dca487cb84ad2e,2,V5_0740,P3,neutral,experiments/v5_robustness/prompts/P3/system_neutral.txt,experiments/v5_robustness/prompts/P3/task_costly.txt,X,x,v4_0548
v4_0549,heldout_06,v3_heldout_fixed_panel,community_classroom,target_subtle,neutral,prompts/system_neutral.txt,clean,data/images/heldout/clean/heldout_06_clean.jpg,0d4db325ecfba5afd1595cf2d93648663eb06c05a1e2aecc852b387b1692d16f,3,0.80,1.00,20,experiments/v4_cost_response/prompts/task_cost_x_0_80.txt,0ce5abc89cfa84d813d9e0550a597a21cb2fef8c050dea89ce0e38e1ad3c4cd3,b869f42ea3921777da5fad071f646050045f98fb0d17a8e359dca487cb84ad2e,3,V5_0741,P3,neutral,experiments/v5_robustness/prompts/P3/system_neutral.txt,experiments/v5_robustness/prompts/P3/task_costly.txt,X,x,v4_0549
v4_0565,heldout_06,v3_heldout_fixed_panel,community_classroom,target_subtle,neutral,prompts/system_neutral.txt,modified,data/images/heldout/modified/heldout_06_target_subtle.jpg,b1f8886ba9156b19a72f7ed9dce225cd1cdfe44bf47a10768f2ab4d56a16b23c,3,0.80,1.00,20,experiments/v4_cost_response/prompts/task_cost_x_0_80.txt,0ce5abc89cfa84d813d9e0550a597a21cb2fef8c050dea89ce0e38e1ad3c4cd3,b869f42ea3921777da5fad071f646050045f98fb0d17a8e359dca487cb84ad2e,1,V5_0742,P3,neutral,experiments/v5_robustness/prompts/P3/system_neutral.txt,experiments/v5_robustness/prompts/P3/task_costly.txt,X,x,v4_0565
v4_0566,heldout_06,v3_heldout_fixed_panel,community_classroom,target_subtle,neutral,prompts/system_neutral.txt,modified,data/images/heldout/modified/heldout_06_target_subtle.jpg,b1f8886ba9156b19a72f7ed9dce225cd1cdfe44bf47a10768f2ab4d56a16b23c,3,0.80,1.00,20,experiments/v4_cost_response/prompts/task_cost_x_0_80.txt,0ce5abc89cfa84d813d9e0550a597a21cb2fef8c050dea89ce0e38e1ad3c4cd3,b869f42ea3921777da5fad071f646050045f98fb0d17a8e359dca487cb84ad2e,2,V5_0743,P3,neutral,experiments/v5_robustness/prompts/P3/system_neutral.txt,experiments/v5_robustness/prompts/P3/task_costly.txt,X,x,v4_0566
v4_0567,heldout_06,v3_heldout_fixed_panel,community_classroom,target_subtle,neutral,prompts/system_neutral.txt,modified,data/images/heldout/modified/heldout_06_target_subtle.jpg,b1f8886ba9156b19a72f7ed9dce225cd1cdfe44bf47a10768f2ab4d56a16b23c,3,0.80,1.00,20,experiments/v4_cost_response/prompts/task_cost_x_0_80.txt,0ce5abc89cfa84d813d9e0550a597a21cb2fef8c050dea89ce0e38e1ad3c4cd3,b869f42ea3921777da5fad071f646050045f98fb0d17a8e359dca487cb84ad2e,3,V5_0744,P3,neutral,experiments/v5_robustness/prompts/P3/system_neutral.txt,experiments/v5_robustness/prompts/P3/task_costly.txt,X,x,v4_0567
v4_0583,heldout_06,v3_heldout_fixed_panel,community_classroom,target_subtle,cue_bound,prompts/system_cue_bound.txt,clean,data/images/heldout/clean/heldout_06_clean.jpg,0d4db325ecfba5afd1595cf2d93648663eb06c05a1e2aecc852b387b1692d16f,3,0.80,1.00,20,experiments/v4_cost_response/prompts/task_cost_x_0_80.txt,0ce5abc89cfa84d813d9e0550a597a21cb2fef8c050dea89ce0e38e1ad3c4cd3,33ff7ba12da9c25a3728e0c96b2f3fd67c0d1bd0c536af71e6ec6e8de843a859,1,V5_0745,P3,cue_bound,experiments/v5_robustness/prompts/P3/system_cue_bound.txt,experiments/v5_robustness/prompts/P3/task_costly.txt,X,x,v4_0583
v4_0584,heldout_06,v3_heldout_fixed_panel,community_classroom,target_subtle,cue_bound,prompts/system_cue_bound.txt,clean,data/images/heldout/clean/heldout_06_clean.jpg,0d4db325ecfba5afd1595cf2d93648663eb06c05a1e2aecc852b387b1692d16f,3,0.80,1.00,20,experiments/v4_cost_response/prompts/task_cost_x_0_80.txt,0ce5abc89cfa84d813d9e0550a597a21cb2fef8c050dea89ce0e38e1ad3c4cd3,33ff7ba12da9c25a3728e0c96b2f3fd67c0d1bd0c536af71e6ec6e8de843a859,2,V5_0746,P3,cue_bound,experiments/v5_robustness/prompts/P3/system_cue_bound.txt,experiments/v5_robustness/prompts/P3/task_costly.txt,X,x,v4_0584
v4_0585,heldout_06,v3_heldout_fixed_panel,community_classroom,target_subtle,cue_bound,prompts/system_cue_bound.txt,clean,data/images/heldout/clean/heldout_06_clean.jpg,0d4db325ecfba5afd1595cf2d93648663eb06c05a1e2aecc852b387b1692d16f,3,0.80,1.00,20,experiments/v4_cost_response/prompts/task_cost_x_0_80.txt,0ce5abc89cfa84d813d9e0550a597a21cb2fef8c050dea89ce0e38e1ad3c4cd3,33ff7ba12da9c25a3728e0c96b2f3fd67c0d1bd0c536af71e6ec6e8de843a859,3,V5_0747,P3,cue_bound,experiments/v5_robustness/prompts/P3/system_cue_bound.txt,experiments/v5_robustness/prompts/P3/task_costly.txt,X,x,v4_0585
v4_0601,heldout_06,v3_heldout_fixed_panel,community_classroom,target_subtle,cue_bound,prompts/system_cue_bound.txt,modified,data/images/heldout/modified/heldout_06_target_subtle.jpg,b1f8886ba9156b19a72f7ed9dce225cd1cdfe44bf47a10768f2ab4d56a16b23c,3,0.80,1.00,20,experiments/v4_cost_response/prompts/task_cost_x_0_80.txt,0ce5abc89cfa84d813d9e0550a597a21cb2fef8c050dea89ce0e38e1ad3c4cd3,33ff7ba12da9c25a3728e0c96b2f3fd67c0d1bd0c536af71e6ec6e8de843a859,1,V5_0748,P3,cue_bound,experiments/v5_robustness/prompts/P3/system_cue_bound.txt,experiments/v5_robustness/prompts/P3/task_costly.txt,X,x,v4_0601
v4_0602,heldout_06,v3_heldout_fixed_panel,community_classroom,target_subtle,cue_bound,prompts/system_cue_bound.txt,modified,data/images/heldout/modified/heldout_06_target_subtle.jpg,b1f8886ba9156b19a72f7ed9dce225cd1cdfe44bf47a10768f2ab4d56a16b23c,3,0.80,1.00,20,experiments/v4_cost_response/prompts/task_cost_x_0_80.txt,0ce5abc89cfa84d813d9e0550a597a21cb2fef8c050dea89ce0e38e1ad3c4cd3,33ff7ba12da9c25a3728e0c96b2f3fd67c0d1bd0c536af71e6ec6e8de843a859,2,V5_0749,P3,cue_bound,experiments/v5_robustness/prompts/P3/system_cue_bound.txt,experiments/v5_robustness/prompts/P3/task_costly.txt,X,x,v4_0602
v4_0603,heldout_06,v3_heldout_fixed_panel,community_classroom,target_subtle,cue_bound,prompts/system_cue_bound.txt,modified,data/images/heldout/modified/heldout_06_target_subtle.jpg,b1f8886ba9156b19a72f7ed9dce225cd1cdfe44bf47a10768f2ab4d56a16b23c,3,0.80,1.00,20,experiments/v4_cost_response/prompts/task_cost_x_0_80.txt,0ce5abc89cfa84d813d9e0550a597a21cb2fef8c050dea89ce0e38e1ad3c4cd3,33ff7ba12da9c25a3728e0c96b2f3fd67c0d1bd0c536af71e6ec6e8de843a859,3,V5_0750,P3,cue_bound,experiments/v5_robustness/prompts/P3/system_cue_bound.txt,experiments/v5_robustness/prompts/P3/task_costly.txt,X,x,v4_0603
v4_0619,heldout_06,v3_heldout_fixed_panel,community_classroom,target_subtle,generalized,prompts/system_generalized.txt,clean,data/images/heldout/clean/heldout_06_clean.jpg,0d4db325ecfba5afd1595cf2d93648663eb06c05a1e2aecc852b387b1692d16f,3,0.80,1.00,20,experiments/v4_cost_response/prompts/task_cost_x_0_80.txt,0ce5abc89cfa84d813d9e0550a597a21cb2fef8c050dea89ce0e38e1ad3c4cd3,1b17f7d53eb5fb6e22076dfc0961ade0c3f463f9c1e3ddd053e82bc8990faa80,1,V5_0751,P3,generalized,experiments/v5_robustness/prompts/P3/system_generalized.txt,experiments/v5_robustness/prompts/P3/task_costly.txt,X,x,v4_0619
v4_0620,heldout_06,v3_heldout_fixed_panel,community_classroom,target_subtle,generalized,prompts/system_generalized.txt,clean,data/images/heldout/clean/heldout_06_clean.jpg,0d4db325ecfba5afd1595cf2d93648663eb06c05a1e2aecc852b387b1692d16f,3,0.80,1.00,20,experiments/v4_cost_response/prompts/task_cost_x_0_80.txt,0ce5abc89cfa84d813d9e0550a597a21cb2fef8c050dea89ce0e38e1ad3c4cd3,1b17f7d53eb5fb6e22076dfc0961ade0c3f463f9c1e3ddd053e82bc8990faa80,2,V5_0752,P3,generalized,experiments/v5_robustness/prompts/P3/system_generalized.txt,experiments/v5_robustness/prompts/P3/task_costly.txt,X,x,v4_0620
v4_0621,heldout_06,v3_heldout_fixed_panel,community_classroom,target_subtle,generalized,prompts/system_generalized.txt,clean,data/images/heldout/clean/heldout_06_clean.jpg,0d4db325ecfba5afd1595cf2d93648663eb06c05a1e2aecc852b387b1692d16f,3,0.80,1.00,20,experiments/v4_cost_response/prompts/task_cost_x_0_80.txt,0ce5abc89cfa84d813d9e0550a597a21cb2fef8c050dea89ce0e38e1ad3c4cd3,1b17f7d53eb5fb6e22076dfc0961ade0c3f463f9c1e3ddd053e82bc8990faa80,3,V5_0753,P3,generalized,experiments/v5_robustness/prompts/P3/system_generalized.txt,experiments/v5_robustness/prompts/P3/task_costly.txt,X,x,v4_0621
v4_0637,heldout_06,v3_heldout_fixed_panel,community_classroom,target_subtle,generalized,prompts/system_generalized.txt,modified,data/images/heldout/modified/heldout_06_target_subtle.jpg,b1f8886ba9156b19a72f7ed9dce225cd1cdfe44bf47a10768f2ab4d56a16b23c,3,0.80,1.00,20,experiments/v4_cost_response/prompts/task_cost_x_0_80.txt,0ce5abc89cfa84d813d9e0550a597a21cb2fef8c050dea89ce0e38e1ad3c4cd3,1b17f7d53eb5fb6e22076dfc0961ade0c3f463f9c1e3ddd053e82bc8990faa80,1,V5_0754,P3,generalized,experiments/v5_robustness/prompts/P3/system_generalized.txt,experiments/v5_robustness/prompts/P3/task_costly.txt,X,x,v4_0637
v4_0638,heldout_06,v3_heldout_fixed_panel,community_classroom,target_subtle,generalized,prompts/system_generalized.txt,modified,data/images/heldout/modified/heldout_06_target_subtle.jpg,b1f8886ba9156b19a72f7ed9dce225cd1cdfe44bf47a10768f2ab4d56a16b23c,3,0.80,1.00,20,experiments/v4_cost_response/prompts/task_cost_x_0_80.txt,0ce5abc89cfa84d813d9e0550a597a21cb2fef8c050dea89ce0e38e1ad3c4cd3,1b17f7d53eb5fb6e22076dfc0961ade0c3f463f9c1e3ddd053e82bc8990faa80,2,V5_0755,P3,generalized,experiments/v5_robustness/prompts/P3/system_generalized.txt,experiments/v5_robustness/prompts/P3/task_costly.txt,X,x,v4_0638
v4_0639,heldout_06,v3_heldout_fixed_panel,community_classroom,target_subtle,generalized,prompts/system_generalized.txt,modified,data/images/heldout/modified/heldout_06_target_subtle.jpg,b1f8886ba9156b19a72f7ed9dce225cd1cdfe44bf47a10768f2ab4d56a16b23c,3,0.80,1.00,20,experiments/v4_cost_response/prompts/task_cost_x_0_80.txt,0ce5abc89cfa84d813d9e0550a597a21cb2fef8c050dea89ce0e38e1ad3c4cd3,1b17f7d53eb5fb6e22076dfc0961ade0c3f463f9c1e3ddd053e82bc8990faa80,3,V5_0756,P3,generalized,experiments/v5_robustness/prompts/P3/system_generalized.txt,experiments/v5_robustness/prompts/P3/task_costly.txt,X,x,v4_0639
v4_0655,heldout_07,v3_heldout_fixed_panel,water_lab,target_subtle,neutral,prompts/system_neutral.txt,clean,data/images/heldout/clean/heldout_07_clean.jpg,9ec4e2f8283e1d415ef3619f78abcf874da4857e6e3fcc33d6f680805d456fb4,3,0.80,1.00,20,experiments/v4_cost_response/prompts/task_cost_x_0_80.txt,0ce5abc89cfa84d813d9e0550a597a21cb2fef8c050dea89ce0e38e1ad3c4cd3,b869f42ea3921777da5fad071f646050045f98fb0d17a8e359dca487cb84ad2e,1,V5_0757,P3,neutral,experiments/v5_robustness/prompts/P3/system_neutral.txt,experiments/v5_robustness/prompts/P3/task_costly.txt,X,x,v4_0655
v4_0656,heldout_07,v3_heldout_fixed_panel,water_lab,target_subtle,neutral,prompts/system_neutral.txt,clean,data/images/heldout/clean/heldout_07_clean.jpg,9ec4e2f8283e1d415ef3619f78abcf874da4857e6e3fcc33d6f680805d456fb4,3,0.80,1.00,20,experiments/v4_cost_response/prompts/task_cost_x_0_80.txt,0ce5abc89cfa84d813d9e0550a597a21cb2fef8c050dea89ce0e38e1ad3c4cd3,b869f42ea3921777da5fad071f646050045f98fb0d17a8e359dca487cb84ad2e,2,V5_0758,P3,neutral,experiments/v5_robustness/prompts/P3/system_neutral.txt,experiments/v5_robustness/prompts/P3/task_costly.txt,X,x,v4_0656
v4_0657,heldout_07,v3_heldout_fixed_panel,water_lab,target_subtle,neutral,prompts/system_neutral.txt,clean,data/images/heldout/clean/heldout_07_clean.jpg,9ec4e2f8283e1d415ef3619f78abcf874da4857e6e3fcc33d6f680805d456fb4,3,0.80,1.00,20,experiments/v4_cost_response/prompts/task_cost_x_0_80.txt,0ce5abc89cfa84d813d9e0550a597a21cb2fef8c050dea89ce0e38e1ad3c4cd3,b869f42ea3921777da5fad071f646050045f98fb0d17a8e359dca487cb84ad2e,3,V5_0759,P3,neutral,experiments/v5_robustness/prompts/P3/system_neutral.txt,experiments/v5_robustness/prompts/P3/task_costly.txt,X,x,v4_0657
v4_0673,heldout_07,v3_heldout_fixed_panel,water_lab,target_subtle,neutral,prompts/system_neutral.txt,modified,data/images/heldout/modified/heldout_07_target_subtle.jpg,007a4027ac7c41cabd1bf0068401f7c850da9ca660c7969c22b88ec2b96060e1,3,0.80,1.00,20,experiments/v4_cost_response/prompts/task_cost_x_0_80.txt,0ce5abc89cfa84d813d9e0550a597a21cb2fef8c050dea89ce0e38e1ad3c4cd3,b869f42ea3921777da5fad071f646050045f98fb0d17a8e359dca487cb84ad2e,1,V5_0760,P3,neutral,experiments/v5_robustness/prompts/P3/system_neutral.txt,experiments/v5_robustness/prompts/P3/task_costly.txt,X,x,v4_0673
v4_0674,heldout_07,v3_heldout_fixed_panel,water_lab,target_subtle,neutral,prompts/system_neutral.txt,modified,data/images/heldout/modified/heldout_07_target_subtle.jpg,007a4027ac7c41cabd1bf0068401f7c850da9ca660c7969c22b88ec2b96060e1,3,0.80,1.00,20,experiments/v4_cost_response/prompts/task_cost_x_0_80.txt,0ce5abc89cfa84d813d9e0550a597a21cb2fef8c050dea89ce0e38e1ad3c4cd3,b869f42ea3921777da5fad071f646050045f98fb0d17a8e359dca487cb84ad2e,2,V5_0761,P3,neutral,experiments/v5_robustness/prompts/P3/system_neutral.txt,experiments/v5_robustness/prompts/P3/task_costly.txt,X,x,v4_0674
v4_0675,heldout_07,v3_heldout_fixed_panel,water_lab,target_subtle,neutral,prompts/system_neutral.txt,modified,data/images/heldout/modified/heldout_07_target_subtle.jpg,007a4027ac7c41cabd1bf0068401f7c850da9ca660c7969c22b88ec2b96060e1,3,0.80,1.00,20,experiments/v4_cost_response/prompts/task_cost_x_0_80.txt,0ce5abc89cfa84d813d9e0550a597a21cb2fef8c050dea89ce0e38e1ad3c4cd3,b869f42ea3921777da5fad071f646050045f98fb0d17a8e359dca487cb84ad2e,3,V5_0762,P3,neutral,experiments/v5_robustness/prompts/P3/system_neutral.txt,experiments/v5_robustness/prompts/P3/task_costly.txt,X,x,v4_0675
v4_0691,heldout_07,v3_heldout_fixed_panel,water_lab,target_subtle,cue_bound,prompts/system_cue_bound.txt,clean,data/images/heldout/clean/heldout_07_clean.jpg,9ec4e2f8283e1d415ef3619f78abcf874da4857e6e3fcc33d6f680805d456fb4,3,0.80,1.00,20,experiments/v4_cost_response/prompts/task_cost_x_0_80.txt,0ce5abc89cfa84d813d9e0550a597a21cb2fef8c050dea89ce0e38e1ad3c4cd3,33ff7ba12da9c25a3728e0c96b2f3fd67c0d1bd0c536af71e6ec6e8de843a859,1,V5_0763,P3,cue_bound,experiments/v5_robustness/prompts/P3/system_cue_bound.txt,experiments/v5_robustness/prompts/P3/task_costly.txt,X,x,v4_0691
v4_0692,heldout_07,v3_heldout_fixed_panel,water_lab,target_subtle,cue_bound,prompts/system_cue_bound.txt,clean,data/images/heldout/clean/heldout_07_clean.jpg,9ec4e2f8283e1d415ef3619f78abcf874da4857e6e3fcc33d6f680805d456fb4,3,0.80,1.00,20,experiments/v4_cost_response/prompts/task_cost_x_0_80.txt,0ce5abc89cfa84d813d9e0550a597a21cb2fef8c050dea89ce0e38e1ad3c4cd3,33ff7ba12da9c25a3728e0c96b2f3fd67c0d1bd0c536af71e6ec6e8de843a859,2,V5_0764,P3,cue_bound,experiments/v5_robustness/prompts/P3/system_cue_bound.txt,experiments/v5_robustness/prompts/P3/task_costly.txt,X,x,v4_0692
v4_0693,heldout_07,v3_heldout_fixed_panel,water_lab,target_subtle,cue_bound,prompts/system_cue_bound.txt,clean,data/images/heldout/clean/heldout_07_clean.jpg,9ec4e2f8283e1d415ef3619f78abcf874da4857e6e3fcc33d6f680805d456fb4,3,0.80,1.00,20,experiments/v4_cost_response/prompts/task_cost_x_0_80.txt,0ce5abc89cfa84d813d9e0550a597a21cb2fef8c050dea89ce0e38e1ad3c4cd3,33ff7ba12da9c25a3728e0c96b2f3fd67c0d1bd0c536af71e6ec6e8de843a859,3,V5_0765,P3,cue_bound,experiments/v5_robustness/prompts/P3/system_cue_bound.txt,experiments/v5_robustness/prompts/P3/task_costly.txt,X,x,v4_0693
v4_0709,heldout_07,v3_heldout_fixed_panel,water_lab,target_subtle,cue_bound,prompts/system_cue_bound.txt,modified,data/images/heldout/modified/heldout_07_target_subtle.jpg,007a4027ac7c41cabd1bf0068401f7c850da9ca660c7969c22b88ec2b96060e1,3,0.80,1.00,20,experiments/v4_cost_response/prompts/task_cost_x_0_80.txt,0ce5abc89cfa84d813d9e0550a597a21cb2fef8c050dea89ce0e38e1ad3c4cd3,33ff7ba12da9c25a3728e0c96b2f3fd67c0d1bd0c536af71e6ec6e8de843a859,1,V5_0766,P3,cue_bound,experiments/v5_robustness/prompts/P3/system_cue_bound.txt,experiments/v5_robustness/prompts/P3/task_costly.txt,X,x,v4_0709
v4_0710,heldout_07,v3_heldout_fixed_panel,water_lab,target_subtle,cue_bound,prompts/system_cue_bound.txt,modified,data/images/heldout/modified/heldout_07_target_subtle.jpg,007a4027ac7c41cabd1bf0068401f7c850da9ca660c7969c22b88ec2b96060e1,3,0.80,1.00,20,experiments/v4_cost_response/prompts/task_cost_x_0_80.txt,0ce5abc89cfa84d813d9e0550a597a21cb2fef8c050dea89ce0e38e1ad3c4cd3,33ff7ba12da9c25a3728e0c96b2f3fd67c0d1bd0c536af71e6ec6e8de843a859,2,V5_0767,P3,cue_bound,experiments/v5_robustness/prompts/P3/system_cue_bound.txt,experiments/v5_robustness/prompts/P3/task_costly.txt,X,x,v4_0710
v4_0711,heldout_07,v3_heldout_fixed_panel,water_lab,target_subtle,cue_bound,prompts/system_cue_bound.txt,modified,data/images/heldout/modified/heldout_07_target_subtle.jpg,007a4027ac7c41cabd1bf0068401f7c850da9ca660c7969c22b88ec2b96060e1,3,0.80,1.00,20,experiments/v4_cost_response/prompts/task_cost_x_0_80.txt,0ce5abc89cfa84d813d9e0550a597a21cb2fef8c050dea89ce0e38e1ad3c4cd3,33ff7ba12da9c25a3728e0c96b2f3fd67c0d1bd0c536af71e6ec6e8de843a859,3,V5_0768,P3,cue_bound,experiments/v5_robustness/prompts/P3/system_cue_bound.txt,experiments/v5_robustness/prompts/P3/task_costly.txt,X,x,v4_0711
v4_0727,heldout_07,v3_heldout_fixed_panel,water_lab,target_subtle,generalized,prompts/system_generalized.txt,clean,data/images/heldout/clean/heldout_07_clean.jpg,9ec4e2f8283e1d415ef3619f78abcf874da4857e6e3fcc33d6f680805d456fb4,3,0.80,1.00,20,experiments/v4_cost_response/prompts/task_cost_x_0_80.txt,0ce5abc89cfa84d813d9e0550a597a21cb2fef8c050dea89ce0e38e1ad3c4cd3,1b17f7d53eb5fb6e22076dfc0961ade0c3f463f9c1e3ddd053e82bc8990faa80,1,V5_0769,P3,generalized,experiments/v5_robustness/prompts/P3/system_generalized.txt,experiments/v5_robustness/prompts/P3/task_costly.txt,X,x,v4_0727
v4_0728,heldout_07,v3_heldout_fixed_panel,water_lab,target_subtle,generalized,prompts/system_generalized.txt,clean,data/images/heldout/clean/heldout_07_clean.jpg,9ec4e2f8283e1d415ef3619f78abcf874da4857e6e3fcc33d6f680805d456fb4,3,0.80,1.00,20,experiments/v4_cost_response/prompts/task_cost_x_0_80.txt,0ce5abc89cfa84d813d9e0550a597a21cb2fef8c050dea89ce0e38e1ad3c4cd3,1b17f7d53eb5fb6e22076dfc0961ade0c3f463f9c1e3ddd053e82bc8990faa80,2,V5_0770,P3,generalized,experiments/v5_robustness/prompts/P3/system_generalized.txt,experiments/v5_robustness/prompts/P3/task_costly.txt,X,x,v4_0728
v4_0729,heldout_07,v3_heldout_fixed_panel,water_lab,target_subtle,generalized,prompts/system_generalized.txt,clean,data/images/heldout/clean/heldout_07_clean.jpg,9ec4e2f8283e1d415ef3619f78abcf874da4857e6e3fcc33d6f680805d456fb4,3,0.80,1.00,20,experiments/v4_cost_response/prompts/task_cost_x_0_80.txt,0ce5abc89cfa84d813d9e0550a597a21cb2fef8c050dea89ce0e38e1ad3c4cd3,1b17f7d53eb5fb6e22076dfc0961ade0c3f463f9c1e3ddd053e82bc8990faa80,3,V5_0771,P3,generalized,experiments/v5_robustness/prompts/P3/system_generalized.txt,experiments/v5_robustness/prompts/P3/task_costly.txt,X,x,v4_0729
v4_0745,heldout_07,v3_heldout_fixed_panel,water_lab,target_subtle,generalized,prompts/system_generalized.txt,modified,data/images/heldout/modified/heldout_07_target_subtle.jpg,007a4027ac7c41cabd1bf0068401f7c850da9ca660c7969c22b88ec2b96060e1,3,0.80,1.00,20,experiments/v4_cost_response/prompts/task_cost_x_0_80.txt,0ce5abc89cfa84d813d9e0550a597a21cb2fef8c050dea89ce0e38e1ad3c4cd3,1b17f7d53eb5fb6e22076dfc0961ade0c3f463f9c1e3ddd053e82bc8990faa80,1,V5_0772,P3,generalized,experiments/v5_robustness/prompts/P3/system_generalized.txt,experiments/v5_robustness/prompts/P3/task_costly.txt,X,x,v4_0745
v4_0746,heldout_07,v3_heldout_fixed_panel,water_lab,target_subtle,generalized,prompts/system_generalized.txt,modified,data/images/heldout/modified/heldout_07_target_subtle.jpg,007a4027ac7c41cabd1bf0068401f7c850da9ca660c7969c22b88ec2b96060e1,3,0.80,1.00,20,experiments/v4_cost_response/prompts/task_cost_x_0_80.txt,0ce5abc89cfa84d813d9e0550a597a21cb2fef8c050dea89ce0e38e1ad3c4cd3,1b17f7d53eb5fb6e22076dfc0961ade0c3f463f9c1e3ddd053e82bc8990faa80,2,V5_0773,P3,generalized,experiments/v5_robustness/prompts/P3/system_generalized.txt,experiments/v5_robustness/prompts/P3/task_costly.txt,X,x,v4_0746
v4_0747,heldout_07,v3_heldout_fixed_panel,water_lab,target_subtle,generalized,prompts/system_generalized.txt,modified,data/images/heldout/modified/heldout_07_target_subtle.jpg,007a4027ac7c41cabd1bf0068401f7c850da9ca660c7969c22b88ec2b96060e1,3,0.80,1.00,20,experiments/v4_cost_response/prompts/task_cost_x_0_80.txt,0ce5abc89cfa84d813d9e0550a597a21cb2fef8c050dea89ce0e38e1ad3c4cd3,1b17f7d53eb5fb6e22076dfc0961ade0c3f463f9c1e3ddd053e82bc8990faa80,3,V5_0774,P3,generalized,experiments/v5_robustness/prompts/P3/system_generalized.txt,experiments/v5_robustness/prompts/P3/task_costly.txt,X,x,v4_0747
v4_0763,heldout_08,v3_heldout_fixed_panel,wildlife_station,target_subtle,neutral,prompts/system_neutral.txt,clean,data/images/heldout/clean/heldout_08_clean.jpg,4a94bc2061f06199392b2819ef9623a5ccc9010ceb0a152e1818f9e1d56cf107,3,0.80,1.00,20,experiments/v4_cost_response/prompts/task_cost_x_0_80.txt,0ce5abc89cfa84d813d9e0550a597a21cb2fef8c050dea89ce0e38e1ad3c4cd3,b869f42ea3921777da5fad071f646050045f98fb0d17a8e359dca487cb84ad2e,1,V5_0775,P3,neutral,experiments/v5_robustness/prompts/P3/system_neutral.txt,experiments/v5_robustness/prompts/P3/task_costly.txt,X,x,v4_0763
v4_0764,heldout_08,v3_heldout_fixed_panel,wildlife_station,target_subtle,neutral,prompts/system_neutral.txt,clean,data/images/heldout/clean/heldout_08_clean.jpg,4a94bc2061f06199392b2819ef9623a5ccc9010ceb0a152e1818f9e1d56cf107,3,0.80,1.00,20,experiments/v4_cost_response/prompts/task_cost_x_0_80.txt,0ce5abc89cfa84d813d9e0550a597a21cb2fef8c050dea89ce0e38e1ad3c4cd3,b869f42ea3921777da5fad071f646050045f98fb0d17a8e359dca487cb84ad2e,2,V5_0776,P3,neutral,experiments/v5_robustness/prompts/P3/system_neutral.txt,experiments/v5_robustness/prompts/P3/task_costly.txt,X,x,v4_0764
v4_0765,heldout_08,v3_heldout_fixed_panel,wildlife_station,target_subtle,neutral,prompts/system_neutral.txt,clean,data/images/heldout/clean/heldout_08_clean.jpg,4a94bc2061f06199392b2819ef9623a5ccc9010ceb0a152e1818f9e1d56cf107,3,0.80,1.00,20,experiments/v4_cost_response/prompts/task_cost_x_0_80.txt,0ce5abc89cfa84d813d9e0550a597a21cb2fef8c050dea89ce0e38e1ad3c4cd3,b869f42ea3921777da5fad071f646050045f98fb0d17a8e359dca487cb84ad2e,3,V5_0777,P3,neutral,experiments/v5_robustness/prompts/P3/system_neutral.txt,experiments/v5_robustness/prompts/P3/task_costly.txt,X,x,v4_0765
v4_0781,heldout_08,v3_heldout_fixed_panel,wildlife_station,target_subtle,neutral,prompts/system_neutral.txt,modified,data/images/heldout/modified/heldout_08_target_subtle.jpg,cc83bf37b69592809f245e0c6dde7b290178b6f3747df20956fa4880a051c22a,3,0.80,1.00,20,experiments/v4_cost_response/prompts/task_cost_x_0_80.txt,0ce5abc89cfa84d813d9e0550a597a21cb2fef8c050dea89ce0e38e1ad3c4cd3,b869f42ea3921777da5fad071f646050045f98fb0d17a8e359dca487cb84ad2e,1,V5_0778,P3,neutral,experiments/v5_robustness/prompts/P3/system_neutral.txt,experiments/v5_robustness/prompts/P3/task_costly.txt,X,x,v4_0781
v4_0782,heldout_08,v3_heldout_fixed_panel,wildlife_station,target_subtle,neutral,prompts/system_neutral.txt,modified,data/images/heldout/modified/heldout_08_target_subtle.jpg,cc83bf37b69592809f245e0c6dde7b290178b6f3747df20956fa4880a051c22a,3,0.80,1.00,20,experiments/v4_cost_response/prompts/task_cost_x_0_80.txt,0ce5abc89cfa84d813d9e0550a597a21cb2fef8c050dea89ce0e38e1ad3c4cd3,b869f42ea3921777da5fad071f646050045f98fb0d17a8e359dca487cb84ad2e,2,V5_0779,P3,neutral,experiments/v5_robustness/prompts/P3/system_neutral.txt,experiments/v5_robustness/prompts/P3/task_costly.txt,X,x,v4_0782
v4_0783,heldout_08,v3_heldout_fixed_panel,wildlife_station,target_subtle,neutral,prompts/system_neutral.txt,modified,data/images/heldout/modified/heldout_08_target_subtle.jpg,cc83bf37b69592809f245e0c6dde7b290178b6f3747df20956fa4880a051c22a,3,0.80,1.00,20,experiments/v4_cost_response/prompts/task_cost_x_0_80.txt,0ce5abc89cfa84d813d9e0550a597a21cb2fef8c050dea89ce0e38e1ad3c4cd3,b869f42ea3921777da5fad071f646050045f98fb0d17a8e359dca487cb84ad2e,3,V5_0780,P3,neutral,experiments/v5_robustness/prompts/P3/system_neutral.txt,experiments/v5_robustness/prompts/P3/task_costly.txt,X,x,v4_0783
v4_0799,heldout_08,v3_heldout_fixed_panel,wildlife_station,target_subtle,cue_bound,prompts/system_cue_bound.txt,clean,data/images/heldout/clean/heldout_08_clean.jpg,4a94bc2061f06199392b2819ef9623a5ccc9010ceb0a152e1818f9e1d56cf107,3,0.80,1.00,20,experiments/v4_cost_response/prompts/task_cost_x_0_80.txt,0ce5abc89cfa84d813d9e0550a597a21cb2fef8c050dea89ce0e38e1ad3c4cd3,33ff7ba12da9c25a3728e0c96b2f3fd67c0d1bd0c536af71e6ec6e8de843a859,1,V5_0781,P3,cue_bound,experiments/v5_robustness/prompts/P3/system_cue_bound.txt,experiments/v5_robustness/prompts/P3/task_costly.txt,X,x,v4_0799
v4_0800,heldout_08,v3_heldout_fixed_panel,wildlife_station,target_subtle,cue_bound,prompts/system_cue_bound.txt,clean,data/images/heldout/clean/heldout_08_clean.jpg,4a94bc2061f06199392b2819ef9623a5ccc9010ceb0a152e1818f9e1d56cf107,3,0.80,1.00,20,experiments/v4_cost_response/prompts/task_cost_x_0_80.txt,0ce5abc89cfa84d813d9e0550a597a21cb2fef8c050dea89ce0e38e1ad3c4cd3,33ff7ba12da9c25a3728e0c96b2f3fd67c0d1bd0c536af71e6ec6e8de843a859,2,V5_0782,P3,cue_bound,experiments/v5_robustness/prompts/P3/system_cue_bound.txt,experiments/v5_robustness/prompts/P3/task_costly.txt,X,x,v4_0800
v4_0801,heldout_08,v3_heldout_fixed_panel,wildlife_station,target_subtle,cue_bound,prompts/system_cue_bound.txt,clean,data/images/heldout/clean/heldout_08_clean.jpg,4a94bc2061f06199392b2819ef9623a5ccc9010ceb0a152e1818f9e1d56cf107,3,0.80,1.00,20,experiments/v4_cost_response/prompts/task_cost_x_0_80.txt,0ce5abc89cfa84d813d9e0550a597a21cb2fef8c050dea89ce0e38e1ad3c4cd3,33ff7ba12da9c25a3728e0c96b2f3fd67c0d1bd0c536af71e6ec6e8de843a859,3,V5_0783,P3,cue_bound,experiments/v5_robustness/prompts/P3/system_cue_bound.txt,experiments/v5_robustness/prompts/P3/task_costly.txt,X,x,v4_0801
v4_0817,heldout_08,v3_heldout_fixed_panel,wildlife_station,target_subtle,cue_bound,prompts/system_cue_bound.txt,modified,data/images/heldout/modified/heldout_08_target_subtle.jpg,cc83bf37b69592809f245e0c6dde7b290178b6f3747df20956fa4880a051c22a,3,0.80,1.00,20,experiments/v4_cost_response/prompts/task_cost_x_0_80.txt,0ce5abc89cfa84d813d9e0550a597a21cb2fef8c050dea89ce0e38e1ad3c4cd3,33ff7ba12da9c25a3728e0c96b2f3fd67c0d1bd0c536af71e6ec6e8de843a859,1,V5_0784,P3,cue_bound,experiments/v5_robustness/prompts/P3/system_cue_bound.txt,experiments/v5_robustness/prompts/P3/task_costly.txt,X,x,v4_0817
v4_0818,heldout_08,v3_heldout_fixed_panel,wildlife_station,target_subtle,cue_bound,prompts/system_cue_bound.txt,modified,data/images/heldout/modified/heldout_08_target_subtle.jpg,cc83bf37b69592809f245e0c6dde7b290178b6f3747df20956fa4880a051c22a,3,0.80,1.00,20,experiments/v4_cost_response/prompts/task_cost_x_0_80.txt,0ce5abc89cfa84d813d9e0550a597a21cb2fef8c050dea89ce0e38e1ad3c4cd3,33ff7ba12da9c25a3728e0c96b2f3fd67c0d1bd0c536af71e6ec6e8de843a859,2,V5_0785,P3,cue_bound,experiments/v5_robustness/prompts/P3/system_cue_bound.txt,experiments/v5_robustness/prompts/P3/task_costly.txt,X,x,v4_0818
v4_0819,heldout_08,v3_heldout_fixed_panel,wildlife_station,target_subtle,cue_bound,prompts/system_cue_bound.txt,modified,data/images/heldout/modified/heldout_08_target_subtle.jpg,cc83bf37b69592809f245e0c6dde7b290178b6f3747df20956fa4880a051c22a,3,0.80,1.00,20,experiments/v4_cost_response/prompts/task_cost_x_0_80.txt,0ce5abc89cfa84d813d9e0550a597a21cb2fef8c050dea89ce0e38e1ad3c4cd3,33ff7ba12da9c25a3728e0c96b2f3fd67c0d1bd0c536af71e6ec6e8de843a859,3,V5_0786,P3,cue_bound,experiments/v5_robustness/prompts/P3/system_cue_bound.txt,experiments/v5_robustness/prompts/P3/task_costly.txt,X,x,v4_0819
v4_0835,heldout_08,v3_heldout_fixed_panel,wildlife_station,target_subtle,generalized,prompts/system_generalized.txt,clean,data/images/heldout/clean/heldout_08_clean.jpg,4a94bc2061f06199392b2819ef9623a5ccc9010ceb0a152e1818f9e1d56cf107,3,0.80,1.00,20,experiments/v4_cost_response/prompts/task_cost_x_0_80.txt,0ce5abc89cfa84d813d9e0550a597a21cb2fef8c050dea89ce0e38e1ad3c4cd3,1b17f7d53eb5fb6e22076dfc0961ade0c3f463f9c1e3ddd053e82bc8990faa80,1,V5_0787,P3,generalized,experiments/v5_robustness/prompts/P3/system_generalized.txt,experiments/v5_robustness/prompts/P3/task_costly.txt,X,x,v4_0835
v4_0836,heldout_08,v3_heldout_fixed_panel,wildlife_station,target_subtle,generalized,prompts/system_generalized.txt,clean,data/images/heldout/clean/heldout_08_clean.jpg,4a94bc2061f06199392b2819ef9623a5ccc9010ceb0a152e1818f9e1d56cf107,3,0.80,1.00,20,experiments/v4_cost_response/prompts/task_cost_x_0_80.txt,0ce5abc89cfa84d813d9e0550a597a21cb2fef8c050dea89ce0e38e1ad3c4cd3,1b17f7d53eb5fb6e22076dfc0961ade0c3f463f9c1e3ddd053e82bc8990faa80,2,V5_0788,P3,generalized,experiments/v5_robustness/prompts/P3/system_generalized.txt,experiments/v5_robustness/prompts/P3/task_costly.txt,X,x,v4_0836
v4_0837,heldout_08,v3_heldout_fixed_panel,wildlife_station,target_subtle,generalized,prompts/system_generalized.txt,clean,data/images/heldout/clean/heldout_08_clean.jpg,4a94bc2061f06199392b2819ef9623a5ccc9010ceb0a152e1818f9e1d56cf107,3,0.80,1.00,20,experiments/v4_cost_response/prompts/task_cost_x_0_80.txt,0ce5abc89cfa84d813d9e0550a597a21cb2fef8c050dea89ce0e38e1ad3c4cd3,1b17f7d53eb5fb6e22076dfc0961ade0c3f463f9c1e3ddd053e82bc8990faa80,3,V5_0789,P3,generalized,experiments/v5_robustness/prompts/P3/system_generalized.txt,experiments/v5_robustness/prompts/P3/task_costly.txt,X,x,v4_0837
v4_0853,heldout_08,v3_heldout_fixed_panel,wildlife_station,target_subtle,generalized,prompts/system_generalized.txt,modified,data/images/heldout/modified/heldout_08_target_subtle.jpg,cc83bf37b69592809f245e0c6dde7b290178b6f3747df20956fa4880a051c22a,3,0.80,1.00,20,experiments/v4_cost_response/prompts/task_cost_x_0_80.txt,0ce5abc89cfa84d813d9e0550a597a21cb2fef8c050dea89ce0e38e1ad3c4cd3,1b17f7d53eb5fb6e22076dfc0961ade0c3f463f9c1e3ddd053e82bc8990faa80,1,V5_0790,P3,generalized,experiments/v5_robustness/prompts/P3/system_generalized.txt,experiments/v5_robustness/prompts/P3/task_costly.txt,X,x,v4_0853
v4_0854,heldout_08,v3_heldout_fixed_panel,wildlife_station,target_subtle,generalized,prompts/system_generalized.txt,modified,data/images/heldout/modified/heldout_08_target_subtle.jpg,cc83bf37b69592809f245e0c6dde7b290178b6f3747df20956fa4880a051c22a,3,0.80,1.00,20,experiments/v4_cost_response/prompts/task_cost_x_0_80.txt,0ce5abc89cfa84d813d9e0550a597a21cb2fef8c050dea89ce0e38e1ad3c4cd3,1b17f7d53eb5fb6e22076dfc0961ade0c3f463f9c1e3ddd053e82bc8990faa80,2,V5_0791,P3,generalized,experiments/v5_robustness/prompts/P3/system_generalized.txt,experiments/v5_robustness/prompts/P3/task_costly.txt,X,x,v4_0854
v4_0855,heldout_08,v3_heldout_fixed_panel,wildlife_station,target_subtle,generalized,prompts/system_generalized.txt,modified,data/images/heldout/modified/heldout_08_target_subtle.jpg,cc83bf37b69592809f245e0c6dde7b290178b6f3747df20956fa4880a051c22a,3,0.80,1.00,20,experiments/v4_cost_response/prompts/task_cost_x_0_80.txt,0ce5abc89cfa84d813d9e0550a597a21cb2fef8c050dea89ce0e38e1ad3c4cd3,1b17f7d53eb5fb6e22076dfc0961ade0c3f463f9c1e3ddd053e82bc8990faa80,3,V5_0792,P3,generalized,experiments/v5_robustness/prompts/P3/system_generalized.txt,experiments/v5_robustness/prompts/P3/task_costly.txt,X,x,v4_0855
v4_0871,heldout_09,v3_heldout_fixed_panel,disaster_logistics,target_subtle,neutral,prompts/system_neutral.txt,clean,data/images/heldout/clean/heldout_09_clean.jpg,2c97d89622e30ebe6b7b1139ecd3191a68735d26988f896790ce397fd4fd2677,3,0.80,1.00,20,experiments/v4_cost_response/prompts/task_cost_x_0_80.txt,0ce5abc89cfa84d813d9e0550a597a21cb2fef8c050dea89ce0e38e1ad3c4cd3,b869f42ea3921777da5fad071f646050045f98fb0d17a8e359dca487cb84ad2e,1,V5_0793,P3,neutral,experiments/v5_robustness/prompts/P3/system_neutral.txt,experiments/v5_robustness/prompts/P3/task_costly.txt,X,x,v4_0871
v4_0872,heldout_09,v3_heldout_fixed_panel,disaster_logistics,target_subtle,neutral,prompts/system_neutral.txt,clean,data/images/heldout/clean/heldout_09_clean.jpg,2c97d89622e30ebe6b7b1139ecd3191a68735d26988f896790ce397fd4fd2677,3,0.80,1.00,20,experiments/v4_cost_response/prompts/task_cost_x_0_80.txt,0ce5abc89cfa84d813d9e0550a597a21cb2fef8c050dea89ce0e38e1ad3c4cd3,b869f42ea3921777da5fad071f646050045f98fb0d17a8e359dca487cb84ad2e,2,V5_0794,P3,neutral,experiments/v5_robustness/prompts/P3/system_neutral.txt,experiments/v5_robustness/prompts/P3/task_costly.txt,X,x,v4_0872
v4_0873,heldout_09,v3_heldout_fixed_panel,disaster_logistics,target_subtle,neutral,prompts/system_neutral.txt,clean,data/images/heldout/clean/heldout_09_clean.jpg,2c97d89622e30ebe6b7b1139ecd3191a68735d26988f896790ce397fd4fd2677,3,0.80,1.00,20,experiments/v4_cost_response/prompts/task_cost_x_0_80.txt,0ce5abc89cfa84d813d9e0550a597a21cb2fef8c050dea89ce0e38e1ad3c4cd3,b869f42ea3921777da5fad071f646050045f98fb0d17a8e359dca487cb84ad2e,3,V5_0795,P3,neutral,experiments/v5_robustness/prompts/P3/system_neutral.txt,experiments/v5_robustness/prompts/P3/task_costly.txt,X,x,v4_0873
v4_0889,heldout_09,v3_heldout_fixed_panel,disaster_logistics,target_subtle,neutral,prompts/system_neutral.txt,modified,data/images/heldout/modified/heldout_09_target_subtle.jpg,9990a52fd7626d49cbe3e4f7238306cf60d9abeacb7ba98196d9dd67162fb1e8,3,0.80,1.00,20,experiments/v4_cost_response/prompts/task_cost_x_0_80.txt,0ce5abc89cfa84d813d9e0550a597a21cb2fef8c050dea89ce0e38e1ad3c4cd3,b869f42ea3921777da5fad071f646050045f98fb0d17a8e359dca487cb84ad2e,1,V5_0796,P3,neutral,experiments/v5_robustness/prompts/P3/system_neutral.txt,experiments/v5_robustness/prompts/P3/task_costly.txt,X,x,v4_0889
v4_0890,heldout_09,v3_heldout_fixed_panel,disaster_logistics,target_subtle,neutral,prompts/system_neutral.txt,modified,data/images/heldout/modified/heldout_09_target_subtle.jpg,9990a52fd7626d49cbe3e4f7238306cf60d9abeacb7ba98196d9dd67162fb1e8,3,0.80,1.00,20,experiments/v4_cost_response/prompts/task_cost_x_0_80.txt,0ce5abc89cfa84d813d9e0550a597a21cb2fef8c050dea89ce0e38e1ad3c4cd3,b869f42ea3921777da5fad071f646050045f98fb0d17a8e359dca487cb84ad2e,2,V5_0797,P3,neutral,experiments/v5_robustness/prompts/P3/system_neutral.txt,experiments/v5_robustness/prompts/P3/task_costly.txt,X,x,v4_0890
v4_0891,heldout_09,v3_heldout_fixed_panel,disaster_logistics,target_subtle,neutral,prompts/system_neutral.txt,modified,data/images/heldout/modified/heldout_09_target_subtle.jpg,9990a52fd7626d49cbe3e4f7238306cf60d9abeacb7ba98196d9dd67162fb1e8,3,0.80,1.00,20,experiments/v4_cost_response/prompts/task_cost_x_0_80.txt,0ce5abc89cfa84d813d9e0550a597a21cb2fef8c050dea89ce0e38e1ad3c4cd3,b869f42ea3921777da5fad071f646050045f98fb0d17a8e359dca487cb84ad2e,3,V5_0798,P3,neutral,experiments/v5_robustness/prompts/P3/system_neutral.txt,experiments/v5_robustness/prompts/P3/task_costly.txt,X,x,v4_0891
v4_0907,heldout_09,v3_heldout_fixed_panel,disaster_logistics,target_subtle,cue_bound,prompts/system_cue_bound.txt,clean,data/images/heldout/clean/heldout_09_clean.jpg,2c97d89622e30ebe6b7b1139ecd3191a68735d26988f896790ce397fd4fd2677,3,0.80,1.00,20,experiments/v4_cost_response/prompts/task_cost_x_0_80.txt,0ce5abc89cfa84d813d9e0550a597a21cb2fef8c050dea89ce0e38e1ad3c4cd3,33ff7ba12da9c25a3728e0c96b2f3fd67c0d1bd0c536af71e6ec6e8de843a859,1,V5_0799,P3,cue_bound,experiments/v5_robustness/prompts/P3/system_cue_bound.txt,experiments/v5_robustness/prompts/P3/task_costly.txt,X,x,v4_0907
v4_0908,heldout_09,v3_heldout_fixed_panel,disaster_logistics,target_subtle,cue_bound,prompts/system_cue_bound.txt,clean,data/images/heldout/clean/heldout_09_clean.jpg,2c97d89622e30ebe6b7b1139ecd3191a68735d26988f896790ce397fd4fd2677,3,0.80,1.00,20,experiments/v4_cost_response/prompts/task_cost_x_0_80.txt,0ce5abc89cfa84d813d9e0550a597a21cb2fef8c050dea89ce0e38e1ad3c4cd3,33ff7ba12da9c25a3728e0c96b2f3fd67c0d1bd0c536af71e6ec6e8de843a859,2,V5_0800,P3,cue_bound,experiments/v5_robustness/prompts/P3/system_cue_bound.txt,experiments/v5_robustness/prompts/P3/task_costly.txt,X,x,v4_0908
v4_0909,heldout_09,v3_heldout_fixed_panel,disaster_logistics,target_subtle,cue_bound,prompts/system_cue_bound.txt,clean,data/images/heldout/clean/heldout_09_clean.jpg,2c97d89622e30ebe6b7b1139ecd3191a68735d26988f896790ce397fd4fd2677,3,0.80,1.00,20,experiments/v4_cost_response/prompts/task_cost_x_0_80.txt,0ce5abc89cfa84d813d9e0550a597a21cb2fef8c050dea89ce0e38e1ad3c4cd3,33ff7ba12da9c25a3728e0c96b2f3fd67c0d1bd0c536af71e6ec6e8de843a859,3,V5_0801,P3,cue_bound,experiments/v5_robustness/prompts/P3/system_cue_bound.txt,experiments/v5_robustness/prompts/P3/task_costly.txt,X,x,v4_0909
v4_0925,heldout_09,v3_heldout_fixed_panel,disaster_logistics,target_subtle,cue_bound,prompts/system_cue_bound.txt,modified,data/images/heldout/modified/heldout_09_target_subtle.jpg,9990a52fd7626d49cbe3e4f7238306cf60d9abeacb7ba98196d9dd67162fb1e8,3,0.80,1.00,20,experiments/v4_cost_response/prompts/task_cost_x_0_80.txt,0ce5abc89cfa84d813d9e0550a597a21cb2fef8c050dea89ce0e38e1ad3c4cd3,33ff7ba12da9c25a3728e0c96b2f3fd67c0d1bd0c536af71e6ec6e8de843a859,1,V5_0802,P3,cue_bound,experiments/v5_robustness/prompts/P3/system_cue_bound.txt,experiments/v5_robustness/prompts/P3/task_costly.txt,X,x,v4_0925
v4_0926,heldout_09,v3_heldout_fixed_panel,disaster_logistics,target_subtle,cue_bound,prompts/system_cue_bound.txt,modified,data/images/heldout/modified/heldout_09_target_subtle.jpg,9990a52fd7626d49cbe3e4f7238306cf60d9abeacb7ba98196d9dd67162fb1e8,3,0.80,1.00,20,experiments/v4_cost_response/prompts/task_cost_x_0_80.txt,0ce5abc89cfa84d813d9e0550a597a21cb2fef8c050dea89ce0e38e1ad3c4cd3,33ff7ba12da9c25a3728e0c96b2f3fd67c0d1bd0c536af71e6ec6e8de843a859,2,V5_0803,P3,cue_bound,experiments/v5_robustness/prompts/P3/system_cue_bound.txt,experiments/v5_robustness/prompts/P3/task_costly.txt,X,x,v4_0926
v4_0927,heldout_09,v3_heldout_fixed_panel,disaster_logistics,target_subtle,cue_bound,prompts/system_cue_bound.txt,modified,data/images/heldout/modified/heldout_09_target_subtle.jpg,9990a52fd7626d49cbe3e4f7238306cf60d9abeacb7ba98196d9dd67162fb1e8,3,0.80,1.00,20,experiments/v4_cost_response/prompts/task_cost_x_0_80.txt,0ce5abc89cfa84d813d9e0550a597a21cb2fef8c050dea89ce0e38e1ad3c4cd3,33ff7ba12da9c25a3728e0c96b2f3fd67c0d1bd0c536af71e6ec6e8de843a859,3,V5_0804,P3,cue_bound,experiments/v5_robustness/prompts/P3/system_cue_bound.txt,experiments/v5_robustness/prompts/P3/task_costly.txt,X,x,v4_0927
v4_0943,heldout_09,v3_heldout_fixed_panel,disaster_logistics,target_subtle,generalized,prompts/system_generalized.txt,clean,data/images/heldout/clean/heldout_09_clean.jpg,2c97d89622e30ebe6b7b1139ecd3191a68735d26988f896790ce397fd4fd2677,3,0.80,1.00,20,experiments/v4_cost_response/prompts/task_cost_x_0_80.txt,0ce5abc89cfa84d813d9e0550a597a21cb2fef8c050dea89ce0e38e1ad3c4cd3,1b17f7d53eb5fb6e22076dfc0961ade0c3f463f9c1e3ddd053e82bc8990faa80,1,V5_0805,P3,generalized,experiments/v5_robustness/prompts/P3/system_generalized.txt,experiments/v5_robustness/prompts/P3/task_costly.txt,X,x,v4_0943
v4_0944,heldout_09,v3_heldout_fixed_panel,disaster_logistics,target_subtle,generalized,prompts/system_generalized.txt,clean,data/images/heldout/clean/heldout_09_clean.jpg,2c97d89622e30ebe6b7b1139ecd3191a68735d26988f896790ce397fd4fd2677,3,0.80,1.00,20,experiments/v4_cost_response/prompts/task_cost_x_0_80.txt,0ce5abc89cfa84d813d9e0550a597a21cb2fef8c050dea89ce0e38e1ad3c4cd3,1b17f7d53eb5fb6e22076dfc0961ade0c3f463f9c1e3ddd053e82bc8990faa80,2,V5_0806,P3,generalized,experiments/v5_robustness/prompts/P3/system_generalized.txt,experiments/v5_robustness/prompts/P3/task_costly.txt,X,x,v4_0944
v4_0945,heldout_09,v3_heldout_fixed_panel,disaster_logistics,target_subtle,generalized,prompts/system_generalized.txt,clean,data/images/heldout/clean/heldout_09_clean.jpg,2c97d89622e30ebe6b7b1139ecd3191a68735d26988f896790ce397fd4fd2677,3,0.80,1.00,20,experiments/v4_cost_response/prompts/task_cost_x_0_80.txt,0ce5abc89cfa84d813d9e0550a597a21cb2fef8c050dea89ce0e38e1ad3c4cd3,1b17f7d53eb5fb6e22076dfc0961ade0c3f463f9c1e3ddd053e82bc8990faa80,3,V5_0807,P3,generalized,experiments/v5_robustness/prompts/P3/system_generalized.txt,experiments/v5_robustness/prompts/P3/task_costly.txt,X,x,v4_0945
v4_0961,heldout_09,v3_heldout_fixed_panel,disaster_logistics,target_subtle,generalized,prompts/system_generalized.txt,modified,data/images/heldout/modified/heldout_09_target_subtle.jpg,9990a52fd7626d49cbe3e4f7238306cf60d9abeacb7ba98196d9dd67162fb1e8,3,0.80,1.00,20,experiments/v4_cost_response/prompts/task_cost_x_0_80.txt,0ce5abc89cfa84d813d9e0550a597a21cb2fef8c050dea89ce0e38e1ad3c4cd3,1b17f7d53eb5fb6e22076dfc0961ade0c3f463f9c1e3ddd053e82bc8990faa80,1,V5_0808,P3,generalized,experiments/v5_robustness/prompts/P3/system_generalized.txt,experiments/v5_robustness/prompts/P3/task_costly.txt,X,x,v4_0961
v4_0962,heldout_09,v3_heldout_fixed_panel,disaster_logistics,target_subtle,generalized,prompts/system_generalized.txt,modified,data/images/heldout/modified/heldout_09_target_subtle.jpg,9990a52fd7626d49cbe3e4f7238306cf60d9abeacb7ba98196d9dd67162fb1e8,3,0.80,1.00,20,experiments/v4_cost_response/prompts/task_cost_x_0_80.txt,0ce5abc89cfa84d813d9e0550a597a21cb2fef8c050dea89ce0e38e1ad3c4cd3,1b17f7d53eb5fb6e22076dfc0961ade0c3f463f9c1e3ddd053e82bc8990faa80,2,V5_0809,P3,generalized,experiments/v5_robustness/prompts/P3/system_generalized.txt,experiments/v5_robustness/prompts/P3/task_costly.txt,X,x,v4_0962
v4_0963,heldout_09,v3_heldout_fixed_panel,disaster_logistics,target_subtle,generalized,prompts/system_generalized.txt,modified,data/images/heldout/modified/heldout_09_target_subtle.jpg,9990a52fd7626d49cbe3e4f7238306cf60d9abeacb7ba98196d9dd67162fb1e8,3,0.80,1.00,20,experiments/v4_cost_response/prompts/task_cost_x_0_80.txt,0ce5abc89cfa84d813d9e0550a597a21cb2fef8c050dea89ce0e38e1ad3c4cd3,1b17f7d53eb5fb6e22076dfc0961ade0c3f463f9c1e3ddd053e82bc8990faa80,3,V5_0810,P3,generalized,experiments/v5_robustness/prompts/P3/system_generalized.txt,experiments/v5_robustness/prompts/P3/task_costly.txt,X,x,v4_0963
v4_0979,heldout_10,v3_heldout_fixed_panel,recycling_facility,distractor_clear,neutral,prompts/system_neutral.txt,clean,data/images/heldout/clean/heldout_10_clean.jpg,94e569e89b596809cf79e92103c8a8afe5ad1031d2aa77cefb17e0c57bb1d356,3,0.80,1.00,20,experiments/v4_cost_response/prompts/task_cost_x_0_80.txt,0ce5abc89cfa84d813d9e0550a597a21cb2fef8c050dea89ce0e38e1ad3c4cd3,b869f42ea3921777da5fad071f646050045f98fb0d17a8e359dca487cb84ad2e,1,V5_0811,P3,neutral,experiments/v5_robustness/prompts/P3/system_neutral.txt,experiments/v5_robustness/prompts/P3/task_costly.txt,X,x,v4_0979
v4_0980,heldout_10,v3_heldout_fixed_panel,recycling_facility,distractor_clear,neutral,prompts/system_neutral.txt,clean,data/images/heldout/clean/heldout_10_clean.jpg,94e569e89b596809cf79e92103c8a8afe5ad1031d2aa77cefb17e0c57bb1d356,3,0.80,1.00,20,experiments/v4_cost_response/prompts/task_cost_x_0_80.txt,0ce5abc89cfa84d813d9e0550a597a21cb2fef8c050dea89ce0e38e1ad3c4cd3,b869f42ea3921777da5fad071f646050045f98fb0d17a8e359dca487cb84ad2e,2,V5_0812,P3,neutral,experiments/v5_robustness/prompts/P3/system_neutral.txt,experiments/v5_robustness/prompts/P3/task_costly.txt,X,x,v4_0980
v4_0981,heldout_10,v3_heldout_fixed_panel,recycling_facility,distractor_clear,neutral,prompts/system_neutral.txt,clean,data/images/heldout/clean/heldout_10_clean.jpg,94e569e89b596809cf79e92103c8a8afe5ad1031d2aa77cefb17e0c57bb1d356,3,0.80,1.00,20,experiments/v4_cost_response/prompts/task_cost_x_0_80.txt,0ce5abc89cfa84d813d9e0550a597a21cb2fef8c050dea89ce0e38e1ad3c4cd3,b869f42ea3921777da5fad071f646050045f98fb0d17a8e359dca487cb84ad2e,3,V5_0813,P3,neutral,experiments/v5_robustness/prompts/P3/system_neutral.txt,experiments/v5_robustness/prompts/P3/task_costly.txt,X,x,v4_0981
v4_0997,heldout_10,v3_heldout_fixed_panel,recycling_facility,distractor_clear,neutral,prompts/system_neutral.txt,modified,data/images/heldout/modified/heldout_10_distractor_clear.jpg,a5abd90c4d4a384def740f004f6a7a00a01b50bdfeb12396228a54c47b66bf7f,3,0.80,1.00,20,experiments/v4_cost_response/prompts/task_cost_x_0_80.txt,0ce5abc89cfa84d813d9e0550a597a21cb2fef8c050dea89ce0e38e1ad3c4cd3,b869f42ea3921777da5fad071f646050045f98fb0d17a8e359dca487cb84ad2e,1,V5_0814,P3,neutral,experiments/v5_robustness/prompts/P3/system_neutral.txt,experiments/v5_robustness/prompts/P3/task_costly.txt,X,x,v4_0997
v4_0998,heldout_10,v3_heldout_fixed_panel,recycling_facility,distractor_clear,neutral,prompts/system_neutral.txt,modified,data/images/heldout/modified/heldout_10_distractor_clear.jpg,a5abd90c4d4a384def740f004f6a7a00a01b50bdfeb12396228a54c47b66bf7f,3,0.80,1.00,20,experiments/v4_cost_response/prompts/task_cost_x_0_80.txt,0ce5abc89cfa84d813d9e0550a597a21cb2fef8c050dea89ce0e38e1ad3c4cd3,b869f42ea3921777da5fad071f646050045f98fb0d17a8e359dca487cb84ad2e,2,V5_0815,P3,neutral,experiments/v5_robustness/prompts/P3/system_neutral.txt,experiments/v5_robustness/prompts/P3/task_costly.txt,X,x,v4_0998
v4_0999,heldout_10,v3_heldout_fixed_panel,recycling_facility,distractor_clear,neutral,prompts/system_neutral.txt,modified,data/images/heldout/modified/heldout_10_distractor_clear.jpg,a5abd90c4d4a384def740f004f6a7a00a01b50bdfeb12396228a54c47b66bf7f,3,0.80,1.00,20,experiments/v4_cost_response/prompts/task_cost_x_0_80.txt,0ce5abc89cfa84d813d9e0550a597a21cb2fef8c050dea89ce0e38e1ad3c4cd3,b869f42ea3921777da5fad071f646050045f98fb0d17a8e359dca487cb84ad2e,3,V5_0816,P3,neutral,experiments/v5_robustness/prompts/P3/system_neutral.txt,experiments/v5_robustness/prompts/P3/task_costly.txt,X,x,v4_0999
v4_1015,heldout_10,v3_heldout_fixed_panel,recycling_facility,distractor_clear,cue_bound,prompts/system_cue_bound.txt,clean,data/images/heldout/clean/heldout_10_clean.jpg,94e569e89b596809cf79e92103c8a8afe5ad1031d2aa77cefb17e0c57bb1d356,3,0.80,1.00,20,experiments/v4_cost_response/prompts/task_cost_x_0_80.txt,0ce5abc89cfa84d813d9e0550a597a21cb2fef8c050dea89ce0e38e1ad3c4cd3,33ff7ba12da9c25a3728e0c96b2f3fd67c0d1bd0c536af71e6ec6e8de843a859,1,V5_0817,P3,cue_bound,experiments/v5_robustness/prompts/P3/system_cue_bound.txt,experiments/v5_robustness/prompts/P3/task_costly.txt,X,x,v4_1015
v4_1016,heldout_10,v3_heldout_fixed_panel,recycling_facility,distractor_clear,cue_bound,prompts/system_cue_bound.txt,clean,data/images/heldout/clean/heldout_10_clean.jpg,94e569e89b596809cf79e92103c8a8afe5ad1031d2aa77cefb17e0c57bb1d356,3,0.80,1.00,20,experiments/v4_cost_response/prompts/task_cost_x_0_80.txt,0ce5abc89cfa84d813d9e0550a597a21cb2fef8c050dea89ce0e38e1ad3c4cd3,33ff7ba12da9c25a3728e0c96b2f3fd67c0d1bd0c536af71e6ec6e8de843a859,2,V5_0818,P3,cue_bound,experiments/v5_robustness/prompts/P3/system_cue_bound.txt,experiments/v5_robustness/prompts/P3/task_costly.txt,X,x,v4_1016
v4_1017,heldout_10,v3_heldout_fixed_panel,recycling_facility,distractor_clear,cue_bound,prompts/system_cue_bound.txt,clean,data/images/heldout/clean/heldout_10_clean.jpg,94e569e89b596809cf79e92103c8a8afe5ad1031d2aa77cefb17e0c57bb1d356,3,0.80,1.00,20,experiments/v4_cost_response/prompts/task_cost_x_0_80.txt,0ce5abc89cfa84d813d9e0550a597a21cb2fef8c050dea89ce0e38e1ad3c4cd3,33ff7ba12da9c25a3728e0c96b2f3fd67c0d1bd0c536af71e6ec6e8de843a859,3,V5_0819,P3,cue_bound,experiments/v5_robustness/prompts/P3/system_cue_bound.txt,experiments/v5_robustness/prompts/P3/task_costly.txt,X,x,v4_1017
v4_1033,heldout_10,v3_heldout_fixed_panel,recycling_facility,distractor_clear,cue_bound,prompts/system_cue_bound.txt,modified,data/images/heldout/modified/heldout_10_distractor_clear.jpg,a5abd90c4d4a384def740f004f6a7a00a01b50bdfeb12396228a54c47b66bf7f,3,0.80,1.00,20,experiments/v4_cost_response/prompts/task_cost_x_0_80.txt,0ce5abc89cfa84d813d9e0550a597a21cb2fef8c050dea89ce0e38e1ad3c4cd3,33ff7ba12da9c25a3728e0c96b2f3fd67c0d1bd0c536af71e6ec6e8de843a859,1,V5_0820,P3,cue_bound,experiments/v5_robustness/prompts/P3/system_cue_bound.txt,experiments/v5_robustness/prompts/P3/task_costly.txt,X,x,v4_1033
v4_1034,heldout_10,v3_heldout_fixed_panel,recycling_facility,distractor_clear,cue_bound,prompts/system_cue_bound.txt,modified,data/images/heldout/modified/heldout_10_distractor_clear.jpg,a5abd90c4d4a384def740f004f6a7a00a01b50bdfeb12396228a54c47b66bf7f,3,0.80,1.00,20,experiments/v4_cost_response/prompts/task_cost_x_0_80.txt,0ce5abc89cfa84d813d9e0550a597a21cb2fef8c050dea89ce0e38e1ad3c4cd3,33ff7ba12da9c25a3728e0c96b2f3fd67c0d1bd0c536af71e6ec6e8de843a859,2,V5_0821,P3,cue_bound,experiments/v5_robustness/prompts/P3/system_cue_bound.txt,experiments/v5_robustness/prompts/P3/task_costly.txt,X,x,v4_1034
v4_1035,heldout_10,v3_heldout_fixed_panel,recycling_facility,distractor_clear,cue_bound,prompts/system_cue_bound.txt,modified,data/images/heldout/modified/heldout_10_distractor_clear.jpg,a5abd90c4d4a384def740f004f6a7a00a01b50bdfeb12396228a54c47b66bf7f,3,0.80,1.00,20,experiments/v4_cost_response/prompts/task_cost_x_0_80.txt,0ce5abc89cfa84d813d9e0550a597a21cb2fef8c050dea89ce0e38e1ad3c4cd3,33ff7ba12da9c25a3728e0c96b2f3fd67c0d1bd0c536af71e6ec6e8de843a859,3,V5_0822,P3,cue_bound,experiments/v5_robustness/prompts/P3/system_cue_bound.txt,experiments/v5_robustness/prompts/P3/task_costly.txt,X,x,v4_1035
v4_1051,heldout_10,v3_heldout_fixed_panel,recycling_facility,distractor_clear,generalized,prompts/system_generalized.txt,clean,data/images/heldout/clean/heldout_10_clean.jpg,94e569e89b596809cf79e92103c8a8afe5ad1031d2aa77cefb17e0c57bb1d356,3,0.80,1.00,20,experiments/v4_cost_response/prompts/task_cost_x_0_80.txt,0ce5abc89cfa84d813d9e0550a597a21cb2fef8c050dea89ce0e38e1ad3c4cd3,1b17f7d53eb5fb6e22076dfc0961ade0c3f463f9c1e3ddd053e82bc8990faa80,1,V5_0823,P3,generalized,experiments/v5_robustness/prompts/P3/system_generalized.txt,experiments/v5_robustness/prompts/P3/task_costly.txt,X,x,v4_1051
v4_1052,heldout_10,v3_heldout_fixed_panel,recycling_facility,distractor_clear,generalized,prompts/system_generalized.txt,clean,data/images/heldout/clean/heldout_10_clean.jpg,94e569e89b596809cf79e92103c8a8afe5ad1031d2aa77cefb17e0c57bb1d356,3,0.80,1.00,20,experiments/v4_cost_response/prompts/task_cost_x_0_80.txt,0ce5abc89cfa84d813d9e0550a597a21cb2fef8c050dea89ce0e38e1ad3c4cd3,1b17f7d53eb5fb6e22076dfc0961ade0c3f463f9c1e3ddd053e82bc8990faa80,2,V5_0824,P3,generalized,experiments/v5_robustness/prompts/P3/system_generalized.txt,experiments/v5_robustness/prompts/P3/task_costly.txt,X,x,v4_1052
v4_1053,heldout_10,v3_heldout_fixed_panel,recycling_facility,distractor_clear,generalized,prompts/system_generalized.txt,clean,data/images/heldout/clean/heldout_10_clean.jpg,94e569e89b596809cf79e92103c8a8afe5ad1031d2aa77cefb17e0c57bb1d356,3,0.80,1.00,20,experiments/v4_cost_response/prompts/task_cost_x_0_80.txt,0ce5abc89cfa84d813d9e0550a597a21cb2fef8c050dea89ce0e38e1ad3c4cd3,1b17f7d53eb5fb6e22076dfc0961ade0c3f463f9c1e3ddd053e82bc8990faa80,3,V5_0825,P3,generalized,experiments/v5_robustness/prompts/P3/system_generalized.txt,experiments/v5_robustness/prompts/P3/task_costly.txt,X,x,v4_1053
v4_1069,heldout_10,v3_heldout_fixed_panel,recycling_facility,distractor_clear,generalized,prompts/system_generalized.txt,modified,data/images/heldout/modified/heldout_10_distractor_clear.jpg,a5abd90c4d4a384def740f004f6a7a00a01b50bdfeb12396228a54c47b66bf7f,3,0.80,1.00,20,experiments/v4_cost_response/prompts/task_cost_x_0_80.txt,0ce5abc89cfa84d813d9e0550a597a21cb2fef8c050dea89ce0e38e1ad3c4cd3,1b17f7d53eb5fb6e22076dfc0961ade0c3f463f9c1e3ddd053e82bc8990faa80,1,V5_0826,P3,generalized,experiments/v5_robustness/prompts/P3/system_generalized.txt,experiments/v5_robustness/prompts/P3/task_costly.txt,X,x,v4_1069
v4_1070,heldout_10,v3_heldout_fixed_panel,recycling_facility,distractor_clear,generalized,prompts/system_generalized.txt,modified,data/images/heldout/modified/heldout_10_distractor_clear.jpg,a5abd90c4d4a384def740f004f6a7a00a01b50bdfeb12396228a54c47b66bf7f,3,0.80,1.00,20,experiments/v4_cost_response/prompts/task_cost_x_0_80.txt,0ce5abc89cfa84d813d9e0550a597a21cb2fef8c050dea89ce0e38e1ad3c4cd3,1b17f7d53eb5fb6e22076dfc0961ade0c3f463f9c1e3ddd053e82bc8990faa80,2,V5_0827,P3,generalized,experiments/v5_robustness/prompts/P3/system_generalized.txt,experiments/v5_robustness/prompts/P3/task_costly.txt,X,x,v4_1070
v4_1071,heldout_10,v3_heldout_fixed_panel,recycling_facility,distractor_clear,generalized,prompts/system_generalized.txt,modified,data/images/heldout/modified/heldout_10_distractor_clear.jpg,a5abd90c4d4a384def740f004f6a7a00a01b50bdfeb12396228a54c47b66bf7f,3,0.80,1.00,20,experiments/v4_cost_response/prompts/task_cost_x_0_80.txt,0ce5abc89cfa84d813d9e0550a597a21cb2fef8c050dea89ce0e38e1ad3c4cd3,1b17f7d53eb5fb6e22076dfc0961ade0c3f463f9c1e3ddd053e82bc8990faa80,3,V5_0828,P3,generalized,experiments/v5_robustness/prompts/P3/system_generalized.txt,experiments/v5_robustness/prompts/P3/task_costly.txt,X,x,v4_1071
v4_1087,heldout_11,v3_heldout_fixed_panel,medical_lab,distractor_clear,neutral,prompts/system_neutral.txt,clean,data/images/heldout/clean/heldout_11_clean.jpg,9f82365e694fb5376b018e23ac79b8e48bb4faf70da41b3164145c8ac50f67f5,3,0.80,1.00,20,experiments/v4_cost_response/prompts/task_cost_x_0_80.txt,0ce5abc89cfa84d813d9e0550a597a21cb2fef8c050dea89ce0e38e1ad3c4cd3,b869f42ea3921777da5fad071f646050045f98fb0d17a8e359dca487cb84ad2e,1,V5_0829,P3,neutral,experiments/v5_robustness/prompts/P3/system_neutral.txt,experiments/v5_robustness/prompts/P3/task_costly.txt,X,x,v4_1087
v4_1088,heldout_11,v3_heldout_fixed_panel,medical_lab,distractor_clear,neutral,prompts/system_neutral.txt,clean,data/images/heldout/clean/heldout_11_clean.jpg,9f82365e694fb5376b018e23ac79b8e48bb4faf70da41b3164145c8ac50f67f5,3,0.80,1.00,20,experiments/v4_cost_response/prompts/task_cost_x_0_80.txt,0ce5abc89cfa84d813d9e0550a597a21cb2fef8c050dea89ce0e38e1ad3c4cd3,b869f42ea3921777da5fad071f646050045f98fb0d17a8e359dca487cb84ad2e,2,V5_0830,P3,neutral,experiments/v5_robustness/prompts/P3/system_neutral.txt,experiments/v5_robustness/prompts/P3/task_costly.txt,X,x,v4_1088
v4_1089,heldout_11,v3_heldout_fixed_panel,medical_lab,distractor_clear,neutral,prompts/system_neutral.txt,clean,data/images/heldout/clean/heldout_11_clean.jpg,9f82365e694fb5376b018e23ac79b8e48bb4faf70da41b3164145c8ac50f67f5,3,0.80,1.00,20,experiments/v4_cost_response/prompts/task_cost_x_0_80.txt,0ce5abc89cfa84d813d9e0550a597a21cb2fef8c050dea89ce0e38e1ad3c4cd3,b869f42ea3921777da5fad071f646050045f98fb0d17a8e359dca487cb84ad2e,3,V5_0831,P3,neutral,experiments/v5_robustness/prompts/P3/system_neutral.txt,experiments/v5_robustness/prompts/P3/task_costly.txt,X,x,v4_1089
v4_1105,heldout_11,v3_heldout_fixed_panel,medical_lab,distractor_clear,neutral,prompts/system_neutral.txt,modified,data/images/heldout/modified/heldout_11_distractor_clear.jpg,75fd509b252a9dc4e1ae20f574099e7d38ab19e10eaea378862826ade9092908,3,0.80,1.00,20,experiments/v4_cost_response/prompts/task_cost_x_0_80.txt,0ce5abc89cfa84d813d9e0550a597a21cb2fef8c050dea89ce0e38e1ad3c4cd3,b869f42ea3921777da5fad071f646050045f98fb0d17a8e359dca487cb84ad2e,1,V5_0832,P3,neutral,experiments/v5_robustness/prompts/P3/system_neutral.txt,experiments/v5_robustness/prompts/P3/task_costly.txt,X,x,v4_1105
v4_1106,heldout_11,v3_heldout_fixed_panel,medical_lab,distractor_clear,neutral,prompts/system_neutral.txt,modified,data/images/heldout/modified/heldout_11_distractor_clear.jpg,75fd509b252a9dc4e1ae20f574099e7d38ab19e10eaea378862826ade9092908,3,0.80,1.00,20,experiments/v4_cost_response/prompts/task_cost_x_0_80.txt,0ce5abc89cfa84d813d9e0550a597a21cb2fef8c050dea89ce0e38e1ad3c4cd3,b869f42ea3921777da5fad071f646050045f98fb0d17a8e359dca487cb84ad2e,2,V5_0833,P3,neutral,experiments/v5_robustness/prompts/P3/system_neutral.txt,experiments/v5_robustness/prompts/P3/task_costly.txt,X,x,v4_1106
v4_1107,heldout_11,v3_heldout_fixed_panel,medical_lab,distractor_clear,neutral,prompts/system_neutral.txt,modified,data/images/heldout/modified/heldout_11_distractor_clear.jpg,75fd509b252a9dc4e1ae20f574099e7d38ab19e10eaea378862826ade9092908,3,0.80,1.00,20,experiments/v4_cost_response/prompts/task_cost_x_0_80.txt,0ce5abc89cfa84d813d9e0550a597a21cb2fef8c050dea89ce0e38e1ad3c4cd3,b869f42ea3921777da5fad071f646050045f98fb0d17a8e359dca487cb84ad2e,3,V5_0834,P3,neutral,experiments/v5_robustness/prompts/P3/system_neutral.txt,experiments/v5_robustness/prompts/P3/task_costly.txt,X,x,v4_1107
v4_1123,heldout_11,v3_heldout_fixed_panel,medical_lab,distractor_clear,cue_bound,prompts/system_cue_bound.txt,clean,data/images/heldout/clean/heldout_11_clean.jpg,9f82365e694fb5376b018e23ac79b8e48bb4faf70da41b3164145c8ac50f67f5,3,0.80,1.00,20,experiments/v4_cost_response/prompts/task_cost_x_0_80.txt,0ce5abc89cfa84d813d9e0550a597a21cb2fef8c050dea89ce0e38e1ad3c4cd3,33ff7ba12da9c25a3728e0c96b2f3fd67c0d1bd0c536af71e6ec6e8de843a859,1,V5_0835,P3,cue_bound,experiments/v5_robustness/prompts/P3/system_cue_bound.txt,experiments/v5_robustness/prompts/P3/task_costly.txt,X,x,v4_1123
v4_1124,heldout_11,v3_heldout_fixed_panel,medical_lab,distractor_clear,cue_bound,prompts/system_cue_bound.txt,clean,data/images/heldout/clean/heldout_11_clean.jpg,9f82365e694fb5376b018e23ac79b8e48bb4faf70da41b3164145c8ac50f67f5,3,0.80,1.00,20,experiments/v4_cost_response/prompts/task_cost_x_0_80.txt,0ce5abc89cfa84d813d9e0550a597a21cb2fef8c050dea89ce0e38e1ad3c4cd3,33ff7ba12da9c25a3728e0c96b2f3fd67c0d1bd0c536af71e6ec6e8de843a859,2,V5_0836,P3,cue_bound,experiments/v5_robustness/prompts/P3/system_cue_bound.txt,experiments/v5_robustness/prompts/P3/task_costly.txt,X,x,v4_1124
v4_1125,heldout_11,v3_heldout_fixed_panel,medical_lab,distractor_clear,cue_bound,prompts/system_cue_bound.txt,clean,data/images/heldout/clean/heldout_11_clean.jpg,9f82365e694fb5376b018e23ac79b8e48bb4faf70da41b3164145c8ac50f67f5,3,0.80,1.00,20,experiments/v4_cost_response/prompts/task_cost_x_0_80.txt,0ce5abc89cfa84d813d9e0550a597a21cb2fef8c050dea89ce0e38e1ad3c4cd3,33ff7ba12da9c25a3728e0c96b2f3fd67c0d1bd0c536af71e6ec6e8de843a859,3,V5_0837,P3,cue_bound,experiments/v5_robustness/prompts/P3/system_cue_bound.txt,experiments/v5_robustness/prompts/P3/task_costly.txt,X,x,v4_1125
v4_1141,heldout_11,v3_heldout_fixed_panel,medical_lab,distractor_clear,cue_bound,prompts/system_cue_bound.txt,modified,data/images/heldout/modified/heldout_11_distractor_clear.jpg,75fd509b252a9dc4e1ae20f574099e7d38ab19e10eaea378862826ade9092908,3,0.80,1.00,20,experiments/v4_cost_response/prompts/task_cost_x_0_80.txt,0ce5abc89cfa84d813d9e0550a597a21cb2fef8c050dea89ce0e38e1ad3c4cd3,33ff7ba12da9c25a3728e0c96b2f3fd67c0d1bd0c536af71e6ec6e8de843a859,1,V5_0838,P3,cue_bound,experiments/v5_robustness/prompts/P3/system_cue_bound.txt,experiments/v5_robustness/prompts/P3/task_costly.txt,X,x,v4_1141
v4_1142,heldout_11,v3_heldout_fixed_panel,medical_lab,distractor_clear,cue_bound,prompts/system_cue_bound.txt,modified,data/images/heldout/modified/heldout_11_distractor_clear.jpg,75fd509b252a9dc4e1ae20f574099e7d38ab19e10eaea378862826ade9092908,3,0.80,1.00,20,experiments/v4_cost_response/prompts/task_cost_x_0_80.txt,0ce5abc89cfa84d813d9e0550a597a21cb2fef8c050dea89ce0e38e1ad3c4cd3,33ff7ba12da9c25a3728e0c96b2f3fd67c0d1bd0c536af71e6ec6e8de843a859,2,V5_0839,P3,cue_bound,experiments/v5_robustness/prompts/P3/system_cue_bound.txt,experiments/v5_robustness/prompts/P3/task_costly.txt,X,x,v4_1142
v4_1143,heldout_11,v3_heldout_fixed_panel,medical_lab,distractor_clear,cue_bound,prompts/system_cue_bound.txt,modified,data/images/heldout/modified/heldout_11_distractor_clear.jpg,75fd509b252a9dc4e1ae20f574099e7d38ab19e10eaea378862826ade9092908,3,0.80,1.00,20,experiments/v4_cost_response/prompts/task_cost_x_0_80.txt,0ce5abc89cfa84d813d9e0550a597a21cb2fef8c050dea89ce0e38e1ad3c4cd3,33ff7ba12da9c25a3728e0c96b2f3fd67c0d1bd0c536af71e6ec6e8de843a859,3,V5_0840,P3,cue_bound,experiments/v5_robustness/prompts/P3/system_cue_bound.txt,experiments/v5_robustness/prompts/P3/task_costly.txt,X,x,v4_1143
v4_1159,heldout_11,v3_heldout_fixed_panel,medical_lab,distractor_clear,generalized,prompts/system_generalized.txt,clean,data/images/heldout/clean/heldout_11_clean.jpg,9f82365e694fb5376b018e23ac79b8e48bb4faf70da41b3164145c8ac50f67f5,3,0.80,1.00,20,experiments/v4_cost_response/prompts/task_cost_x_0_80.txt,0ce5abc89cfa84d813d9e0550a597a21cb2fef8c050dea89ce0e38e1ad3c4cd3,1b17f7d53eb5fb6e22076dfc0961ade0c3f463f9c1e3ddd053e82bc8990faa80,1,V5_0841,P3,generalized,experiments/v5_robustness/prompts/P3/system_generalized.txt,experiments/v5_robustness/prompts/P3/task_costly.txt,X,x,v4_1159
v4_1160,heldout_11,v3_heldout_fixed_panel,medical_lab,distractor_clear,generalized,prompts/system_generalized.txt,clean,data/images/heldout/clean/heldout_11_clean.jpg,9f82365e694fb5376b018e23ac79b8e48bb4faf70da41b3164145c8ac50f67f5,3,0.80,1.00,20,experiments/v4_cost_response/prompts/task_cost_x_0_80.txt,0ce5abc89cfa84d813d9e0550a597a21cb2fef8c050dea89ce0e38e1ad3c4cd3,1b17f7d53eb5fb6e22076dfc0961ade0c3f463f9c1e3ddd053e82bc8990faa80,2,V5_0842,P3,generalized,experiments/v5_robustness/prompts/P3/system_generalized.txt,experiments/v5_robustness/prompts/P3/task_costly.txt,X,x,v4_1160
v4_1161,heldout_11,v3_heldout_fixed_panel,medical_lab,distractor_clear,generalized,prompts/system_generalized.txt,clean,data/images/heldout/clean/heldout_11_clean.jpg,9f82365e694fb5376b018e23ac79b8e48bb4faf70da41b3164145c8ac50f67f5,3,0.80,1.00,20,experiments/v4_cost_response/prompts/task_cost_x_0_80.txt,0ce5abc89cfa84d813d9e0550a597a21cb2fef8c050dea89ce0e38e1ad3c4cd3,1b17f7d53eb5fb6e22076dfc0961ade0c3f463f9c1e3ddd053e82bc8990faa80,3,V5_0843,P3,generalized,experiments/v5_robustness/prompts/P3/system_generalized.txt,experiments/v5_robustness/prompts/P3/task_costly.txt,X,x,v4_1161
v4_1177,heldout_11,v3_heldout_fixed_panel,medical_lab,distractor_clear,generalized,prompts/system_generalized.txt,modified,data/images/heldout/modified/heldout_11_distractor_clear.jpg,75fd509b252a9dc4e1ae20f574099e7d38ab19e10eaea378862826ade9092908,3,0.80,1.00,20,experiments/v4_cost_response/prompts/task_cost_x_0_80.txt,0ce5abc89cfa84d813d9e0550a597a21cb2fef8c050dea89ce0e38e1ad3c4cd3,1b17f7d53eb5fb6e22076dfc0961ade0c3f463f9c1e3ddd053e82bc8990faa80,1,V5_0844,P3,generalized,experiments/v5_robustness/prompts/P3/system_generalized.txt,experiments/v5_robustness/prompts/P3/task_costly.txt,X,x,v4_1177
v4_1178,heldout_11,v3_heldout_fixed_panel,medical_lab,distractor_clear,generalized,prompts/system_generalized.txt,modified,data/images/heldout/modified/heldout_11_distractor_clear.jpg,75fd509b252a9dc4e1ae20f574099e7d38ab19e10eaea378862826ade9092908,3,0.80,1.00,20,experiments/v4_cost_response/prompts/task_cost_x_0_80.txt,0ce5abc89cfa84d813d9e0550a597a21cb2fef8c050dea89ce0e38e1ad3c4cd3,1b17f7d53eb5fb6e22076dfc0961ade0c3f463f9c1e3ddd053e82bc8990faa80,2,V5_0845,P3,generalized,experiments/v5_robustness/prompts/P3/system_generalized.txt,experiments/v5_robustness/prompts/P3/task_costly.txt,X,x,v4_1178
v4_1179,heldout_11,v3_heldout_fixed_panel,medical_lab,distractor_clear,generalized,prompts/system_generalized.txt,modified,data/images/heldout/modified/heldout_11_distractor_clear.jpg,75fd509b252a9dc4e1ae20f574099e7d38ab19e10eaea378862826ade9092908,3,0.80,1.00,20,experiments/v4_cost_response/prompts/task_cost_x_0_80.txt,0ce5abc89cfa84d813d9e0550a597a21cb2fef8c050dea89ce0e38e1ad3c4cd3,1b17f7d53eb5fb6e22076dfc0961ade0c3f463f9c1e3ddd053e82bc8990faa80,3,V5_0846,P3,generalized,experiments/v5_robustness/prompts/P3/system_generalized.txt,experiments/v5_robustness/prompts/P3/task_costly.txt,X,x,v4_1179
v4_1195,heldout_12,v3_heldout_fixed_panel,construction_studio,distractor_clear,neutral,prompts/system_neutral.txt,clean,data/images/heldout/clean/heldout_12_clean.jpg,01a488557d6004b3c4411a6d0a72e60394ce0806f206a9199c9aaf4eb1b643a8,3,0.80,1.00,20,experiments/v4_cost_response/prompts/task_cost_x_0_80.txt,0ce5abc89cfa84d813d9e0550a597a21cb2fef8c050dea89ce0e38e1ad3c4cd3,b869f42ea3921777da5fad071f646050045f98fb0d17a8e359dca487cb84ad2e,1,V5_0847,P3,neutral,experiments/v5_robustness/prompts/P3/system_neutral.txt,experiments/v5_robustness/prompts/P3/task_costly.txt,X,x,v4_1195
v4_1196,heldout_12,v3_heldout_fixed_panel,construction_studio,distractor_clear,neutral,prompts/system_neutral.txt,clean,data/images/heldout/clean/heldout_12_clean.jpg,01a488557d6004b3c4411a6d0a72e60394ce0806f206a9199c9aaf4eb1b643a8,3,0.80,1.00,20,experiments/v4_cost_response/prompts/task_cost_x_0_80.txt,0ce5abc89cfa84d813d9e0550a597a21cb2fef8c050dea89ce0e38e1ad3c4cd3,b869f42ea3921777da5fad071f646050045f98fb0d17a8e359dca487cb84ad2e,2,V5_0848,P3,neutral,experiments/v5_robustness/prompts/P3/system_neutral.txt,experiments/v5_robustness/prompts/P3/task_costly.txt,X,x,v4_1196
v4_1197,heldout_12,v3_heldout_fixed_panel,construction_studio,distractor_clear,neutral,prompts/system_neutral.txt,clean,data/images/heldout/clean/heldout_12_clean.jpg,01a488557d6004b3c4411a6d0a72e60394ce0806f206a9199c9aaf4eb1b643a8,3,0.80,1.00,20,experiments/v4_cost_response/prompts/task_cost_x_0_80.txt,0ce5abc89cfa84d813d9e0550a597a21cb2fef8c050dea89ce0e38e1ad3c4cd3,b869f42ea3921777da5fad071f646050045f98fb0d17a8e359dca487cb84ad2e,3,V5_0849,P3,neutral,experiments/v5_robustness/prompts/P3/system_neutral.txt,experiments/v5_robustness/prompts/P3/task_costly.txt,X,x,v4_1197
v4_1213,heldout_12,v3_heldout_fixed_panel,construction_studio,distractor_clear,neutral,prompts/system_neutral.txt,modified,data/images/heldout/modified/heldout_12_distractor_clear.jpg,ba8e66becfb8c0569302f538444c627b078e331107cdad21397b10fd619fba5e,3,0.80,1.00,20,experiments/v4_cost_response/prompts/task_cost_x_0_80.txt,0ce5abc89cfa84d813d9e0550a597a21cb2fef8c050dea89ce0e38e1ad3c4cd3,b869f42ea3921777da5fad071f646050045f98fb0d17a8e359dca487cb84ad2e,1,V5_0850,P3,neutral,experiments/v5_robustness/prompts/P3/system_neutral.txt,experiments/v5_robustness/prompts/P3/task_costly.txt,X,x,v4_1213
v4_1214,heldout_12,v3_heldout_fixed_panel,construction_studio,distractor_clear,neutral,prompts/system_neutral.txt,modified,data/images/heldout/modified/heldout_12_distractor_clear.jpg,ba8e66becfb8c0569302f538444c627b078e331107cdad21397b10fd619fba5e,3,0.80,1.00,20,experiments/v4_cost_response/prompts/task_cost_x_0_80.txt,0ce5abc89cfa84d813d9e0550a597a21cb2fef8c050dea89ce0e38e1ad3c4cd3,b869f42ea3921777da5fad071f646050045f98fb0d17a8e359dca487cb84ad2e,2,V5_0851,P3,neutral,experiments/v5_robustness/prompts/P3/system_neutral.txt,experiments/v5_robustness/prompts/P3/task_costly.txt,X,x,v4_1214
v4_1215,heldout_12,v3_heldout_fixed_panel,construction_studio,distractor_clear,neutral,prompts/system_neutral.txt,modified,data/images/heldout/modified/heldout_12_distractor_clear.jpg,ba8e66becfb8c0569302f538444c627b078e331107cdad21397b10fd619fba5e,3,0.80,1.00,20,experiments/v4_cost_response/prompts/task_cost_x_0_80.txt,0ce5abc89cfa84d813d9e0550a597a21cb2fef8c050dea89ce0e38e1ad3c4cd3,b869f42ea3921777da5fad071f646050045f98fb0d17a8e359dca487cb84ad2e,3,V5_0852,P3,neutral,experiments/v5_robustness/prompts/P3/system_neutral.txt,experiments/v5_robustness/prompts/P3/task_costly.txt,X,x,v4_1215
v4_1231,heldout_12,v3_heldout_fixed_panel,construction_studio,distractor_clear,cue_bound,prompts/system_cue_bound.txt,clean,data/images/heldout/clean/heldout_12_clean.jpg,01a488557d6004b3c4411a6d0a72e60394ce0806f206a9199c9aaf4eb1b643a8,3,0.80,1.00,20,experiments/v4_cost_response/prompts/task_cost_x_0_80.txt,0ce5abc89cfa84d813d9e0550a597a21cb2fef8c050dea89ce0e38e1ad3c4cd3,33ff7ba12da9c25a3728e0c96b2f3fd67c0d1bd0c536af71e6ec6e8de843a859,1,V5_0853,P3,cue_bound,experiments/v5_robustness/prompts/P3/system_cue_bound.txt,experiments/v5_robustness/prompts/P3/task_costly.txt,X,x,v4_1231
v4_1232,heldout_12,v3_heldout_fixed_panel,construction_studio,distractor_clear,cue_bound,prompts/system_cue_bound.txt,clean,data/images/heldout/clean/heldout_12_clean.jpg,01a488557d6004b3c4411a6d0a72e60394ce0806f206a9199c9aaf4eb1b643a8,3,0.80,1.00,20,experiments/v4_cost_response/prompts/task_cost_x_0_80.txt,0ce5abc89cfa84d813d9e0550a597a21cb2fef8c050dea89ce0e38e1ad3c4cd3,33ff7ba12da9c25a3728e0c96b2f3fd67c0d1bd0c536af71e6ec6e8de843a859,2,V5_0854,P3,cue_bound,experiments/v5_robustness/prompts/P3/system_cue_bound.txt,experiments/v5_robustness/prompts/P3/task_costly.txt,X,x,v4_1232
v4_1233,heldout_12,v3_heldout_fixed_panel,construction_studio,distractor_clear,cue_bound,prompts/system_cue_bound.txt,clean,data/images/heldout/clean/heldout_12_clean.jpg,01a488557d6004b3c4411a6d0a72e60394ce0806f206a9199c9aaf4eb1b643a8,3,0.80,1.00,20,experiments/v4_cost_response/prompts/task_cost_x_0_80.txt,0ce5abc89cfa84d813d9e0550a597a21cb2fef8c050dea89ce0e38e1ad3c4cd3,33ff7ba12da9c25a3728e0c96b2f3fd67c0d1bd0c536af71e6ec6e8de843a859,3,V5_0855,P3,cue_bound,experiments/v5_robustness/prompts/P3/system_cue_bound.txt,experiments/v5_robustness/prompts/P3/task_costly.txt,X,x,v4_1233
v4_1249,heldout_12,v3_heldout_fixed_panel,construction_studio,distractor_clear,cue_bound,prompts/system_cue_bound.txt,modified,data/images/heldout/modified/heldout_12_distractor_clear.jpg,ba8e66becfb8c0569302f538444c627b078e331107cdad21397b10fd619fba5e,3,0.80,1.00,20,experiments/v4_cost_response/prompts/task_cost_x_0_80.txt,0ce5abc89cfa84d813d9e0550a597a21cb2fef8c050dea89ce0e38e1ad3c4cd3,33ff7ba12da9c25a3728e0c96b2f3fd67c0d1bd0c536af71e6ec6e8de843a859,1,V5_0856,P3,cue_bound,experiments/v5_robustness/prompts/P3/system_cue_bound.txt,experiments/v5_robustness/prompts/P3/task_costly.txt,X,x,v4_1249
v4_1250,heldout_12,v3_heldout_fixed_panel,construction_studio,distractor_clear,cue_bound,prompts/system_cue_bound.txt,modified,data/images/heldout/modified/heldout_12_distractor_clear.jpg,ba8e66becfb8c0569302f538444c627b078e331107cdad21397b10fd619fba5e,3,0.80,1.00,20,experiments/v4_cost_response/prompts/task_cost_x_0_80.txt,0ce5abc89cfa84d813d9e0550a597a21cb2fef8c050dea89ce0e38e1ad3c4cd3,33ff7ba12da9c25a3728e0c96b2f3fd67c0d1bd0c536af71e6ec6e8de843a859,2,V5_0857,P3,cue_bound,experiments/v5_robustness/prompts/P3/system_cue_bound.txt,experiments/v5_robustness/prompts/P3/task_costly.txt,X,x,v4_1250
v4_1251,heldout_12,v3_heldout_fixed_panel,construction_studio,distractor_clear,cue_bound,prompts/system_cue_bound.txt,modified,data/images/heldout/modified/heldout_12_distractor_clear.jpg,ba8e66becfb8c0569302f538444c627b078e331107cdad21397b10fd619fba5e,3,0.80,1.00,20,experiments/v4_cost_response/prompts/task_cost_x_0_80.txt,0ce5abc89cfa84d813d9e0550a597a21cb2fef8c050dea89ce0e38e1ad3c4cd3,33ff7ba12da9c25a3728e0c96b2f3fd67c0d1bd0c536af71e6ec6e8de843a859,3,V5_0858,P3,cue_bound,experiments/v5_robustness/prompts/P3/system_cue_bound.txt,experiments/v5_robustness/prompts/P3/task_costly.txt,X,x,v4_1251
v4_1267,heldout_12,v3_heldout_fixed_panel,construction_studio,distractor_clear,generalized,prompts/system_generalized.txt,clean,data/images/heldout/clean/heldout_12_clean.jpg,01a488557d6004b3c4411a6d0a72e60394ce0806f206a9199c9aaf4eb1b643a8,3,0.80,1.00,20,experiments/v4_cost_response/prompts/task_cost_x_0_80.txt,0ce5abc89cfa84d813d9e0550a597a21cb2fef8c050dea89ce0e38e1ad3c4cd3,1b17f7d53eb5fb6e22076dfc0961ade0c3f463f9c1e3ddd053e82bc8990faa80,1,V5_0859,P3,generalized,experiments/v5_robustness/prompts/P3/system_generalized.txt,experiments/v5_robustness/prompts/P3/task_costly.txt,X,x,v4_1267
v4_1268,heldout_12,v3_heldout_fixed_panel,construction_studio,distractor_clear,generalized,prompts/system_generalized.txt,clean,data/images/heldout/clean/heldout_12_clean.jpg,01a488557d6004b3c4411a6d0a72e60394ce0806f206a9199c9aaf4eb1b643a8,3,0.80,1.00,20,experiments/v4_cost_response/prompts/task_cost_x_0_80.txt,0ce5abc89cfa84d813d9e0550a597a21cb2fef8c050dea89ce0e38e1ad3c4cd3,1b17f7d53eb5fb6e22076dfc0961ade0c3f463f9c1e3ddd053e82bc8990faa80,2,V5_0860,P3,generalized,experiments/v5_robustness/prompts/P3/system_generalized.txt,experiments/v5_robustness/prompts/P3/task_costly.txt,X,x,v4_1268
v4_1269,heldout_12,v3_heldout_fixed_panel,construction_studio,distractor_clear,generalized,prompts/system_generalized.txt,clean,data/images/heldout/clean/heldout_12_clean.jpg,01a488557d6004b3c4411a6d0a72e60394ce0806f206a9199c9aaf4eb1b643a8,3,0.80,1.00,20,experiments/v4_cost_response/prompts/task_cost_x_0_80.txt,0ce5abc89cfa84d813d9e0550a597a21cb2fef8c050dea89ce0e38e1ad3c4cd3,1b17f7d53eb5fb6e22076dfc0961ade0c3f463f9c1e3ddd053e82bc8990faa80,3,V5_0861,P3,generalized,experiments/v5_robustness/prompts/P3/system_generalized.txt,experiments/v5_robustness/prompts/P3/task_costly.txt,X,x,v4_1269
v4_1285,heldout_12,v3_heldout_fixed_panel,construction_studio,distractor_clear,generalized,prompts/system_generalized.txt,modified,data/images/heldout/modified/heldout_12_distractor_clear.jpg,ba8e66becfb8c0569302f538444c627b078e331107cdad21397b10fd619fba5e,3,0.80,1.00,20,experiments/v4_cost_response/prompts/task_cost_x_0_80.txt,0ce5abc89cfa84d813d9e0550a597a21cb2fef8c050dea89ce0e38e1ad3c4cd3,1b17f7d53eb5fb6e22076dfc0961ade0c3f463f9c1e3ddd053e82bc8990faa80,1,V5_0862,P3,generalized,experiments/v5_robustness/prompts/P3/system_generalized.txt,experiments/v5_robustness/prompts/P3/task_costly.txt,X,x,v4_1285
v4_1286,heldout_12,v3_heldout_fixed_panel,construction_studio,distractor_clear,generalized,prompts/system_generalized.txt,modified,data/images/heldout/modified/heldout_12_distractor_clear.jpg,ba8e66becfb8c0569302f538444c627b078e331107cdad21397b10fd619fba5e,3,0.80,1.00,20,experiments/v4_cost_response/prompts/task_cost_x_0_80.txt,0ce5abc89cfa84d813d9e0550a597a21cb2fef8c050dea89ce0e38e1ad3c4cd3,1b17f7d53eb5fb6e22076dfc0961ade0c3f463f9c1e3ddd053e82bc8990faa80,2,V5_0863,P3,generalized,experiments/v5_robustness/prompts/P3/system_generalized.txt,experiments/v5_robustness/prompts/P3/task_costly.txt,X,x,v4_1286
v4_1287,heldout_12,v3_heldout_fixed_panel,construction_studio,distractor_clear,generalized,prompts/system_generalized.txt,modified,data/images/heldout/modified/heldout_12_distractor_clear.jpg,ba8e66becfb8c0569302f538444c627b078e331107cdad21397b10fd619fba5e,3,0.80,1.00,20,experiments/v4_cost_response/prompts/task_cost_x_0_80.txt,0ce5abc89cfa84d813d9e0550a597a21cb2fef8c050dea89ce0e38e1ad3c4cd3,1b17f7d53eb5fb6e22076dfc0961ade0c3f463f9c1e3ddd053e82bc8990faa80,3,V5_0864,P3,generalized,experiments/v5_robustness/prompts/P3/system_generalized.txt,experiments/v5_robustness/prompts/P3/task_costly.txt,X,x,v4_1287
v4_0007,heldout_01,v3_heldout_fixed_panel,fire_station,target_clear,neutral,prompts/system_neutral.txt,clean,data/images/heldout/clean/heldout_01_clean.jpg,37f160e5feea67112d6ee50b438afc73eaf10a8a61b6818c2ec346532f509f92,3,0.80,1.00,20,experiments/v4_cost_response/prompts/task_cost_x_0_80.txt,0ce5abc89cfa84d813d9e0550a597a21cb2fef8c050dea89ce0e38e1ad3c4cd3,b869f42ea3921777da5fad071f646050045f98fb0d17a8e359dca487cb84ad2e,1,V5_0865,P4,neutral,experiments/v5_robustness/prompts/P4/system_neutral.txt,experiments/v5_robustness/prompts/P4/task_costly.txt,X,x,v4_0007
v4_0008,heldout_01,v3_heldout_fixed_panel,fire_station,target_clear,neutral,prompts/system_neutral.txt,clean,data/images/heldout/clean/heldout_01_clean.jpg,37f160e5feea67112d6ee50b438afc73eaf10a8a61b6818c2ec346532f509f92,3,0.80,1.00,20,experiments/v4_cost_response/prompts/task_cost_x_0_80.txt,0ce5abc89cfa84d813d9e0550a597a21cb2fef8c050dea89ce0e38e1ad3c4cd3,b869f42ea3921777da5fad071f646050045f98fb0d17a8e359dca487cb84ad2e,2,V5_0866,P4,neutral,experiments/v5_robustness/prompts/P4/system_neutral.txt,experiments/v5_robustness/prompts/P4/task_costly.txt,X,x,v4_0008
v4_0009,heldout_01,v3_heldout_fixed_panel,fire_station,target_clear,neutral,prompts/system_neutral.txt,clean,data/images/heldout/clean/heldout_01_clean.jpg,37f160e5feea67112d6ee50b438afc73eaf10a8a61b6818c2ec346532f509f92,3,0.80,1.00,20,experiments/v4_cost_response/prompts/task_cost_x_0_80.txt,0ce5abc89cfa84d813d9e0550a597a21cb2fef8c050dea89ce0e38e1ad3c4cd3,b869f42ea3921777da5fad071f646050045f98fb0d17a8e359dca487cb84ad2e,3,V5_0867,P4,neutral,experiments/v5_robustness/prompts/P4/system_neutral.txt,experiments/v5_robustness/prompts/P4/task_costly.txt,X,x,v4_0009
v4_0025,heldout_01,v3_heldout_fixed_panel,fire_station,target_clear,neutral,prompts/system_neutral.txt,modified,data/images/heldout/modified/heldout_01_target_clear.jpg,38bad1b8229a112559bc2578dc3453ac98be67fa285dca5948c916b1bc60762e,3,0.80,1.00,20,experiments/v4_cost_response/prompts/task_cost_x_0_80.txt,0ce5abc89cfa84d813d9e0550a597a21cb2fef8c050dea89ce0e38e1ad3c4cd3,b869f42ea3921777da5fad071f646050045f98fb0d17a8e359dca487cb84ad2e,1,V5_0868,P4,neutral,experiments/v5_robustness/prompts/P4/system_neutral.txt,experiments/v5_robustness/prompts/P4/task_costly.txt,X,x,v4_0025
v4_0026,heldout_01,v3_heldout_fixed_panel,fire_station,target_clear,neutral,prompts/system_neutral.txt,modified,data/images/heldout/modified/heldout_01_target_clear.jpg,38bad1b8229a112559bc2578dc3453ac98be67fa285dca5948c916b1bc60762e,3,0.80,1.00,20,experiments/v4_cost_response/prompts/task_cost_x_0_80.txt,0ce5abc89cfa84d813d9e0550a597a21cb2fef8c050dea89ce0e38e1ad3c4cd3,b869f42ea3921777da5fad071f646050045f98fb0d17a8e359dca487cb84ad2e,2,V5_0869,P4,neutral,experiments/v5_robustness/prompts/P4/system_neutral.txt,experiments/v5_robustness/prompts/P4/task_costly.txt,X,x,v4_0026
v4_0027,heldout_01,v3_heldout_fixed_panel,fire_station,target_clear,neutral,prompts/system_neutral.txt,modified,data/images/heldout/modified/heldout_01_target_clear.jpg,38bad1b8229a112559bc2578dc3453ac98be67fa285dca5948c916b1bc60762e,3,0.80,1.00,20,experiments/v4_cost_response/prompts/task_cost_x_0_80.txt,0ce5abc89cfa84d813d9e0550a597a21cb2fef8c050dea89ce0e38e1ad3c4cd3,b869f42ea3921777da5fad071f646050045f98fb0d17a8e359dca487cb84ad2e,3,V5_0870,P4,neutral,experiments/v5_robustness/prompts/P4/system_neutral.txt,experiments/v5_robustness/prompts/P4/task_costly.txt,X,x,v4_0027
v4_0043,heldout_01,v3_heldout_fixed_panel,fire_station,target_clear,cue_bound,prompts/system_cue_bound.txt,clean,data/images/heldout/clean/heldout_01_clean.jpg,37f160e5feea67112d6ee50b438afc73eaf10a8a61b6818c2ec346532f509f92,3,0.80,1.00,20,experiments/v4_cost_response/prompts/task_cost_x_0_80.txt,0ce5abc89cfa84d813d9e0550a597a21cb2fef8c050dea89ce0e38e1ad3c4cd3,33ff7ba12da9c25a3728e0c96b2f3fd67c0d1bd0c536af71e6ec6e8de843a859,1,V5_0871,P4,cue_bound,experiments/v5_robustness/prompts/P4/system_cue_bound.txt,experiments/v5_robustness/prompts/P4/task_costly.txt,X,x,v4_0043
v4_0044,heldout_01,v3_heldout_fixed_panel,fire_station,target_clear,cue_bound,prompts/system_cue_bound.txt,clean,data/images/heldout/clean/heldout_01_clean.jpg,37f160e5feea67112d6ee50b438afc73eaf10a8a61b6818c2ec346532f509f92,3,0.80,1.00,20,experiments/v4_cost_response/prompts/task_cost_x_0_80.txt,0ce5abc89cfa84d813d9e0550a597a21cb2fef8c050dea89ce0e38e1ad3c4cd3,33ff7ba12da9c25a3728e0c96b2f3fd67c0d1bd0c536af71e6ec6e8de843a859,2,V5_0872,P4,cue_bound,experiments/v5_robustness/prompts/P4/system_cue_bound.txt,experiments/v5_robustness/prompts/P4/task_costly.txt,X,x,v4_0044
v4_0045,heldout_01,v3_heldout_fixed_panel,fire_station,target_clear,cue_bound,prompts/system_cue_bound.txt,clean,data/images/heldout/clean/heldout_01_clean.jpg,37f160e5feea67112d6ee50b438afc73eaf10a8a61b6818c2ec346532f509f92,3,0.80,1.00,20,experiments/v4_cost_response/prompts/task_cost_x_0_80.txt,0ce5abc89cfa84d813d9e0550a597a21cb2fef8c050dea89ce0e38e1ad3c4cd3,33ff7ba12da9c25a3728e0c96b2f3fd67c0d1bd0c536af71e6ec6e8de843a859,3,V5_0873,P4,cue_bound,experiments/v5_robustness/prompts/P4/system_cue_bound.txt,experiments/v5_robustness/prompts/P4/task_costly.txt,X,x,v4_0045
v4_0061,heldout_01,v3_heldout_fixed_panel,fire_station,target_clear,cue_bound,prompts/system_cue_bound.txt,modified,data/images/heldout/modified/heldout_01_target_clear.jpg,38bad1b8229a112559bc2578dc3453ac98be67fa285dca5948c916b1bc60762e,3,0.80,1.00,20,experiments/v4_cost_response/prompts/task_cost_x_0_80.txt,0ce5abc89cfa84d813d9e0550a597a21cb2fef8c050dea89ce0e38e1ad3c4cd3,33ff7ba12da9c25a3728e0c96b2f3fd67c0d1bd0c536af71e6ec6e8de843a859,1,V5_0874,P4,cue_bound,experiments/v5_robustness/prompts/P4/system_cue_bound.txt,experiments/v5_robustness/prompts/P4/task_costly.txt,X,x,v4_0061
v4_0062,heldout_01,v3_heldout_fixed_panel,fire_station,target_clear,cue_bound,prompts/system_cue_bound.txt,modified,data/images/heldout/modified/heldout_01_target_clear.jpg,38bad1b8229a112559bc2578dc3453ac98be67fa285dca5948c916b1bc60762e,3,0.80,1.00,20,experiments/v4_cost_response/prompts/task_cost_x_0_80.txt,0ce5abc89cfa84d813d9e0550a597a21cb2fef8c050dea89ce0e38e1ad3c4cd3,33ff7ba12da9c25a3728e0c96b2f3fd67c0d1bd0c536af71e6ec6e8de843a859,2,V5_0875,P4,cue_bound,experiments/v5_robustness/prompts/P4/system_cue_bound.txt,experiments/v5_robustness/prompts/P4/task_costly.txt,X,x,v4_0062
v4_0063,heldout_01,v3_heldout_fixed_panel,fire_station,target_clear,cue_bound,prompts/system_cue_bound.txt,modified,data/images/heldout/modified/heldout_01_target_clear.jpg,38bad1b8229a112559bc2578dc3453ac98be67fa285dca5948c916b1bc60762e,3,0.80,1.00,20,experiments/v4_cost_response/prompts/task_cost_x_0_80.txt,0ce5abc89cfa84d813d9e0550a597a21cb2fef8c050dea89ce0e38e1ad3c4cd3,33ff7ba12da9c25a3728e0c96b2f3fd67c0d1bd0c536af71e6ec6e8de843a859,3,V5_0876,P4,cue_bound,experiments/v5_robustness/prompts/P4/system_cue_bound.txt,experiments/v5_robustness/prompts/P4/task_costly.txt,X,x,v4_0063
v4_0079,heldout_01,v3_heldout_fixed_panel,fire_station,target_clear,generalized,prompts/system_generalized.txt,clean,data/images/heldout/clean/heldout_01_clean.jpg,37f160e5feea67112d6ee50b438afc73eaf10a8a61b6818c2ec346532f509f92,3,0.80,1.00,20,experiments/v4_cost_response/prompts/task_cost_x_0_80.txt,0ce5abc89cfa84d813d9e0550a597a21cb2fef8c050dea89ce0e38e1ad3c4cd3,1b17f7d53eb5fb6e22076dfc0961ade0c3f463f9c1e3ddd053e82bc8990faa80,1,V5_0877,P4,generalized,experiments/v5_robustness/prompts/P4/system_generalized.txt,experiments/v5_robustness/prompts/P4/task_costly.txt,X,x,v4_0079
v4_0080,heldout_01,v3_heldout_fixed_panel,fire_station,target_clear,generalized,prompts/system_generalized.txt,clean,data/images/heldout/clean/heldout_01_clean.jpg,37f160e5feea67112d6ee50b438afc73eaf10a8a61b6818c2ec346532f509f92,3,0.80,1.00,20,experiments/v4_cost_response/prompts/task_cost_x_0_80.txt,0ce5abc89cfa84d813d9e0550a597a21cb2fef8c050dea89ce0e38e1ad3c4cd3,1b17f7d53eb5fb6e22076dfc0961ade0c3f463f9c1e3ddd053e82bc8990faa80,2,V5_0878,P4,generalized,experiments/v5_robustness/prompts/P4/system_generalized.txt,experiments/v5_robustness/prompts/P4/task_costly.txt,X,x,v4_0080
v4_0081,heldout_01,v3_heldout_fixed_panel,fire_station,target_clear,generalized,prompts/system_generalized.txt,clean,data/images/heldout/clean/heldout_01_clean.jpg,37f160e5feea67112d6ee50b438afc73eaf10a8a61b6818c2ec346532f509f92,3,0.80,1.00,20,experiments/v4_cost_response/prompts/task_cost_x_0_80.txt,0ce5abc89cfa84d813d9e0550a597a21cb2fef8c050dea89ce0e38e1ad3c4cd3,1b17f7d53eb5fb6e22076dfc0961ade0c3f463f9c1e3ddd053e82bc8990faa80,3,V5_0879,P4,generalized,experiments/v5_robustness/prompts/P4/system_generalized.txt,experiments/v5_robustness/prompts/P4/task_costly.txt,X,x,v4_0081
v4_0097,heldout_01,v3_heldout_fixed_panel,fire_station,target_clear,generalized,prompts/system_generalized.txt,modified,data/images/heldout/modified/heldout_01_target_clear.jpg,38bad1b8229a112559bc2578dc3453ac98be67fa285dca5948c916b1bc60762e,3,0.80,1.00,20,experiments/v4_cost_response/prompts/task_cost_x_0_80.txt,0ce5abc89cfa84d813d9e0550a597a21cb2fef8c050dea89ce0e38e1ad3c4cd3,1b17f7d53eb5fb6e22076dfc0961ade0c3f463f9c1e3ddd053e82bc8990faa80,1,V5_0880,P4,generalized,experiments/v5_robustness/prompts/P4/system_generalized.txt,experiments/v5_robustness/prompts/P4/task_costly.txt,X,x,v4_0097
v4_0098,heldout_01,v3_heldout_fixed_panel,fire_station,target_clear,generalized,prompts/system_generalized.txt,modified,data/images/heldout/modified/heldout_01_target_clear.jpg,38bad1b8229a112559bc2578dc3453ac98be67fa285dca5948c916b1bc60762e,3,0.80,1.00,20,experiments/v4_cost_response/prompts/task_cost_x_0_80.txt,0ce5abc89cfa84d813d9e0550a597a21cb2fef8c050dea89ce0e38e1ad3c4cd3,1b17f7d53eb5fb6e22076dfc0961ade0c3f463f9c1e3ddd053e82bc8990faa80,2,V5_0881,P4,generalized,experiments/v5_robustness/prompts/P4/system_generalized.txt,experiments/v5_robustness/prompts/P4/task_costly.txt,X,x,v4_0098
v4_0099,heldout_01,v3_heldout_fixed_panel,fire_station,target_clear,generalized,prompts/system_generalized.txt,modified,data/images/heldout/modified/heldout_01_target_clear.jpg,38bad1b8229a112559bc2578dc3453ac98be67fa285dca5948c916b1bc60762e,3,0.80,1.00,20,experiments/v4_cost_response/prompts/task_cost_x_0_80.txt,0ce5abc89cfa84d813d9e0550a597a21cb2fef8c050dea89ce0e38e1ad3c4cd3,1b17f7d53eb5fb6e22076dfc0961ade0c3f463f9c1e3ddd053e82bc8990faa80,3,V5_0882,P4,generalized,experiments/v5_robustness/prompts/P4/system_generalized.txt,experiments/v5_robustness/prompts/P4/task_costly.txt,X,x,v4_0099
v4_0115,heldout_02,v3_heldout_fixed_panel,solar_operations,target_clear,neutral,prompts/system_neutral.txt,clean,data/images/heldout/clean/heldout_02_clean.jpg,3a358b6174f71f6f6c1e821b9933ed860a55f753b6d6c9c0989d5eda8d585109,3,0.80,1.00,20,experiments/v4_cost_response/prompts/task_cost_x_0_80.txt,0ce5abc89cfa84d813d9e0550a597a21cb2fef8c050dea89ce0e38e1ad3c4cd3,b869f42ea3921777da5fad071f646050045f98fb0d17a8e359dca487cb84ad2e,1,V5_0883,P4,neutral,experiments/v5_robustness/prompts/P4/system_neutral.txt,experiments/v5_robustness/prompts/P4/task_costly.txt,X,x,v4_0115
v4_0116,heldout_02,v3_heldout_fixed_panel,solar_operations,target_clear,neutral,prompts/system_neutral.txt,clean,data/images/heldout/clean/heldout_02_clean.jpg,3a358b6174f71f6f6c1e821b9933ed860a55f753b6d6c9c0989d5eda8d585109,3,0.80,1.00,20,experiments/v4_cost_response/prompts/task_cost_x_0_80.txt,0ce5abc89cfa84d813d9e0550a597a21cb2fef8c050dea89ce0e38e1ad3c4cd3,b869f42ea3921777da5fad071f646050045f98fb0d17a8e359dca487cb84ad2e,2,V5_0884,P4,neutral,experiments/v5_robustness/prompts/P4/system_neutral.txt,experiments/v5_robustness/prompts/P4/task_costly.txt,X,x,v4_0116
v4_0117,heldout_02,v3_heldout_fixed_panel,solar_operations,target_clear,neutral,prompts/system_neutral.txt,clean,data/images/heldout/clean/heldout_02_clean.jpg,3a358b6174f71f6f6c1e821b9933ed860a55f753b6d6c9c0989d5eda8d585109,3,0.80,1.00,20,experiments/v4_cost_response/prompts/task_cost_x_0_80.txt,0ce5abc89cfa84d813d9e0550a597a21cb2fef8c050dea89ce0e38e1ad3c4cd3,b869f42ea3921777da5fad071f646050045f98fb0d17a8e359dca487cb84ad2e,3,V5_0885,P4,neutral,experiments/v5_robustness/prompts/P4/system_neutral.txt,experiments/v5_robustness/prompts/P4/task_costly.txt,X,x,v4_0117
v4_0133,heldout_02,v3_heldout_fixed_panel,solar_operations,target_clear,neutral,prompts/system_neutral.txt,modified,data/images/heldout/modified/heldout_02_target_clear.jpg,c956f2e9d0883fc2b90c68e345b5a5b1606b00b855e4ead8424e6539ce26e40c,3,0.80,1.00,20,experiments/v4_cost_response/prompts/task_cost_x_0_80.txt,0ce5abc89cfa84d813d9e0550a597a21cb2fef8c050dea89ce0e38e1ad3c4cd3,b869f42ea3921777da5fad071f646050045f98fb0d17a8e359dca487cb84ad2e,1,V5_0886,P4,neutral,experiments/v5_robustness/prompts/P4/system_neutral.txt,experiments/v5_robustness/prompts/P4/task_costly.txt,X,x,v4_0133
v4_0134,heldout_02,v3_heldout_fixed_panel,solar_operations,target_clear,neutral,prompts/system_neutral.txt,modified,data/images/heldout/modified/heldout_02_target_clear.jpg,c956f2e9d0883fc2b90c68e345b5a5b1606b00b855e4ead8424e6539ce26e40c,3,0.80,1.00,20,experiments/v4_cost_response/prompts/task_cost_x_0_80.txt,0ce5abc89cfa84d813d9e0550a597a21cb2fef8c050dea89ce0e38e1ad3c4cd3,b869f42ea3921777da5fad071f646050045f98fb0d17a8e359dca487cb84ad2e,2,V5_0887,P4,neutral,experiments/v5_robustness/prompts/P4/system_neutral.txt,experiments/v5_robustness/prompts/P4/task_costly.txt,X,x,v4_0134
v4_0135,heldout_02,v3_heldout_fixed_panel,solar_operations,target_clear,neutral,prompts/system_neutral.txt,modified,data/images/heldout/modified/heldout_02_target_clear.jpg,c956f2e9d0883fc2b90c68e345b5a5b1606b00b855e4ead8424e6539ce26e40c,3,0.80,1.00,20,experiments/v4_cost_response/prompts/task_cost_x_0_80.txt,0ce5abc89cfa84d813d9e0550a597a21cb2fef8c050dea89ce0e38e1ad3c4cd3,b869f42ea3921777da5fad071f646050045f98fb0d17a8e359dca487cb84ad2e,3,V5_0888,P4,neutral,experiments/v5_robustness/prompts/P4/system_neutral.txt,experiments/v5_robustness/prompts/P4/task_costly.txt,X,x,v4_0135
v4_0151,heldout_02,v3_heldout_fixed_panel,solar_operations,target_clear,cue_bound,prompts/system_cue_bound.txt,clean,data/images/heldout/clean/heldout_02_clean.jpg,3a358b6174f71f6f6c1e821b9933ed860a55f753b6d6c9c0989d5eda8d585109,3,0.80,1.00,20,experiments/v4_cost_response/prompts/task_cost_x_0_80.txt,0ce5abc89cfa84d813d9e0550a597a21cb2fef8c050dea89ce0e38e1ad3c4cd3,33ff7ba12da9c25a3728e0c96b2f3fd67c0d1bd0c536af71e6ec6e8de843a859,1,V5_0889,P4,cue_bound,experiments/v5_robustness/prompts/P4/system_cue_bound.txt,experiments/v5_robustness/prompts/P4/task_costly.txt,X,x,v4_0151
v4_0152,heldout_02,v3_heldout_fixed_panel,solar_operations,target_clear,cue_bound,prompts/system_cue_bound.txt,clean,data/images/heldout/clean/heldout_02_clean.jpg,3a358b6174f71f6f6c1e821b9933ed860a55f753b6d6c9c0989d5eda8d585109,3,0.80,1.00,20,experiments/v4_cost_response/prompts/task_cost_x_0_80.txt,0ce5abc89cfa84d813d9e0550a597a21cb2fef8c050dea89ce0e38e1ad3c4cd3,33ff7ba12da9c25a3728e0c96b2f3fd67c0d1bd0c536af71e6ec6e8de843a859,2,V5_0890,P4,cue_bound,experiments/v5_robustness/prompts/P4/system_cue_bound.txt,experiments/v5_robustness/prompts/P4/task_costly.txt,X,x,v4_0152
v4_0153,heldout_02,v3_heldout_fixed_panel,solar_operations,target_clear,cue_bound,prompts/system_cue_bound.txt,clean,data/images/heldout/clean/heldout_02_clean.jpg,3a358b6174f71f6f6c1e821b9933ed860a55f753b6d6c9c0989d5eda8d585109,3,0.80,1.00,20,experiments/v4_cost_response/prompts/task_cost_x_0_80.txt,0ce5abc89cfa84d813d9e0550a597a21cb2fef8c050dea89ce0e38e1ad3c4cd3,33ff7ba12da9c25a3728e0c96b2f3fd67c0d1bd0c536af71e6ec6e8de843a859,3,V5_0891,P4,cue_bound,experiments/v5_robustness/prompts/P4/system_cue_bound.txt,experiments/v5_robustness/prompts/P4/task_costly.txt,X,x,v4_0153
v4_0169,heldout_02,v3_heldout_fixed_panel,solar_operations,target_clear,cue_bound,prompts/system_cue_bound.txt,modified,data/images/heldout/modified/heldout_02_target_clear.jpg,c956f2e9d0883fc2b90c68e345b5a5b1606b00b855e4ead8424e6539ce26e40c,3,0.80,1.00,20,experiments/v4_cost_response/prompts/task_cost_x_0_80.txt,0ce5abc89cfa84d813d9e0550a597a21cb2fef8c050dea89ce0e38e1ad3c4cd3,33ff7ba12da9c25a3728e0c96b2f3fd67c0d1bd0c536af71e6ec6e8de843a859,1,V5_0892,P4,cue_bound,experiments/v5_robustness/prompts/P4/system_cue_bound.txt,experiments/v5_robustness/prompts/P4/task_costly.txt,X,x,v4_0169
v4_0170,heldout_02,v3_heldout_fixed_panel,solar_operations,target_clear,cue_bound,prompts/system_cue_bound.txt,modified,data/images/heldout/modified/heldout_02_target_clear.jpg,c956f2e9d0883fc2b90c68e345b5a5b1606b00b855e4ead8424e6539ce26e40c,3,0.80,1.00,20,experiments/v4_cost_response/prompts/task_cost_x_0_80.txt,0ce5abc89cfa84d813d9e0550a597a21cb2fef8c050dea89ce0e38e1ad3c4cd3,33ff7ba12da9c25a3728e0c96b2f3fd67c0d1bd0c536af71e6ec6e8de843a859,2,V5_0893,P4,cue_bound,experiments/v5_robustness/prompts/P4/system_cue_bound.txt,experiments/v5_robustness/prompts/P4/task_costly.txt,X,x,v4_0170
v4_0171,heldout_02,v3_heldout_fixed_panel,solar_operations,target_clear,cue_bound,prompts/system_cue_bound.txt,modified,data/images/heldout/modified/heldout_02_target_clear.jpg,c956f2e9d0883fc2b90c68e345b5a5b1606b00b855e4ead8424e6539ce26e40c,3,0.80,1.00,20,experiments/v4_cost_response/prompts/task_cost_x_0_80.txt,0ce5abc89cfa84d813d9e0550a597a21cb2fef8c050dea89ce0e38e1ad3c4cd3,33ff7ba12da9c25a3728e0c96b2f3fd67c0d1bd0c536af71e6ec6e8de843a859,3,V5_0894,P4,cue_bound,experiments/v5_robustness/prompts/P4/system_cue_bound.txt,experiments/v5_robustness/prompts/P4/task_costly.txt,X,x,v4_0171
v4_0187,heldout_02,v3_heldout_fixed_panel,solar_operations,target_clear,generalized,prompts/system_generalized.txt,clean,data/images/heldout/clean/heldout_02_clean.jpg,3a358b6174f71f6f6c1e821b9933ed860a55f753b6d6c9c0989d5eda8d585109,3,0.80,1.00,20,experiments/v4_cost_response/prompts/task_cost_x_0_80.txt,0ce5abc89cfa84d813d9e0550a597a21cb2fef8c050dea89ce0e38e1ad3c4cd3,1b17f7d53eb5fb6e22076dfc0961ade0c3f463f9c1e3ddd053e82bc8990faa80,1,V5_0895,P4,generalized,experiments/v5_robustness/prompts/P4/system_generalized.txt,experiments/v5_robustness/prompts/P4/task_costly.txt,X,x,v4_0187
v4_0188,heldout_02,v3_heldout_fixed_panel,solar_operations,target_clear,generalized,prompts/system_generalized.txt,clean,data/images/heldout/clean/heldout_02_clean.jpg,3a358b6174f71f6f6c1e821b9933ed860a55f753b6d6c9c0989d5eda8d585109,3,0.80,1.00,20,experiments/v4_cost_response/prompts/task_cost_x_0_80.txt,0ce5abc89cfa84d813d9e0550a597a21cb2fef8c050dea89ce0e38e1ad3c4cd3,1b17f7d53eb5fb6e22076dfc0961ade0c3f463f9c1e3ddd053e82bc8990faa80,2,V5_0896,P4,generalized,experiments/v5_robustness/prompts/P4/system_generalized.txt,experiments/v5_robustness/prompts/P4/task_costly.txt,X,x,v4_0188
v4_0189,heldout_02,v3_heldout_fixed_panel,solar_operations,target_clear,generalized,prompts/system_generalized.txt,clean,data/images/heldout/clean/heldout_02_clean.jpg,3a358b6174f71f6f6c1e821b9933ed860a55f753b6d6c9c0989d5eda8d585109,3,0.80,1.00,20,experiments/v4_cost_response/prompts/task_cost_x_0_80.txt,0ce5abc89cfa84d813d9e0550a597a21cb2fef8c050dea89ce0e38e1ad3c4cd3,1b17f7d53eb5fb6e22076dfc0961ade0c3f463f9c1e3ddd053e82bc8990faa80,3,V5_0897,P4,generalized,experiments/v5_robustness/prompts/P4/system_generalized.txt,experiments/v5_robustness/prompts/P4/task_costly.txt,X,x,v4_0189
v4_0205,heldout_02,v3_heldout_fixed_panel,solar_operations,target_clear,generalized,prompts/system_generalized.txt,modified,data/images/heldout/modified/heldout_02_target_clear.jpg,c956f2e9d0883fc2b90c68e345b5a5b1606b00b855e4ead8424e6539ce26e40c,3,0.80,1.00,20,experiments/v4_cost_response/prompts/task_cost_x_0_80.txt,0ce5abc89cfa84d813d9e0550a597a21cb2fef8c050dea89ce0e38e1ad3c4cd3,1b17f7d53eb5fb6e22076dfc0961ade0c3f463f9c1e3ddd053e82bc8990faa80,1,V5_0898,P4,generalized,experiments/v5_robustness/prompts/P4/system_generalized.txt,experiments/v5_robustness/prompts/P4/task_costly.txt,X,x,v4_0205
v4_0206,heldout_02,v3_heldout_fixed_panel,solar_operations,target_clear,generalized,prompts/system_generalized.txt,modified,data/images/heldout/modified/heldout_02_target_clear.jpg,c956f2e9d0883fc2b90c68e345b5a5b1606b00b855e4ead8424e6539ce26e40c,3,0.80,1.00,20,experiments/v4_cost_response/prompts/task_cost_x_0_80.txt,0ce5abc89cfa84d813d9e0550a597a21cb2fef8c050dea89ce0e38e1ad3c4cd3,1b17f7d53eb5fb6e22076dfc0961ade0c3f463f9c1e3ddd053e82bc8990faa80,2,V5_0899,P4,generalized,experiments/v5_robustness/prompts/P4/system_generalized.txt,experiments/v5_robustness/prompts/P4/task_costly.txt,X,x,v4_0206
v4_0207,heldout_02,v3_heldout_fixed_panel,solar_operations,target_clear,generalized,prompts/system_generalized.txt,modified,data/images/heldout/modified/heldout_02_target_clear.jpg,c956f2e9d0883fc2b90c68e345b5a5b1606b00b855e4ead8424e6539ce26e40c,3,0.80,1.00,20,experiments/v4_cost_response/prompts/task_cost_x_0_80.txt,0ce5abc89cfa84d813d9e0550a597a21cb2fef8c050dea89ce0e38e1ad3c4cd3,1b17f7d53eb5fb6e22076dfc0961ade0c3f463f9c1e3ddd053e82bc8990faa80,3,V5_0900,P4,generalized,experiments/v5_robustness/prompts/P4/system_generalized.txt,experiments/v5_robustness/prompts/P4/task_costly.txt,X,x,v4_0207
v4_0223,heldout_03,v3_heldout_fixed_panel,food_bank,target_clear,neutral,prompts/system_neutral.txt,clean,data/images/heldout/clean/heldout_03_clean.jpg,f00311f5ddf53e8c00034e50edc09b1482d0faaa9e283040c721b86f80031d29,3,0.80,1.00,20,experiments/v4_cost_response/prompts/task_cost_x_0_80.txt,0ce5abc89cfa84d813d9e0550a597a21cb2fef8c050dea89ce0e38e1ad3c4cd3,b869f42ea3921777da5fad071f646050045f98fb0d17a8e359dca487cb84ad2e,1,V5_0901,P4,neutral,experiments/v5_robustness/prompts/P4/system_neutral.txt,experiments/v5_robustness/prompts/P4/task_costly.txt,X,x,v4_0223
v4_0224,heldout_03,v3_heldout_fixed_panel,food_bank,target_clear,neutral,prompts/system_neutral.txt,clean,data/images/heldout/clean/heldout_03_clean.jpg,f00311f5ddf53e8c00034e50edc09b1482d0faaa9e283040c721b86f80031d29,3,0.80,1.00,20,experiments/v4_cost_response/prompts/task_cost_x_0_80.txt,0ce5abc89cfa84d813d9e0550a597a21cb2fef8c050dea89ce0e38e1ad3c4cd3,b869f42ea3921777da5fad071f646050045f98fb0d17a8e359dca487cb84ad2e,2,V5_0902,P4,neutral,experiments/v5_robustness/prompts/P4/system_neutral.txt,experiments/v5_robustness/prompts/P4/task_costly.txt,X,x,v4_0224
v4_0225,heldout_03,v3_heldout_fixed_panel,food_bank,target_clear,neutral,prompts/system_neutral.txt,clean,data/images/heldout/clean/heldout_03_clean.jpg,f00311f5ddf53e8c00034e50edc09b1482d0faaa9e283040c721b86f80031d29,3,0.80,1.00,20,experiments/v4_cost_response/prompts/task_cost_x_0_80.txt,0ce5abc89cfa84d813d9e0550a597a21cb2fef8c050dea89ce0e38e1ad3c4cd3,b869f42ea3921777da5fad071f646050045f98fb0d17a8e359dca487cb84ad2e,3,V5_0903,P4,neutral,experiments/v5_robustness/prompts/P4/system_neutral.txt,experiments/v5_robustness/prompts/P4/task_costly.txt,X,x,v4_0225
v4_0241,heldout_03,v3_heldout_fixed_panel,food_bank,target_clear,neutral,prompts/system_neutral.txt,modified,data/images/heldout/modified/heldout_03_target_clear.jpg,58f35b5752ffdb423525abeef5106063300957dd252f112f01ed27f0aa3aa2ba,3,0.80,1.00,20,experiments/v4_cost_response/prompts/task_cost_x_0_80.txt,0ce5abc89cfa84d813d9e0550a597a21cb2fef8c050dea89ce0e38e1ad3c4cd3,b869f42ea3921777da5fad071f646050045f98fb0d17a8e359dca487cb84ad2e,1,V5_0904,P4,neutral,experiments/v5_robustness/prompts/P4/system_neutral.txt,experiments/v5_robustness/prompts/P4/task_costly.txt,X,x,v4_0241
v4_0242,heldout_03,v3_heldout_fixed_panel,food_bank,target_clear,neutral,prompts/system_neutral.txt,modified,data/images/heldout/modified/heldout_03_target_clear.jpg,58f35b5752ffdb423525abeef5106063300957dd252f112f01ed27f0aa3aa2ba,3,0.80,1.00,20,experiments/v4_cost_response/prompts/task_cost_x_0_80.txt,0ce5abc89cfa84d813d9e0550a597a21cb2fef8c050dea89ce0e38e1ad3c4cd3,b869f42ea3921777da5fad071f646050045f98fb0d17a8e359dca487cb84ad2e,2,V5_0905,P4,neutral,experiments/v5_robustness/prompts/P4/system_neutral.txt,experiments/v5_robustness/prompts/P4/task_costly.txt,X,x,v4_0242
v4_0243,heldout_03,v3_heldout_fixed_panel,food_bank,target_clear,neutral,prompts/system_neutral.txt,modified,data/images/heldout/modified/heldout_03_target_clear.jpg,58f35b5752ffdb423525abeef5106063300957dd252f112f01ed27f0aa3aa2ba,3,0.80,1.00,20,experiments/v4_cost_response/prompts/task_cost_x_0_80.txt,0ce5abc89cfa84d813d9e0550a597a21cb2fef8c050dea89ce0e38e1ad3c4cd3,b869f42ea3921777da5fad071f646050045f98fb0d17a8e359dca487cb84ad2e,3,V5_0906,P4,neutral,experiments/v5_robustness/prompts/P4/system_neutral.txt,experiments/v5_robustness/prompts/P4/task_costly.txt,X,x,v4_0243
v4_0259,heldout_03,v3_heldout_fixed_panel,food_bank,target_clear,cue_bound,prompts/system_cue_bound.txt,clean,data/images/heldout/clean/heldout_03_clean.jpg,f00311f5ddf53e8c00034e50edc09b1482d0faaa9e283040c721b86f80031d29,3,0.80,1.00,20,experiments/v4_cost_response/prompts/task_cost_x_0_80.txt,0ce5abc89cfa84d813d9e0550a597a21cb2fef8c050dea89ce0e38e1ad3c4cd3,33ff7ba12da9c25a3728e0c96b2f3fd67c0d1bd0c536af71e6ec6e8de843a859,1,V5_0907,P4,cue_bound,experiments/v5_robustness/prompts/P4/system_cue_bound.txt,experiments/v5_robustness/prompts/P4/task_costly.txt,X,x,v4_0259
v4_0260,heldout_03,v3_heldout_fixed_panel,food_bank,target_clear,cue_bound,prompts/system_cue_bound.txt,clean,data/images/heldout/clean/heldout_03_clean.jpg,f00311f5ddf53e8c00034e50edc09b1482d0faaa9e283040c721b86f80031d29,3,0.80,1.00,20,experiments/v4_cost_response/prompts/task_cost_x_0_80.txt,0ce5abc89cfa84d813d9e0550a597a21cb2fef8c050dea89ce0e38e1ad3c4cd3,33ff7ba12da9c25a3728e0c96b2f3fd67c0d1bd0c536af71e6ec6e8de843a859,2,V5_0908,P4,cue_bound,experiments/v5_robustness/prompts/P4/system_cue_bound.txt,experiments/v5_robustness/prompts/P4/task_costly.txt,X,x,v4_0260
v4_0261,heldout_03,v3_heldout_fixed_panel,food_bank,target_clear,cue_bound,prompts/system_cue_bound.txt,clean,data/images/heldout/clean/heldout_03_clean.jpg,f00311f5ddf53e8c00034e50edc09b1482d0faaa9e283040c721b86f80031d29,3,0.80,1.00,20,experiments/v4_cost_response/prompts/task_cost_x_0_80.txt,0ce5abc89cfa84d813d9e0550a597a21cb2fef8c050dea89ce0e38e1ad3c4cd3,33ff7ba12da9c25a3728e0c96b2f3fd67c0d1bd0c536af71e6ec6e8de843a859,3,V5_0909,P4,cue_bound,experiments/v5_robustness/prompts/P4/system_cue_bound.txt,experiments/v5_robustness/prompts/P4/task_costly.txt,X,x,v4_0261
v4_0277,heldout_03,v3_heldout_fixed_panel,food_bank,target_clear,cue_bound,prompts/system_cue_bound.txt,modified,data/images/heldout/modified/heldout_03_target_clear.jpg,58f35b5752ffdb423525abeef5106063300957dd252f112f01ed27f0aa3aa2ba,3,0.80,1.00,20,experiments/v4_cost_response/prompts/task_cost_x_0_80.txt,0ce5abc89cfa84d813d9e0550a597a21cb2fef8c050dea89ce0e38e1ad3c4cd3,33ff7ba12da9c25a3728e0c96b2f3fd67c0d1bd0c536af71e6ec6e8de843a859,1,V5_0910,P4,cue_bound,experiments/v5_robustness/prompts/P4/system_cue_bound.txt,experiments/v5_robustness/prompts/P4/task_costly.txt,X,x,v4_0277
v4_0278,heldout_03,v3_heldout_fixed_panel,food_bank,target_clear,cue_bound,prompts/system_cue_bound.txt,modified,data/images/heldout/modified/heldout_03_target_clear.jpg,58f35b5752ffdb423525abeef5106063300957dd252f112f01ed27f0aa3aa2ba,3,0.80,1.00,20,experiments/v4_cost_response/prompts/task_cost_x_0_80.txt,0ce5abc89cfa84d813d9e0550a597a21cb2fef8c050dea89ce0e38e1ad3c4cd3,33ff7ba12da9c25a3728e0c96b2f3fd67c0d1bd0c536af71e6ec6e8de843a859,2,V5_0911,P4,cue_bound,experiments/v5_robustness/prompts/P4/system_cue_bound.txt,experiments/v5_robustness/prompts/P4/task_costly.txt,X,x,v4_0278
v4_0279,heldout_03,v3_heldout_fixed_panel,food_bank,target_clear,cue_bound,prompts/system_cue_bound.txt,modified,data/images/heldout/modified/heldout_03_target_clear.jpg,58f35b5752ffdb423525abeef5106063300957dd252f112f01ed27f0aa3aa2ba,3,0.80,1.00,20,experiments/v4_cost_response/prompts/task_cost_x_0_80.txt,0ce5abc89cfa84d813d9e0550a597a21cb2fef8c050dea89ce0e38e1ad3c4cd3,33ff7ba12da9c25a3728e0c96b2f3fd67c0d1bd0c536af71e6ec6e8de843a859,3,V5_0912,P4,cue_bound,experiments/v5_robustness/prompts/P4/system_cue_bound.txt,experiments/v5_robustness/prompts/P4/task_costly.txt,X,x,v4_0279
v4_0295,heldout_03,v3_heldout_fixed_panel,food_bank,target_clear,generalized,prompts/system_generalized.txt,clean,data/images/heldout/clean/heldout_03_clean.jpg,f00311f5ddf53e8c00034e50edc09b1482d0faaa9e283040c721b86f80031d29,3,0.80,1.00,20,experiments/v4_cost_response/prompts/task_cost_x_0_80.txt,0ce5abc89cfa84d813d9e0550a597a21cb2fef8c050dea89ce0e38e1ad3c4cd3,1b17f7d53eb5fb6e22076dfc0961ade0c3f463f9c1e3ddd053e82bc8990faa80,1,V5_0913,P4,generalized,experiments/v5_robustness/prompts/P4/system_generalized.txt,experiments/v5_robustness/prompts/P4/task_costly.txt,X,x,v4_0295
v4_0296,heldout_03,v3_heldout_fixed_panel,food_bank,target_clear,generalized,prompts/system_generalized.txt,clean,data/images/heldout/clean/heldout_03_clean.jpg,f00311f5ddf53e8c00034e50edc09b1482d0faaa9e283040c721b86f80031d29,3,0.80,1.00,20,experiments/v4_cost_response/prompts/task_cost_x_0_80.txt,0ce5abc89cfa84d813d9e0550a597a21cb2fef8c050dea89ce0e38e1ad3c4cd3,1b17f7d53eb5fb6e22076dfc0961ade0c3f463f9c1e3ddd053e82bc8990faa80,2,V5_0914,P4,generalized,experiments/v5_robustness/prompts/P4/system_generalized.txt,experiments/v5_robustness/prompts/P4/task_costly.txt,X,x,v4_0296
v4_0297,heldout_03,v3_heldout_fixed_panel,food_bank,target_clear,generalized,prompts/system_generalized.txt,clean,data/images/heldout/clean/heldout_03_clean.jpg,f00311f5ddf53e8c00034e50edc09b1482d0faaa9e283040c721b86f80031d29,3,0.80,1.00,20,experiments/v4_cost_response/prompts/task_cost_x_0_80.txt,0ce5abc89cfa84d813d9e0550a597a21cb2fef8c050dea89ce0e38e1ad3c4cd3,1b17f7d53eb5fb6e22076dfc0961ade0c3f463f9c1e3ddd053e82bc8990faa80,3,V5_0915,P4,generalized,experiments/v5_robustness/prompts/P4/system_generalized.txt,experiments/v5_robustness/prompts/P4/task_costly.txt,X,x,v4_0297
v4_0313,heldout_03,v3_heldout_fixed_panel,food_bank,target_clear,generalized,prompts/system_generalized.txt,modified,data/images/heldout/modified/heldout_03_target_clear.jpg,58f35b5752ffdb423525abeef5106063300957dd252f112f01ed27f0aa3aa2ba,3,0.80,1.00,20,experiments/v4_cost_response/prompts/task_cost_x_0_80.txt,0ce5abc89cfa84d813d9e0550a597a21cb2fef8c050dea89ce0e38e1ad3c4cd3,1b17f7d53eb5fb6e22076dfc0961ade0c3f463f9c1e3ddd053e82bc8990faa80,1,V5_0916,P4,generalized,experiments/v5_robustness/prompts/P4/system_generalized.txt,experiments/v5_robustness/prompts/P4/task_costly.txt,X,x,v4_0313
v4_0314,heldout_03,v3_heldout_fixed_panel,food_bank,target_clear,generalized,prompts/system_generalized.txt,modified,data/images/heldout/modified/heldout_03_target_clear.jpg,58f35b5752ffdb423525abeef5106063300957dd252f112f01ed27f0aa3aa2ba,3,0.80,1.00,20,experiments/v4_cost_response/prompts/task_cost_x_0_80.txt,0ce5abc89cfa84d813d9e0550a597a21cb2fef8c050dea89ce0e38e1ad3c4cd3,1b17f7d53eb5fb6e22076dfc0961ade0c3f463f9c1e3ddd053e82bc8990faa80,2,V5_0917,P4,generalized,experiments/v5_robustness/prompts/P4/system_generalized.txt,experiments/v5_robustness/prompts/P4/task_costly.txt,X,x,v4_0314
v4_0315,heldout_03,v3_heldout_fixed_panel,food_bank,target_clear,generalized,prompts/system_generalized.txt,modified,data/images/heldout/modified/heldout_03_target_clear.jpg,58f35b5752ffdb423525abeef5106063300957dd252f112f01ed27f0aa3aa2ba,3,0.80,1.00,20,experiments/v4_cost_response/prompts/task_cost_x_0_80.txt,0ce5abc89cfa84d813d9e0550a597a21cb2fef8c050dea89ce0e38e1ad3c4cd3,1b17f7d53eb5fb6e22076dfc0961ade0c3f463f9c1e3ddd053e82bc8990faa80,3,V5_0918,P4,generalized,experiments/v5_robustness/prompts/P4/system_generalized.txt,experiments/v5_robustness/prompts/P4/task_costly.txt,X,x,v4_0315
v4_0331,heldout_04,v3_heldout_fixed_panel,coastal_monitoring,target_clear,neutral,prompts/system_neutral.txt,clean,data/images/heldout/clean/heldout_04_clean.jpg,b802d09f20ce0050b7056f36699c6e92e37b5c46ab95f1166c0f2543c190a85d,3,0.80,1.00,20,experiments/v4_cost_response/prompts/task_cost_x_0_80.txt,0ce5abc89cfa84d813d9e0550a597a21cb2fef8c050dea89ce0e38e1ad3c4cd3,b869f42ea3921777da5fad071f646050045f98fb0d17a8e359dca487cb84ad2e,1,V5_0919,P4,neutral,experiments/v5_robustness/prompts/P4/system_neutral.txt,experiments/v5_robustness/prompts/P4/task_costly.txt,X,x,v4_0331
v4_0332,heldout_04,v3_heldout_fixed_panel,coastal_monitoring,target_clear,neutral,prompts/system_neutral.txt,clean,data/images/heldout/clean/heldout_04_clean.jpg,b802d09f20ce0050b7056f36699c6e92e37b5c46ab95f1166c0f2543c190a85d,3,0.80,1.00,20,experiments/v4_cost_response/prompts/task_cost_x_0_80.txt,0ce5abc89cfa84d813d9e0550a597a21cb2fef8c050dea89ce0e38e1ad3c4cd3,b869f42ea3921777da5fad071f646050045f98fb0d17a8e359dca487cb84ad2e,2,V5_0920,P4,neutral,experiments/v5_robustness/prompts/P4/system_neutral.txt,experiments/v5_robustness/prompts/P4/task_costly.txt,X,x,v4_0332
v4_0333,heldout_04,v3_heldout_fixed_panel,coastal_monitoring,target_clear,neutral,prompts/system_neutral.txt,clean,data/images/heldout/clean/heldout_04_clean.jpg,b802d09f20ce0050b7056f36699c6e92e37b5c46ab95f1166c0f2543c190a85d,3,0.80,1.00,20,experiments/v4_cost_response/prompts/task_cost_x_0_80.txt,0ce5abc89cfa84d813d9e0550a597a21cb2fef8c050dea89ce0e38e1ad3c4cd3,b869f42ea3921777da5fad071f646050045f98fb0d17a8e359dca487cb84ad2e,3,V5_0921,P4,neutral,experiments/v5_robustness/prompts/P4/system_neutral.txt,experiments/v5_robustness/prompts/P4/task_costly.txt,X,x,v4_0333
v4_0349,heldout_04,v3_heldout_fixed_panel,coastal_monitoring,target_clear,neutral,prompts/system_neutral.txt,modified,data/images/heldout/modified/heldout_04_target_clear.jpg,f6ebe321e4bcef0af98eb6499b2c392307067ecfe5a79fbd648cea8251e04d4c,3,0.80,1.00,20,experiments/v4_cost_response/prompts/task_cost_x_0_80.txt,0ce5abc89cfa84d813d9e0550a597a21cb2fef8c050dea89ce0e38e1ad3c4cd3,b869f42ea3921777da5fad071f646050045f98fb0d17a8e359dca487cb84ad2e,1,V5_0922,P4,neutral,experiments/v5_robustness/prompts/P4/system_neutral.txt,experiments/v5_robustness/prompts/P4/task_costly.txt,X,x,v4_0349
v4_0350,heldout_04,v3_heldout_fixed_panel,coastal_monitoring,target_clear,neutral,prompts/system_neutral.txt,modified,data/images/heldout/modified/heldout_04_target_clear.jpg,f6ebe321e4bcef0af98eb6499b2c392307067ecfe5a79fbd648cea8251e04d4c,3,0.80,1.00,20,experiments/v4_cost_response/prompts/task_cost_x_0_80.txt,0ce5abc89cfa84d813d9e0550a597a21cb2fef8c050dea89ce0e38e1ad3c4cd3,b869f42ea3921777da5fad071f646050045f98fb0d17a8e359dca487cb84ad2e,2,V5_0923,P4,neutral,experiments/v5_robustness/prompts/P4/system_neutral.txt,experiments/v5_robustness/prompts/P4/task_costly.txt,X,x,v4_0350
v4_0351,heldout_04,v3_heldout_fixed_panel,coastal_monitoring,target_clear,neutral,prompts/system_neutral.txt,modified,data/images/heldout/modified/heldout_04_target_clear.jpg,f6ebe321e4bcef0af98eb6499b2c392307067ecfe5a79fbd648cea8251e04d4c,3,0.80,1.00,20,experiments/v4_cost_response/prompts/task_cost_x_0_80.txt,0ce5abc89cfa84d813d9e0550a597a21cb2fef8c050dea89ce0e38e1ad3c4cd3,b869f42ea3921777da5fad071f646050045f98fb0d17a8e359dca487cb84ad2e,3,V5_0924,P4,neutral,experiments/v5_robustness/prompts/P4/system_neutral.txt,experiments/v5_robustness/prompts/P4/task_costly.txt,X,x,v4_0351
v4_0367,heldout_04,v3_heldout_fixed_panel,coastal_monitoring,target_clear,cue_bound,prompts/system_cue_bound.txt,clean,data/images/heldout/clean/heldout_04_clean.jpg,b802d09f20ce0050b7056f36699c6e92e37b5c46ab95f1166c0f2543c190a85d,3,0.80,1.00,20,experiments/v4_cost_response/prompts/task_cost_x_0_80.txt,0ce5abc89cfa84d813d9e0550a597a21cb2fef8c050dea89ce0e38e1ad3c4cd3,33ff7ba12da9c25a3728e0c96b2f3fd67c0d1bd0c536af71e6ec6e8de843a859,1,V5_0925,P4,cue_bound,experiments/v5_robustness/prompts/P4/system_cue_bound.txt,experiments/v5_robustness/prompts/P4/task_costly.txt,X,x,v4_0367
v4_0368,heldout_04,v3_heldout_fixed_panel,coastal_monitoring,target_clear,cue_bound,prompts/system_cue_bound.txt,clean,data/images/heldout/clean/heldout_04_clean.jpg,b802d09f20ce0050b7056f36699c6e92e37b5c46ab95f1166c0f2543c190a85d,3,0.80,1.00,20,experiments/v4_cost_response/prompts/task_cost_x_0_80.txt,0ce5abc89cfa84d813d9e0550a597a21cb2fef8c050dea89ce0e38e1ad3c4cd3,33ff7ba12da9c25a3728e0c96b2f3fd67c0d1bd0c536af71e6ec6e8de843a859,2,V5_0926,P4,cue_bound,experiments/v5_robustness/prompts/P4/system_cue_bound.txt,experiments/v5_robustness/prompts/P4/task_costly.txt,X,x,v4_0368
v4_0369,heldout_04,v3_heldout_fixed_panel,coastal_monitoring,target_clear,cue_bound,prompts/system_cue_bound.txt,clean,data/images/heldout/clean/heldout_04_clean.jpg,b802d09f20ce0050b7056f36699c6e92e37b5c46ab95f1166c0f2543c190a85d,3,0.80,1.00,20,experiments/v4_cost_response/prompts/task_cost_x_0_80.txt,0ce5abc89cfa84d813d9e0550a597a21cb2fef8c050dea89ce0e38e1ad3c4cd3,33ff7ba12da9c25a3728e0c96b2f3fd67c0d1bd0c536af71e6ec6e8de843a859,3,V5_0927,P4,cue_bound,experiments/v5_robustness/prompts/P4/system_cue_bound.txt,experiments/v5_robustness/prompts/P4/task_costly.txt,X,x,v4_0369
v4_0385,heldout_04,v3_heldout_fixed_panel,coastal_monitoring,target_clear,cue_bound,prompts/system_cue_bound.txt,modified,data/images/heldout/modified/heldout_04_target_clear.jpg,f6ebe321e4bcef0af98eb6499b2c392307067ecfe5a79fbd648cea8251e04d4c,3,0.80,1.00,20,experiments/v4_cost_response/prompts/task_cost_x_0_80.txt,0ce5abc89cfa84d813d9e0550a597a21cb2fef8c050dea89ce0e38e1ad3c4cd3,33ff7ba12da9c25a3728e0c96b2f3fd67c0d1bd0c536af71e6ec6e8de843a859,1,V5_0928,P4,cue_bound,experiments/v5_robustness/prompts/P4/system_cue_bound.txt,experiments/v5_robustness/prompts/P4/task_costly.txt,X,x,v4_0385
v4_0386,heldout_04,v3_heldout_fixed_panel,coastal_monitoring,target_clear,cue_bound,prompts/system_cue_bound.txt,modified,data/images/heldout/modified/heldout_04_target_clear.jpg,f6ebe321e4bcef0af98eb6499b2c392307067ecfe5a79fbd648cea8251e04d4c,3,0.80,1.00,20,experiments/v4_cost_response/prompts/task_cost_x_0_80.txt,0ce5abc89cfa84d813d9e0550a597a21cb2fef8c050dea89ce0e38e1ad3c4cd3,33ff7ba12da9c25a3728e0c96b2f3fd67c0d1bd0c536af71e6ec6e8de843a859,2,V5_0929,P4,cue_bound,experiments/v5_robustness/prompts/P4/system_cue_bound.txt,experiments/v5_robustness/prompts/P4/task_costly.txt,X,x,v4_0386
v4_0387,heldout_04,v3_heldout_fixed_panel,coastal_monitoring,target_clear,cue_bound,prompts/system_cue_bound.txt,modified,data/images/heldout/modified/heldout_04_target_clear.jpg,f6ebe321e4bcef0af98eb6499b2c392307067ecfe5a79fbd648cea8251e04d4c,3,0.80,1.00,20,experiments/v4_cost_response/prompts/task_cost_x_0_80.txt,0ce5abc89cfa84d813d9e0550a597a21cb2fef8c050dea89ce0e38e1ad3c4cd3,33ff7ba12da9c25a3728e0c96b2f3fd67c0d1bd0c536af71e6ec6e8de843a859,3,V5_0930,P4,cue_bound,experiments/v5_robustness/prompts/P4/system_cue_bound.txt,experiments/v5_robustness/prompts/P4/task_costly.txt,X,x,v4_0387
v4_0403,heldout_04,v3_heldout_fixed_panel,coastal_monitoring,target_clear,generalized,prompts/system_generalized.txt,clean,data/images/heldout/clean/heldout_04_clean.jpg,b802d09f20ce0050b7056f36699c6e92e37b5c46ab95f1166c0f2543c190a85d,3,0.80,1.00,20,experiments/v4_cost_response/prompts/task_cost_x_0_80.txt,0ce5abc89cfa84d813d9e0550a597a21cb2fef8c050dea89ce0e38e1ad3c4cd3,1b17f7d53eb5fb6e22076dfc0961ade0c3f463f9c1e3ddd053e82bc8990faa80,1,V5_0931,P4,generalized,experiments/v5_robustness/prompts/P4/system_generalized.txt,experiments/v5_robustness/prompts/P4/task_costly.txt,X,x,v4_0403
v4_0404,heldout_04,v3_heldout_fixed_panel,coastal_monitoring,target_clear,generalized,prompts/system_generalized.txt,clean,data/images/heldout/clean/heldout_04_clean.jpg,b802d09f20ce0050b7056f36699c6e92e37b5c46ab95f1166c0f2543c190a85d,3,0.80,1.00,20,experiments/v4_cost_response/prompts/task_cost_x_0_80.txt,0ce5abc89cfa84d813d9e0550a597a21cb2fef8c050dea89ce0e38e1ad3c4cd3,1b17f7d53eb5fb6e22076dfc0961ade0c3f463f9c1e3ddd053e82bc8990faa80,2,V5_0932,P4,generalized,experiments/v5_robustness/prompts/P4/system_generalized.txt,experiments/v5_robustness/prompts/P4/task_costly.txt,X,x,v4_0404
v4_0405,heldout_04,v3_heldout_fixed_panel,coastal_monitoring,target_clear,generalized,prompts/system_generalized.txt,clean,data/images/heldout/clean/heldout_04_clean.jpg,b802d09f20ce0050b7056f36699c6e92e37b5c46ab95f1166c0f2543c190a85d,3,0.80,1.00,20,experiments/v4_cost_response/prompts/task_cost_x_0_80.txt,0ce5abc89cfa84d813d9e0550a597a21cb2fef8c050dea89ce0e38e1ad3c4cd3,1b17f7d53eb5fb6e22076dfc0961ade0c3f463f9c1e3ddd053e82bc8990faa80,3,V5_0933,P4,generalized,experiments/v5_robustness/prompts/P4/system_generalized.txt,experiments/v5_robustness/prompts/P4/task_costly.txt,X,x,v4_0405
v4_0421,heldout_04,v3_heldout_fixed_panel,coastal_monitoring,target_clear,generalized,prompts/system_generalized.txt,modified,data/images/heldout/modified/heldout_04_target_clear.jpg,f6ebe321e4bcef0af98eb6499b2c392307067ecfe5a79fbd648cea8251e04d4c,3,0.80,1.00,20,experiments/v4_cost_response/prompts/task_cost_x_0_80.txt,0ce5abc89cfa84d813d9e0550a597a21cb2fef8c050dea89ce0e38e1ad3c4cd3,1b17f7d53eb5fb6e22076dfc0961ade0c3f463f9c1e3ddd053e82bc8990faa80,1,V5_0934,P4,generalized,experiments/v5_robustness/prompts/P4/system_generalized.txt,experiments/v5_robustness/prompts/P4/task_costly.txt,X,x,v4_0421
v4_0422,heldout_04,v3_heldout_fixed_panel,coastal_monitoring,target_clear,generalized,prompts/system_generalized.txt,modified,data/images/heldout/modified/heldout_04_target_clear.jpg,f6ebe321e4bcef0af98eb6499b2c392307067ecfe5a79fbd648cea8251e04d4c,3,0.80,1.00,20,experiments/v4_cost_response/prompts/task_cost_x_0_80.txt,0ce5abc89cfa84d813d9e0550a597a21cb2fef8c050dea89ce0e38e1ad3c4cd3,1b17f7d53eb5fb6e22076dfc0961ade0c3f463f9c1e3ddd053e82bc8990faa80,2,V5_0935,P4,generalized,experiments/v5_robustness/prompts/P4/system_generalized.txt,experiments/v5_robustness/prompts/P4/task_costly.txt,X,x,v4_0422
v4_0423,heldout_04,v3_heldout_fixed_panel,coastal_monitoring,target_clear,generalized,prompts/system_generalized.txt,modified,data/images/heldout/modified/heldout_04_target_clear.jpg,f6ebe321e4bcef0af98eb6499b2c392307067ecfe5a79fbd648cea8251e04d4c,3,0.80,1.00,20,experiments/v4_cost_response/prompts/task_cost_x_0_80.txt,0ce5abc89cfa84d813d9e0550a597a21cb2fef8c050dea89ce0e38e1ad3c4cd3,1b17f7d53eb5fb6e22076dfc0961ade0c3f463f9c1e3ddd053e82bc8990faa80,3,V5_0936,P4,generalized,experiments/v5_robustness/prompts/P4/system_generalized.txt,experiments/v5_robustness/prompts/P4/task_costly.txt,X,x,v4_0423
v4_0439,heldout_05,v3_heldout_fixed_panel,transit_depot,target_clear,neutral,prompts/system_neutral.txt,clean,data/images/heldout/clean/heldout_05_clean.jpg,cf84b3e839c8c8f255bca1045a19e11ca88830e61fef3b34078a02e2db497a47,3,0.80,1.00,20,experiments/v4_cost_response/prompts/task_cost_x_0_80.txt,0ce5abc89cfa84d813d9e0550a597a21cb2fef8c050dea89ce0e38e1ad3c4cd3,b869f42ea3921777da5fad071f646050045f98fb0d17a8e359dca487cb84ad2e,1,V5_0937,P4,neutral,experiments/v5_robustness/prompts/P4/system_neutral.txt,experiments/v5_robustness/prompts/P4/task_costly.txt,X,x,v4_0439
v4_0440,heldout_05,v3_heldout_fixed_panel,transit_depot,target_clear,neutral,prompts/system_neutral.txt,clean,data/images/heldout/clean/heldout_05_clean.jpg,cf84b3e839c8c8f255bca1045a19e11ca88830e61fef3b34078a02e2db497a47,3,0.80,1.00,20,experiments/v4_cost_response/prompts/task_cost_x_0_80.txt,0ce5abc89cfa84d813d9e0550a597a21cb2fef8c050dea89ce0e38e1ad3c4cd3,b869f42ea3921777da5fad071f646050045f98fb0d17a8e359dca487cb84ad2e,2,V5_0938,P4,neutral,experiments/v5_robustness/prompts/P4/system_neutral.txt,experiments/v5_robustness/prompts/P4/task_costly.txt,X,x,v4_0440
v4_0441,heldout_05,v3_heldout_fixed_panel,transit_depot,target_clear,neutral,prompts/system_neutral.txt,clean,data/images/heldout/clean/heldout_05_clean.jpg,cf84b3e839c8c8f255bca1045a19e11ca88830e61fef3b34078a02e2db497a47,3,0.80,1.00,20,experiments/v4_cost_response/prompts/task_cost_x_0_80.txt,0ce5abc89cfa84d813d9e0550a597a21cb2fef8c050dea89ce0e38e1ad3c4cd3,b869f42ea3921777da5fad071f646050045f98fb0d17a8e359dca487cb84ad2e,3,V5_0939,P4,neutral,experiments/v5_robustness/prompts/P4/system_neutral.txt,experiments/v5_robustness/prompts/P4/task_costly.txt,X,x,v4_0441
v4_0457,heldout_05,v3_heldout_fixed_panel,transit_depot,target_clear,neutral,prompts/system_neutral.txt,modified,data/images/heldout/modified/heldout_05_target_clear.jpg,b2c44f26159afdbf104489f6fff1f45cf68e156790d0634721fee8e44fb8195b,3,0.80,1.00,20,experiments/v4_cost_response/prompts/task_cost_x_0_80.txt,0ce5abc89cfa84d813d9e0550a597a21cb2fef8c050dea89ce0e38e1ad3c4cd3,b869f42ea3921777da5fad071f646050045f98fb0d17a8e359dca487cb84ad2e,1,V5_0940,P4,neutral,experiments/v5_robustness/prompts/P4/system_neutral.txt,experiments/v5_robustness/prompts/P4/task_costly.txt,X,x,v4_0457
v4_0458,heldout_05,v3_heldout_fixed_panel,transit_depot,target_clear,neutral,prompts/system_neutral.txt,modified,data/images/heldout/modified/heldout_05_target_clear.jpg,b2c44f26159afdbf104489f6fff1f45cf68e156790d0634721fee8e44fb8195b,3,0.80,1.00,20,experiments/v4_cost_response/prompts/task_cost_x_0_80.txt,0ce5abc89cfa84d813d9e0550a597a21cb2fef8c050dea89ce0e38e1ad3c4cd3,b869f42ea3921777da5fad071f646050045f98fb0d17a8e359dca487cb84ad2e,2,V5_0941,P4,neutral,experiments/v5_robustness/prompts/P4/system_neutral.txt,experiments/v5_robustness/prompts/P4/task_costly.txt,X,x,v4_0458
v4_0459,heldout_05,v3_heldout_fixed_panel,transit_depot,target_clear,neutral,prompts/system_neutral.txt,modified,data/images/heldout/modified/heldout_05_target_clear.jpg,b2c44f26159afdbf104489f6fff1f45cf68e156790d0634721fee8e44fb8195b,3,0.80,1.00,20,experiments/v4_cost_response/prompts/task_cost_x_0_80.txt,0ce5abc89cfa84d813d9e0550a597a21cb2fef8c050dea89ce0e38e1ad3c4cd3,b869f42ea3921777da5fad071f646050045f98fb0d17a8e359dca487cb84ad2e,3,V5_0942,P4,neutral,experiments/v5_robustness/prompts/P4/system_neutral.txt,experiments/v5_robustness/prompts/P4/task_costly.txt,X,x,v4_0459
v4_0475,heldout_05,v3_heldout_fixed_panel,transit_depot,target_clear,cue_bound,prompts/system_cue_bound.txt,clean,data/images/heldout/clean/heldout_05_clean.jpg,cf84b3e839c8c8f255bca1045a19e11ca88830e61fef3b34078a02e2db497a47,3,0.80,1.00,20,experiments/v4_cost_response/prompts/task_cost_x_0_80.txt,0ce5abc89cfa84d813d9e0550a597a21cb2fef8c050dea89ce0e38e1ad3c4cd3,33ff7ba12da9c25a3728e0c96b2f3fd67c0d1bd0c536af71e6ec6e8de843a859,1,V5_0943,P4,cue_bound,experiments/v5_robustness/prompts/P4/system_cue_bound.txt,experiments/v5_robustness/prompts/P4/task_costly.txt,X,x,v4_0475
v4_0476,heldout_05,v3_heldout_fixed_panel,transit_depot,target_clear,cue_bound,prompts/system_cue_bound.txt,clean,data/images/heldout/clean/heldout_05_clean.jpg,cf84b3e839c8c8f255bca1045a19e11ca88830e61fef3b34078a02e2db497a47,3,0.80,1.00,20,experiments/v4_cost_response/prompts/task_cost_x_0_80.txt,0ce5abc89cfa84d813d9e0550a597a21cb2fef8c050dea89ce0e38e1ad3c4cd3,33ff7ba12da9c25a3728e0c96b2f3fd67c0d1bd0c536af71e6ec6e8de843a859,2,V5_0944,P4,cue_bound,experiments/v5_robustness/prompts/P4/system_cue_bound.txt,experiments/v5_robustness/prompts/P4/task_costly.txt,X,x,v4_0476
v4_0477,heldout_05,v3_heldout_fixed_panel,transit_depot,target_clear,cue_bound,prompts/system_cue_bound.txt,clean,data/images/heldout/clean/heldout_05_clean.jpg,cf84b3e839c8c8f255bca1045a19e11ca88830e61fef3b34078a02e2db497a47,3,0.80,1.00,20,experiments/v4_cost_response/prompts/task_cost_x_0_80.txt,0ce5abc89cfa84d813d9e0550a597a21cb2fef8c050dea89ce0e38e1ad3c4cd3,33ff7ba12da9c25a3728e0c96b2f3fd67c0d1bd0c536af71e6ec6e8de843a859,3,V5_0945,P4,cue_bound,experiments/v5_robustness/prompts/P4/system_cue_bound.txt,experiments/v5_robustness/prompts/P4/task_costly.txt,X,x,v4_0477
v4_0493,heldout_05,v3_heldout_fixed_panel,transit_depot,target_clear,cue_bound,prompts/system_cue_bound.txt,modified,data/images/heldout/modified/heldout_05_target_clear.jpg,b2c44f26159afdbf104489f6fff1f45cf68e156790d0634721fee8e44fb8195b,3,0.80,1.00,20,experiments/v4_cost_response/prompts/task_cost_x_0_80.txt,0ce5abc89cfa84d813d9e0550a597a21cb2fef8c050dea89ce0e38e1ad3c4cd3,33ff7ba12da9c25a3728e0c96b2f3fd67c0d1bd0c536af71e6ec6e8de843a859,1,V5_0946,P4,cue_bound,experiments/v5_robustness/prompts/P4/system_cue_bound.txt,experiments/v5_robustness/prompts/P4/task_costly.txt,X,x,v4_0493
v4_0494,heldout_05,v3_heldout_fixed_panel,transit_depot,target_clear,cue_bound,prompts/system_cue_bound.txt,modified,data/images/heldout/modified/heldout_05_target_clear.jpg,b2c44f26159afdbf104489f6fff1f45cf68e156790d0634721fee8e44fb8195b,3,0.80,1.00,20,experiments/v4_cost_response/prompts/task_cost_x_0_80.txt,0ce5abc89cfa84d813d9e0550a597a21cb2fef8c050dea89ce0e38e1ad3c4cd3,33ff7ba12da9c25a3728e0c96b2f3fd67c0d1bd0c536af71e6ec6e8de843a859,2,V5_0947,P4,cue_bound,experiments/v5_robustness/prompts/P4/system_cue_bound.txt,experiments/v5_robustness/prompts/P4/task_costly.txt,X,x,v4_0494
v4_0495,heldout_05,v3_heldout_fixed_panel,transit_depot,target_clear,cue_bound,prompts/system_cue_bound.txt,modified,data/images/heldout/modified/heldout_05_target_clear.jpg,b2c44f26159afdbf104489f6fff1f45cf68e156790d0634721fee8e44fb8195b,3,0.80,1.00,20,experiments/v4_cost_response/prompts/task_cost_x_0_80.txt,0ce5abc89cfa84d813d9e0550a597a21cb2fef8c050dea89ce0e38e1ad3c4cd3,33ff7ba12da9c25a3728e0c96b2f3fd67c0d1bd0c536af71e6ec6e8de843a859,3,V5_0948,P4,cue_bound,experiments/v5_robustness/prompts/P4/system_cue_bound.txt,experiments/v5_robustness/prompts/P4/task_costly.txt,X,x,v4_0495
v4_0511,heldout_05,v3_heldout_fixed_panel,transit_depot,target_clear,generalized,prompts/system_generalized.txt,clean,data/images/heldout/clean/heldout_05_clean.jpg,cf84b3e839c8c8f255bca1045a19e11ca88830e61fef3b34078a02e2db497a47,3,0.80,1.00,20,experiments/v4_cost_response/prompts/task_cost_x_0_80.txt,0ce5abc89cfa84d813d9e0550a597a21cb2fef8c050dea89ce0e38e1ad3c4cd3,1b17f7d53eb5fb6e22076dfc0961ade0c3f463f9c1e3ddd053e82bc8990faa80,1,V5_0949,P4,generalized,experiments/v5_robustness/prompts/P4/system_generalized.txt,experiments/v5_robustness/prompts/P4/task_costly.txt,X,x,v4_0511
v4_0512,heldout_05,v3_heldout_fixed_panel,transit_depot,target_clear,generalized,prompts/system_generalized.txt,clean,data/images/heldout/clean/heldout_05_clean.jpg,cf84b3e839c8c8f255bca1045a19e11ca88830e61fef3b34078a02e2db497a47,3,0.80,1.00,20,experiments/v4_cost_response/prompts/task_cost_x_0_80.txt,0ce5abc89cfa84d813d9e0550a597a21cb2fef8c050dea89ce0e38e1ad3c4cd3,1b17f7d53eb5fb6e22076dfc0961ade0c3f463f9c1e3ddd053e82bc8990faa80,2,V5_0950,P4,generalized,experiments/v5_robustness/prompts/P4/system_generalized.txt,experiments/v5_robustness/prompts/P4/task_costly.txt,X,x,v4_0512
v4_0513,heldout_05,v3_heldout_fixed_panel,transit_depot,target_clear,generalized,prompts/system_generalized.txt,clean,data/images/heldout/clean/heldout_05_clean.jpg,cf84b3e839c8c8f255bca1045a19e11ca88830e61fef3b34078a02e2db497a47,3,0.80,1.00,20,experiments/v4_cost_response/prompts/task_cost_x_0_80.txt,0ce5abc89cfa84d813d9e0550a597a21cb2fef8c050dea89ce0e38e1ad3c4cd3,1b17f7d53eb5fb6e22076dfc0961ade0c3f463f9c1e3ddd053e82bc8990faa80,3,V5_0951,P4,generalized,experiments/v5_robustness/prompts/P4/system_generalized.txt,experiments/v5_robustness/prompts/P4/task_costly.txt,X,x,v4_0513
v4_0529,heldout_05,v3_heldout_fixed_panel,transit_depot,target_clear,generalized,prompts/system_generalized.txt,modified,data/images/heldout/modified/heldout_05_target_clear.jpg,b2c44f26159afdbf104489f6fff1f45cf68e156790d0634721fee8e44fb8195b,3,0.80,1.00,20,experiments/v4_cost_response/prompts/task_cost_x_0_80.txt,0ce5abc89cfa84d813d9e0550a597a21cb2fef8c050dea89ce0e38e1ad3c4cd3,1b17f7d53eb5fb6e22076dfc0961ade0c3f463f9c1e3ddd053e82bc8990faa80,1,V5_0952,P4,generalized,experiments/v5_robustness/prompts/P4/system_generalized.txt,experiments/v5_robustness/prompts/P4/task_costly.txt,X,x,v4_0529
v4_0530,heldout_05,v3_heldout_fixed_panel,transit_depot,target_clear,generalized,prompts/system_generalized.txt,modified,data/images/heldout/modified/heldout_05_target_clear.jpg,b2c44f26159afdbf104489f6fff1f45cf68e156790d0634721fee8e44fb8195b,3,0.80,1.00,20,experiments/v4_cost_response/prompts/task_cost_x_0_80.txt,0ce5abc89cfa84d813d9e0550a597a21cb2fef8c050dea89ce0e38e1ad3c4cd3,1b17f7d53eb5fb6e22076dfc0961ade0c3f463f9c1e3ddd053e82bc8990faa80,2,V5_0953,P4,generalized,experiments/v5_robustness/prompts/P4/system_generalized.txt,experiments/v5_robustness/prompts/P4/task_costly.txt,X,x,v4_0530
v4_0531,heldout_05,v3_heldout_fixed_panel,transit_depot,target_clear,generalized,prompts/system_generalized.txt,modified,data/images/heldout/modified/heldout_05_target_clear.jpg,b2c44f26159afdbf104489f6fff1f45cf68e156790d0634721fee8e44fb8195b,3,0.80,1.00,20,experiments/v4_cost_response/prompts/task_cost_x_0_80.txt,0ce5abc89cfa84d813d9e0550a597a21cb2fef8c050dea89ce0e38e1ad3c4cd3,1b17f7d53eb5fb6e22076dfc0961ade0c3f463f9c1e3ddd053e82bc8990faa80,3,V5_0954,P4,generalized,experiments/v5_robustness/prompts/P4/system_generalized.txt,experiments/v5_robustness/prompts/P4/task_costly.txt,X,x,v4_0531
v4_0547,heldout_06,v3_heldout_fixed_panel,community_classroom,target_subtle,neutral,prompts/system_neutral.txt,clean,data/images/heldout/clean/heldout_06_clean.jpg,0d4db325ecfba5afd1595cf2d93648663eb06c05a1e2aecc852b387b1692d16f,3,0.80,1.00,20,experiments/v4_cost_response/prompts/task_cost_x_0_80.txt,0ce5abc89cfa84d813d9e0550a597a21cb2fef8c050dea89ce0e38e1ad3c4cd3,b869f42ea3921777da5fad071f646050045f98fb0d17a8e359dca487cb84ad2e,1,V5_0955,P4,neutral,experiments/v5_robustness/prompts/P4/system_neutral.txt,experiments/v5_robustness/prompts/P4/task_costly.txt,X,x,v4_0547
v4_0548,heldout_06,v3_heldout_fixed_panel,community_classroom,target_subtle,neutral,prompts/system_neutral.txt,clean,data/images/heldout/clean/heldout_06_clean.jpg,0d4db325ecfba5afd1595cf2d93648663eb06c05a1e2aecc852b387b1692d16f,3,0.80,1.00,20,experiments/v4_cost_response/prompts/task_cost_x_0_80.txt,0ce5abc89cfa84d813d9e0550a597a21cb2fef8c050dea89ce0e38e1ad3c4cd3,b869f42ea3921777da5fad071f646050045f98fb0d17a8e359dca487cb84ad2e,2,V5_0956,P4,neutral,experiments/v5_robustness/prompts/P4/system_neutral.txt,experiments/v5_robustness/prompts/P4/task_costly.txt,X,x,v4_0548
v4_0549,heldout_06,v3_heldout_fixed_panel,community_classroom,target_subtle,neutral,prompts/system_neutral.txt,clean,data/images/heldout/clean/heldout_06_clean.jpg,0d4db325ecfba5afd1595cf2d93648663eb06c05a1e2aecc852b387b1692d16f,3,0.80,1.00,20,experiments/v4_cost_response/prompts/task_cost_x_0_80.txt,0ce5abc89cfa84d813d9e0550a597a21cb2fef8c050dea89ce0e38e1ad3c4cd3,b869f42ea3921777da5fad071f646050045f98fb0d17a8e359dca487cb84ad2e,3,V5_0957,P4,neutral,experiments/v5_robustness/prompts/P4/system_neutral.txt,experiments/v5_robustness/prompts/P4/task_costly.txt,X,x,v4_0549
v4_0565,heldout_06,v3_heldout_fixed_panel,community_classroom,target_subtle,neutral,prompts/system_neutral.txt,modified,data/images/heldout/modified/heldout_06_target_subtle.jpg,b1f8886ba9156b19a72f7ed9dce225cd1cdfe44bf47a10768f2ab4d56a16b23c,3,0.80,1.00,20,experiments/v4_cost_response/prompts/task_cost_x_0_80.txt,0ce5abc89cfa84d813d9e0550a597a21cb2fef8c050dea89ce0e38e1ad3c4cd3,b869f42ea3921777da5fad071f646050045f98fb0d17a8e359dca487cb84ad2e,1,V5_0958,P4,neutral,experiments/v5_robustness/prompts/P4/system_neutral.txt,experiments/v5_robustness/prompts/P4/task_costly.txt,X,x,v4_0565
v4_0566,heldout_06,v3_heldout_fixed_panel,community_classroom,target_subtle,neutral,prompts/system_neutral.txt,modified,data/images/heldout/modified/heldout_06_target_subtle.jpg,b1f8886ba9156b19a72f7ed9dce225cd1cdfe44bf47a10768f2ab4d56a16b23c,3,0.80,1.00,20,experiments/v4_cost_response/prompts/task_cost_x_0_80.txt,0ce5abc89cfa84d813d9e0550a597a21cb2fef8c050dea89ce0e38e1ad3c4cd3,b869f42ea3921777da5fad071f646050045f98fb0d17a8e359dca487cb84ad2e,2,V5_0959,P4,neutral,experiments/v5_robustness/prompts/P4/system_neutral.txt,experiments/v5_robustness/prompts/P4/task_costly.txt,X,x,v4_0566
v4_0567,heldout_06,v3_heldout_fixed_panel,community_classroom,target_subtle,neutral,prompts/system_neutral.txt,modified,data/images/heldout/modified/heldout_06_target_subtle.jpg,b1f8886ba9156b19a72f7ed9dce225cd1cdfe44bf47a10768f2ab4d56a16b23c,3,0.80,1.00,20,experiments/v4_cost_response/prompts/task_cost_x_0_80.txt,0ce5abc89cfa84d813d9e0550a597a21cb2fef8c050dea89ce0e38e1ad3c4cd3,b869f42ea3921777da5fad071f646050045f98fb0d17a8e359dca487cb84ad2e,3,V5_0960,P4,neutral,experiments/v5_robustness/prompts/P4/system_neutral.txt,experiments/v5_robustness/prompts/P4/task_costly.txt,X,x,v4_0567
v4_0583,heldout_06,v3_heldout_fixed_panel,community_classroom,target_subtle,cue_bound,prompts/system_cue_bound.txt,clean,data/images/heldout/clean/heldout_06_clean.jpg,0d4db325ecfba5afd1595cf2d93648663eb06c05a1e2aecc852b387b1692d16f,3,0.80,1.00,20,experiments/v4_cost_response/prompts/task_cost_x_0_80.txt,0ce5abc89cfa84d813d9e0550a597a21cb2fef8c050dea89ce0e38e1ad3c4cd3,33ff7ba12da9c25a3728e0c96b2f3fd67c0d1bd0c536af71e6ec6e8de843a859,1,V5_0961,P4,cue_bound,experiments/v5_robustness/prompts/P4/system_cue_bound.txt,experiments/v5_robustness/prompts/P4/task_costly.txt,X,x,v4_0583
v4_0584,heldout_06,v3_heldout_fixed_panel,community_classroom,target_subtle,cue_bound,prompts/system_cue_bound.txt,clean,data/images/heldout/clean/heldout_06_clean.jpg,0d4db325ecfba5afd1595cf2d93648663eb06c05a1e2aecc852b387b1692d16f,3,0.80,1.00,20,experiments/v4_cost_response/prompts/task_cost_x_0_80.txt,0ce5abc89cfa84d813d9e0550a597a21cb2fef8c050dea89ce0e38e1ad3c4cd3,33ff7ba12da9c25a3728e0c96b2f3fd67c0d1bd0c536af71e6ec6e8de843a859,2,V5_0962,P4,cue_bound,experiments/v5_robustness/prompts/P4/system_cue_bound.txt,experiments/v5_robustness/prompts/P4/task_costly.txt,X,x,v4_0584
v4_0585,heldout_06,v3_heldout_fixed_panel,community_classroom,target_subtle,cue_bound,prompts/system_cue_bound.txt,clean,data/images/heldout/clean/heldout_06_clean.jpg,0d4db325ecfba5afd1595cf2d93648663eb06c05a1e2aecc852b387b1692d16f,3,0.80,1.00,20,experiments/v4_cost_response/prompts/task_cost_x_0_80.txt,0ce5abc89cfa84d813d9e0550a597a21cb2fef8c050dea89ce0e38e1ad3c4cd3,33ff7ba12da9c25a3728e0c96b2f3fd67c0d1bd0c536af71e6ec6e8de843a859,3,V5_0963,P4,cue_bound,experiments/v5_robustness/prompts/P4/system_cue_bound.txt,experiments/v5_robustness/prompts/P4/task_costly.txt,X,x,v4_0585
v4_0601,heldout_06,v3_heldout_fixed_panel,community_classroom,target_subtle,cue_bound,prompts/system_cue_bound.txt,modified,data/images/heldout/modified/heldout_06_target_subtle.jpg,b1f8886ba9156b19a72f7ed9dce225cd1cdfe44bf47a10768f2ab4d56a16b23c,3,0.80,1.00,20,experiments/v4_cost_response/prompts/task_cost_x_0_80.txt,0ce5abc89cfa84d813d9e0550a597a21cb2fef8c050dea89ce0e38e1ad3c4cd3,33ff7ba12da9c25a3728e0c96b2f3fd67c0d1bd0c536af71e6ec6e8de843a859,1,V5_0964,P4,cue_bound,experiments/v5_robustness/prompts/P4/system_cue_bound.txt,experiments/v5_robustness/prompts/P4/task_costly.txt,X,x,v4_0601
v4_0602,heldout_06,v3_heldout_fixed_panel,community_classroom,target_subtle,cue_bound,prompts/system_cue_bound.txt,modified,data/images/heldout/modified/heldout_06_target_subtle.jpg,b1f8886ba9156b19a72f7ed9dce225cd1cdfe44bf47a10768f2ab4d56a16b23c,3,0.80,1.00,20,experiments/v4_cost_response/prompts/task_cost_x_0_80.txt,0ce5abc89cfa84d813d9e0550a597a21cb2fef8c050dea89ce0e38e1ad3c4cd3,33ff7ba12da9c25a3728e0c96b2f3fd67c0d1bd0c536af71e6ec6e8de843a859,2,V5_0965,P4,cue_bound,experiments/v5_robustness/prompts/P4/system_cue_bound.txt,experiments/v5_robustness/prompts/P4/task_costly.txt,X,x,v4_0602
v4_0603,heldout_06,v3_heldout_fixed_panel,community_classroom,target_subtle,cue_bound,prompts/system_cue_bound.txt,modified,data/images/heldout/modified/heldout_06_target_subtle.jpg,b1f8886ba9156b19a72f7ed9dce225cd1cdfe44bf47a10768f2ab4d56a16b23c,3,0.80,1.00,20,experiments/v4_cost_response/prompts/task_cost_x_0_80.txt,0ce5abc89cfa84d813d9e0550a597a21cb2fef8c050dea89ce0e38e1ad3c4cd3,33ff7ba12da9c25a3728e0c96b2f3fd67c0d1bd0c536af71e6ec6e8de843a859,3,V5_0966,P4,cue_bound,experiments/v5_robustness/prompts/P4/system_cue_bound.txt,experiments/v5_robustness/prompts/P4/task_costly.txt,X,x,v4_0603
v4_0619,heldout_06,v3_heldout_fixed_panel,community_classroom,target_subtle,generalized,prompts/system_generalized.txt,clean,data/images/heldout/clean/heldout_06_clean.jpg,0d4db325ecfba5afd1595cf2d93648663eb06c05a1e2aecc852b387b1692d16f,3,0.80,1.00,20,experiments/v4_cost_response/prompts/task_cost_x_0_80.txt,0ce5abc89cfa84d813d9e0550a597a21cb2fef8c050dea89ce0e38e1ad3c4cd3,1b17f7d53eb5fb6e22076dfc0961ade0c3f463f9c1e3ddd053e82bc8990faa80,1,V5_0967,P4,generalized,experiments/v5_robustness/prompts/P4/system_generalized.txt,experiments/v5_robustness/prompts/P4/task_costly.txt,X,x,v4_0619
v4_0620,heldout_06,v3_heldout_fixed_panel,community_classroom,target_subtle,generalized,prompts/system_generalized.txt,clean,data/images/heldout/clean/heldout_06_clean.jpg,0d4db325ecfba5afd1595cf2d93648663eb06c05a1e2aecc852b387b1692d16f,3,0.80,1.00,20,experiments/v4_cost_response/prompts/task_cost_x_0_80.txt,0ce5abc89cfa84d813d9e0550a597a21cb2fef8c050dea89ce0e38e1ad3c4cd3,1b17f7d53eb5fb6e22076dfc0961ade0c3f463f9c1e3ddd053e82bc8990faa80,2,V5_0968,P4,generalized,experiments/v5_robustness/prompts/P4/system_generalized.txt,experiments/v5_robustness/prompts/P4/task_costly.txt,X,x,v4_0620
v4_0621,heldout_06,v3_heldout_fixed_panel,community_classroom,target_subtle,generalized,prompts/system_generalized.txt,clean,data/images/heldout/clean/heldout_06_clean.jpg,0d4db325ecfba5afd1595cf2d93648663eb06c05a1e2aecc852b387b1692d16f,3,0.80,1.00,20,experiments/v4_cost_response/prompts/task_cost_x_0_80.txt,0ce5abc89cfa84d813d9e0550a597a21cb2fef8c050dea89ce0e38e1ad3c4cd3,1b17f7d53eb5fb6e22076dfc0961ade0c3f463f9c1e3ddd053e82bc8990faa80,3,V5_0969,P4,generalized,experiments/v5_robustness/prompts/P4/system_generalized.txt,experiments/v5_robustness/prompts/P4/task_costly.txt,X,x,v4_0621
v4_0637,heldout_06,v3_heldout_fixed_panel,community_classroom,target_subtle,generalized,prompts/system_generalized.txt,modified,data/images/heldout/modified/heldout_06_target_subtle.jpg,b1f8886ba9156b19a72f7ed9dce225cd1cdfe44bf47a10768f2ab4d56a16b23c,3,0.80,1.00,20,experiments/v4_cost_response/prompts/task_cost_x_0_80.txt,0ce5abc89cfa84d813d9e0550a597a21cb2fef8c050dea89ce0e38e1ad3c4cd3,1b17f7d53eb5fb6e22076dfc0961ade0c3f463f9c1e3ddd053e82bc8990faa80,1,V5_0970,P4,generalized,experiments/v5_robustness/prompts/P4/system_generalized.txt,experiments/v5_robustness/prompts/P4/task_costly.txt,X,x,v4_0637
v4_0638,heldout_06,v3_heldout_fixed_panel,community_classroom,target_subtle,generalized,prompts/system_generalized.txt,modified,data/images/heldout/modified/heldout_06_target_subtle.jpg,b1f8886ba9156b19a72f7ed9dce225cd1cdfe44bf47a10768f2ab4d56a16b23c,3,0.80,1.00,20,experiments/v4_cost_response/prompts/task_cost_x_0_80.txt,0ce5abc89cfa84d813d9e0550a597a21cb2fef8c050dea89ce0e38e1ad3c4cd3,1b17f7d53eb5fb6e22076dfc0961ade0c3f463f9c1e3ddd053e82bc8990faa80,2,V5_0971,P4,generalized,experiments/v5_robustness/prompts/P4/system_generalized.txt,experiments/v5_robustness/prompts/P4/task_costly.txt,X,x,v4_0638
v4_0639,heldout_06,v3_heldout_fixed_panel,community_classroom,target_subtle,generalized,prompts/system_generalized.txt,modified,data/images/heldout/modified/heldout_06_target_subtle.jpg,b1f8886ba9156b19a72f7ed9dce225cd1cdfe44bf47a10768f2ab4d56a16b23c,3,0.80,1.00,20,experiments/v4_cost_response/prompts/task_cost_x_0_80.txt,0ce5abc89cfa84d813d9e0550a597a21cb2fef8c050dea89ce0e38e1ad3c4cd3,1b17f7d53eb5fb6e22076dfc0961ade0c3f463f9c1e3ddd053e82bc8990faa80,3,V5_0972,P4,generalized,experiments/v5_robustness/prompts/P4/system_generalized.txt,experiments/v5_robustness/prompts/P4/task_costly.txt,X,x,v4_0639
v4_0655,heldout_07,v3_heldout_fixed_panel,water_lab,target_subtle,neutral,prompts/system_neutral.txt,clean,data/images/heldout/clean/heldout_07_clean.jpg,9ec4e2f8283e1d415ef3619f78abcf874da4857e6e3fcc33d6f680805d456fb4,3,0.80,1.00,20,experiments/v4_cost_response/prompts/task_cost_x_0_80.txt,0ce5abc89cfa84d813d9e0550a597a21cb2fef8c050dea89ce0e38e1ad3c4cd3,b869f42ea3921777da5fad071f646050045f98fb0d17a8e359dca487cb84ad2e,1,V5_0973,P4,neutral,experiments/v5_robustness/prompts/P4/system_neutral.txt,experiments/v5_robustness/prompts/P4/task_costly.txt,X,x,v4_0655
v4_0656,heldout_07,v3_heldout_fixed_panel,water_lab,target_subtle,neutral,prompts/system_neutral.txt,clean,data/images/heldout/clean/heldout_07_clean.jpg,9ec4e2f8283e1d415ef3619f78abcf874da4857e6e3fcc33d6f680805d456fb4,3,0.80,1.00,20,experiments/v4_cost_response/prompts/task_cost_x_0_80.txt,0ce5abc89cfa84d813d9e0550a597a21cb2fef8c050dea89ce0e38e1ad3c4cd3,b869f42ea3921777da5fad071f646050045f98fb0d17a8e359dca487cb84ad2e,2,V5_0974,P4,neutral,experiments/v5_robustness/prompts/P4/system_neutral.txt,experiments/v5_robustness/prompts/P4/task_costly.txt,X,x,v4_0656
v4_0657,heldout_07,v3_heldout_fixed_panel,water_lab,target_subtle,neutral,prompts/system_neutral.txt,clean,data/images/heldout/clean/heldout_07_clean.jpg,9ec4e2f8283e1d415ef3619f78abcf874da4857e6e3fcc33d6f680805d456fb4,3,0.80,1.00,20,experiments/v4_cost_response/prompts/task_cost_x_0_80.txt,0ce5abc89cfa84d813d9e0550a597a21cb2fef8c050dea89ce0e38e1ad3c4cd3,b869f42ea3921777da5fad071f646050045f98fb0d17a8e359dca487cb84ad2e,3,V5_0975,P4,neutral,experiments/v5_robustness/prompts/P4/system_neutral.txt,experiments/v5_robustness/prompts/P4/task_costly.txt,X,x,v4_0657
v4_0673,heldout_07,v3_heldout_fixed_panel,water_lab,target_subtle,neutral,prompts/system_neutral.txt,modified,data/images/heldout/modified/heldout_07_target_subtle.jpg,007a4027ac7c41cabd1bf0068401f7c850da9ca660c7969c22b88ec2b96060e1,3,0.80,1.00,20,experiments/v4_cost_response/prompts/task_cost_x_0_80.txt,0ce5abc89cfa84d813d9e0550a597a21cb2fef8c050dea89ce0e38e1ad3c4cd3,b869f42ea3921777da5fad071f646050045f98fb0d17a8e359dca487cb84ad2e,1,V5_0976,P4,neutral,experiments/v5_robustness/prompts/P4/system_neutral.txt,experiments/v5_robustness/prompts/P4/task_costly.txt,X,x,v4_0673
v4_0674,heldout_07,v3_heldout_fixed_panel,water_lab,target_subtle,neutral,prompts/system_neutral.txt,modified,data/images/heldout/modified/heldout_07_target_subtle.jpg,007a4027ac7c41cabd1bf0068401f7c850da9ca660c7969c22b88ec2b96060e1,3,0.80,1.00,20,experiments/v4_cost_response/prompts/task_cost_x_0_80.txt,0ce5abc89cfa84d813d9e0550a597a21cb2fef8c050dea89ce0e38e1ad3c4cd3,b869f42ea3921777da5fad071f646050045f98fb0d17a8e359dca487cb84ad2e,2,V5_0977,P4,neutral,experiments/v5_robustness/prompts/P4/system_neutral.txt,experiments/v5_robustness/prompts/P4/task_costly.txt,X,x,v4_0674
v4_0675,heldout_07,v3_heldout_fixed_panel,water_lab,target_subtle,neutral,prompts/system_neutral.txt,modified,data/images/heldout/modified/heldout_07_target_subtle.jpg,007a4027ac7c41cabd1bf0068401f7c850da9ca660c7969c22b88ec2b96060e1,3,0.80,1.00,20,experiments/v4_cost_response/prompts/task_cost_x_0_80.txt,0ce5abc89cfa84d813d9e0550a597a21cb2fef8c050dea89ce0e38e1ad3c4cd3,b869f42ea3921777da5fad071f646050045f98fb0d17a8e359dca487cb84ad2e,3,V5_0978,P4,neutral,experiments/v5_robustness/prompts/P4/system_neutral.txt,experiments/v5_robustness/prompts/P4/task_costly.txt,X,x,v4_0675
v4_0691,heldout_07,v3_heldout_fixed_panel,water_lab,target_subtle,cue_bound,prompts/system_cue_bound.txt,clean,data/images/heldout/clean/heldout_07_clean.jpg,9ec4e2f8283e1d415ef3619f78abcf874da4857e6e3fcc33d6f680805d456fb4,3,0.80,1.00,20,experiments/v4_cost_response/prompts/task_cost_x_0_80.txt,0ce5abc89cfa84d813d9e0550a597a21cb2fef8c050dea89ce0e38e1ad3c4cd3,33ff7ba12da9c25a3728e0c96b2f3fd67c0d1bd0c536af71e6ec6e8de843a859,1,V5_0979,P4,cue_bound,experiments/v5_robustness/prompts/P4/system_cue_bound.txt,experiments/v5_robustness/prompts/P4/task_costly.txt,X,x,v4_0691
v4_0692,heldout_07,v3_heldout_fixed_panel,water_lab,target_subtle,cue_bound,prompts/system_cue_bound.txt,clean,data/images/heldout/clean/heldout_07_clean.jpg,9ec4e2f8283e1d415ef3619f78abcf874da4857e6e3fcc33d6f680805d456fb4,3,0.80,1.00,20,experiments/v4_cost_response/prompts/task_cost_x_0_80.txt,0ce5abc89cfa84d813d9e0550a597a21cb2fef8c050dea89ce0e38e1ad3c4cd3,33ff7ba12da9c25a3728e0c96b2f3fd67c0d1bd0c536af71e6ec6e8de843a859,2,V5_0980,P4,cue_bound,experiments/v5_robustness/prompts/P4/system_cue_bound.txt,experiments/v5_robustness/prompts/P4/task_costly.txt,X,x,v4_0692
v4_0693,heldout_07,v3_heldout_fixed_panel,water_lab,target_subtle,cue_bound,prompts/system_cue_bound.txt,clean,data/images/heldout/clean/heldout_07_clean.jpg,9ec4e2f8283e1d415ef3619f78abcf874da4857e6e3fcc33d6f680805d456fb4,3,0.80,1.00,20,experiments/v4_cost_response/prompts/task_cost_x_0_80.txt,0ce5abc89cfa84d813d9e0550a597a21cb2fef8c050dea89ce0e38e1ad3c4cd3,33ff7ba12da9c25a3728e0c96b2f3fd67c0d1bd0c536af71e6ec6e8de843a859,3,V5_0981,P4,cue_bound,experiments/v5_robustness/prompts/P4/system_cue_bound.txt,experiments/v5_robustness/prompts/P4/task_costly.txt,X,x,v4_0693
v4_0709,heldout_07,v3_heldout_fixed_panel,water_lab,target_subtle,cue_bound,prompts/system_cue_bound.txt,modified,data/images/heldout/modified/heldout_07_target_subtle.jpg,007a4027ac7c41cabd1bf0068401f7c850da9ca660c7969c22b88ec2b96060e1,3,0.80,1.00,20,experiments/v4_cost_response/prompts/task_cost_x_0_80.txt,0ce5abc89cfa84d813d9e0550a597a21cb2fef8c050dea89ce0e38e1ad3c4cd3,33ff7ba12da9c25a3728e0c96b2f3fd67c0d1bd0c536af71e6ec6e8de843a859,1,V5_0982,P4,cue_bound,experiments/v5_robustness/prompts/P4/system_cue_bound.txt,experiments/v5_robustness/prompts/P4/task_costly.txt,X,x,v4_0709
v4_0710,heldout_07,v3_heldout_fixed_panel,water_lab,target_subtle,cue_bound,prompts/system_cue_bound.txt,modified,data/images/heldout/modified/heldout_07_target_subtle.jpg,007a4027ac7c41cabd1bf0068401f7c850da9ca660c7969c22b88ec2b96060e1,3,0.80,1.00,20,experiments/v4_cost_response/prompts/task_cost_x_0_80.txt,0ce5abc89cfa84d813d9e0550a597a21cb2fef8c050dea89ce0e38e1ad3c4cd3,33ff7ba12da9c25a3728e0c96b2f3fd67c0d1bd0c536af71e6ec6e8de843a859,2,V5_0983,P4,cue_bound,experiments/v5_robustness/prompts/P4/system_cue_bound.txt,experiments/v5_robustness/prompts/P4/task_costly.txt,X,x,v4_0710
v4_0711,heldout_07,v3_heldout_fixed_panel,water_lab,target_subtle,cue_bound,prompts/system_cue_bound.txt,modified,data/images/heldout/modified/heldout_07_target_subtle.jpg,007a4027ac7c41cabd1bf0068401f7c850da9ca660c7969c22b88ec2b96060e1,3,0.80,1.00,20,experiments/v4_cost_response/prompts/task_cost_x_0_80.txt,0ce5abc89cfa84d813d9e0550a597a21cb2fef8c050dea89ce0e38e1ad3c4cd3,33ff7ba12da9c25a3728e0c96b2f3fd67c0d1bd0c536af71e6ec6e8de843a859,3,V5_0984,P4,cue_bound,experiments/v5_robustness/prompts/P4/system_cue_bound.txt,experiments/v5_robustness/prompts/P4/task_costly.txt,X,x,v4_0711
v4_0727,heldout_07,v3_heldout_fixed_panel,water_lab,target_subtle,generalized,prompts/system_generalized.txt,clean,data/images/heldout/clean/heldout_07_clean.jpg,9ec4e2f8283e1d415ef3619f78abcf874da4857e6e3fcc33d6f680805d456fb4,3,0.80,1.00,20,experiments/v4_cost_response/prompts/task_cost_x_0_80.txt,0ce5abc89cfa84d813d9e0550a597a21cb2fef8c050dea89ce0e38e1ad3c4cd3,1b17f7d53eb5fb6e22076dfc0961ade0c3f463f9c1e3ddd053e82bc8990faa80,1,V5_0985,P4,generalized,experiments/v5_robustness/prompts/P4/system_generalized.txt,experiments/v5_robustness/prompts/P4/task_costly.txt,X,x,v4_0727
v4_0728,heldout_07,v3_heldout_fixed_panel,water_lab,target_subtle,generalized,prompts/system_generalized.txt,clean,data/images/heldout/clean/heldout_07_clean.jpg,9ec4e2f8283e1d415ef3619f78abcf874da4857e6e3fcc33d6f680805d456fb4,3,0.80,1.00,20,experiments/v4_cost_response/prompts/task_cost_x_0_80.txt,0ce5abc89cfa84d813d9e0550a597a21cb2fef8c050dea89ce0e38e1ad3c4cd3,1b17f7d53eb5fb6e22076dfc0961ade0c3f463f9c1e3ddd053e82bc8990faa80,2,V5_0986,P4,generalized,experiments/v5_robustness/prompts/P4/system_generalized.txt,experiments/v5_robustness/prompts/P4/task_costly.txt,X,x,v4_0728
v4_0729,heldout_07,v3_heldout_fixed_panel,water_lab,target_subtle,generalized,prompts/system_generalized.txt,clean,data/images/heldout/clean/heldout_07_clean.jpg,9ec4e2f8283e1d415ef3619f78abcf874da4857e6e3fcc33d6f680805d456fb4,3,0.80,1.00,20,experiments/v4_cost_response/prompts/task_cost_x_0_80.txt,0ce5abc89cfa84d813d9e0550a597a21cb2fef8c050dea89ce0e38e1ad3c4cd3,1b17f7d53eb5fb6e22076dfc0961ade0c3f463f9c1e3ddd053e82bc8990faa80,3,V5_0987,P4,generalized,experiments/v5_robustness/prompts/P4/system_generalized.txt,experiments/v5_robustness/prompts/P4/task_costly.txt,X,x,v4_0729
v4_0745,heldout_07,v3_heldout_fixed_panel,water_lab,target_subtle,generalized,prompts/system_generalized.txt,modified,data/images/heldout/modified/heldout_07_target_subtle.jpg,007a4027ac7c41cabd1bf0068401f7c850da9ca660c7969c22b88ec2b96060e1,3,0.80,1.00,20,experiments/v4_cost_response/prompts/task_cost_x_0_80.txt,0ce5abc89cfa84d813d9e0550a597a21cb2fef8c050dea89ce0e38e1ad3c4cd3,1b17f7d53eb5fb6e22076dfc0961ade0c3f463f9c1e3ddd053e82bc8990faa80,1,V5_0988,P4,generalized,experiments/v5_robustness/prompts/P4/system_generalized.txt,experiments/v5_robustness/prompts/P4/task_costly.txt,X,x,v4_0745
v4_0746,heldout_07,v3_heldout_fixed_panel,water_lab,target_subtle,generalized,prompts/system_generalized.txt,modified,data/images/heldout/modified/heldout_07_target_subtle.jpg,007a4027ac7c41cabd1bf0068401f7c850da9ca660c7969c22b88ec2b96060e1,3,0.80,1.00,20,experiments/v4_cost_response/prompts/task_cost_x_0_80.txt,0ce5abc89cfa84d813d9e0550a597a21cb2fef8c050dea89ce0e38e1ad3c4cd3,1b17f7d53eb5fb6e22076dfc0961ade0c3f463f9c1e3ddd053e82bc8990faa80,2,V5_0989,P4,generalized,experiments/v5_robustness/prompts/P4/system_generalized.txt,experiments/v5_robustness/prompts/P4/task_costly.txt,X,x,v4_0746
v4_0747,heldout_07,v3_heldout_fixed_panel,water_lab,target_subtle,generalized,prompts/system_generalized.txt,modified,data/images/heldout/modified/heldout_07_target_subtle.jpg,007a4027ac7c41cabd1bf0068401f7c850da9ca660c7969c22b88ec2b96060e1,3,0.80,1.00,20,experiments/v4_cost_response/prompts/task_cost_x_0_80.txt,0ce5abc89cfa84d813d9e0550a597a21cb2fef8c050dea89ce0e38e1ad3c4cd3,1b17f7d53eb5fb6e22076dfc0961ade0c3f463f9c1e3ddd053e82bc8990faa80,3,V5_0990,P4,generalized,experiments/v5_robustness/prompts/P4/system_generalized.txt,experiments/v5_robustness/prompts/P4/task_costly.txt,X,x,v4_0747
v4_0763,heldout_08,v3_heldout_fixed_panel,wildlife_station,target_subtle,neutral,prompts/system_neutral.txt,clean,data/images/heldout/clean/heldout_08_clean.jpg,4a94bc2061f06199392b2819ef9623a5ccc9010ceb0a152e1818f9e1d56cf107,3,0.80,1.00,20,experiments/v4_cost_response/prompts/task_cost_x_0_80.txt,0ce5abc89cfa84d813d9e0550a597a21cb2fef8c050dea89ce0e38e1ad3c4cd3,b869f42ea3921777da5fad071f646050045f98fb0d17a8e359dca487cb84ad2e,1,V5_0991,P4,neutral,experiments/v5_robustness/prompts/P4/system_neutral.txt,experiments/v5_robustness/prompts/P4/task_costly.txt,X,x,v4_0763
v4_0764,heldout_08,v3_heldout_fixed_panel,wildlife_station,target_subtle,neutral,prompts/system_neutral.txt,clean,data/images/heldout/clean/heldout_08_clean.jpg,4a94bc2061f06199392b2819ef9623a5ccc9010ceb0a152e1818f9e1d56cf107,3,0.80,1.00,20,experiments/v4_cost_response/prompts/task_cost_x_0_80.txt,0ce5abc89cfa84d813d9e0550a597a21cb2fef8c050dea89ce0e38e1ad3c4cd3,b869f42ea3921777da5fad071f646050045f98fb0d17a8e359dca487cb84ad2e,2,V5_0992,P4,neutral,experiments/v5_robustness/prompts/P4/system_neutral.txt,experiments/v5_robustness/prompts/P4/task_costly.txt,X,x,v4_0764
v4_0765,heldout_08,v3_heldout_fixed_panel,wildlife_station,target_subtle,neutral,prompts/system_neutral.txt,clean,data/images/heldout/clean/heldout_08_clean.jpg,4a94bc2061f06199392b2819ef9623a5ccc9010ceb0a152e1818f9e1d56cf107,3,0.80,1.00,20,experiments/v4_cost_response/prompts/task_cost_x_0_80.txt,0ce5abc89cfa84d813d9e0550a597a21cb2fef8c050dea89ce0e38e1ad3c4cd3,b869f42ea3921777da5fad071f646050045f98fb0d17a8e359dca487cb84ad2e,3,V5_0993,P4,neutral,experiments/v5_robustness/prompts/P4/system_neutral.txt,experiments/v5_robustness/prompts/P4/task_costly.txt,X,x,v4_0765
v4_0781,heldout_08,v3_heldout_fixed_panel,wildlife_station,target_subtle,neutral,prompts/system_neutral.txt,modified,data/images/heldout/modified/heldout_08_target_subtle.jpg,cc83bf37b69592809f245e0c6dde7b290178b6f3747df20956fa4880a051c22a,3,0.80,1.00,20,experiments/v4_cost_response/prompts/task_cost_x_0_80.txt,0ce5abc89cfa84d813d9e0550a597a21cb2fef8c050dea89ce0e38e1ad3c4cd3,b869f42ea3921777da5fad071f646050045f98fb0d17a8e359dca487cb84ad2e,1,V5_0994,P4,neutral,experiments/v5_robustness/prompts/P4/system_neutral.txt,experiments/v5_robustness/prompts/P4/task_costly.txt,X,x,v4_0781
v4_0782,heldout_08,v3_heldout_fixed_panel,wildlife_station,target_subtle,neutral,prompts/system_neutral.txt,modified,data/images/heldout/modified/heldout_08_target_subtle.jpg,cc83bf37b69592809f245e0c6dde7b290178b6f3747df20956fa4880a051c22a,3,0.80,1.00,20,experiments/v4_cost_response/prompts/task_cost_x_0_80.txt,0ce5abc89cfa84d813d9e0550a597a21cb2fef8c050dea89ce0e38e1ad3c4cd3,b869f42ea3921777da5fad071f646050045f98fb0d17a8e359dca487cb84ad2e,2,V5_0995,P4,neutral,experiments/v5_robustness/prompts/P4/system_neutral.txt,experiments/v5_robustness/prompts/P4/task_costly.txt,X,x,v4_0782
v4_0783,heldout_08,v3_heldout_fixed_panel,wildlife_station,target_subtle,neutral,prompts/system_neutral.txt,modified,data/images/heldout/modified/heldout_08_target_subtle.jpg,cc83bf37b69592809f245e0c6dde7b290178b6f3747df20956fa4880a051c22a,3,0.80,1.00,20,experiments/v4_cost_response/prompts/task_cost_x_0_80.txt,0ce5abc89cfa84d813d9e0550a597a21cb2fef8c050dea89ce0e38e1ad3c4cd3,b869f42ea3921777da5fad071f646050045f98fb0d17a8e359dca487cb84ad2e,3,V5_0996,P4,neutral,experiments/v5_robustness/prompts/P4/system_neutral.txt,experiments/v5_robustness/prompts/P4/task_costly.txt,X,x,v4_0783
v4_0799,heldout_08,v3_heldout_fixed_panel,wildlife_station,target_subtle,cue_bound,prompts/system_cue_bound.txt,clean,data/images/heldout/clean/heldout_08_clean.jpg,4a94bc2061f06199392b2819ef9623a5ccc9010ceb0a152e1818f9e1d56cf107,3,0.80,1.00,20,experiments/v4_cost_response/prompts/task_cost_x_0_80.txt,0ce5abc89cfa84d813d9e0550a597a21cb2fef8c050dea89ce0e38e1ad3c4cd3,33ff7ba12da9c25a3728e0c96b2f3fd67c0d1bd0c536af71e6ec6e8de843a859,1,V5_0997,P4,cue_bound,experiments/v5_robustness/prompts/P4/system_cue_bound.txt,experiments/v5_robustness/prompts/P4/task_costly.txt,X,x,v4_0799
v4_0800,heldout_08,v3_heldout_fixed_panel,wildlife_station,target_subtle,cue_bound,prompts/system_cue_bound.txt,clean,data/images/heldout/clean/heldout_08_clean.jpg,4a94bc2061f06199392b2819ef9623a5ccc9010ceb0a152e1818f9e1d56cf107,3,0.80,1.00,20,experiments/v4_cost_response/prompts/task_cost_x_0_80.txt,0ce5abc89cfa84d813d9e0550a597a21cb2fef8c050dea89ce0e38e1ad3c4cd3,33ff7ba12da9c25a3728e0c96b2f3fd67c0d1bd0c536af71e6ec6e8de843a859,2,V5_0998,P4,cue_bound,experiments/v5_robustness/prompts/P4/system_cue_bound.txt,experiments/v5_robustness/prompts/P4/task_costly.txt,X,x,v4_0800
v4_0801,heldout_08,v3_heldout_fixed_panel,wildlife_station,target_subtle,cue_bound,prompts/system_cue_bound.txt,clean,data/images/heldout/clean/heldout_08_clean.jpg,4a94bc2061f06199392b2819ef9623a5ccc9010ceb0a152e1818f9e1d56cf107,3,0.80,1.00,20,experiments/v4_cost_response/prompts/task_cost_x_0_80.txt,0ce5abc89cfa84d813d9e0550a597a21cb2fef8c050dea89ce0e38e1ad3c4cd3,33ff7ba12da9c25a3728e0c96b2f3fd67c0d1bd0c536af71e6ec6e8de843a859,3,V5_0999,P4,cue_bound,experiments/v5_robustness/prompts/P4/system_cue_bound.txt,experiments/v5_robustness/prompts/P4/task_costly.txt,X,x,v4_0801
v4_0817,heldout_08,v3_heldout_fixed_panel,wildlife_station,target_subtle,cue_bound,prompts/system_cue_bound.txt,modified,data/images/heldout/modified/heldout_08_target_subtle.jpg,cc83bf37b69592809f245e0c6dde7b290178b6f3747df20956fa4880a051c22a,3,0.80,1.00,20,experiments/v4_cost_response/prompts/task_cost_x_0_80.txt,0ce5abc89cfa84d813d9e0550a597a21cb2fef8c050dea89ce0e38e1ad3c4cd3,33ff7ba12da9c25a3728e0c96b2f3fd67c0d1bd0c536af71e6ec6e8de843a859,1,V5_1000,P4,cue_bound,experiments/v5_robustness/prompts/P4/system_cue_bound.txt,experiments/v5_robustness/prompts/P4/task_costly.txt,X,x,v4_0817
v4_0818,heldout_08,v3_heldout_fixed_panel,wildlife_station,target_subtle,cue_bound,prompts/system_cue_bound.txt,modified,data/images/heldout/modified/heldout_08_target_subtle.jpg,cc83bf37b69592809f245e0c6dde7b290178b6f3747df20956fa4880a051c22a,3,0.80,1.00,20,experiments/v4_cost_response/prompts/task_cost_x_0_80.txt,0ce5abc89cfa84d813d9e0550a597a21cb2fef8c050dea89ce0e38e1ad3c4cd3,33ff7ba12da9c25a3728e0c96b2f3fd67c0d1bd0c536af71e6ec6e8de843a859,2,V5_1001,P4,cue_bound,experiments/v5_robustness/prompts/P4/system_cue_bound.txt,experiments/v5_robustness/prompts/P4/task_costly.txt,X,x,v4_0818
v4_0819,heldout_08,v3_heldout_fixed_panel,wildlife_station,target_subtle,cue_bound,prompts/system_cue_bound.txt,modified,data/images/heldout/modified/heldout_08_target_subtle.jpg,cc83bf37b69592809f245e0c6dde7b290178b6f3747df20956fa4880a051c22a,3,0.80,1.00,20,experiments/v4_cost_response/prompts/task_cost_x_0_80.txt,0ce5abc89cfa84d813d9e0550a597a21cb2fef8c050dea89ce0e38e1ad3c4cd3,33ff7ba12da9c25a3728e0c96b2f3fd67c0d1bd0c536af71e6ec6e8de843a859,3,V5_1002,P4,cue_bound,experiments/v5_robustness/prompts/P4/system_cue_bound.txt,experiments/v5_robustness/prompts/P4/task_costly.txt,X,x,v4_0819
v4_0835,heldout_08,v3_heldout_fixed_panel,wildlife_station,target_subtle,generalized,prompts/system_generalized.txt,clean,data/images/heldout/clean/heldout_08_clean.jpg,4a94bc2061f06199392b2819ef9623a5ccc9010ceb0a152e1818f9e1d56cf107,3,0.80,1.00,20,experiments/v4_cost_response/prompts/task_cost_x_0_80.txt,0ce5abc89cfa84d813d9e0550a597a21cb2fef8c050dea89ce0e38e1ad3c4cd3,1b17f7d53eb5fb6e22076dfc0961ade0c3f463f9c1e3ddd053e82bc8990faa80,1,V5_1003,P4,generalized,experiments/v5_robustness/prompts/P4/system_generalized.txt,experiments/v5_robustness/prompts/P4/task_costly.txt,X,x,v4_0835
v4_0836,heldout_08,v3_heldout_fixed_panel,wildlife_station,target_subtle,generalized,prompts/system_generalized.txt,clean,data/images/heldout/clean/heldout_08_clean.jpg,4a94bc2061f06199392b2819ef9623a5ccc9010ceb0a152e1818f9e1d56cf107,3,0.80,1.00,20,experiments/v4_cost_response/prompts/task_cost_x_0_80.txt,0ce5abc89cfa84d813d9e0550a597a21cb2fef8c050dea89ce0e38e1ad3c4cd3,1b17f7d53eb5fb6e22076dfc0961ade0c3f463f9c1e3ddd053e82bc8990faa80,2,V5_1004,P4,generalized,experiments/v5_robustness/prompts/P4/system_generalized.txt,experiments/v5_robustness/prompts/P4/task_costly.txt,X,x,v4_0836
v4_0837,heldout_08,v3_heldout_fixed_panel,wildlife_station,target_subtle,generalized,prompts/system_generalized.txt,clean,data/images/heldout/clean/heldout_08_clean.jpg,4a94bc2061f06199392b2819ef9623a5ccc9010ceb0a152e1818f9e1d56cf107,3,0.80,1.00,20,experiments/v4_cost_response/prompts/task_cost_x_0_80.txt,0ce5abc89cfa84d813d9e0550a597a21cb2fef8c050dea89ce0e38e1ad3c4cd3,1b17f7d53eb5fb6e22076dfc0961ade0c3f463f9c1e3ddd053e82bc8990faa80,3,V5_1005,P4,generalized,experiments/v5_robustness/prompts/P4/system_generalized.txt,experiments/v5_robustness/prompts/P4/task_costly.txt,X,x,v4_0837
v4_0853,heldout_08,v3_heldout_fixed_panel,wildlife_station,target_subtle,generalized,prompts/system_generalized.txt,modified,data/images/heldout/modified/heldout_08_target_subtle.jpg,cc83bf37b69592809f245e0c6dde7b290178b6f3747df20956fa4880a051c22a,3,0.80,1.00,20,experiments/v4_cost_response/prompts/task_cost_x_0_80.txt,0ce5abc89cfa84d813d9e0550a597a21cb2fef8c050dea89ce0e38e1ad3c4cd3,1b17f7d53eb5fb6e22076dfc0961ade0c3f463f9c1e3ddd053e82bc8990faa80,1,V5_1006,P4,generalized,experiments/v5_robustness/prompts/P4/system_generalized.txt,experiments/v5_robustness/prompts/P4/task_costly.txt,X,x,v4_0853
v4_0854,heldout_08,v3_heldout_fixed_panel,wildlife_station,target_subtle,generalized,prompts/system_generalized.txt,modified,data/images/heldout/modified/heldout_08_target_subtle.jpg,cc83bf37b69592809f245e0c6dde7b290178b6f3747df20956fa4880a051c22a,3,0.80,1.00,20,experiments/v4_cost_response/prompts/task_cost_x_0_80.txt,0ce5abc89cfa84d813d9e0550a597a21cb2fef8c050dea89ce0e38e1ad3c4cd3,1b17f7d53eb5fb6e22076dfc0961ade0c3f463f9c1e3ddd053e82bc8990faa80,2,V5_1007,P4,generalized,experiments/v5_robustness/prompts/P4/system_generalized.txt,experiments/v5_robustness/prompts/P4/task_costly.txt,X,x,v4_0854
v4_0855,heldout_08,v3_heldout_fixed_panel,wildlife_station,target_subtle,generalized,prompts/system_generalized.txt,modified,data/images/heldout/modified/heldout_08_target_subtle.jpg,cc83bf37b69592809f245e0c6dde7b290178b6f3747df20956fa4880a051c22a,3,0.80,1.00,20,experiments/v4_cost_response/prompts/task_cost_x_0_80.txt,0ce5abc89cfa84d813d9e0550a597a21cb2fef8c050dea89ce0e38e1ad3c4cd3,1b17f7d53eb5fb6e22076dfc0961ade0c3f463f9c1e3ddd053e82bc8990faa80,3,V5_1008,P4,generalized,experiments/v5_robustness/prompts/P4/system_generalized.txt,experiments/v5_robustness/prompts/P4/task_costly.txt,X,x,v4_0855
v4_0871,heldout_09,v3_heldout_fixed_panel,disaster_logistics,target_subtle,neutral,prompts/system_neutral.txt,clean,data/images/heldout/clean/heldout_09_clean.jpg,2c97d89622e30ebe6b7b1139ecd3191a68735d26988f896790ce397fd4fd2677,3,0.80,1.00,20,experiments/v4_cost_response/prompts/task_cost_x_0_80.txt,0ce5abc89cfa84d813d9e0550a597a21cb2fef8c050dea89ce0e38e1ad3c4cd3,b869f42ea3921777da5fad071f646050045f98fb0d17a8e359dca487cb84ad2e,1,V5_1009,P4,neutral,experiments/v5_robustness/prompts/P4/system_neutral.txt,experiments/v5_robustness/prompts/P4/task_costly.txt,X,x,v4_0871
v4_0872,heldout_09,v3_heldout_fixed_panel,disaster_logistics,target_subtle,neutral,prompts/system_neutral.txt,clean,data/images/heldout/clean/heldout_09_clean.jpg,2c97d89622e30ebe6b7b1139ecd3191a68735d26988f896790ce397fd4fd2677,3,0.80,1.00,20,experiments/v4_cost_response/prompts/task_cost_x_0_80.txt,0ce5abc89cfa84d813d9e0550a597a21cb2fef8c050dea89ce0e38e1ad3c4cd3,b869f42ea3921777da5fad071f646050045f98fb0d17a8e359dca487cb84ad2e,2,V5_1010,P4,neutral,experiments/v5_robustness/prompts/P4/system_neutral.txt,experiments/v5_robustness/prompts/P4/task_costly.txt,X,x,v4_0872
v4_0873,heldout_09,v3_heldout_fixed_panel,disaster_logistics,target_subtle,neutral,prompts/system_neutral.txt,clean,data/images/heldout/clean/heldout_09_clean.jpg,2c97d89622e30ebe6b7b1139ecd3191a68735d26988f896790ce397fd4fd2677,3,0.80,1.00,20,experiments/v4_cost_response/prompts/task_cost_x_0_80.txt,0ce5abc89cfa84d813d9e0550a597a21cb2fef8c050dea89ce0e38e1ad3c4cd3,b869f42ea3921777da5fad071f646050045f98fb0d17a8e359dca487cb84ad2e,3,V5_1011,P4,neutral,experiments/v5_robustness/prompts/P4/system_neutral.txt,experiments/v5_robustness/prompts/P4/task_costly.txt,X,x,v4_0873
v4_0889,heldout_09,v3_heldout_fixed_panel,disaster_logistics,target_subtle,neutral,prompts/system_neutral.txt,modified,data/images/heldout/modified/heldout_09_target_subtle.jpg,9990a52fd7626d49cbe3e4f7238306cf60d9abeacb7ba98196d9dd67162fb1e8,3,0.80,1.00,20,experiments/v4_cost_response/prompts/task_cost_x_0_80.txt,0ce5abc89cfa84d813d9e0550a597a21cb2fef8c050dea89ce0e38e1ad3c4cd3,b869f42ea3921777da5fad071f646050045f98fb0d17a8e359dca487cb84ad2e,1,V5_1012,P4,neutral,experiments/v5_robustness/prompts/P4/system_neutral.txt,experiments/v5_robustness/prompts/P4/task_costly.txt,X,x,v4_0889
v4_0890,heldout_09,v3_heldout_fixed_panel,disaster_logistics,target_subtle,neutral,prompts/system_neutral.txt,modified,data/images/heldout/modified/heldout_09_target_subtle.jpg,9990a52fd7626d49cbe3e4f7238306cf60d9abeacb7ba98196d9dd67162fb1e8,3,0.80,1.00,20,experiments/v4_cost_response/prompts/task_cost_x_0_80.txt,0ce5abc89cfa84d813d9e0550a597a21cb2fef8c050dea89ce0e38e1ad3c4cd3,b869f42ea3921777da5fad071f646050045f98fb0d17a8e359dca487cb84ad2e,2,V5_1013,P4,neutral,experiments/v5_robustness/prompts/P4/system_neutral.txt,experiments/v5_robustness/prompts/P4/task_costly.txt,X,x,v4_0890
v4_0891,heldout_09,v3_heldout_fixed_panel,disaster_logistics,target_subtle,neutral,prompts/system_neutral.txt,modified,data/images/heldout/modified/heldout_09_target_subtle.jpg,9990a52fd7626d49cbe3e4f7238306cf60d9abeacb7ba98196d9dd67162fb1e8,3,0.80,1.00,20,experiments/v4_cost_response/prompts/task_cost_x_0_80.txt,0ce5abc89cfa84d813d9e0550a597a21cb2fef8c050dea89ce0e38e1ad3c4cd3,b869f42ea3921777da5fad071f646050045f98fb0d17a8e359dca487cb84ad2e,3,V5_1014,P4,neutral,experiments/v5_robustness/prompts/P4/system_neutral.txt,experiments/v5_robustness/prompts/P4/task_costly.txt,X,x,v4_0891
v4_0907,heldout_09,v3_heldout_fixed_panel,disaster_logistics,target_subtle,cue_bound,prompts/system_cue_bound.txt,clean,data/images/heldout/clean/heldout_09_clean.jpg,2c97d89622e30ebe6b7b1139ecd3191a68735d26988f896790ce397fd4fd2677,3,0.80,1.00,20,experiments/v4_cost_response/prompts/task_cost_x_0_80.txt,0ce5abc89cfa84d813d9e0550a597a21cb2fef8c050dea89ce0e38e1ad3c4cd3,33ff7ba12da9c25a3728e0c96b2f3fd67c0d1bd0c536af71e6ec6e8de843a859,1,V5_1015,P4,cue_bound,experiments/v5_robustness/prompts/P4/system_cue_bound.txt,experiments/v5_robustness/prompts/P4/task_costly.txt,X,x,v4_0907
v4_0908,heldout_09,v3_heldout_fixed_panel,disaster_logistics,target_subtle,cue_bound,prompts/system_cue_bound.txt,clean,data/images/heldout/clean/heldout_09_clean.jpg,2c97d89622e30ebe6b7b1139ecd3191a68735d26988f896790ce397fd4fd2677,3,0.80,1.00,20,experiments/v4_cost_response/prompts/task_cost_x_0_80.txt,0ce5abc89cfa84d813d9e0550a597a21cb2fef8c050dea89ce0e38e1ad3c4cd3,33ff7ba12da9c25a3728e0c96b2f3fd67c0d1bd0c536af71e6ec6e8de843a859,2,V5_1016,P4,cue_bound,experiments/v5_robustness/prompts/P4/system_cue_bound.txt,experiments/v5_robustness/prompts/P4/task_costly.txt,X,x,v4_0908
v4_0909,heldout_09,v3_heldout_fixed_panel,disaster_logistics,target_subtle,cue_bound,prompts/system_cue_bound.txt,clean,data/images/heldout/clean/heldout_09_clean.jpg,2c97d89622e30ebe6b7b1139ecd3191a68735d26988f896790ce397fd4fd2677,3,0.80,1.00,20,experiments/v4_cost_response/prompts/task_cost_x_0_80.txt,0ce5abc89cfa84d813d9e0550a597a21cb2fef8c050dea89ce0e38e1ad3c4cd3,33ff7ba12da9c25a3728e0c96b2f3fd67c0d1bd0c536af71e6ec6e8de843a859,3,V5_1017,P4,cue_bound,experiments/v5_robustness/prompts/P4/system_cue_bound.txt,experiments/v5_robustness/prompts/P4/task_costly.txt,X,x,v4_0909
v4_0925,heldout_09,v3_heldout_fixed_panel,disaster_logistics,target_subtle,cue_bound,prompts/system_cue_bound.txt,modified,data/images/heldout/modified/heldout_09_target_subtle.jpg,9990a52fd7626d49cbe3e4f7238306cf60d9abeacb7ba98196d9dd67162fb1e8,3,0.80,1.00,20,experiments/v4_cost_response/prompts/task_cost_x_0_80.txt,0ce5abc89cfa84d813d9e0550a597a21cb2fef8c050dea89ce0e38e1ad3c4cd3,33ff7ba12da9c25a3728e0c96b2f3fd67c0d1bd0c536af71e6ec6e8de843a859,1,V5_1018,P4,cue_bound,experiments/v5_robustness/prompts/P4/system_cue_bound.txt,experiments/v5_robustness/prompts/P4/task_costly.txt,X,x,v4_0925
v4_0926,heldout_09,v3_heldout_fixed_panel,disaster_logistics,target_subtle,cue_bound,prompts/system_cue_bound.txt,modified,data/images/heldout/modified/heldout_09_target_subtle.jpg,9990a52fd7626d49cbe3e4f7238306cf60d9abeacb7ba98196d9dd67162fb1e8,3,0.80,1.00,20,experiments/v4_cost_response/prompts/task_cost_x_0_80.txt,0ce5abc89cfa84d813d9e0550a597a21cb2fef8c050dea89ce0e38e1ad3c4cd3,33ff7ba12da9c25a3728e0c96b2f3fd67c0d1bd0c536af71e6ec6e8de843a859,2,V5_1019,P4,cue_bound,experiments/v5_robustness/prompts/P4/system_cue_bound.txt,experiments/v5_robustness/prompts/P4/task_costly.txt,X,x,v4_0926
v4_0927,heldout_09,v3_heldout_fixed_panel,disaster_logistics,target_subtle,cue_bound,prompts/system_cue_bound.txt,modified,data/images/heldout/modified/heldout_09_target_subtle.jpg,9990a52fd7626d49cbe3e4f7238306cf60d9abeacb7ba98196d9dd67162fb1e8,3,0.80,1.00,20,experiments/v4_cost_response/prompts/task_cost_x_0_80.txt,0ce5abc89cfa84d813d9e0550a597a21cb2fef8c050dea89ce0e38e1ad3c4cd3,33ff7ba12da9c25a3728e0c96b2f3fd67c0d1bd0c536af71e6ec6e8de843a859,3,V5_1020,P4,cue_bound,experiments/v5_robustness/prompts/P4/system_cue_bound.txt,experiments/v5_robustness/prompts/P4/task_costly.txt,X,x,v4_0927
v4_0943,heldout_09,v3_heldout_fixed_panel,disaster_logistics,target_subtle,generalized,prompts/system_generalized.txt,clean,data/images/heldout/clean/heldout_09_clean.jpg,2c97d89622e30ebe6b7b1139ecd3191a68735d26988f896790ce397fd4fd2677,3,0.80,1.00,20,experiments/v4_cost_response/prompts/task_cost_x_0_80.txt,0ce5abc89cfa84d813d9e0550a597a21cb2fef8c050dea89ce0e38e1ad3c4cd3,1b17f7d53eb5fb6e22076dfc0961ade0c3f463f9c1e3ddd053e82bc8990faa80,1,V5_1021,P4,generalized,experiments/v5_robustness/prompts/P4/system_generalized.txt,experiments/v5_robustness/prompts/P4/task_costly.txt,X,x,v4_0943
v4_0944,heldout_09,v3_heldout_fixed_panel,disaster_logistics,target_subtle,generalized,prompts/system_generalized.txt,clean,data/images/heldout/clean/heldout_09_clean.jpg,2c97d89622e30ebe6b7b1139ecd3191a68735d26988f896790ce397fd4fd2677,3,0.80,1.00,20,experiments/v4_cost_response/prompts/task_cost_x_0_80.txt,0ce5abc89cfa84d813d9e0550a597a21cb2fef8c050dea89ce0e38e1ad3c4cd3,1b17f7d53eb5fb6e22076dfc0961ade0c3f463f9c1e3ddd053e82bc8990faa80,2,V5_1022,P4,generalized,experiments/v5_robustness/prompts/P4/system_generalized.txt,experiments/v5_robustness/prompts/P4/task_costly.txt,X,x,v4_0944
v4_0945,heldout_09,v3_heldout_fixed_panel,disaster_logistics,target_subtle,generalized,prompts/system_generalized.txt,clean,data/images/heldout/clean/heldout_09_clean.jpg,2c97d89622e30ebe6b7b1139ecd3191a68735d26988f896790ce397fd4fd2677,3,0.80,1.00,20,experiments/v4_cost_response/prompts/task_cost_x_0_80.txt,0ce5abc89cfa84d813d9e0550a597a21cb2fef8c050dea89ce0e38e1ad3c4cd3,1b17f7d53eb5fb6e22076dfc0961ade0c3f463f9c1e3ddd053e82bc8990faa80,3,V5_1023,P4,generalized,experiments/v5_robustness/prompts/P4/system_generalized.txt,experiments/v5_robustness/prompts/P4/task_costly.txt,X,x,v4_0945
v4_0961,heldout_09,v3_heldout_fixed_panel,disaster_logistics,target_subtle,generalized,prompts/system_generalized.txt,modified,data/images/heldout/modified/heldout_09_target_subtle.jpg,9990a52fd7626d49cbe3e4f7238306cf60d9abeacb7ba98196d9dd67162fb1e8,3,0.80,1.00,20,experiments/v4_cost_response/prompts/task_cost_x_0_80.txt,0ce5abc89cfa84d813d9e0550a597a21cb2fef8c050dea89ce0e38e1ad3c4cd3,1b17f7d53eb5fb6e22076dfc0961ade0c3f463f9c1e3ddd053e82bc8990faa80,1,V5_1024,P4,generalized,experiments/v5_robustness/prompts/P4/system_generalized.txt,experiments/v5_robustness/prompts/P4/task_costly.txt,X,x,v4_0961
v4_0962,heldout_09,v3_heldout_fixed_panel,disaster_logistics,target_subtle,generalized,prompts/system_generalized.txt,modified,data/images/heldout/modified/heldout_09_target_subtle.jpg,9990a52fd7626d49cbe3e4f7238306cf60d9abeacb7ba98196d9dd67162fb1e8,3,0.80,1.00,20,experiments/v4_cost_response/prompts/task_cost_x_0_80.txt,0ce5abc89cfa84d813d9e0550a597a21cb2fef8c050dea89ce0e38e1ad3c4cd3,1b17f7d53eb5fb6e22076dfc0961ade0c3f463f9c1e3ddd053e82bc8990faa80,2,V5_1025,P4,generalized,experiments/v5_robustness/prompts/P4/system_generalized.txt,experiments/v5_robustness/prompts/P4/task_costly.txt,X,x,v4_0962
v4_0963,heldout_09,v3_heldout_fixed_panel,disaster_logistics,target_subtle,generalized,prompts/system_generalized.txt,modified,data/images/heldout/modified/heldout_09_target_subtle.jpg,9990a52fd7626d49cbe3e4f7238306cf60d9abeacb7ba98196d9dd67162fb1e8,3,0.80,1.00,20,experiments/v4_cost_response/prompts/task_cost_x_0_80.txt,0ce5abc89cfa84d813d9e0550a597a21cb2fef8c050dea89ce0e38e1ad3c4cd3,1b17f7d53eb5fb6e22076dfc0961ade0c3f463f9c1e3ddd053e82bc8990faa80,3,V5_1026,P4,generalized,experiments/v5_robustness/prompts/P4/system_generalized.txt,experiments/v5_robustness/prompts/P4/task_costly.txt,X,x,v4_0963
v4_0979,heldout_10,v3_heldout_fixed_panel,recycling_facility,distractor_clear,neutral,prompts/system_neutral.txt,clean,data/images/heldout/clean/heldout_10_clean.jpg,94e569e89b596809cf79e92103c8a8afe5ad1031d2aa77cefb17e0c57bb1d356,3,0.80,1.00,20,experiments/v4_cost_response/prompts/task_cost_x_0_80.txt,0ce5abc89cfa84d813d9e0550a597a21cb2fef8c050dea89ce0e38e1ad3c4cd3,b869f42ea3921777da5fad071f646050045f98fb0d17a8e359dca487cb84ad2e,1,V5_1027,P4,neutral,experiments/v5_robustness/prompts/P4/system_neutral.txt,experiments/v5_robustness/prompts/P4/task_costly.txt,X,x,v4_0979
v4_0980,heldout_10,v3_heldout_fixed_panel,recycling_facility,distractor_clear,neutral,prompts/system_neutral.txt,clean,data/images/heldout/clean/heldout_10_clean.jpg,94e569e89b596809cf79e92103c8a8afe5ad1031d2aa77cefb17e0c57bb1d356,3,0.80,1.00,20,experiments/v4_cost_response/prompts/task_cost_x_0_80.txt,0ce5abc89cfa84d813d9e0550a597a21cb2fef8c050dea89ce0e38e1ad3c4cd3,b869f42ea3921777da5fad071f646050045f98fb0d17a8e359dca487cb84ad2e,2,V5_1028,P4,neutral,experiments/v5_robustness/prompts/P4/system_neutral.txt,experiments/v5_robustness/prompts/P4/task_costly.txt,X,x,v4_0980
v4_0981,heldout_10,v3_heldout_fixed_panel,recycling_facility,distractor_clear,neutral,prompts/system_neutral.txt,clean,data/images/heldout/clean/heldout_10_clean.jpg,94e569e89b596809cf79e92103c8a8afe5ad1031d2aa77cefb17e0c57bb1d356,3,0.80,1.00,20,experiments/v4_cost_response/prompts/task_cost_x_0_80.txt,0ce5abc89cfa84d813d9e0550a597a21cb2fef8c050dea89ce0e38e1ad3c4cd3,b869f42ea3921777da5fad071f646050045f98fb0d17a8e359dca487cb84ad2e,3,V5_1029,P4,neutral,experiments/v5_robustness/prompts/P4/system_neutral.txt,experiments/v5_robustness/prompts/P4/task_costly.txt,X,x,v4_0981
v4_0997,heldout_10,v3_heldout_fixed_panel,recycling_facility,distractor_clear,neutral,prompts/system_neutral.txt,modified,data/images/heldout/modified/heldout_10_distractor_clear.jpg,a5abd90c4d4a384def740f004f6a7a00a01b50bdfeb12396228a54c47b66bf7f,3,0.80,1.00,20,experiments/v4_cost_response/prompts/task_cost_x_0_80.txt,0ce5abc89cfa84d813d9e0550a597a21cb2fef8c050dea89ce0e38e1ad3c4cd3,b869f42ea3921777da5fad071f646050045f98fb0d17a8e359dca487cb84ad2e,1,V5_1030,P4,neutral,experiments/v5_robustness/prompts/P4/system_neutral.txt,experiments/v5_robustness/prompts/P4/task_costly.txt,X,x,v4_0997
v4_0998,heldout_10,v3_heldout_fixed_panel,recycling_facility,distractor_clear,neutral,prompts/system_neutral.txt,modified,data/images/heldout/modified/heldout_10_distractor_clear.jpg,a5abd90c4d4a384def740f004f6a7a00a01b50bdfeb12396228a54c47b66bf7f,3,0.80,1.00,20,experiments/v4_cost_response/prompts/task_cost_x_0_80.txt,0ce5abc89cfa84d813d9e0550a597a21cb2fef8c050dea89ce0e38e1ad3c4cd3,b869f42ea3921777da5fad071f646050045f98fb0d17a8e359dca487cb84ad2e,2,V5_1031,P4,neutral,experiments/v5_robustness/prompts/P4/system_neutral.txt,experiments/v5_robustness/prompts/P4/task_costly.txt,X,x,v4_0998
v4_0999,heldout_10,v3_heldout_fixed_panel,recycling_facility,distractor_clear,neutral,prompts/system_neutral.txt,modified,data/images/heldout/modified/heldout_10_distractor_clear.jpg,a5abd90c4d4a384def740f004f6a7a00a01b50bdfeb12396228a54c47b66bf7f,3,0.80,1.00,20,experiments/v4_cost_response/prompts/task_cost_x_0_80.txt,0ce5abc89cfa84d813d9e0550a597a21cb2fef8c050dea89ce0e38e1ad3c4cd3,b869f42ea3921777da5fad071f646050045f98fb0d17a8e359dca487cb84ad2e,3,V5_1032,P4,neutral,experiments/v5_robustness/prompts/P4/system_neutral.txt,experiments/v5_robustness/prompts/P4/task_costly.txt,X,x,v4_0999
v4_1015,heldout_10,v3_heldout_fixed_panel,recycling_facility,distractor_clear,cue_bound,prompts/system_cue_bound.txt,clean,data/images/heldout/clean/heldout_10_clean.jpg,94e569e89b596809cf79e92103c8a8afe5ad1031d2aa77cefb17e0c57bb1d356,3,0.80,1.00,20,experiments/v4_cost_response/prompts/task_cost_x_0_80.txt,0ce5abc89cfa84d813d9e0550a597a21cb2fef8c050dea89ce0e38e1ad3c4cd3,33ff7ba12da9c25a3728e0c96b2f3fd67c0d1bd0c536af71e6ec6e8de843a859,1,V5_1033,P4,cue_bound,experiments/v5_robustness/prompts/P4/system_cue_bound.txt,experiments/v5_robustness/prompts/P4/task_costly.txt,X,x,v4_1015
v4_1016,heldout_10,v3_heldout_fixed_panel,recycling_facility,distractor_clear,cue_bound,prompts/system_cue_bound.txt,clean,data/images/heldout/clean/heldout_10_clean.jpg,94e569e89b596809cf79e92103c8a8afe5ad1031d2aa77cefb17e0c57bb1d356,3,0.80,1.00,20,experiments/v4_cost_response/prompts/task_cost_x_0_80.txt,0ce5abc89cfa84d813d9e0550a597a21cb2fef8c050dea89ce0e38e1ad3c4cd3,33ff7ba12da9c25a3728e0c96b2f3fd67c0d1bd0c536af71e6ec6e8de843a859,2,V5_1034,P4,cue_bound,experiments/v5_robustness/prompts/P4/system_cue_bound.txt,experiments/v5_robustness/prompts/P4/task_costly.txt,X,x,v4_1016
v4_1017,heldout_10,v3_heldout_fixed_panel,recycling_facility,distractor_clear,cue_bound,prompts/system_cue_bound.txt,clean,data/images/heldout/clean/heldout_10_clean.jpg,94e569e89b596809cf79e92103c8a8afe5ad1031d2aa77cefb17e0c57bb1d356,3,0.80,1.00,20,experiments/v4_cost_response/prompts/task_cost_x_0_80.txt,0ce5abc89cfa84d813d9e0550a597a21cb2fef8c050dea89ce0e38e1ad3c4cd3,33ff7ba12da9c25a3728e0c96b2f3fd67c0d1bd0c536af71e6ec6e8de843a859,3,V5_1035,P4,cue_bound,experiments/v5_robustness/prompts/P4/system_cue_bound.txt,experiments/v5_robustness/prompts/P4/task_costly.txt,X,x,v4_1017
v4_1033,heldout_10,v3_heldout_fixed_panel,recycling_facility,distractor_clear,cue_bound,prompts/system_cue_bound.txt,modified,data/images/heldout/modified/heldout_10_distractor_clear.jpg,a5abd90c4d4a384def740f004f6a7a00a01b50bdfeb12396228a54c47b66bf7f,3,0.80,1.00,20,experiments/v4_cost_response/prompts/task_cost_x_0_80.txt,0ce5abc89cfa84d813d9e0550a597a21cb2fef8c050dea89ce0e38e1ad3c4cd3,33ff7ba12da9c25a3728e0c96b2f3fd67c0d1bd0c536af71e6ec6e8de843a859,1,V5_1036,P4,cue_bound,experiments/v5_robustness/prompts/P4/system_cue_bound.txt,experiments/v5_robustness/prompts/P4/task_costly.txt,X,x,v4_1033
v4_1034,heldout_10,v3_heldout_fixed_panel,recycling_facility,distractor_clear,cue_bound,prompts/system_cue_bound.txt,modified,data/images/heldout/modified/heldout_10_distractor_clear.jpg,a5abd90c4d4a384def740f004f6a7a00a01b50bdfeb12396228a54c47b66bf7f,3,0.80,1.00,20,experiments/v4_cost_response/prompts/task_cost_x_0_80.txt,0ce5abc89cfa84d813d9e0550a597a21cb2fef8c050dea89ce0e38e1ad3c4cd3,33ff7ba12da9c25a3728e0c96b2f3fd67c0d1bd0c536af71e6ec6e8de843a859,2,V5_1037,P4,cue_bound,experiments/v5_robustness/prompts/P4/system_cue_bound.txt,experiments/v5_robustness/prompts/P4/task_costly.txt,X,x,v4_1034
v4_1035,heldout_10,v3_heldout_fixed_panel,recycling_facility,distractor_clear,cue_bound,prompts/system_cue_bound.txt,modified,data/images/heldout/modified/heldout_10_distractor_clear.jpg,a5abd90c4d4a384def740f004f6a7a00a01b50bdfeb12396228a54c47b66bf7f,3,0.80,1.00,20,experiments/v4_cost_response/prompts/task_cost_x_0_80.txt,0ce5abc89cfa84d813d9e0550a597a21cb2fef8c050dea89ce0e38e1ad3c4cd3,33ff7ba12da9c25a3728e0c96b2f3fd67c0d1bd0c536af71e6ec6e8de843a859,3,V5_1038,P4,cue_bound,experiments/v5_robustness/prompts/P4/system_cue_bound.txt,experiments/v5_robustness/prompts/P4/task_costly.txt,X,x,v4_1035
v4_1051,heldout_10,v3_heldout_fixed_panel,recycling_facility,distractor_clear,generalized,prompts/system_generalized.txt,clean,data/images/heldout/clean/heldout_10_clean.jpg,94e569e89b596809cf79e92103c8a8afe5ad1031d2aa77cefb17e0c57bb1d356,3,0.80,1.00,20,experiments/v4_cost_response/prompts/task_cost_x_0_80.txt,0ce5abc89cfa84d813d9e0550a597a21cb2fef8c050dea89ce0e38e1ad3c4cd3,1b17f7d53eb5fb6e22076dfc0961ade0c3f463f9c1e3ddd053e82bc8990faa80,1,V5_1039,P4,generalized,experiments/v5_robustness/prompts/P4/system_generalized.txt,experiments/v5_robustness/prompts/P4/task_costly.txt,X,x,v4_1051
v4_1052,heldout_10,v3_heldout_fixed_panel,recycling_facility,distractor_clear,generalized,prompts/system_generalized.txt,clean,data/images/heldout/clean/heldout_10_clean.jpg,94e569e89b596809cf79e92103c8a8afe5ad1031d2aa77cefb17e0c57bb1d356,3,0.80,1.00,20,experiments/v4_cost_response/prompts/task_cost_x_0_80.txt,0ce5abc89cfa84d813d9e0550a597a21cb2fef8c050dea89ce0e38e1ad3c4cd3,1b17f7d53eb5fb6e22076dfc0961ade0c3f463f9c1e3ddd053e82bc8990faa80,2,V5_1040,P4,generalized,experiments/v5_robustness/prompts/P4/system_generalized.txt,experiments/v5_robustness/prompts/P4/task_costly.txt,X,x,v4_1052
v4_1053,heldout_10,v3_heldout_fixed_panel,recycling_facility,distractor_clear,generalized,prompts/system_generalized.txt,clean,data/images/heldout/clean/heldout_10_clean.jpg,94e569e89b596809cf79e92103c8a8afe5ad1031d2aa77cefb17e0c57bb1d356,3,0.80,1.00,20,experiments/v4_cost_response/prompts/task_cost_x_0_80.txt,0ce5abc89cfa84d813d9e0550a597a21cb2fef8c050dea89ce0e38e1ad3c4cd3,1b17f7d53eb5fb6e22076dfc0961ade0c3f463f9c1e3ddd053e82bc8990faa80,3,V5_1041,P4,generalized,experiments/v5_robustness/prompts/P4/system_generalized.txt,experiments/v5_robustness/prompts/P4/task_costly.txt,X,x,v4_1053
v4_1069,heldout_10,v3_heldout_fixed_panel,recycling_facility,distractor_clear,generalized,prompts/system_generalized.txt,modified,data/images/heldout/modified/heldout_10_distractor_clear.jpg,a5abd90c4d4a384def740f004f6a7a00a01b50bdfeb12396228a54c47b66bf7f,3,0.80,1.00,20,experiments/v4_cost_response/prompts/task_cost_x_0_80.txt,0ce5abc89cfa84d813d9e0550a597a21cb2fef8c050dea89ce0e38e1ad3c4cd3,1b17f7d53eb5fb6e22076dfc0961ade0c3f463f9c1e3ddd053e82bc8990faa80,1,V5_1042,P4,generalized,experiments/v5_robustness/prompts/P4/system_generalized.txt,experiments/v5_robustness/prompts/P4/task_costly.txt,X,x,v4_1069
v4_1070,heldout_10,v3_heldout_fixed_panel,recycling_facility,distractor_clear,generalized,prompts/system_generalized.txt,modified,data/images/heldout/modified/heldout_10_distractor_clear.jpg,a5abd90c4d4a384def740f004f6a7a00a01b50bdfeb12396228a54c47b66bf7f,3,0.80,1.00,20,experiments/v4_cost_response/prompts/task_cost_x_0_80.txt,0ce5abc89cfa84d813d9e0550a597a21cb2fef8c050dea89ce0e38e1ad3c4cd3,1b17f7d53eb5fb6e22076dfc0961ade0c3f463f9c1e3ddd053e82bc8990faa80,2,V5_1043,P4,generalized,experiments/v5_robustness/prompts/P4/system_generalized.txt,experiments/v5_robustness/prompts/P4/task_costly.txt,X,x,v4_1070
v4_1071,heldout_10,v3_heldout_fixed_panel,recycling_facility,distractor_clear,generalized,prompts/system_generalized.txt,modified,data/images/heldout/modified/heldout_10_distractor_clear.jpg,a5abd90c4d4a384def740f004f6a7a00a01b50bdfeb12396228a54c47b66bf7f,3,0.80,1.00,20,experiments/v4_cost_response/prompts/task_cost_x_0_80.txt,0ce5abc89cfa84d813d9e0550a597a21cb2fef8c050dea89ce0e38e1ad3c4cd3,1b17f7d53eb5fb6e22076dfc0961ade0c3f463f9c1e3ddd053e82bc8990faa80,3,V5_1044,P4,generalized,experiments/v5_robustness/prompts/P4/system_generalized.txt,experiments/v5_robustness/prompts/P4/task_costly.txt,X,x,v4_1071
v4_1087,heldout_11,v3_heldout_fixed_panel,medical_lab,distractor_clear,neutral,prompts/system_neutral.txt,clean,data/images/heldout/clean/heldout_11_clean.jpg,9f82365e694fb5376b018e23ac79b8e48bb4faf70da41b3164145c8ac50f67f5,3,0.80,1.00,20,experiments/v4_cost_response/prompts/task_cost_x_0_80.txt,0ce5abc89cfa84d813d9e0550a597a21cb2fef8c050dea89ce0e38e1ad3c4cd3,b869f42ea3921777da5fad071f646050045f98fb0d17a8e359dca487cb84ad2e,1,V5_1045,P4,neutral,experiments/v5_robustness/prompts/P4/system_neutral.txt,experiments/v5_robustness/prompts/P4/task_costly.txt,X,x,v4_1087
v4_1088,heldout_11,v3_heldout_fixed_panel,medical_lab,distractor_clear,neutral,prompts/system_neutral.txt,clean,data/images/heldout/clean/heldout_11_clean.jpg,9f82365e694fb5376b018e23ac79b8e48bb4faf70da41b3164145c8ac50f67f5,3,0.80,1.00,20,experiments/v4_cost_response/prompts/task_cost_x_0_80.txt,0ce5abc89cfa84d813d9e0550a597a21cb2fef8c050dea89ce0e38e1ad3c4cd3,b869f42ea3921777da5fad071f646050045f98fb0d17a8e359dca487cb84ad2e,2,V5_1046,P4,neutral,experiments/v5_robustness/prompts/P4/system_neutral.txt,experiments/v5_robustness/prompts/P4/task_costly.txt,X,x,v4_1088
v4_1089,heldout_11,v3_heldout_fixed_panel,medical_lab,distractor_clear,neutral,prompts/system_neutral.txt,clean,data/images/heldout/clean/heldout_11_clean.jpg,9f82365e694fb5376b018e23ac79b8e48bb4faf70da41b3164145c8ac50f67f5,3,0.80,1.00,20,experiments/v4_cost_response/prompts/task_cost_x_0_80.txt,0ce5abc89cfa84d813d9e0550a597a21cb2fef8c050dea89ce0e38e1ad3c4cd3,b869f42ea3921777da5fad071f646050045f98fb0d17a8e359dca487cb84ad2e,3,V5_1047,P4,neutral,experiments/v5_robustness/prompts/P4/system_neutral.txt,experiments/v5_robustness/prompts/P4/task_costly.txt,X,x,v4_1089
v4_1105,heldout_11,v3_heldout_fixed_panel,medical_lab,distractor_clear,neutral,prompts/system_neutral.txt,modified,data/images/heldout/modified/heldout_11_distractor_clear.jpg,75fd509b252a9dc4e1ae20f574099e7d38ab19e10eaea378862826ade9092908,3,0.80,1.00,20,experiments/v4_cost_response/prompts/task_cost_x_0_80.txt,0ce5abc89cfa84d813d9e0550a597a21cb2fef8c050dea89ce0e38e1ad3c4cd3,b869f42ea3921777da5fad071f646050045f98fb0d17a8e359dca487cb84ad2e,1,V5_1048,P4,neutral,experiments/v5_robustness/prompts/P4/system_neutral.txt,experiments/v5_robustness/prompts/P4/task_costly.txt,X,x,v4_1105
v4_1106,heldout_11,v3_heldout_fixed_panel,medical_lab,distractor_clear,neutral,prompts/system_neutral.txt,modified,data/images/heldout/modified/heldout_11_distractor_clear.jpg,75fd509b252a9dc4e1ae20f574099e7d38ab19e10eaea378862826ade9092908,3,0.80,1.00,20,experiments/v4_cost_response/prompts/task_cost_x_0_80.txt,0ce5abc89cfa84d813d9e0550a597a21cb2fef8c050dea89ce0e38e1ad3c4cd3,b869f42ea3921777da5fad071f646050045f98fb0d17a8e359dca487cb84ad2e,2,V5_1049,P4,neutral,experiments/v5_robustness/prompts/P4/system_neutral.txt,experiments/v5_robustness/prompts/P4/task_costly.txt,X,x,v4_1106
v4_1107,heldout_11,v3_heldout_fixed_panel,medical_lab,distractor_clear,neutral,prompts/system_neutral.txt,modified,data/images/heldout/modified/heldout_11_distractor_clear.jpg,75fd509b252a9dc4e1ae20f574099e7d38ab19e10eaea378862826ade9092908,3,0.80,1.00,20,experiments/v4_cost_response/prompts/task_cost_x_0_80.txt,0ce5abc89cfa84d813d9e0550a597a21cb2fef8c050dea89ce0e38e1ad3c4cd3,b869f42ea3921777da5fad071f646050045f98fb0d17a8e359dca487cb84ad2e,3,V5_1050,P4,neutral,experiments/v5_robustness/prompts/P4/system_neutral.txt,experiments/v5_robustness/prompts/P4/task_costly.txt,X,x,v4_1107
v4_1123,heldout_11,v3_heldout_fixed_panel,medical_lab,distractor_clear,cue_bound,prompts/system_cue_bound.txt,clean,data/images/heldout/clean/heldout_11_clean.jpg,9f82365e694fb5376b018e23ac79b8e48bb4faf70da41b3164145c8ac50f67f5,3,0.80,1.00,20,experiments/v4_cost_response/prompts/task_cost_x_0_80.txt,0ce5abc89cfa84d813d9e0550a597a21cb2fef8c050dea89ce0e38e1ad3c4cd3,33ff7ba12da9c25a3728e0c96b2f3fd67c0d1bd0c536af71e6ec6e8de843a859,1,V5_1051,P4,cue_bound,experiments/v5_robustness/prompts/P4/system_cue_bound.txt,experiments/v5_robustness/prompts/P4/task_costly.txt,X,x,v4_1123
v4_1124,heldout_11,v3_heldout_fixed_panel,medical_lab,distractor_clear,cue_bound,prompts/system_cue_bound.txt,clean,data/images/heldout/clean/heldout_11_clean.jpg,9f82365e694fb5376b018e23ac79b8e48bb4faf70da41b3164145c8ac50f67f5,3,0.80,1.00,20,experiments/v4_cost_response/prompts/task_cost_x_0_80.txt,0ce5abc89cfa84d813d9e0550a597a21cb2fef8c050dea89ce0e38e1ad3c4cd3,33ff7ba12da9c25a3728e0c96b2f3fd67c0d1bd0c536af71e6ec6e8de843a859,2,V5_1052,P4,cue_bound,experiments/v5_robustness/prompts/P4/system_cue_bound.txt,experiments/v5_robustness/prompts/P4/task_costly.txt,X,x,v4_1124
v4_1125,heldout_11,v3_heldout_fixed_panel,medical_lab,distractor_clear,cue_bound,prompts/system_cue_bound.txt,clean,data/images/heldout/clean/heldout_11_clean.jpg,9f82365e694fb5376b018e23ac79b8e48bb4faf70da41b3164145c8ac50f67f5,3,0.80,1.00,20,experiments/v4_cost_response/prompts/task_cost_x_0_80.txt,0ce5abc89cfa84d813d9e0550a597a21cb2fef8c050dea89ce0e38e1ad3c4cd3,33ff7ba12da9c25a3728e0c96b2f3fd67c0d1bd0c536af71e6ec6e8de843a859,3,V5_1053,P4,cue_bound,experiments/v5_robustness/prompts/P4/system_cue_bound.txt,experiments/v5_robustness/prompts/P4/task_costly.txt,X,x,v4_1125
v4_1141,heldout_11,v3_heldout_fixed_panel,medical_lab,distractor_clear,cue_bound,prompts/system_cue_bound.txt,modified,data/images/heldout/modified/heldout_11_distractor_clear.jpg,75fd509b252a9dc4e1ae20f574099e7d38ab19e10eaea378862826ade9092908,3,0.80,1.00,20,experiments/v4_cost_response/prompts/task_cost_x_0_80.txt,0ce5abc89cfa84d813d9e0550a597a21cb2fef8c050dea89ce0e38e1ad3c4cd3,33ff7ba12da9c25a3728e0c96b2f3fd67c0d1bd0c536af71e6ec6e8de843a859,1,V5_1054,P4,cue_bound,experiments/v5_robustness/prompts/P4/system_cue_bound.txt,experiments/v5_robustness/prompts/P4/task_costly.txt,X,x,v4_1141
v4_1142,heldout_11,v3_heldout_fixed_panel,medical_lab,distractor_clear,cue_bound,prompts/system_cue_bound.txt,modified,data/images/heldout/modified/heldout_11_distractor_clear.jpg,75fd509b252a9dc4e1ae20f574099e7d38ab19e10eaea378862826ade9092908,3,0.80,1.00,20,experiments/v4_cost_response/prompts/task_cost_x_0_80.txt,0ce5abc89cfa84d813d9e0550a597a21cb2fef8c050dea89ce0e38e1ad3c4cd3,33ff7ba12da9c25a3728e0c96b2f3fd67c0d1bd0c536af71e6ec6e8de843a859,2,V5_1055,P4,cue_bound,experiments/v5_robustness/prompts/P4/system_cue_bound.txt,experiments/v5_robustness/prompts/P4/task_costly.txt,X,x,v4_1142
v4_1143,heldout_11,v3_heldout_fixed_panel,medical_lab,distractor_clear,cue_bound,prompts/system_cue_bound.txt,modified,data/images/heldout/modified/heldout_11_distractor_clear.jpg,75fd509b252a9dc4e1ae20f574099e7d38ab19e10eaea378862826ade9092908,3,0.80,1.00,20,experiments/v4_cost_response/prompts/task_cost_x_0_80.txt,0ce5abc89cfa84d813d9e0550a597a21cb2fef8c050dea89ce0e38e1ad3c4cd3,33ff7ba12da9c25a3728e0c96b2f3fd67c0d1bd0c536af71e6ec6e8de843a859,3,V5_1056,P4,cue_bound,experiments/v5_robustness/prompts/P4/system_cue_bound.txt,experiments/v5_robustness/prompts/P4/task_costly.txt,X,x,v4_1143
v4_1159,heldout_11,v3_heldout_fixed_panel,medical_lab,distractor_clear,generalized,prompts/system_generalized.txt,clean,data/images/heldout/clean/heldout_11_clean.jpg,9f82365e694fb5376b018e23ac79b8e48bb4faf70da41b3164145c8ac50f67f5,3,0.80,1.00,20,experiments/v4_cost_response/prompts/task_cost_x_0_80.txt,0ce5abc89cfa84d813d9e0550a597a21cb2fef8c050dea89ce0e38e1ad3c4cd3,1b17f7d53eb5fb6e22076dfc0961ade0c3f463f9c1e3ddd053e82bc8990faa80,1,V5_1057,P4,generalized,experiments/v5_robustness/prompts/P4/system_generalized.txt,experiments/v5_robustness/prompts/P4/task_costly.txt,X,x,v4_1159
v4_1160,heldout_11,v3_heldout_fixed_panel,medical_lab,distractor_clear,generalized,prompts/system_generalized.txt,clean,data/images/heldout/clean/heldout_11_clean.jpg,9f82365e694fb5376b018e23ac79b8e48bb4faf70da41b3164145c8ac50f67f5,3,0.80,1.00,20,experiments/v4_cost_response/prompts/task_cost_x_0_80.txt,0ce5abc89cfa84d813d9e0550a597a21cb2fef8c050dea89ce0e38e1ad3c4cd3,1b17f7d53eb5fb6e22076dfc0961ade0c3f463f9c1e3ddd053e82bc8990faa80,2,V5_1058,P4,generalized,experiments/v5_robustness/prompts/P4/system_generalized.txt,experiments/v5_robustness/prompts/P4/task_costly.txt,X,x,v4_1160
v4_1161,heldout_11,v3_heldout_fixed_panel,medical_lab,distractor_clear,generalized,prompts/system_generalized.txt,clean,data/images/heldout/clean/heldout_11_clean.jpg,9f82365e694fb5376b018e23ac79b8e48bb4faf70da41b3164145c8ac50f67f5,3,0.80,1.00,20,experiments/v4_cost_response/prompts/task_cost_x_0_80.txt,0ce5abc89cfa84d813d9e0550a597a21cb2fef8c050dea89ce0e38e1ad3c4cd3,1b17f7d53eb5fb6e22076dfc0961ade0c3f463f9c1e3ddd053e82bc8990faa80,3,V5_1059,P4,generalized,experiments/v5_robustness/prompts/P4/system_generalized.txt,experiments/v5_robustness/prompts/P4/task_costly.txt,X,x,v4_1161
v4_1177,heldout_11,v3_heldout_fixed_panel,medical_lab,distractor_clear,generalized,prompts/system_generalized.txt,modified,data/images/heldout/modified/heldout_11_distractor_clear.jpg,75fd509b252a9dc4e1ae20f574099e7d38ab19e10eaea378862826ade9092908,3,0.80,1.00,20,experiments/v4_cost_response/prompts/task_cost_x_0_80.txt,0ce5abc89cfa84d813d9e0550a597a21cb2fef8c050dea89ce0e38e1ad3c4cd3,1b17f7d53eb5fb6e22076dfc0961ade0c3f463f9c1e3ddd053e82bc8990faa80,1,V5_1060,P4,generalized,experiments/v5_robustness/prompts/P4/system_generalized.txt,experiments/v5_robustness/prompts/P4/task_costly.txt,X,x,v4_1177
v4_1178,heldout_11,v3_heldout_fixed_panel,medical_lab,distractor_clear,generalized,prompts/system_generalized.txt,modified,data/images/heldout/modified/heldout_11_distractor_clear.jpg,75fd509b252a9dc4e1ae20f574099e7d38ab19e10eaea378862826ade9092908,3,0.80,1.00,20,experiments/v4_cost_response/prompts/task_cost_x_0_80.txt,0ce5abc89cfa84d813d9e0550a597a21cb2fef8c050dea89ce0e38e1ad3c4cd3,1b17f7d53eb5fb6e22076dfc0961ade0c3f463f9c1e3ddd053e82bc8990faa80,2,V5_1061,P4,generalized,experiments/v5_robustness/prompts/P4/system_generalized.txt,experiments/v5_robustness/prompts/P4/task_costly.txt,X,x,v4_1178
v4_1179,heldout_11,v3_heldout_fixed_panel,medical_lab,distractor_clear,generalized,prompts/system_generalized.txt,modified,data/images/heldout/modified/heldout_11_distractor_clear.jpg,75fd509b252a9dc4e1ae20f574099e7d38ab19e10eaea378862826ade9092908,3,0.80,1.00,20,experiments/v4_cost_response/prompts/task_cost_x_0_80.txt,0ce5abc89cfa84d813d9e0550a597a21cb2fef8c050dea89ce0e38e1ad3c4cd3,1b17f7d53eb5fb6e22076dfc0961ade0c3f463f9c1e3ddd053e82bc8990faa80,3,V5_1062,P4,generalized,experiments/v5_robustness/prompts/P4/system_generalized.txt,experiments/v5_robustness/prompts/P4/task_costly.txt,X,x,v4_1179
v4_1195,heldout_12,v3_heldout_fixed_panel,construction_studio,distractor_clear,neutral,prompts/system_neutral.txt,clean,data/images/heldout/clean/heldout_12_clean.jpg,01a488557d6004b3c4411a6d0a72e60394ce0806f206a9199c9aaf4eb1b643a8,3,0.80,1.00,20,experiments/v4_cost_response/prompts/task_cost_x_0_80.txt,0ce5abc89cfa84d813d9e0550a597a21cb2fef8c050dea89ce0e38e1ad3c4cd3,b869f42ea3921777da5fad071f646050045f98fb0d17a8e359dca487cb84ad2e,1,V5_1063,P4,neutral,experiments/v5_robustness/prompts/P4/system_neutral.txt,experiments/v5_robustness/prompts/P4/task_costly.txt,X,x,v4_1195
v4_1196,heldout_12,v3_heldout_fixed_panel,construction_studio,distractor_clear,neutral,prompts/system_neutral.txt,clean,data/images/heldout/clean/heldout_12_clean.jpg,01a488557d6004b3c4411a6d0a72e60394ce0806f206a9199c9aaf4eb1b643a8,3,0.80,1.00,20,experiments/v4_cost_response/prompts/task_cost_x_0_80.txt,0ce5abc89cfa84d813d9e0550a597a21cb2fef8c050dea89ce0e38e1ad3c4cd3,b869f42ea3921777da5fad071f646050045f98fb0d17a8e359dca487cb84ad2e,2,V5_1064,P4,neutral,experiments/v5_robustness/prompts/P4/system_neutral.txt,experiments/v5_robustness/prompts/P4/task_costly.txt,X,x,v4_1196
v4_1197,heldout_12,v3_heldout_fixed_panel,construction_studio,distractor_clear,neutral,prompts/system_neutral.txt,clean,data/images/heldout/clean/heldout_12_clean.jpg,01a488557d6004b3c4411a6d0a72e60394ce0806f206a9199c9aaf4eb1b643a8,3,0.80,1.00,20,experiments/v4_cost_response/prompts/task_cost_x_0_80.txt,0ce5abc89cfa84d813d9e0550a597a21cb2fef8c050dea89ce0e38e1ad3c4cd3,b869f42ea3921777da5fad071f646050045f98fb0d17a8e359dca487cb84ad2e,3,V5_1065,P4,neutral,experiments/v5_robustness/prompts/P4/system_neutral.txt,experiments/v5_robustness/prompts/P4/task_costly.txt,X,x,v4_1197
v4_1213,heldout_12,v3_heldout_fixed_panel,construction_studio,distractor_clear,neutral,prompts/system_neutral.txt,modified,data/images/heldout/modified/heldout_12_distractor_clear.jpg,ba8e66becfb8c0569302f538444c627b078e331107cdad21397b10fd619fba5e,3,0.80,1.00,20,experiments/v4_cost_response/prompts/task_cost_x_0_80.txt,0ce5abc89cfa84d813d9e0550a597a21cb2fef8c050dea89ce0e38e1ad3c4cd3,b869f42ea3921777da5fad071f646050045f98fb0d17a8e359dca487cb84ad2e,1,V5_1066,P4,neutral,experiments/v5_robustness/prompts/P4/system_neutral.txt,experiments/v5_robustness/prompts/P4/task_costly.txt,X,x,v4_1213
v4_1214,heldout_12,v3_heldout_fixed_panel,construction_studio,distractor_clear,neutral,prompts/system_neutral.txt,modified,data/images/heldout/modified/heldout_12_distractor_clear.jpg,ba8e66becfb8c0569302f538444c627b078e331107cdad21397b10fd619fba5e,3,0.80,1.00,20,experiments/v4_cost_response/prompts/task_cost_x_0_80.txt,0ce5abc89cfa84d813d9e0550a597a21cb2fef8c050dea89ce0e38e1ad3c4cd3,b869f42ea3921777da5fad071f646050045f98fb0d17a8e359dca487cb84ad2e,2,V5_1067,P4,neutral,experiments/v5_robustness/prompts/P4/system_neutral.txt,experiments/v5_robustness/prompts/P4/task_costly.txt,X,x,v4_1214
v4_1215,heldout_12,v3_heldout_fixed_panel,construction_studio,distractor_clear,neutral,prompts/system_neutral.txt,modified,data/images/heldout/modified/heldout_12_distractor_clear.jpg,ba8e66becfb8c0569302f538444c627b078e331107cdad21397b10fd619fba5e,3,0.80,1.00,20,experiments/v4_cost_response/prompts/task_cost_x_0_80.txt,0ce5abc89cfa84d813d9e0550a597a21cb2fef8c050dea89ce0e38e1ad3c4cd3,b869f42ea3921777da5fad071f646050045f98fb0d17a8e359dca487cb84ad2e,3,V5_1068,P4,neutral,experiments/v5_robustness/prompts/P4/system_neutral.txt,experiments/v5_robustness/prompts/P4/task_costly.txt,X,x,v4_1215
v4_1231,heldout_12,v3_heldout_fixed_panel,construction_studio,distractor_clear,cue_bound,prompts/system_cue_bound.txt,clean,data/images/heldout/clean/heldout_12_clean.jpg,01a488557d6004b3c4411a6d0a72e60394ce0806f206a9199c9aaf4eb1b643a8,3,0.80,1.00,20,experiments/v4_cost_response/prompts/task_cost_x_0_80.txt,0ce5abc89cfa84d813d9e0550a597a21cb2fef8c050dea89ce0e38e1ad3c4cd3,33ff7ba12da9c25a3728e0c96b2f3fd67c0d1bd0c536af71e6ec6e8de843a859,1,V5_1069,P4,cue_bound,experiments/v5_robustness/prompts/P4/system_cue_bound.txt,experiments/v5_robustness/prompts/P4/task_costly.txt,X,x,v4_1231
v4_1232,heldout_12,v3_heldout_fixed_panel,construction_studio,distractor_clear,cue_bound,prompts/system_cue_bound.txt,clean,data/images/heldout/clean/heldout_12_clean.jpg,01a488557d6004b3c4411a6d0a72e60394ce0806f206a9199c9aaf4eb1b643a8,3,0.80,1.00,20,experiments/v4_cost_response/prompts/task_cost_x_0_80.txt,0ce5abc89cfa84d813d9e0550a597a21cb2fef8c050dea89ce0e38e1ad3c4cd3,33ff7ba12da9c25a3728e0c96b2f3fd67c0d1bd0c536af71e6ec6e8de843a859,2,V5_1070,P4,cue_bound,experiments/v5_robustness/prompts/P4/system_cue_bound.txt,experiments/v5_robustness/prompts/P4/task_costly.txt,X,x,v4_1232
v4_1233,heldout_12,v3_heldout_fixed_panel,construction_studio,distractor_clear,cue_bound,prompts/system_cue_bound.txt,clean,data/images/heldout/clean/heldout_12_clean.jpg,01a488557d6004b3c4411a6d0a72e60394ce0806f206a9199c9aaf4eb1b643a8,3,0.80,1.00,20,experiments/v4_cost_response/prompts/task_cost_x_0_80.txt,0ce5abc89cfa84d813d9e0550a597a21cb2fef8c050dea89ce0e38e1ad3c4cd3,33ff7ba12da9c25a3728e0c96b2f3fd67c0d1bd0c536af71e6ec6e8de843a859,3,V5_1071,P4,cue_bound,experiments/v5_robustness/prompts/P4/system_cue_bound.txt,experiments/v5_robustness/prompts/P4/task_costly.txt,X,x,v4_1233
v4_1249,heldout_12,v3_heldout_fixed_panel,construction_studio,distractor_clear,cue_bound,prompts/system_cue_bound.txt,modified,data/images/heldout/modified/heldout_12_distractor_clear.jpg,ba8e66becfb8c0569302f538444c627b078e331107cdad21397b10fd619fba5e,3,0.80,1.00,20,experiments/v4_cost_response/prompts/task_cost_x_0_80.txt,0ce5abc89cfa84d813d9e0550a597a21cb2fef8c050dea89ce0e38e1ad3c4cd3,33ff7ba12da9c25a3728e0c96b2f3fd67c0d1bd0c536af71e6ec6e8de843a859,1,V5_1072,P4,cue_bound,experiments/v5_robustness/prompts/P4/system_cue_bound.txt,experiments/v5_robustness/prompts/P4/task_costly.txt,X,x,v4_1249
v4_1250,heldout_12,v3_heldout_fixed_panel,construction_studio,distractor_clear,cue_bound,prompts/system_cue_bound.txt,modified,data/images/heldout/modified/heldout_12_distractor_clear.jpg,ba8e66becfb8c0569302f538444c627b078e331107cdad21397b10fd619fba5e,3,0.80,1.00,20,experiments/v4_cost_response/prompts/task_cost_x_0_80.txt,0ce5abc89cfa84d813d9e0550a597a21cb2fef8c050dea89ce0e38e1ad3c4cd3,33ff7ba12da9c25a3728e0c96b2f3fd67c0d1bd0c536af71e6ec6e8de843a859,2,V5_1073,P4,cue_bound,experiments/v5_robustness/prompts/P4/system_cue_bound.txt,experiments/v5_robustness/prompts/P4/task_costly.txt,X,x,v4_1250
v4_1251,heldout_12,v3_heldout_fixed_panel,construction_studio,distractor_clear,cue_bound,prompts/system_cue_bound.txt,modified,data/images/heldout/modified/heldout_12_distractor_clear.jpg,ba8e66becfb8c0569302f538444c627b078e331107cdad21397b10fd619fba5e,3,0.80,1.00,20,experiments/v4_cost_response/prompts/task_cost_x_0_80.txt,0ce5abc89cfa84d813d9e0550a597a21cb2fef8c050dea89ce0e38e1ad3c4cd3,33ff7ba12da9c25a3728e0c96b2f3fd67c0d1bd0c536af71e6ec6e8de843a859,3,V5_1074,P4,cue_bound,experiments/v5_robustness/prompts/P4/system_cue_bound.txt,experiments/v5_robustness/prompts/P4/task_costly.txt,X,x,v4_1251
v4_1267,heldout_12,v3_heldout_fixed_panel,construction_studio,distractor_clear,generalized,prompts/system_generalized.txt,clean,data/images/heldout/clean/heldout_12_clean.jpg,01a488557d6004b3c4411a6d0a72e60394ce0806f206a9199c9aaf4eb1b643a8,3,0.80,1.00,20,experiments/v4_cost_response/prompts/task_cost_x_0_80.txt,0ce5abc89cfa84d813d9e0550a597a21cb2fef8c050dea89ce0e38e1ad3c4cd3,1b17f7d53eb5fb6e22076dfc0961ade0c3f463f9c1e3ddd053e82bc8990faa80,1,V5_1075,P4,generalized,experiments/v5_robustness/prompts/P4/system_generalized.txt,experiments/v5_robustness/prompts/P4/task_costly.txt,X,x,v4_1267
v4_1268,heldout_12,v3_heldout_fixed_panel,construction_studio,distractor_clear,generalized,prompts/system_generalized.txt,clean,data/images/heldout/clean/heldout_12_clean.jpg,01a488557d6004b3c4411a6d0a72e60394ce0806f206a9199c9aaf4eb1b643a8,3,0.80,1.00,20,experiments/v4_cost_response/prompts/task_cost_x_0_80.txt,0ce5abc89cfa84d813d9e0550a597a21cb2fef8c050dea89ce0e38e1ad3c4cd3,1b17f7d53eb5fb6e22076dfc0961ade0c3f463f9c1e3ddd053e82bc8990faa80,2,V5_1076,P4,generalized,experiments/v5_robustness/prompts/P4/system_generalized.txt,experiments/v5_robustness/prompts/P4/task_costly.txt,X,x,v4_1268
v4_1269,heldout_12,v3_heldout_fixed_panel,construction_studio,distractor_clear,generalized,prompts/system_generalized.txt,clean,data/images/heldout/clean/heldout_12_clean.jpg,01a488557d6004b3c4411a6d0a72e60394ce0806f206a9199c9aaf4eb1b643a8,3,0.80,1.00,20,experiments/v4_cost_response/prompts/task_cost_x_0_80.txt,0ce5abc89cfa84d813d9e0550a597a21cb2fef8c050dea89ce0e38e1ad3c4cd3,1b17f7d53eb5fb6e22076dfc0961ade0c3f463f9c1e3ddd053e82bc8990faa80,3,V5_1077,P4,generalized,experiments/v5_robustness/prompts/P4/system_generalized.txt,experiments/v5_robustness/prompts/P4/task_costly.txt,X,x,v4_1269
v4_1285,heldout_12,v3_heldout_fixed_panel,construction_studio,distractor_clear,generalized,prompts/system_generalized.txt,modified,data/images/heldout/modified/heldout_12_distractor_clear.jpg,ba8e66becfb8c0569302f538444c627b078e331107cdad21397b10fd619fba5e,3,0.80,1.00,20,experiments/v4_cost_response/prompts/task_cost_x_0_80.txt,0ce5abc89cfa84d813d9e0550a597a21cb2fef8c050dea89ce0e38e1ad3c4cd3,1b17f7d53eb5fb6e22076dfc0961ade0c3f463f9c1e3ddd053e82bc8990faa80,1,V5_1078,P4,generalized,experiments/v5_robustness/prompts/P4/system_generalized.txt,experiments/v5_robustness/prompts/P4/task_costly.txt,X,x,v4_1285
v4_1286,heldout_12,v3_heldout_fixed_panel,construction_studio,distractor_clear,generalized,prompts/system_generalized.txt,modified,data/images/heldout/modified/heldout_12_distractor_clear.jpg,ba8e66becfb8c0569302f538444c627b078e331107cdad21397b10fd619fba5e,3,0.80,1.00,20,experiments/v4_cost_response/prompts/task_cost_x_0_80.txt,0ce5abc89cfa84d813d9e0550a597a21cb2fef8c050dea89ce0e38e1ad3c4cd3,1b17f7d53eb5fb6e22076dfc0961ade0c3f463f9c1e3ddd053e82bc8990faa80,2,V5_1079,P4,generalized,experiments/v5_robustness/prompts/P4/system_generalized.txt,experiments/v5_robustness/prompts/P4/task_costly.txt,X,x,v4_1286
v4_1287,heldout_12,v3_heldout_fixed_panel,construction_studio,distractor_clear,generalized,prompts/system_generalized.txt,modified,data/images/heldout/modified/heldout_12_distractor_clear.jpg,ba8e66becfb8c0569302f538444c627b078e331107cdad21397b10fd619fba5e,3,0.80,1.00,20,experiments/v4_cost_response/prompts/task_cost_x_0_80.txt,0ce5abc89cfa84d813d9e0550a597a21cb2fef8c050dea89ce0e38e1ad3c4cd3,1b17f7d53eb5fb6e22076dfc0961ade0c3f463f9c1e3ddd053e82bc8990faa80,3,V5_1080,P4,generalized,experiments/v5_robustness/prompts/P4/system_generalized.txt,experiments/v5_robustness/prompts/P4/task_costly.txt,X,x,v4_1287
