job_id,scene_id,domain,condition,profile,image_variant,x_efficiency,y_efficiency,efficiency_penalty_percent,repetition,model_id,temperature,candidate_count,timestamp_utc,x,y,estimated_cost_usd,status
v4_0001,heldout_01,fire_station,target_clear,neutral,clean,1.0,1.00,0,1,Qwen/Qwen3.6-27B,1.0,1,2026-08-15T22:55:14.202521+00:00,50.0,50.0,0.00043327999999999997,ok
v4_0002,heldout_01,fire_station,target_clear,neutral,clean,1.0,1.00,0,2,Qwen/Qwen3.6-27B,1.0,1,2026-08-15T22:55:15.182825+00:00,50.0,50.0,0.00043327999999999997,ok
v4_0003,heldout_01,fire_station,target_clear,neutral,clean,1.0,1.00,0,3,Qwen/Qwen3.6-27B,1.0,1,2026-08-15T22:55:16.303362+00:00,50.0,50.0,0.00043327999999999997,ok
v4_0004,heldout_01,fire_station,target_clear,neutral,clean,0.9,1.00,10,1,Qwen/Qwen3.6-27B,1.0,1,2026-08-15T22:55:17.580304+00:00,50.0,50.0,0.00043327999999999997,ok
v4_0005,heldout_01,fire_station,target_clear,neutral,clean,0.9,1.00,10,2,Qwen/Qwen3.6-27B,1.0,1,2026-08-15T22:55:19.153511+00:00,0.0,100.0,0.00043327999999999997,ok
v4_0006,heldout_01,fire_station,target_clear,neutral,clean,0.9,1.00,10,3,Qwen/Qwen3.6-27B,1.0,1,2026-08-15T22:55:20.571271+00:00,0.0,100.0,0.00043327999999999997,ok
v4_0007,heldout_01,fire_station,target_clear,neutral,clean,0.8,1.00,20,1,Qwen/Qwen3.6-27B,1.0,1,2026-08-15T22:55:21.549864+00:00,0.0,100.0,0.00043327999999999997,ok
v4_0008,heldout_01,fire_station,target_clear,neutral,clean,0.8,1.00,20,2,Qwen/Qwen3.6-27B,1.0,1,2026-08-15T22:55:22.548609+00:00,45.0,55.0,0.00043327999999999997,ok
v4_0009,heldout_01,fire_station,target_clear,neutral,clean,0.8,1.00,20,3,Qwen/Qwen3.6-27B,1.0,1,2026-08-15T22:55:23.563523+00:00,50.0,50.0,0.00043327999999999997,ok
v4_0010,heldout_01,fire_station,target_clear,neutral,clean,0.6,1.00,40,1,Qwen/Qwen3.6-27B,1.0,1,2026-08-15T22:55:24.594784+00:00,0.0,100.0,0.00043327999999999997,ok
v4_0011,heldout_01,fire_station,target_clear,neutral,clean,0.6,1.00,40,2,Qwen/Qwen3.6-27B,1.0,1,2026-08-15T22:55:25.596630+00:00,0.0,100.0,0.00043327999999999997,ok
v4_0012,heldout_01,fire_station,target_clear,neutral,clean,0.6,1.00,40,3,Qwen/Qwen3.6-27B,1.0,1,2026-08-15T22:55:26.640084+00:00,0.0,100.0,0.00043327999999999997,ok
v4_0013,heldout_01,fire_station,target_clear,neutral,clean,0.4,1.00,60,1,Qwen/Qwen3.6-27B,1.0,1,2026-08-15T22:55:27.617348+00:00,0.0,100.0,0.00043327999999999997,ok
v4_0014,heldout_01,fire_station,target_clear,neutral,clean,0.4,1.00,60,2,Qwen/Qwen3.6-27B,1.0,1,2026-08-15T22:55:28.639440+00:00,0.0,100.0,0.00043327999999999997,ok
v4_0015,heldout_01,fire_station,target_clear,neutral,clean,0.4,1.00,60,3,Qwen/Qwen3.6-27B,1.0,1,2026-08-15T22:55:29.685235+00:00,0.0,100.0,0.00043327999999999997,ok
v4_0016,heldout_01,fire_station,target_clear,neutral,clean,0.2,1.00,80,1,Qwen/Qwen3.6-27B,1.0,1,2026-08-15T22:55:30.773568+00:00,0.0,100.0,0.00043327999999999997,ok
v4_0017,heldout_01,fire_station,target_clear,neutral,clean,0.2,1.00,80,2,Qwen/Qwen3.6-27B,1.0,1,2026-08-15T22:55:38.143489+00:00,0.0,100.0,0.00043327999999999997,ok
v4_0018,heldout_01,fire_station,target_clear,neutral,clean,0.2,1.00,80,3,Qwen/Qwen3.6-27B,1.0,1,2026-08-15T22:55:38.780672+00:00,0.0,100.0,0.00043327999999999997,ok
v4_0019,heldout_01,fire_station,target_clear,neutral,modified,1.0,1.00,0,1,Qwen/Qwen3.6-27B,1.0,1,2026-08-15T22:55:40.043687+00:00,50.0,50.0,0.00043327999999999997,ok
v4_0020,heldout_01,fire_station,target_clear,neutral,modified,1.0,1.00,0,2,Qwen/Qwen3.6-27B,1.0,1,2026-08-15T22:55:40.835575+00:00,50.0,50.0,0.00043327999999999997,ok
v4_0021,heldout_01,fire_station,target_clear,neutral,modified,1.0,1.00,0,3,Qwen/Qwen3.6-27B,1.0,1,2026-08-15T22:55:41.830908+00:00,50.0,50.0,0.00043327999999999997,ok
v4_0022,heldout_01,fire_station,target_clear,neutral,modified,0.9,1.00,10,1,Qwen/Qwen3.6-27B,1.0,1,2026-08-15T22:55:42.825144+00:00,50.0,50.0,0.00043327999999999997,ok
v4_0023,heldout_01,fire_station,target_clear,neutral,modified,0.9,1.00,10,2,Qwen/Qwen3.6-27B,1.0,1,2026-08-15T22:55:43.853552+00:00,0.0,100.0,0.00043327999999999997,ok
v4_0024,heldout_01,fire_station,target_clear,neutral,modified,0.9,1.00,10,3,Qwen/Qwen3.6-27B,1.0,1,2026-08-15T22:55:44.843400+00:00,0.0,100.0,0.00043327999999999997,ok
v4_0025,heldout_01,fire_station,target_clear,neutral,modified,0.8,1.00,20,1,Qwen/Qwen3.6-27B,1.0,1,2026-08-15T22:55:46.107400+00:00,0.0,100.0,0.00043327999999999997,ok
v4_0026,heldout_01,fire_station,target_clear,neutral,modified,0.8,1.00,20,2,Qwen/Qwen3.6-27B,1.0,1,2026-08-15T22:55:46.862219+00:00,0.0,100.0,0.00043327999999999997,ok
v4_0027,heldout_01,fire_station,target_clear,neutral,modified,0.8,1.00,20,3,Qwen/Qwen3.6-27B,1.0,1,2026-08-15T22:55:47.917502+00:00,40.0,60.0,0.00043327999999999997,ok
v4_0028,heldout_01,fire_station,target_clear,neutral,modified,0.6,1.00,40,1,Qwen/Qwen3.6-27B,1.0,1,2026-08-15T22:55:48.949619+00:00,20.0,80.0,0.00043327999999999997,ok
v4_0029,heldout_01,fire_station,target_clear,neutral,modified,0.6,1.00,40,2,Qwen/Qwen3.6-27B,1.0,1,2026-08-15T22:55:49.990371+00:00,0.0,100.0,0.00043327999999999997,ok
v4_0030,heldout_01,fire_station,target_clear,neutral,modified,0.6,1.00,40,3,Qwen/Qwen3.6-27B,1.0,1,2026-08-15T22:55:50.913990+00:00,0.0,100.0,0.00043327999999999997,ok
v4_0031,heldout_01,fire_station,target_clear,neutral,modified,0.4,1.00,60,1,Qwen/Qwen3.6-27B,1.0,1,2026-08-15T22:55:51.919673+00:00,0.0,100.0,0.00043327999999999997,ok
v4_0032,heldout_01,fire_station,target_clear,neutral,modified,0.4,1.00,60,2,Qwen/Qwen3.6-27B,1.0,1,2026-08-15T22:55:52.944461+00:00,0.0,100.0,0.00043327999999999997,ok
v4_0033,heldout_01,fire_station,target_clear,neutral,modified,0.4,1.00,60,3,Qwen/Qwen3.6-27B,1.0,1,2026-08-15T22:55:53.924575+00:00,0.0,100.0,0.00043327999999999997,ok
v4_0034,heldout_01,fire_station,target_clear,neutral,modified,0.2,1.00,80,1,Qwen/Qwen3.6-27B,1.0,1,2026-08-15T22:55:54.941734+00:00,0.0,100.0,0.00043327999999999997,ok
v4_0035,heldout_01,fire_station,target_clear,neutral,modified,0.2,1.00,80,2,Qwen/Qwen3.6-27B,1.0,1,2026-08-15T22:55:55.946143+00:00,0.0,100.0,0.00043327999999999997,ok
v4_0036,heldout_01,fire_station,target_clear,neutral,modified,0.2,1.00,80,3,Qwen/Qwen3.6-27B,1.0,1,2026-08-15T22:55:56.952307+00:00,0.0,100.0,0.00043327999999999997,ok
v4_0037,heldout_01,fire_station,target_clear,cue_bound,clean,1.0,1.00,0,1,Qwen/Qwen3.6-27B,1.0,1,2026-08-15T22:55:58.025169+00:00,50.0,50.0,0.00045504,ok
v4_0038,heldout_01,fire_station,target_clear,cue_bound,clean,1.0,1.00,0,2,Qwen/Qwen3.6-27B,1.0,1,2026-08-15T22:55:59.002599+00:00,50.0,50.0,0.00045504,ok
v4_0039,heldout_01,fire_station,target_clear,cue_bound,clean,1.0,1.00,0,3,Qwen/Qwen3.6-27B,1.0,1,2026-08-15T22:55:59.990220+00:00,50.0,50.0,0.00045504,ok
v4_0040,heldout_01,fire_station,target_clear,cue_bound,clean,0.9,1.00,10,1,Qwen/Qwen3.6-27B,1.0,1,2026-08-15T22:56:00.965671+00:00,0.0,100.0,0.00045504,ok
v4_0041,heldout_01,fire_station,target_clear,cue_bound,clean,0.9,1.00,10,2,Qwen/Qwen3.6-27B,1.0,1,2026-08-15T22:56:02.216677+00:00,50.0,50.0,0.00045504,ok
v4_0042,heldout_01,fire_station,target_clear,cue_bound,clean,0.9,1.00,10,3,Qwen/Qwen3.6-27B,1.0,1,2026-08-15T22:56:03.048323+00:00,50.0,50.0,0.00045504,ok
v4_0043,heldout_01,fire_station,target_clear,cue_bound,clean,0.8,1.00,20,1,Qwen/Qwen3.6-27B,1.0,1,2026-08-15T22:56:04.441108+00:00,50.0,50.0,0.00045504,ok
v4_0044,heldout_01,fire_station,target_clear,cue_bound,clean,0.8,1.00,20,2,Qwen/Qwen3.6-27B,1.0,1,2026-08-15T22:56:05.396835+00:00,50.0,50.0,0.00045504,ok
v4_0045,heldout_01,fire_station,target_clear,cue_bound,clean,0.8,1.00,20,3,Qwen/Qwen3.6-27B,1.0,1,2026-08-15T22:56:06.122201+00:00,50.0,50.0,0.00045504,ok
v4_0046,heldout_01,fire_station,target_clear,cue_bound,clean,0.6,1.00,40,1,Qwen/Qwen3.6-27B,1.0,1,2026-08-15T22:56:07.130757+00:00,50.0,50.0,0.00045504,ok
v4_0047,heldout_01,fire_station,target_clear,cue_bound,clean,0.6,1.00,40,2,Qwen/Qwen3.6-27B,1.0,1,2026-08-15T22:56:08.108766+00:00,50.0,50.0,0.00045504,ok
v4_0048,heldout_01,fire_station,target_clear,cue_bound,clean,0.6,1.00,40,3,Qwen/Qwen3.6-27B,1.0,1,2026-08-15T22:56:09.152088+00:00,50.0,50.0,0.00045504,ok
v4_0049,heldout_01,fire_station,target_clear,cue_bound,clean,0.4,1.00,60,1,Qwen/Qwen3.6-27B,1.0,1,2026-08-15T22:56:10.124304+00:00,50.0,50.0,0.00045504,ok
v4_0050,heldout_01,fire_station,target_clear,cue_bound,clean,0.4,1.00,60,2,Qwen/Qwen3.6-27B,1.0,1,2026-08-15T22:56:11.152812+00:00,50.0,50.0,0.00045504,ok
v4_0051,heldout_01,fire_station,target_clear,cue_bound,clean,0.4,1.00,60,3,Qwen/Qwen3.6-27B,1.0,1,2026-08-15T22:56:12.667583+00:00,50.0,50.0,0.00045504,ok
v4_0052,heldout_01,fire_station,target_clear,cue_bound,clean,0.2,1.00,80,1,Qwen/Qwen3.6-27B,1.0,1,2026-08-15T22:56:13.641564+00:00,50.0,50.0,0.00045504,ok
v4_0053,heldout_01,fire_station,target_clear,cue_bound,clean,0.2,1.00,80,2,Qwen/Qwen3.6-27B,1.0,1,2026-08-15T22:56:14.636606+00:00,50.0,50.0,0.00045504,ok
v4_0054,heldout_01,fire_station,target_clear,cue_bound,clean,0.2,1.00,80,3,Qwen/Qwen3.6-27B,1.0,1,2026-08-15T22:56:15.633951+00:00,0.0,100.0,0.00045504,ok
v4_0055,heldout_01,fire_station,target_clear,cue_bound,modified,1.0,1.00,0,1,Qwen/Qwen3.6-27B,1.0,1,2026-08-15T22:56:16.444550+00:00,100.0,0.0,0.00045504,ok
v4_0056,heldout_01,fire_station,target_clear,cue_bound,modified,1.0,1.00,0,2,Qwen/Qwen3.6-27B,1.0,1,2026-08-15T22:56:17.885185+00:00,100.0,0.0,0.00045504,ok
v4_0057,heldout_01,fire_station,target_clear,cue_bound,modified,1.0,1.00,0,3,Qwen/Qwen3.6-27B,1.0,1,2026-08-15T22:56:18.980423+00:00,100.0,0.0,0.00045504,ok
v4_0058,heldout_01,fire_station,target_clear,cue_bound,modified,0.9,1.00,10,1,Qwen/Qwen3.6-27B,1.0,1,2026-08-15T22:56:19.760502+00:00,100.0,0.0,0.00045504,ok
v4_0059,heldout_01,fire_station,target_clear,cue_bound,modified,0.9,1.00,10,2,Qwen/Qwen3.6-27B,1.0,1,2026-08-15T22:56:20.839029+00:00,100.0,0.0,0.00045504,ok
v4_0060,heldout_01,fire_station,target_clear,cue_bound,modified,0.9,1.00,10,3,Qwen/Qwen3.6-27B,1.0,1,2026-08-15T22:56:21.672708+00:00,100.0,0.0,0.00045504,ok
v4_0061,heldout_01,fire_station,target_clear,cue_bound,modified,0.8,1.00,20,1,Qwen/Qwen3.6-27B,1.0,1,2026-08-15T22:56:22.995729+00:00,100.0,0.0,0.00045504,ok
v4_0062,heldout_01,fire_station,target_clear,cue_bound,modified,0.8,1.00,20,2,Qwen/Qwen3.6-27B,1.0,1,2026-08-15T22:56:24.951472+00:00,100.0,0.0,0.00045504,ok
v4_0063,heldout_01,fire_station,target_clear,cue_bound,modified,0.8,1.00,20,3,Qwen/Qwen3.6-27B,1.0,1,2026-08-15T22:56:25.671682+00:00,100.0,0.0,0.00045504,ok
v4_0064,heldout_01,fire_station,target_clear,cue_bound,modified,0.6,1.00,40,1,Qwen/Qwen3.6-27B,1.0,1,2026-08-15T22:56:26.642456+00:00,100.0,0.0,0.00045504,ok
v4_0065,heldout_01,fire_station,target_clear,cue_bound,modified,0.6,1.00,40,2,Qwen/Qwen3.6-27B,1.0,1,2026-08-15T22:56:27.637233+00:00,100.0,0.0,0.00045504,ok
v4_0066,heldout_01,fire_station,target_clear,cue_bound,modified,0.6,1.00,40,3,Qwen/Qwen3.6-27B,1.0,1,2026-08-15T22:56:28.714917+00:00,100.0,0.0,0.00045504,ok
v4_0067,heldout_01,fire_station,target_clear,cue_bound,modified,0.4,1.00,60,1,Qwen/Qwen3.6-27B,1.0,1,2026-08-15T22:56:29.681934+00:00,100.0,0.0,0.00045504,ok
v4_0068,heldout_01,fire_station,target_clear,cue_bound,modified,0.4,1.00,60,2,Qwen/Qwen3.6-27B,1.0,1,2026-08-15T22:56:30.774310+00:00,100.0,0.0,0.00045504,ok
v4_0069,heldout_01,fire_station,target_clear,cue_bound,modified,0.4,1.00,60,3,Qwen/Qwen3.6-27B,1.0,1,2026-08-15T22:56:31.681380+00:00,100.0,0.0,0.00045504,ok
v4_0070,heldout_01,fire_station,target_clear,cue_bound,modified,0.2,1.00,80,1,Qwen/Qwen3.6-27B,1.0,1,2026-08-15T22:56:32.931561+00:00,100.0,0.0,0.00045504,ok
v4_0071,heldout_01,fire_station,target_clear,cue_bound,modified,0.2,1.00,80,2,Qwen/Qwen3.6-27B,1.0,1,2026-08-15T22:56:33.956578+00:00,100.0,0.0,0.00045504,ok
v4_0072,heldout_01,fire_station,target_clear,cue_bound,modified,0.2,1.00,80,3,Qwen/Qwen3.6-27B,1.0,1,2026-08-15T22:56:34.960596+00:00,100.0,0.0,0.00045504,ok
v4_0073,heldout_01,fire_station,target_clear,generalized,clean,1.0,1.00,0,1,Qwen/Qwen3.6-27B,1.0,1,2026-08-15T22:56:36.014754+00:00,100.0,0.0,0.0004387199999999999,ok
v4_0074,heldout_01,fire_station,target_clear,generalized,clean,1.0,1.00,0,2,Qwen/Qwen3.6-27B,1.0,1,2026-08-15T22:56:36.965597+00:00,100.0,0.0,0.0004387199999999999,ok
v4_0075,heldout_01,fire_station,target_clear,generalized,clean,1.0,1.00,0,3,Qwen/Qwen3.6-27B,1.0,1,2026-08-15T22:56:37.776608+00:00,100.0,0.0,0.0004387199999999999,ok
v4_0076,heldout_01,fire_station,target_clear,generalized,clean,0.9,1.00,10,1,Qwen/Qwen3.6-27B,1.0,1,2026-08-15T22:56:38.967841+00:00,100.0,0.0,0.0004387199999999999,ok
v4_0077,heldout_01,fire_station,target_clear,generalized,clean,0.9,1.00,10,2,Qwen/Qwen3.6-27B,1.0,1,2026-08-15T22:56:39.975641+00:00,100.0,0.0,0.0004387199999999999,ok
v4_0078,heldout_01,fire_station,target_clear,generalized,clean,0.9,1.00,10,3,Qwen/Qwen3.6-27B,1.0,1,2026-08-15T22:56:41.031711+00:00,100.0,0.0,0.0004387199999999999,ok
v4_0079,heldout_01,fire_station,target_clear,generalized,clean,0.8,1.00,20,1,Qwen/Qwen3.6-27B,1.0,1,2026-08-15T22:56:41.978540+00:00,100.0,0.0,0.0004387199999999999,ok
v4_0080,heldout_01,fire_station,target_clear,generalized,clean,0.8,1.00,20,2,Qwen/Qwen3.6-27B,1.0,1,2026-08-15T22:56:43.021382+00:00,100.0,0.0,0.0004387199999999999,ok
v4_0081,heldout_01,fire_station,target_clear,generalized,clean,0.8,1.00,20,3,Qwen/Qwen3.6-27B,1.0,1,2026-08-15T22:56:43.995583+00:00,100.0,0.0,0.0004387199999999999,ok
v4_0082,heldout_01,fire_station,target_clear,generalized,clean,0.6,1.00,40,1,Qwen/Qwen3.6-27B,1.0,1,2026-08-15T22:56:44.997635+00:00,100.0,0.0,0.0004387199999999999,ok
v4_0083,heldout_01,fire_station,target_clear,generalized,clean,0.6,1.00,40,2,Qwen/Qwen3.6-27B,1.0,1,2026-08-15T22:56:46.022452+00:00,100.0,0.0,0.0004387199999999999,ok
v4_0084,heldout_01,fire_station,target_clear,generalized,clean,0.6,1.00,40,3,Qwen/Qwen3.6-27B,1.0,1,2026-08-15T22:56:47.000875+00:00,100.0,0.0,0.0004387199999999999,ok
v4_0085,heldout_01,fire_station,target_clear,generalized,clean,0.4,1.00,60,1,Qwen/Qwen3.6-27B,1.0,1,2026-08-15T22:56:48.055849+00:00,100.0,0.0,0.0004387199999999999,ok
v4_0086,heldout_01,fire_station,target_clear,generalized,clean,0.4,1.00,60,2,Qwen/Qwen3.6-27B,1.0,1,2026-08-15T22:56:49.041194+00:00,100.0,0.0,0.0004387199999999999,ok
v4_0087,heldout_01,fire_station,target_clear,generalized,clean,0.4,1.00,60,3,Qwen/Qwen3.6-27B,1.0,1,2026-08-15T22:56:49.834822+00:00,100.0,0.0,0.0004387199999999999,ok
v4_0088,heldout_01,fire_station,target_clear,generalized,clean,0.2,1.00,80,1,Qwen/Qwen3.6-27B,1.0,1,2026-08-15T22:56:50.741770+00:00,100.0,0.0,0.0004387199999999999,ok
v4_0089,heldout_01,fire_station,target_clear,generalized,clean,0.2,1.00,80,2,Qwen/Qwen3.6-27B,1.0,1,2026-08-15T22:56:51.725567+00:00,100.0,0.0,0.0004387199999999999,ok
v4_0090,heldout_01,fire_station,target_clear,generalized,clean,0.2,1.00,80,3,Qwen/Qwen3.6-27B,1.0,1,2026-08-15T22:56:53.066539+00:00,100.0,0.0,0.0004387199999999999,ok
v4_0091,heldout_01,fire_station,target_clear,generalized,modified,1.0,1.00,0,1,Qwen/Qwen3.6-27B,1.0,1,2026-08-15T22:56:53.890240+00:00,100.0,0.0,0.0004387199999999999,ok
v4_0092,heldout_01,fire_station,target_clear,generalized,modified,1.0,1.00,0,2,Qwen/Qwen3.6-27B,1.0,1,2026-08-15T22:56:55.130232+00:00,100.0,0.0,0.0004387199999999999,ok
v4_0093,heldout_01,fire_station,target_clear,generalized,modified,1.0,1.00,0,3,Qwen/Qwen3.6-27B,1.0,1,2026-08-15T22:56:56.116885+00:00,100.0,0.0,0.0004387199999999999,ok
v4_0094,heldout_01,fire_station,target_clear,generalized,modified,0.9,1.00,10,1,Qwen/Qwen3.6-27B,1.0,1,2026-08-15T22:56:57.270829+00:00,100.0,0.0,0.0004387199999999999,ok
v4_0095,heldout_01,fire_station,target_clear,generalized,modified,0.9,1.00,10,2,Qwen/Qwen3.6-27B,1.0,1,2026-08-15T22:56:58.914800+00:00,100.0,0.0,0.0004387199999999999,ok
v4_0096,heldout_01,fire_station,target_clear,generalized,modified,0.9,1.00,10,3,Qwen/Qwen3.6-27B,1.0,1,2026-08-15T22:56:59.568386+00:00,100.0,0.0,0.0004387199999999999,ok
v4_0097,heldout_01,fire_station,target_clear,generalized,modified,0.8,1.00,20,1,Qwen/Qwen3.6-27B,1.0,1,2026-08-15T22:57:00.606942+00:00,100.0,0.0,0.0004387199999999999,ok
v4_0098,heldout_01,fire_station,target_clear,generalized,modified,0.8,1.00,20,2,Qwen/Qwen3.6-27B,1.0,1,2026-08-15T22:57:01.912133+00:00,100.0,0.0,0.0004387199999999999,ok
v4_0099,heldout_01,fire_station,target_clear,generalized,modified,0.8,1.00,20,3,Qwen/Qwen3.6-27B,1.0,1,2026-08-15T22:57:02.886643+00:00,100.0,0.0,0.0004387199999999999,ok
v4_0100,heldout_01,fire_station,target_clear,generalized,modified,0.6,1.00,40,1,Qwen/Qwen3.6-27B,1.0,1,2026-08-15T22:57:03.911247+00:00,100.0,0.0,0.0004387199999999999,ok
v4_0101,heldout_01,fire_station,target_clear,generalized,modified,0.6,1.00,40,2,Qwen/Qwen3.6-27B,1.0,1,2026-08-15T22:57:04.632584+00:00,100.0,0.0,0.0004387199999999999,ok
v4_0102,heldout_01,fire_station,target_clear,generalized,modified,0.6,1.00,40,3,Qwen/Qwen3.6-27B,1.0,1,2026-08-15T22:57:06.043192+00:00,100.0,0.0,0.0004387199999999999,ok
v4_0103,heldout_01,fire_station,target_clear,generalized,modified,0.4,1.00,60,1,Qwen/Qwen3.6-27B,1.0,1,2026-08-15T22:57:07.141966+00:00,100.0,0.0,0.0004387199999999999,ok
v4_0104,heldout_01,fire_station,target_clear,generalized,modified,0.4,1.00,60,2,Qwen/Qwen3.6-27B,1.0,1,2026-08-15T22:57:07.806568+00:00,100.0,0.0,0.0004387199999999999,ok
v4_0105,heldout_01,fire_station,target_clear,generalized,modified,0.4,1.00,60,3,Qwen/Qwen3.6-27B,1.0,1,2026-08-15T22:57:08.801861+00:00,100.0,0.0,0.0004387199999999999,ok
v4_0106,heldout_01,fire_station,target_clear,generalized,modified,0.2,1.00,80,1,Qwen/Qwen3.6-27B,1.0,1,2026-08-15T22:57:09.823595+00:00,100.0,0.0,0.0004387199999999999,ok
v4_0107,heldout_01,fire_station,target_clear,generalized,modified,0.2,1.00,80,2,Qwen/Qwen3.6-27B,1.0,1,2026-08-15T22:57:10.839060+00:00,100.0,0.0,0.0004387199999999999,ok
v4_0108,heldout_01,fire_station,target_clear,generalized,modified,0.2,1.00,80,3,Qwen/Qwen3.6-27B,1.0,1,2026-08-15T22:57:11.843314+00:00,100.0,0.0,0.0004387199999999999,ok
v4_0109,heldout_02,solar_operations,target_clear,neutral,clean,1.0,1.00,0,1,Qwen/Qwen3.6-27B,1.0,1,2026-08-15T22:57:13.028775+00:00,50.0,50.0,0.00043327999999999997,ok
v4_0110,heldout_02,solar_operations,target_clear,neutral,clean,1.0,1.00,0,2,Qwen/Qwen3.6-27B,1.0,1,2026-08-15T22:57:15.043173+00:00,50.0,50.0,0.00043327999999999997,ok
v4_0111,heldout_02,solar_operations,target_clear,neutral,clean,1.0,1.00,0,3,Qwen/Qwen3.6-27B,1.0,1,2026-08-15T22:57:15.959185+00:00,50.0,50.0,0.00043327999999999997,ok
v4_0112,heldout_02,solar_operations,target_clear,neutral,clean,0.9,1.00,10,1,Qwen/Qwen3.6-27B,1.0,1,2026-08-15T22:57:16.934360+00:00,50.0,50.0,0.00043327999999999997,ok
v4_0113,heldout_02,solar_operations,target_clear,neutral,clean,0.9,1.00,10,2,Qwen/Qwen3.6-27B,1.0,1,2026-08-15T22:57:18.754826+00:00,50.0,50.0,0.00043327999999999997,ok
v4_0114,heldout_02,solar_operations,target_clear,neutral,clean,0.9,1.00,10,3,Qwen/Qwen3.6-27B,1.0,1,2026-08-15T22:57:20.181831+00:00,50.0,50.0,0.00043327999999999997,ok
v4_0115,heldout_02,solar_operations,target_clear,neutral,clean,0.8,1.00,20,1,Qwen/Qwen3.6-27B,1.0,1,2026-08-15T22:57:20.875515+00:00,50.0,50.0,0.00043327999999999997,ok
v4_0116,heldout_02,solar_operations,target_clear,neutral,clean,0.8,1.00,20,2,Qwen/Qwen3.6-27B,1.0,1,2026-08-15T22:57:21.870982+00:00,0.0,100.0,0.00043327999999999997,ok
v4_0117,heldout_02,solar_operations,target_clear,neutral,clean,0.8,1.00,20,3,Qwen/Qwen3.6-27B,1.0,1,2026-08-15T22:57:23.518569+00:00,0.0,100.0,0.00043327999999999997,ok
v4_0118,heldout_02,solar_operations,target_clear,neutral,clean,0.6,1.00,40,1,Qwen/Qwen3.6-27B,1.0,1,2026-08-15T22:57:24.159717+00:00,0.0,100.0,0.00043327999999999997,ok
v4_0119,heldout_02,solar_operations,target_clear,neutral,clean,0.6,1.00,40,2,Qwen/Qwen3.6-27B,1.0,1,2026-08-15T22:57:25.187376+00:00,37.0,63.0,0.00043327999999999997,ok
v4_0120,heldout_02,solar_operations,target_clear,neutral,clean,0.6,1.00,40,3,Qwen/Qwen3.6-27B,1.0,1,2026-08-15T22:57:26.312716+00:00,40.0,60.0,0.00043327999999999997,ok
v4_0121,heldout_02,solar_operations,target_clear,neutral,clean,0.4,1.00,60,1,Qwen/Qwen3.6-27B,1.0,1,2026-08-15T22:57:27.718181+00:00,0.0,100.0,0.00043327999999999997,ok
v4_0122,heldout_02,solar_operations,target_clear,neutral,clean,0.4,1.00,60,2,Qwen/Qwen3.6-27B,1.0,1,2026-08-15T22:57:28.381240+00:00,0.0,100.0,0.00043327999999999997,ok
v4_0123,heldout_02,solar_operations,target_clear,neutral,clean,0.4,1.00,60,3,Qwen/Qwen3.6-27B,1.0,1,2026-08-15T22:57:29.373566+00:00,0.0,100.0,0.00043327999999999997,ok
v4_0124,heldout_02,solar_operations,target_clear,neutral,clean,0.2,1.00,80,1,Qwen/Qwen3.6-27B,1.0,1,2026-08-15T22:57:30.401495+00:00,0.0,100.0,0.00043327999999999997,ok
v4_0125,heldout_02,solar_operations,target_clear,neutral,clean,0.2,1.00,80,2,Qwen/Qwen3.6-27B,1.0,1,2026-08-15T22:57:31.672968+00:00,0.0,100.0,0.00043327999999999997,ok
v4_0126,heldout_02,solar_operations,target_clear,neutral,clean,0.2,1.00,80,3,Qwen/Qwen3.6-27B,1.0,1,2026-08-15T22:57:32.447793+00:00,0.0,100.0,0.00043327999999999997,ok
v4_0127,heldout_02,solar_operations,target_clear,neutral,modified,1.0,1.00,0,1,Qwen/Qwen3.6-27B,1.0,1,2026-08-15T22:57:33.597902+00:00,50.0,50.0,0.00043327999999999997,ok
v4_0128,heldout_02,solar_operations,target_clear,neutral,modified,1.0,1.00,0,2,Qwen/Qwen3.6-27B,1.0,1,2026-08-15T22:57:34.428674+00:00,50.0,50.0,0.00043327999999999997,ok
v4_0129,heldout_02,solar_operations,target_clear,neutral,modified,1.0,1.00,0,3,Qwen/Qwen3.6-27B,1.0,1,2026-08-15T22:57:35.530312+00:00,50.0,50.0,0.00043327999999999997,ok
v4_0130,heldout_02,solar_operations,target_clear,neutral,modified,0.9,1.00,10,1,Qwen/Qwen3.6-27B,1.0,1,2026-08-15T22:57:36.442666+00:00,0.0,100.0,0.00043327999999999997,ok
v4_0131,heldout_02,solar_operations,target_clear,neutral,modified,0.9,1.00,10,2,Qwen/Qwen3.6-27B,1.0,1,2026-08-15T22:57:37.538651+00:00,50.0,50.0,0.00043327999999999997,ok
v4_0132,heldout_02,solar_operations,target_clear,neutral,modified,0.9,1.00,10,3,Qwen/Qwen3.6-27B,1.0,1,2026-08-15T22:57:38.543655+00:00,50.0,50.0,0.00043327999999999997,ok
v4_0133,heldout_02,solar_operations,target_clear,neutral,modified,0.8,1.00,20,1,Qwen/Qwen3.6-27B,1.0,1,2026-08-15T22:57:39.460957+00:00,50.0,50.0,0.00043327999999999997,ok
v4_0134,heldout_02,solar_operations,target_clear,neutral,modified,0.8,1.00,20,2,Qwen/Qwen3.6-27B,1.0,1,2026-08-15T22:57:40.450212+00:00,50.0,50.0,0.00043327999999999997,ok
v4_0135,heldout_02,solar_operations,target_clear,neutral,modified,0.8,1.00,20,3,Qwen/Qwen3.6-27B,1.0,1,2026-08-15T22:57:41.946458+00:00,50.0,50.0,0.00043327999999999997,ok
v4_0136,heldout_02,solar_operations,target_clear,neutral,modified,0.6,1.00,40,1,Qwen/Qwen3.6-27B,1.0,1,2026-08-15T22:57:42.632934+00:00,0.0,100.0,0.00043327999999999997,ok
v4_0137,heldout_02,solar_operations,target_clear,neutral,modified,0.6,1.00,40,2,Qwen/Qwen3.6-27B,1.0,1,2026-08-15T22:57:44.140430+00:00,0.0,100.0,0.00043327999999999997,ok
v4_0138,heldout_02,solar_operations,target_clear,neutral,modified,0.6,1.00,40,3,Qwen/Qwen3.6-27B,1.0,1,2026-08-15T22:57:44.802911+00:00,0.0,100.0,0.00043327999999999997,ok
v4_0139,heldout_02,solar_operations,target_clear,neutral,modified,0.4,1.00,60,1,Qwen/Qwen3.6-27B,1.0,1,2026-08-15T22:57:45.952106+00:00,0.0,100.0,0.00043327999999999997,ok
v4_0140,heldout_02,solar_operations,target_clear,neutral,modified,0.4,1.00,60,2,Qwen/Qwen3.6-27B,1.0,1,2026-08-15T22:57:46.816411+00:00,0.0,100.0,0.00043327999999999997,ok
v4_0141,heldout_02,solar_operations,target_clear,neutral,modified,0.4,1.00,60,3,Qwen/Qwen3.6-27B,1.0,1,2026-08-15T22:57:48.050435+00:00,0.0,100.0,0.00043327999999999997,ok
v4_0142,heldout_02,solar_operations,target_clear,neutral,modified,0.2,1.00,80,1,Qwen/Qwen3.6-27B,1.0,1,2026-08-15T22:57:48.824170+00:00,0.0,100.0,0.00043327999999999997,ok
v4_0143,heldout_02,solar_operations,target_clear,neutral,modified,0.2,1.00,80,2,Qwen/Qwen3.6-27B,1.0,1,2026-08-15T22:57:49.834278+00:00,20.0,80.0,0.00043327999999999997,ok
v4_0144,heldout_02,solar_operations,target_clear,neutral,modified,0.2,1.00,80,3,Qwen/Qwen3.6-27B,1.0,1,2026-08-15T22:57:51.257641+00:00,0.0,100.0,0.00043327999999999997,ok
v4_0145,heldout_02,solar_operations,target_clear,cue_bound,clean,1.0,1.00,0,1,Qwen/Qwen3.6-27B,1.0,1,2026-08-15T22:57:51.986692+00:00,50.0,50.0,0.00045504,ok
v4_0146,heldout_02,solar_operations,target_clear,cue_bound,clean,1.0,1.00,0,2,Qwen/Qwen3.6-27B,1.0,1,2026-08-15T22:57:52.889945+00:00,50.0,50.0,0.00045504,ok
v4_0147,heldout_02,solar_operations,target_clear,cue_bound,clean,1.0,1.00,0,3,Qwen/Qwen3.6-27B,1.0,1,2026-08-15T22:57:53.930996+00:00,50.0,50.0,0.00045504,ok
v4_0148,heldout_02,solar_operations,target_clear,cue_bound,clean,0.9,1.00,10,1,Qwen/Qwen3.6-27B,1.0,1,2026-08-15T22:57:54.904767+00:00,50.0,50.0,0.00045504,ok
v4_0149,heldout_02,solar_operations,target_clear,cue_bound,clean,0.9,1.00,10,2,Qwen/Qwen3.6-27B,1.0,1,2026-08-15T22:57:55.902906+00:00,50.0,50.0,0.00045504,ok
v4_0150,heldout_02,solar_operations,target_clear,cue_bound,clean,0.9,1.00,10,3,Qwen/Qwen3.6-27B,1.0,1,2026-08-15T22:57:56.918615+00:00,50.0,50.0,0.00045504,ok
v4_0151,heldout_02,solar_operations,target_clear,cue_bound,clean,0.8,1.00,20,1,Qwen/Qwen3.6-27B,1.0,1,2026-08-15T22:57:57.928827+00:00,50.0,50.0,0.00045504,ok
v4_0152,heldout_02,solar_operations,target_clear,cue_bound,clean,0.8,1.00,20,2,Qwen/Qwen3.6-27B,1.0,1,2026-08-15T22:57:59.712495+00:00,50.0,50.0,0.00045504,ok
v4_0153,heldout_02,solar_operations,target_clear,cue_bound,clean,0.8,1.00,20,3,Qwen/Qwen3.6-27B,1.0,1,2026-08-15T22:58:00.398300+00:00,50.0,50.0,0.00045504,ok
v4_0154,heldout_02,solar_operations,target_clear,cue_bound,clean,0.6,1.00,40,1,Qwen/Qwen3.6-27B,1.0,1,2026-08-15T22:58:01.399334+00:00,50.0,50.0,0.00045504,ok
v4_0155,heldout_02,solar_operations,target_clear,cue_bound,clean,0.6,1.00,40,2,Qwen/Qwen3.6-27B,1.0,1,2026-08-15T22:58:02.348344+00:00,50.0,50.0,0.00045504,ok
v4_0156,heldout_02,solar_operations,target_clear,cue_bound,clean,0.6,1.00,40,3,Qwen/Qwen3.6-27B,1.0,1,2026-08-15T22:58:03.356326+00:00,0.0,100.0,0.00045504,ok
v4_0157,heldout_02,solar_operations,target_clear,cue_bound,clean,0.4,1.00,60,1,Qwen/Qwen3.6-27B,1.0,1,2026-08-15T22:58:04.382202+00:00,50.0,50.0,0.00045504,ok
v4_0158,heldout_02,solar_operations,target_clear,cue_bound,clean,0.4,1.00,60,2,Qwen/Qwen3.6-27B,1.0,1,2026-08-15T22:58:05.396636+00:00,50.0,50.0,0.00045504,ok
v4_0159,heldout_02,solar_operations,target_clear,cue_bound,clean,0.4,1.00,60,3,Qwen/Qwen3.6-27B,1.0,1,2026-08-15T22:58:06.343911+00:00,50.0,50.0,0.00045504,ok
v4_0160,heldout_02,solar_operations,target_clear,cue_bound,clean,0.2,1.00,80,1,Qwen/Qwen3.6-27B,1.0,1,2026-08-15T22:58:07.591572+00:00,50.0,50.0,0.00045504,ok
v4_0161,heldout_02,solar_operations,target_clear,cue_bound,clean,0.2,1.00,80,2,Qwen/Qwen3.6-27B,1.0,1,2026-08-15T22:58:08.385093+00:00,50.0,50.0,0.00045504,ok
v4_0162,heldout_02,solar_operations,target_clear,cue_bound,clean,0.2,1.00,80,3,Qwen/Qwen3.6-27B,1.0,1,2026-08-15T22:58:09.823614+00:00,50.0,50.0,0.00045504,ok
v4_0163,heldout_02,solar_operations,target_clear,cue_bound,modified,1.0,1.00,0,1,Qwen/Qwen3.6-27B,1.0,1,2026-08-15T22:58:11.135830+00:00,100.0,0.0,0.00045504,ok
v4_0164,heldout_02,solar_operations,target_clear,cue_bound,modified,1.0,1.00,0,2,Qwen/Qwen3.6-27B,1.0,1,2026-08-15T22:58:11.780151+00:00,100.0,0.0,0.00045504,ok
v4_0165,heldout_02,solar_operations,target_clear,cue_bound,modified,1.0,1.00,0,3,Qwen/Qwen3.6-27B,1.0,1,2026-08-15T22:58:12.910848+00:00,100.0,0.0,0.00045504,ok
v4_0166,heldout_02,solar_operations,target_clear,cue_bound,modified,0.9,1.00,10,1,Qwen/Qwen3.6-27B,1.0,1,2026-08-15T22:58:13.805312+00:00,100.0,0.0,0.00045504,ok
v4_0167,heldout_02,solar_operations,target_clear,cue_bound,modified,0.9,1.00,10,2,Qwen/Qwen3.6-27B,1.0,1,2026-08-15T22:58:14.811214+00:00,100.0,0.0,0.00045504,ok
v4_0168,heldout_02,solar_operations,target_clear,cue_bound,modified,0.9,1.00,10,3,Qwen/Qwen3.6-27B,1.0,1,2026-08-15T22:58:15.805210+00:00,100.0,0.0,0.00045504,ok
v4_0169,heldout_02,solar_operations,target_clear,cue_bound,modified,0.8,1.00,20,1,Qwen/Qwen3.6-27B,1.0,1,2026-08-15T22:58:16.817435+00:00,100.0,0.0,0.00045504,ok
v4_0170,heldout_02,solar_operations,target_clear,cue_bound,modified,0.8,1.00,20,2,Qwen/Qwen3.6-27B,1.0,1,2026-08-15T22:58:17.809031+00:00,100.0,0.0,0.00045504,ok
v4_0171,heldout_02,solar_operations,target_clear,cue_bound,modified,0.8,1.00,20,3,Qwen/Qwen3.6-27B,1.0,1,2026-08-15T22:58:18.813850+00:00,100.0,0.0,0.00045504,ok
v4_0172,heldout_02,solar_operations,target_clear,cue_bound,modified,0.6,1.00,40,1,Qwen/Qwen3.6-27B,1.0,1,2026-08-15T22:58:19.829862+00:00,100.0,0.0,0.00045504,ok
v4_0173,heldout_02,solar_operations,target_clear,cue_bound,modified,0.6,1.00,40,2,Qwen/Qwen3.6-27B,1.0,1,2026-08-15T22:58:20.898793+00:00,100.0,0.0,0.00045504,ok
v4_0174,heldout_02,solar_operations,target_clear,cue_bound,modified,0.6,1.00,40,3,Qwen/Qwen3.6-27B,1.0,1,2026-08-15T22:58:21.852796+00:00,100.0,0.0,0.00045504,ok
v4_0175,heldout_02,solar_operations,target_clear,cue_bound,modified,0.4,1.00,60,1,Qwen/Qwen3.6-27B,1.0,1,2026-08-15T22:58:22.863889+00:00,100.0,0.0,0.00045504,ok
v4_0176,heldout_02,solar_operations,target_clear,cue_bound,modified,0.4,1.00,60,2,Qwen/Qwen3.6-27B,1.0,1,2026-08-15T22:58:23.994264+00:00,100.0,0.0,0.00045504,ok
v4_0177,heldout_02,solar_operations,target_clear,cue_bound,modified,0.4,1.00,60,3,Qwen/Qwen3.6-27B,1.0,1,2026-08-15T22:58:24.894283+00:00,100.0,0.0,0.00045504,ok
v4_0178,heldout_02,solar_operations,target_clear,cue_bound,modified,0.2,1.00,80,1,Qwen/Qwen3.6-27B,1.0,1,2026-08-15T22:58:26.679768+00:00,100.0,0.0,0.00045504,ok
v4_0179,heldout_02,solar_operations,target_clear,cue_bound,modified,0.2,1.00,80,2,Qwen/Qwen3.6-27B,1.0,1,2026-08-15T22:58:27.340336+00:00,100.0,0.0,0.00045504,ok
v4_0180,heldout_02,solar_operations,target_clear,cue_bound,modified,0.2,1.00,80,3,Qwen/Qwen3.6-27B,1.0,1,2026-08-15T22:58:28.322370+00:00,100.0,0.0,0.00045504,ok
v4_0181,heldout_02,solar_operations,target_clear,generalized,clean,1.0,1.00,0,1,Qwen/Qwen3.6-27B,1.0,1,2026-08-15T22:58:29.431746+00:00,100.0,0.0,0.0004387199999999999,ok
v4_0182,heldout_02,solar_operations,target_clear,generalized,clean,1.0,1.00,0,2,Qwen/Qwen3.6-27B,1.0,1,2026-08-15T22:58:30.321956+00:00,100.0,0.0,0.0004387199999999999,ok
v4_0183,heldout_02,solar_operations,target_clear,generalized,clean,1.0,1.00,0,3,Qwen/Qwen3.6-27B,1.0,1,2026-08-15T22:58:31.314091+00:00,100.0,0.0,0.0004387199999999999,ok
v4_0184,heldout_02,solar_operations,target_clear,generalized,clean,0.9,1.00,10,1,Qwen/Qwen3.6-27B,1.0,1,2026-08-15T22:58:32.335378+00:00,100.0,0.0,0.0004387199999999999,ok
v4_0185,heldout_02,solar_operations,target_clear,generalized,clean,0.9,1.00,10,2,Qwen/Qwen3.6-27B,1.0,1,2026-08-15T22:58:33.355127+00:00,100.0,0.0,0.0004387199999999999,ok
v4_0186,heldout_02,solar_operations,target_clear,generalized,clean,0.9,1.00,10,3,Qwen/Qwen3.6-27B,1.0,1,2026-08-15T22:58:34.342254+00:00,100.0,0.0,0.0004387199999999999,ok
v4_0187,heldout_02,solar_operations,target_clear,generalized,clean,0.8,1.00,20,1,Qwen/Qwen3.6-27B,1.0,1,2026-08-15T22:58:35.421842+00:00,100.0,0.0,0.0004387199999999999,ok
v4_0188,heldout_02,solar_operations,target_clear,generalized,clean,0.8,1.00,20,2,Qwen/Qwen3.6-27B,1.0,1,2026-08-15T22:58:36.339060+00:00,100.0,0.0,0.0004387199999999999,ok
v4_0189,heldout_02,solar_operations,target_clear,generalized,clean,0.8,1.00,20,3,Qwen/Qwen3.6-27B,1.0,1,2026-08-15T22:58:37.356594+00:00,100.0,0.0,0.0004387199999999999,ok
v4_0190,heldout_02,solar_operations,target_clear,generalized,clean,0.6,1.00,40,1,Qwen/Qwen3.6-27B,1.0,1,2026-08-15T22:58:38.344676+00:00,100.0,0.0,0.0004387199999999999,ok
v4_0191,heldout_02,solar_operations,target_clear,generalized,clean,0.6,1.00,40,2,Qwen/Qwen3.6-27B,1.0,1,2026-08-15T22:58:39.417810+00:00,100.0,0.0,0.0004387199999999999,ok
v4_0192,heldout_02,solar_operations,target_clear,generalized,clean,0.6,1.00,40,3,Qwen/Qwen3.6-27B,1.0,1,2026-08-15T22:58:40.425050+00:00,100.0,0.0,0.0004387199999999999,ok
v4_0193,heldout_02,solar_operations,target_clear,generalized,clean,0.4,1.00,60,1,Qwen/Qwen3.6-27B,1.0,1,2026-08-15T22:58:41.398854+00:00,100.0,0.0,0.0004387199999999999,ok
v4_0194,heldout_02,solar_operations,target_clear,generalized,clean,0.4,1.00,60,2,Qwen/Qwen3.6-27B,1.0,1,2026-08-15T22:58:42.409278+00:00,100.0,0.0,0.0004387199999999999,ok
v4_0195,heldout_02,solar_operations,target_clear,generalized,clean,0.4,1.00,60,3,Qwen/Qwen3.6-27B,1.0,1,2026-08-15T22:58:43.384414+00:00,100.0,0.0,0.0004387199999999999,ok
v4_0196,heldout_02,solar_operations,target_clear,generalized,clean,0.2,1.00,80,1,Qwen/Qwen3.6-27B,1.0,1,2026-08-15T22:58:44.414952+00:00,100.0,0.0,0.0004387199999999999,ok
v4_0197,heldout_02,solar_operations,target_clear,generalized,clean,0.2,1.00,80,2,Qwen/Qwen3.6-27B,1.0,1,2026-08-15T22:58:45.397720+00:00,100.0,0.0,0.0004387199999999999,ok
v4_0198,heldout_02,solar_operations,target_clear,generalized,clean,0.2,1.00,80,3,Qwen/Qwen3.6-27B,1.0,1,2026-08-15T22:58:46.412103+00:00,100.0,0.0,0.0004387199999999999,ok
v4_0199,heldout_02,solar_operations,target_clear,generalized,modified,1.0,1.00,0,1,Qwen/Qwen3.6-27B,1.0,1,2026-08-15T22:58:47.540717+00:00,100.0,0.0,0.0004387199999999999,ok
v4_0200,heldout_02,solar_operations,target_clear,generalized,modified,1.0,1.00,0,2,Qwen/Qwen3.6-27B,1.0,1,2026-08-15T22:58:48.473098+00:00,100.0,0.0,0.0004387199999999999,ok
v4_0201,heldout_02,solar_operations,target_clear,generalized,modified,1.0,1.00,0,3,Qwen/Qwen3.6-27B,1.0,1,2026-08-15T22:58:49.565858+00:00,100.0,0.0,0.0004387199999999999,ok
v4_0202,heldout_02,solar_operations,target_clear,generalized,modified,0.9,1.00,10,1,Qwen/Qwen3.6-27B,1.0,1,2026-08-15T22:58:50.386121+00:00,100.0,0.0,0.0004387199999999999,ok
v4_0203,heldout_02,solar_operations,target_clear,generalized,modified,0.9,1.00,10,2,Qwen/Qwen3.6-27B,1.0,1,2026-08-15T22:58:51.525878+00:00,100.0,0.0,0.0004387199999999999,ok
v4_0204,heldout_02,solar_operations,target_clear,generalized,modified,0.9,1.00,10,3,Qwen/Qwen3.6-27B,1.0,1,2026-08-15T22:58:52.405377+00:00,100.0,0.0,0.0004387199999999999,ok
v4_0205,heldout_02,solar_operations,target_clear,generalized,modified,0.8,1.00,20,1,Qwen/Qwen3.6-27B,1.0,1,2026-08-15T22:58:53.425353+00:00,100.0,0.0,0.0004387199999999999,ok
v4_0206,heldout_02,solar_operations,target_clear,generalized,modified,0.8,1.00,20,2,Qwen/Qwen3.6-27B,1.0,1,2026-08-15T22:58:54.431518+00:00,100.0,0.0,0.0004387199999999999,ok
v4_0207,heldout_02,solar_operations,target_clear,generalized,modified,0.8,1.00,20,3,Qwen/Qwen3.6-27B,1.0,1,2026-08-15T22:58:55.417178+00:00,100.0,0.0,0.0004387199999999999,ok
v4_0208,heldout_02,solar_operations,target_clear,generalized,modified,0.6,1.00,40,1,Qwen/Qwen3.6-27B,1.0,1,2026-08-15T22:58:56.838772+00:00,100.0,0.0,0.0004387199999999999,ok
v4_0209,heldout_02,solar_operations,target_clear,generalized,modified,0.6,1.00,40,2,Qwen/Qwen3.6-27B,1.0,1,2026-08-15T22:58:57.471151+00:00,100.0,0.0,0.0004387199999999999,ok
v4_0210,heldout_02,solar_operations,target_clear,generalized,modified,0.6,1.00,40,3,Qwen/Qwen3.6-27B,1.0,1,2026-08-15T22:58:59.026382+00:00,100.0,0.0,0.0004387199999999999,ok
v4_0211,heldout_02,solar_operations,target_clear,generalized,modified,0.4,1.00,60,1,Qwen/Qwen3.6-27B,1.0,1,2026-08-15T22:58:59.885236+00:00,100.0,0.0,0.0004387199999999999,ok
v4_0212,heldout_02,solar_operations,target_clear,generalized,modified,0.4,1.00,60,2,Qwen/Qwen3.6-27B,1.0,1,2026-08-15T22:59:01.273605+00:00,100.0,0.0,0.0004387199999999999,ok
v4_0213,heldout_02,solar_operations,target_clear,generalized,modified,0.4,1.00,60,3,Qwen/Qwen3.6-27B,1.0,1,2026-08-15T22:59:02.165279+00:00,100.0,0.0,0.0004387199999999999,ok
v4_0214,heldout_02,solar_operations,target_clear,generalized,modified,0.2,1.00,80,1,Qwen/Qwen3.6-27B,1.0,1,2026-08-15T22:59:03.622236+00:00,100.0,0.0,0.0004387199999999999,ok
v4_0215,heldout_02,solar_operations,target_clear,generalized,modified,0.2,1.00,80,2,Qwen/Qwen3.6-27B,1.0,1,2026-08-15T22:59:04.546090+00:00,100.0,0.0,0.0004387199999999999,ok
v4_0216,heldout_02,solar_operations,target_clear,generalized,modified,0.2,1.00,80,3,Qwen/Qwen3.6-27B,1.0,1,2026-08-15T22:59:05.934320+00:00,100.0,0.0,0.0004387199999999999,ok
v4_0217,heldout_03,food_bank,target_clear,neutral,clean,1.0,1.00,0,1,Qwen/Qwen3.6-27B,1.0,1,2026-08-15T22:59:07.023440+00:00,50.0,50.0,0.00043327999999999997,ok
v4_0218,heldout_03,food_bank,target_clear,neutral,clean,1.0,1.00,0,2,Qwen/Qwen3.6-27B,1.0,1,2026-08-15T22:59:07.806584+00:00,50.0,50.0,0.00043327999999999997,ok
v4_0219,heldout_03,food_bank,target_clear,neutral,clean,1.0,1.00,0,3,Qwen/Qwen3.6-27B,1.0,1,2026-08-15T22:59:08.674901+00:00,50.0,50.0,0.00043327999999999997,ok
v4_0220,heldout_03,food_bank,target_clear,neutral,clean,0.9,1.00,10,1,Qwen/Qwen3.6-27B,1.0,1,2026-08-15T22:59:09.623582+00:00,50.0,50.0,0.00043327999999999997,ok
v4_0221,heldout_03,food_bank,target_clear,neutral,clean,0.9,1.00,10,2,Qwen/Qwen3.6-27B,1.0,1,2026-08-15T22:59:10.647811+00:00,50.0,50.0,0.00043327999999999997,ok
v4_0222,heldout_03,food_bank,target_clear,neutral,clean,0.9,1.00,10,3,Qwen/Qwen3.6-27B,1.0,1,2026-08-15T22:59:11.694174+00:00,0.0,100.0,0.00043327999999999997,ok
v4_0223,heldout_03,food_bank,target_clear,neutral,clean,0.8,1.00,20,1,Qwen/Qwen3.6-27B,1.0,1,2026-08-15T22:59:12.635963+00:00,50.0,50.0,0.00043327999999999997,ok
v4_0224,heldout_03,food_bank,target_clear,neutral,clean,0.8,1.00,20,2,Qwen/Qwen3.6-27B,1.0,1,2026-08-15T22:59:14.070107+00:00,0.0,100.0,0.00043327999999999997,ok
v4_0225,heldout_03,food_bank,target_clear,neutral,clean,0.8,1.00,20,3,Qwen/Qwen3.6-27B,1.0,1,2026-08-15T22:59:14.695944+00:00,50.0,50.0,0.00043327999999999997,ok
v4_0226,heldout_03,food_bank,target_clear,neutral,clean,0.6,1.00,40,1,Qwen/Qwen3.6-27B,1.0,1,2026-08-15T22:59:15.688913+00:00,0.0,100.0,0.00043327999999999997,ok
v4_0227,heldout_03,food_bank,target_clear,neutral,clean,0.6,1.00,40,2,Qwen/Qwen3.6-27B,1.0,1,2026-08-15T22:59:16.690064+00:00,0.0,100.0,0.00043327999999999997,ok
v4_0228,heldout_03,food_bank,target_clear,neutral,clean,0.6,1.00,40,3,Qwen/Qwen3.6-27B,1.0,1,2026-08-15T22:59:17.771063+00:00,40.0,60.0,0.00043327999999999997,ok
v4_0229,heldout_03,food_bank,target_clear,neutral,clean,0.4,1.00,60,1,Qwen/Qwen3.6-27B,1.0,1,2026-08-15T22:59:18.706940+00:00,0.0,100.0,0.00043327999999999997,ok
v4_0230,heldout_03,food_bank,target_clear,neutral,clean,0.4,1.00,60,2,Qwen/Qwen3.6-27B,1.0,1,2026-08-15T22:59:19.716942+00:00,0.0,100.0,0.00043327999999999997,ok
v4_0231,heldout_03,food_bank,target_clear,neutral,clean,0.4,1.00,60,3,Qwen/Qwen3.6-27B,1.0,1,2026-08-15T22:59:20.706875+00:00,20.0,80.0,0.00043327999999999997,ok
v4_0232,heldout_03,food_bank,target_clear,neutral,clean,0.2,1.00,80,1,Qwen/Qwen3.6-27B,1.0,1,2026-08-15T22:59:21.757084+00:00,0.0,100.0,0.00043327999999999997,ok
v4_0233,heldout_03,food_bank,target_clear,neutral,clean,0.2,1.00,80,2,Qwen/Qwen3.6-27B,1.0,1,2026-08-15T22:59:23.317557+00:00,0.0,100.0,0.00043327999999999997,ok
v4_0234,heldout_03,food_bank,target_clear,neutral,clean,0.2,1.00,80,3,Qwen/Qwen3.6-27B,1.0,1,2026-08-15T22:59:25.067328+00:00,0.0,100.0,0.00043327999999999997,ok
v4_0235,heldout_03,food_bank,target_clear,neutral,modified,1.0,1.00,0,1,Qwen/Qwen3.6-27B,1.0,1,2026-08-15T22:59:25.849419+00:00,50.0,50.0,0.00043327999999999997,ok
v4_0236,heldout_03,food_bank,target_clear,neutral,modified,1.0,1.00,0,2,Qwen/Qwen3.6-27B,1.0,1,2026-08-15T22:59:27.200128+00:00,50.0,50.0,0.00043327999999999997,ok
v4_0237,heldout_03,food_bank,target_clear,neutral,modified,1.0,1.00,0,3,Qwen/Qwen3.6-27B,1.0,1,2026-08-15T22:59:27.846110+00:00,50.0,50.0,0.00043327999999999997,ok
v4_0238,heldout_03,food_bank,target_clear,neutral,modified,0.9,1.00,10,1,Qwen/Qwen3.6-27B,1.0,1,2026-08-15T22:59:28.828838+00:00,0.0,100.0,0.00043327999999999997,ok
v4_0239,heldout_03,food_bank,target_clear,neutral,modified,0.9,1.00,10,2,Qwen/Qwen3.6-27B,1.0,1,2026-08-15T22:59:29.828827+00:00,50.0,50.0,0.00043327999999999997,ok
v4_0240,heldout_03,food_bank,target_clear,neutral,modified,0.9,1.00,10,3,Qwen/Qwen3.6-27B,1.0,1,2026-08-15T22:59:30.895070+00:00,50.0,50.0,0.00043327999999999997,ok
v4_0241,heldout_03,food_bank,target_clear,neutral,modified,0.8,1.00,20,1,Qwen/Qwen3.6-27B,1.0,1,2026-08-15T22:59:31.847998+00:00,0.0,100.0,0.00043327999999999997,ok
v4_0242,heldout_03,food_bank,target_clear,neutral,modified,0.8,1.00,20,2,Qwen/Qwen3.6-27B,1.0,1,2026-08-15T22:59:32.855530+00:00,50.0,50.0,0.00043327999999999997,ok
v4_0243,heldout_03,food_bank,target_clear,neutral,modified,0.8,1.00,20,3,Qwen/Qwen3.6-27B,1.0,1,2026-08-15T22:59:33.944159+00:00,50.0,50.0,0.00043327999999999997,ok
v4_0244,heldout_03,food_bank,target_clear,neutral,modified,0.6,1.00,40,1,Qwen/Qwen3.6-27B,1.0,1,2026-08-15T22:59:34.864483+00:00,0.0,100.0,0.00043327999999999997,ok
v4_0245,heldout_03,food_bank,target_clear,neutral,modified,0.6,1.00,40,2,Qwen/Qwen3.6-27B,1.0,1,2026-08-15T22:59:35.875903+00:00,0.0,100.0,0.00043327999999999997,ok
v4_0246,heldout_03,food_bank,target_clear,neutral,modified,0.6,1.00,40,3,Qwen/Qwen3.6-27B,1.0,1,2026-08-15T22:59:36.891489+00:00,40.0,60.0,0.00043327999999999997,ok
v4_0247,heldout_03,food_bank,target_clear,neutral,modified,0.4,1.00,60,1,Qwen/Qwen3.6-27B,1.0,1,2026-08-15T22:59:37.955147+00:00,0.0,100.0,0.00043327999999999997,ok
v4_0248,heldout_03,food_bank,target_clear,neutral,modified,0.4,1.00,60,2,Qwen/Qwen3.6-27B,1.0,1,2026-08-15T22:59:38.900546+00:00,0.0,100.0,0.00043327999999999997,ok
v4_0249,heldout_03,food_bank,target_clear,neutral,modified,0.4,1.00,60,3,Qwen/Qwen3.6-27B,1.0,1,2026-08-15T22:59:39.918515+00:00,0.0,100.0,0.00043327999999999997,ok
v4_0250,heldout_03,food_bank,target_clear,neutral,modified,0.2,1.00,80,1,Qwen/Qwen3.6-27B,1.0,1,2026-08-15T22:59:40.924536+00:00,20.0,80.0,0.00043327999999999997,ok
v4_0251,heldout_03,food_bank,target_clear,neutral,modified,0.2,1.00,80,2,Qwen/Qwen3.6-27B,1.0,1,2026-08-15T22:59:41.921678+00:00,0.0,100.0,0.00043327999999999997,ok
v4_0252,heldout_03,food_bank,target_clear,neutral,modified,0.2,1.00,80,3,Qwen/Qwen3.6-27B,1.0,1,2026-08-15T22:59:43.058318+00:00,0.0,100.0,0.00043327999999999997,ok
v4_0253,heldout_03,food_bank,target_clear,cue_bound,clean,1.0,1.00,0,1,Qwen/Qwen3.6-27B,1.0,1,2026-08-15T22:59:44.057392+00:00,50.0,50.0,0.00045504,ok
v4_0254,heldout_03,food_bank,target_clear,cue_bound,clean,1.0,1.00,0,2,Qwen/Qwen3.6-27B,1.0,1,2026-08-15T22:59:44.970215+00:00,50.0,50.0,0.00045504,ok
v4_0255,heldout_03,food_bank,target_clear,cue_bound,clean,1.0,1.00,0,3,Qwen/Qwen3.6-27B,1.0,1,2026-08-15T22:59:46.007033+00:00,50.0,50.0,0.00045504,ok
v4_0256,heldout_03,food_bank,target_clear,cue_bound,clean,0.9,1.00,10,1,Qwen/Qwen3.6-27B,1.0,1,2026-08-15T22:59:47.547123+00:00,50.0,50.0,0.00045504,ok
v4_0257,heldout_03,food_bank,target_clear,cue_bound,clean,0.9,1.00,10,2,Qwen/Qwen3.6-27B,1.0,1,2026-08-15T22:59:48.170786+00:00,50.0,50.0,0.00045504,ok
v4_0258,heldout_03,food_bank,target_clear,cue_bound,clean,0.9,1.00,10,3,Qwen/Qwen3.6-27B,1.0,1,2026-08-15T22:59:50.844177+00:00,50.0,50.0,0.00045504,ok
v4_0259,heldout_03,food_bank,target_clear,cue_bound,clean,0.8,1.00,20,1,Qwen/Qwen3.6-27B,1.0,1,2026-08-15T22:59:51.549253+00:00,50.0,50.0,0.00045504,ok
v4_0260,heldout_03,food_bank,target_clear,cue_bound,clean,0.8,1.00,20,2,Qwen/Qwen3.6-27B,1.0,1,2026-08-15T22:59:52.489414+00:00,50.0,50.0,0.00045504,ok
v4_0261,heldout_03,food_bank,target_clear,cue_bound,clean,0.8,1.00,20,3,Qwen/Qwen3.6-27B,1.0,1,2026-08-15T22:59:53.502051+00:00,50.0,50.0,0.00045504,ok
v4_0262,heldout_03,food_bank,target_clear,cue_bound,clean,0.6,1.00,40,1,Qwen/Qwen3.6-27B,1.0,1,2026-08-15T22:59:54.587970+00:00,50.0,50.0,0.00045504,ok
v4_0263,heldout_03,food_bank,target_clear,cue_bound,clean,0.6,1.00,40,2,Qwen/Qwen3.6-27B,1.0,1,2026-08-15T22:59:55.531404+00:00,50.0,50.0,0.00045504,ok
v4_0264,heldout_03,food_bank,target_clear,cue_bound,clean,0.6,1.00,40,3,Qwen/Qwen3.6-27B,1.0,1,2026-08-15T22:59:56.508887+00:00,50.0,50.0,0.00045504,ok
v4_0265,heldout_03,food_bank,target_clear,cue_bound,clean,0.4,1.00,60,1,Qwen/Qwen3.6-27B,1.0,1,2026-08-15T22:59:57.525821+00:00,50.0,50.0,0.00045504,ok
v4_0266,heldout_03,food_bank,target_clear,cue_bound,clean,0.4,1.00,60,2,Qwen/Qwen3.6-27B,1.0,1,2026-08-15T22:59:58.525597+00:00,50.0,50.0,0.00045504,ok
v4_0267,heldout_03,food_bank,target_clear,cue_bound,clean,0.4,1.00,60,3,Qwen/Qwen3.6-27B,1.0,1,2026-08-15T22:59:59.527878+00:00,50.0,50.0,0.00045504,ok
v4_0268,heldout_03,food_bank,target_clear,cue_bound,clean,0.2,1.00,80,1,Qwen/Qwen3.6-27B,1.0,1,2026-08-15T23:00:00.581247+00:00,50.0,50.0,0.00045504,ok
v4_0269,heldout_03,food_bank,target_clear,cue_bound,clean,0.2,1.00,80,2,Qwen/Qwen3.6-27B,1.0,1,2026-08-15T23:00:01.524270+00:00,50.0,50.0,0.00045504,ok
v4_0270,heldout_03,food_bank,target_clear,cue_bound,clean,0.2,1.00,80,3,Qwen/Qwen3.6-27B,1.0,1,2026-08-15T23:00:02.939376+00:00,50.0,50.0,0.00045504,ok
v4_0271,heldout_03,food_bank,target_clear,cue_bound,modified,1.0,1.00,0,1,Qwen/Qwen3.6-27B,1.0,1,2026-08-15T23:00:04.092440+00:00,100.0,0.0,0.00045504,ok
v4_0272,heldout_03,food_bank,target_clear,cue_bound,modified,1.0,1.00,0,2,Qwen/Qwen3.6-27B,1.0,1,2026-08-15T23:00:04.750934+00:00,100.0,0.0,0.00045504,ok
v4_0273,heldout_03,food_bank,target_clear,cue_bound,modified,1.0,1.00,0,3,Qwen/Qwen3.6-27B,1.0,1,2026-08-15T23:00:05.763352+00:00,100.0,0.0,0.00045504,ok
v4_0274,heldout_03,food_bank,target_clear,cue_bound,modified,0.9,1.00,10,1,Qwen/Qwen3.6-27B,1.0,1,2026-08-15T23:00:06.700818+00:00,100.0,0.0,0.00045504,ok
v4_0275,heldout_03,food_bank,target_clear,cue_bound,modified,0.9,1.00,10,2,Qwen/Qwen3.6-27B,1.0,1,2026-08-15T23:00:07.724188+00:00,100.0,0.0,0.00045504,ok
v4_0276,heldout_03,food_bank,target_clear,cue_bound,modified,0.9,1.00,10,3,Qwen/Qwen3.6-27B,1.0,1,2026-08-15T23:00:08.811351+00:00,100.0,0.0,0.00045504,ok
v4_0277,heldout_03,food_bank,target_clear,cue_bound,modified,0.8,1.00,20,1,Qwen/Qwen3.6-27B,1.0,1,2026-08-15T23:00:09.761231+00:00,100.0,0.0,0.00045504,ok
v4_0278,heldout_03,food_bank,target_clear,cue_bound,modified,0.8,1.00,20,2,Qwen/Qwen3.6-27B,1.0,1,2026-08-15T23:00:10.819033+00:00,100.0,0.0,0.00045504,ok
v4_0279,heldout_03,food_bank,target_clear,cue_bound,modified,0.8,1.00,20,3,Qwen/Qwen3.6-27B,1.0,1,2026-08-15T23:00:11.786329+00:00,100.0,0.0,0.00045504,ok
v4_0280,heldout_03,food_bank,target_clear,cue_bound,modified,0.6,1.00,40,1,Qwen/Qwen3.6-27B,1.0,1,2026-08-15T23:00:12.776923+00:00,100.0,0.0,0.00045504,ok
v4_0281,heldout_03,food_bank,target_clear,cue_bound,modified,0.6,1.00,40,2,Qwen/Qwen3.6-27B,1.0,1,2026-08-15T23:00:13.799932+00:00,100.0,0.0,0.00045504,ok
v4_0282,heldout_03,food_bank,target_clear,cue_bound,modified,0.6,1.00,40,3,Qwen/Qwen3.6-27B,1.0,1,2026-08-15T23:00:14.781912+00:00,100.0,0.0,0.00045504,ok
v4_0283,heldout_03,food_bank,target_clear,cue_bound,modified,0.4,1.00,60,1,Qwen/Qwen3.6-27B,1.0,1,2026-08-15T23:00:15.798557+00:00,100.0,0.0,0.00045504,ok
v4_0284,heldout_03,food_bank,target_clear,cue_bound,modified,0.4,1.00,60,2,Qwen/Qwen3.6-27B,1.0,1,2026-08-15T23:00:16.813307+00:00,100.0,0.0,0.00045504,ok
v4_0285,heldout_03,food_bank,target_clear,cue_bound,modified,0.4,1.00,60,3,Qwen/Qwen3.6-27B,1.0,1,2026-08-15T23:00:18.359339+00:00,100.0,0.0,0.00045504,ok
v4_0286,heldout_03,food_bank,target_clear,cue_bound,modified,0.2,1.00,80,1,Qwen/Qwen3.6-27B,1.0,1,2026-08-15T23:00:18.986517+00:00,100.0,0.0,0.00045504,ok
v4_0287,heldout_03,food_bank,target_clear,cue_bound,modified,0.2,1.00,80,2,Qwen/Qwen3.6-27B,1.0,1,2026-08-15T23:00:21.868896+00:00,100.0,0.0,0.00045504,ok
v4_0288,heldout_03,food_bank,target_clear,cue_bound,modified,0.2,1.00,80,3,Qwen/Qwen3.6-27B,1.0,1,2026-08-15T23:00:22.488460+00:00,100.0,0.0,0.00045504,ok
v4_0289,heldout_03,food_bank,target_clear,generalized,clean,1.0,1.00,0,1,Qwen/Qwen3.6-27B,1.0,1,2026-08-15T23:00:23.611911+00:00,100.0,0.0,0.0004387199999999999,ok
v4_0290,heldout_03,food_bank,target_clear,generalized,clean,1.0,1.00,0,2,Qwen/Qwen3.6-27B,1.0,1,2026-08-15T23:00:24.587614+00:00,100.0,0.0,0.0004387199999999999,ok
v4_0291,heldout_03,food_bank,target_clear,generalized,clean,1.0,1.00,0,3,Qwen/Qwen3.6-27B,1.0,1,2026-08-15T23:00:25.990009+00:00,100.0,0.0,0.0004387199999999999,ok
v4_0292,heldout_03,food_bank,target_clear,generalized,clean,0.9,1.00,10,1,Qwen/Qwen3.6-27B,1.0,1,2026-08-15T23:00:26.657274+00:00,100.0,0.0,0.0004387199999999999,ok
v4_0293,heldout_03,food_bank,target_clear,generalized,clean,0.9,1.00,10,2,Qwen/Qwen3.6-27B,1.0,1,2026-08-15T23:00:27.700719+00:00,100.0,0.0,0.0004387199999999999,ok
v4_0294,heldout_03,food_bank,target_clear,generalized,clean,0.9,1.00,10,3,Qwen/Qwen3.6-27B,1.0,1,2026-08-15T23:00:28.670261+00:00,100.0,0.0,0.0004387199999999999,ok
v4_0295,heldout_03,food_bank,target_clear,generalized,clean,0.8,1.00,20,1,Qwen/Qwen3.6-27B,1.0,1,2026-08-15T23:00:29.668022+00:00,100.0,0.0,0.0004387199999999999,ok
v4_0296,heldout_03,food_bank,target_clear,generalized,clean,0.8,1.00,20,2,Qwen/Qwen3.6-27B,1.0,1,2026-08-15T23:00:30.684987+00:00,100.0,0.0,0.0004387199999999999,ok
v4_0297,heldout_03,food_bank,target_clear,generalized,clean,0.8,1.00,20,3,Qwen/Qwen3.6-27B,1.0,1,2026-08-15T23:00:31.693331+00:00,100.0,0.0,0.0004387199999999999,ok
v4_0298,heldout_03,food_bank,target_clear,generalized,clean,0.6,1.00,40,1,Qwen/Qwen3.6-27B,1.0,1,2026-08-15T23:00:32.693612+00:00,100.0,0.0,0.0004387199999999999,ok
v4_0299,heldout_03,food_bank,target_clear,generalized,clean,0.6,1.00,40,2,Qwen/Qwen3.6-27B,1.0,1,2026-08-15T23:00:35.180795+00:00,100.0,0.0,0.0004387199999999999,ok
v4_0300,heldout_03,food_bank,target_clear,generalized,clean,0.6,1.00,40,3,Qwen/Qwen3.6-27B,1.0,1,2026-08-15T23:00:35.857947+00:00,100.0,0.0,0.0004387199999999999,ok
v4_0301,heldout_03,food_bank,target_clear,generalized,clean,0.4,1.00,60,1,Qwen/Qwen3.6-27B,1.0,1,2026-08-15T23:00:36.880800+00:00,100.0,0.0,0.0004387199999999999,ok
v4_0302,heldout_03,food_bank,target_clear,generalized,clean,0.4,1.00,60,2,Qwen/Qwen3.6-27B,1.0,1,2026-08-15T23:00:37.906909+00:00,100.0,0.0,0.0004387199999999999,ok
v4_0303,heldout_03,food_bank,target_clear,generalized,clean,0.4,1.00,60,3,Qwen/Qwen3.6-27B,1.0,1,2026-08-15T23:00:38.857865+00:00,100.0,0.0,0.0004387199999999999,ok
v4_0304,heldout_03,food_bank,target_clear,generalized,clean,0.2,1.00,80,1,Qwen/Qwen3.6-27B,1.0,1,2026-08-15T23:00:39.869453+00:00,100.0,0.0,0.0004387199999999999,ok
v4_0305,heldout_03,food_bank,target_clear,generalized,clean,0.2,1.00,80,2,Qwen/Qwen3.6-27B,1.0,1,2026-08-15T23:00:40.870815+00:00,100.0,0.0,0.0004387199999999999,ok
v4_0306,heldout_03,food_bank,target_clear,generalized,clean,0.2,1.00,80,3,Qwen/Qwen3.6-27B,1.0,1,2026-08-15T23:00:41.855646+00:00,100.0,0.0,0.0004387199999999999,ok
v4_0307,heldout_03,food_bank,target_clear,generalized,modified,1.0,1.00,0,1,Qwen/Qwen3.6-27B,1.0,1,2026-08-15T23:00:43.165928+00:00,100.0,0.0,0.0004387199999999999,ok
v4_0308,heldout_03,food_bank,target_clear,generalized,modified,1.0,1.00,0,2,Qwen/Qwen3.6-27B,1.0,1,2026-08-15T23:00:43.917108+00:00,100.0,0.0,0.0004387199999999999,ok
v4_0309,heldout_03,food_bank,target_clear,generalized,modified,1.0,1.00,0,3,Qwen/Qwen3.6-27B,1.0,1,2026-08-15T23:00:45.353589+00:00,100.0,0.0,0.0004387199999999999,ok
v4_0310,heldout_03,food_bank,target_clear,generalized,modified,0.9,1.00,10,1,Qwen/Qwen3.6-27B,1.0,1,2026-08-15T23:00:46.005147+00:00,100.0,0.0,0.0004387199999999999,ok
v4_0311,heldout_03,food_bank,target_clear,generalized,modified,0.9,1.00,10,2,Qwen/Qwen3.6-27B,1.0,1,2026-08-15T23:00:47.028806+00:00,100.0,0.0,0.0004387199999999999,ok
v4_0312,heldout_03,food_bank,target_clear,generalized,modified,0.9,1.00,10,3,Qwen/Qwen3.6-27B,1.0,1,2026-08-15T23:00:48.013000+00:00,100.0,0.0,0.0004387199999999999,ok
v4_0313,heldout_03,food_bank,target_clear,generalized,modified,0.8,1.00,20,1,Qwen/Qwen3.6-27B,1.0,1,2026-08-15T23:00:49.052965+00:00,100.0,0.0,0.0004387199999999999,ok
v4_0314,heldout_03,food_bank,target_clear,generalized,modified,0.8,1.00,20,2,Qwen/Qwen3.6-27B,1.0,1,2026-08-15T23:00:50.253248+00:00,100.0,0.0,0.0004387199999999999,ok
v4_0315,heldout_03,food_bank,target_clear,generalized,modified,0.8,1.00,20,3,Qwen/Qwen3.6-27B,1.0,1,2026-08-15T23:00:51.004387+00:00,100.0,0.0,0.0004387199999999999,ok
v4_0316,heldout_03,food_bank,target_clear,generalized,modified,0.6,1.00,40,1,Qwen/Qwen3.6-27B,1.0,1,2026-08-15T23:00:52.027693+00:00,100.0,0.0,0.0004387199999999999,ok
v4_0317,heldout_03,food_bank,target_clear,generalized,modified,0.6,1.00,40,2,Qwen/Qwen3.6-27B,1.0,1,2026-08-15T23:00:53.030293+00:00,100.0,0.0,0.0004387199999999999,ok
v4_0318,heldout_03,food_bank,target_clear,generalized,modified,0.6,1.00,40,3,Qwen/Qwen3.6-27B,1.0,1,2026-08-15T23:00:54.077062+00:00,100.0,0.0,0.0004387199999999999,ok
v4_0319,heldout_03,food_bank,target_clear,generalized,modified,0.4,1.00,60,1,Qwen/Qwen3.6-27B,1.0,1,2026-08-15T23:00:55.036075+00:00,100.0,0.0,0.0004387199999999999,ok
v4_0320,heldout_03,food_bank,target_clear,generalized,modified,0.4,1.00,60,2,Qwen/Qwen3.6-27B,1.0,1,2026-08-15T23:00:56.027906+00:00,100.0,0.0,0.0004387199999999999,ok
v4_0321,heldout_03,food_bank,target_clear,generalized,modified,0.4,1.00,60,3,Qwen/Qwen3.6-27B,1.0,1,2026-08-15T23:00:57.612495+00:00,100.0,0.0,0.0004387199999999999,ok
v4_0322,heldout_03,food_bank,target_clear,generalized,modified,0.2,1.00,80,1,Qwen/Qwen3.6-27B,1.0,1,2026-08-15T23:00:58.253900+00:00,100.0,0.0,0.0004387199999999999,ok
v4_0323,heldout_03,food_bank,target_clear,generalized,modified,0.2,1.00,80,2,Qwen/Qwen3.6-27B,1.0,1,2026-08-15T23:01:06.291675+00:00,100.0,0.0,0.0004387199999999999,ok
v4_0324,heldout_03,food_bank,target_clear,generalized,modified,0.2,1.00,80,3,Qwen/Qwen3.6-27B,1.0,1,2026-08-15T23:01:06.968497+00:00,100.0,0.0,0.0004387199999999999,ok
v4_0325,heldout_04,coastal_monitoring,target_clear,neutral,clean,1.0,1.00,0,1,Qwen/Qwen3.6-27B,1.0,1,2026-08-15T23:01:08.381662+00:00,50.0,50.0,0.00043327999999999997,ok
v4_0326,heldout_04,coastal_monitoring,target_clear,neutral,clean,1.0,1.00,0,2,Qwen/Qwen3.6-27B,1.0,1,2026-08-15T23:01:09.207922+00:00,50.0,50.0,0.00043327999999999997,ok
v4_0327,heldout_04,coastal_monitoring,target_clear,neutral,clean,1.0,1.00,0,3,Qwen/Qwen3.6-27B,1.0,1,2026-08-15T23:01:10.030072+00:00,50.0,50.0,0.00043327999999999997,ok
v4_0328,heldout_04,coastal_monitoring,target_clear,neutral,clean,0.9,1.00,10,1,Qwen/Qwen3.6-27B,1.0,1,2026-08-15T23:01:11.054314+00:00,0.0,100.0,0.00043327999999999997,ok
v4_0329,heldout_04,coastal_monitoring,target_clear,neutral,clean,0.9,1.00,10,2,Qwen/Qwen3.6-27B,1.0,1,2026-08-15T23:01:12.048927+00:00,0.0,100.0,0.00043327999999999997,ok
v4_0330,heldout_04,coastal_monitoring,target_clear,neutral,clean,0.9,1.00,10,3,Qwen/Qwen3.6-27B,1.0,1,2026-08-15T23:01:13.621771+00:00,0.0,100.0,0.00043327999999999997,ok
v4_0331,heldout_04,coastal_monitoring,target_clear,neutral,clean,0.8,1.00,20,1,Qwen/Qwen3.6-27B,1.0,1,2026-08-15T23:01:14.430185+00:00,44.0,56.0,0.00043327999999999997,ok
v4_0332,heldout_04,coastal_monitoring,target_clear,neutral,clean,0.8,1.00,20,2,Qwen/Qwen3.6-27B,1.0,1,2026-08-15T23:01:15.292973+00:00,50.0,50.0,0.00043327999999999997,ok
v4_0333,heldout_04,coastal_monitoring,target_clear,neutral,clean,0.8,1.00,20,3,Qwen/Qwen3.6-27B,1.0,1,2026-08-15T23:01:16.281631+00:00,40.0,60.0,0.00043327999999999997,ok
v4_0334,heldout_04,coastal_monitoring,target_clear,neutral,clean,0.6,1.00,40,1,Qwen/Qwen3.6-27B,1.0,1,2026-08-15T23:01:17.281278+00:00,40.0,60.0,0.00043327999999999997,ok
v4_0335,heldout_04,coastal_monitoring,target_clear,neutral,clean,0.6,1.00,40,2,Qwen/Qwen3.6-27B,1.0,1,2026-08-15T23:01:18.654661+00:00,0.0,100.0,0.00043327999999999997,ok
v4_0336,heldout_04,coastal_monitoring,target_clear,neutral,clean,0.6,1.00,40,3,Qwen/Qwen3.6-27B,1.0,1,2026-08-15T23:01:19.315772+00:00,0.0,100.0,0.00043327999999999997,ok
v4_0337,heldout_04,coastal_monitoring,target_clear,neutral,clean,0.4,1.00,60,1,Qwen/Qwen3.6-27B,1.0,1,2026-08-15T23:01:20.312971+00:00,0.0,100.0,0.00043327999999999997,ok
v4_0338,heldout_04,coastal_monitoring,target_clear,neutral,clean,0.4,1.00,60,2,Qwen/Qwen3.6-27B,1.0,1,2026-08-15T23:01:21.285795+00:00,20.0,80.0,0.00043327999999999997,ok
v4_0339,heldout_04,coastal_monitoring,target_clear,neutral,clean,0.4,1.00,60,3,Qwen/Qwen3.6-27B,1.0,1,2026-08-15T23:01:22.350463+00:00,0.0,100.0,0.00043327999999999997,ok
v4_0340,heldout_04,coastal_monitoring,target_clear,neutral,clean,0.2,1.00,80,1,Qwen/Qwen3.6-27B,1.0,1,2026-08-15T23:01:23.302532+00:00,0.0,100.0,0.00043327999999999997,ok
v4_0341,heldout_04,coastal_monitoring,target_clear,neutral,clean,0.2,1.00,80,2,Qwen/Qwen3.6-27B,1.0,1,2026-08-15T23:01:24.735388+00:00,0.0,100.0,0.00043327999999999997,ok
v4_0342,heldout_04,coastal_monitoring,target_clear,neutral,clean,0.2,1.00,80,3,Qwen/Qwen3.6-27B,1.0,1,2026-08-15T23:01:25.401574+00:00,0.0,100.0,0.00043327999999999997,ok
v4_0343,heldout_04,coastal_monitoring,target_clear,neutral,modified,1.0,1.00,0,1,Qwen/Qwen3.6-27B,1.0,1,2026-08-15T23:01:26.565044+00:00,50.0,50.0,0.00043327999999999997,ok
v4_0344,heldout_04,coastal_monitoring,target_clear,neutral,modified,1.0,1.00,0,2,Qwen/Qwen3.6-27B,1.0,1,2026-08-15T23:01:27.428052+00:00,50.0,50.0,0.00043327999999999997,ok
v4_0345,heldout_04,coastal_monitoring,target_clear,neutral,modified,1.0,1.00,0,3,Qwen/Qwen3.6-27B,1.0,1,2026-08-15T23:01:28.446364+00:00,50.0,50.0,0.00043327999999999997,ok
v4_0346,heldout_04,coastal_monitoring,target_clear,neutral,modified,0.9,1.00,10,1,Qwen/Qwen3.6-27B,1.0,1,2026-08-15T23:01:29.434103+00:00,90.0,10.0,0.00043327999999999997,ok
v4_0347,heldout_04,coastal_monitoring,target_clear,neutral,modified,0.9,1.00,10,2,Qwen/Qwen3.6-27B,1.0,1,2026-08-15T23:01:30.449325+00:00,50.0,50.0,0.00043327999999999997,ok
v4_0348,heldout_04,coastal_monitoring,target_clear,neutral,modified,0.9,1.00,10,3,Qwen/Qwen3.6-27B,1.0,1,2026-08-15T23:01:31.871438+00:00,0.0,100.0,0.00043327999999999997,ok
v4_0349,heldout_04,coastal_monitoring,target_clear,neutral,modified,0.8,1.00,20,1,Qwen/Qwen3.6-27B,1.0,1,2026-08-15T23:01:32.521014+00:00,44.0,56.0,0.00043327999999999997,ok
v4_0350,heldout_04,coastal_monitoring,target_clear,neutral,modified,0.8,1.00,20,2,Qwen/Qwen3.6-27B,1.0,1,2026-08-15T23:01:33.522534+00:00,50.0,50.0,0.00043327999999999997,ok
v4_0351,heldout_04,coastal_monitoring,target_clear,neutral,modified,0.8,1.00,20,3,Qwen/Qwen3.6-27B,1.0,1,2026-08-15T23:01:34.833281+00:00,0.0,100.0,0.00043327999999999997,ok
v4_0352,heldout_04,coastal_monitoring,target_clear,neutral,modified,0.6,1.00,40,1,Qwen/Qwen3.6-27B,1.0,1,2026-08-15T23:01:35.518128+00:00,50.0,50.0,0.00043327999999999997,ok
v4_0353,heldout_04,coastal_monitoring,target_clear,neutral,modified,0.6,1.00,40,2,Qwen/Qwen3.6-27B,1.0,1,2026-08-15T23:01:37.576461+00:00,0.0,100.0,0.00043327999999999997,ok
v4_0354,heldout_04,coastal_monitoring,target_clear,neutral,modified,0.6,1.00,40,3,Qwen/Qwen3.6-27B,1.0,1,2026-08-15T23:01:38.224624+00:00,60.0,40.0,0.00043327999999999997,ok
v4_0355,heldout_04,coastal_monitoring,target_clear,neutral,modified,0.4,1.00,60,1,Qwen/Qwen3.6-27B,1.0,1,2026-08-15T23:01:39.318287+00:00,100.0,0.0,0.00043327999999999997,ok
v4_0356,heldout_04,coastal_monitoring,target_clear,neutral,modified,0.4,1.00,60,2,Qwen/Qwen3.6-27B,1.0,1,2026-08-15T23:01:40.237737+00:00,0.0,100.0,0.00043327999999999997,ok
v4_0357,heldout_04,coastal_monitoring,target_clear,neutral,modified,0.4,1.00,60,3,Qwen/Qwen3.6-27B,1.0,1,2026-08-15T23:01:41.311824+00:00,0.0,100.0,0.00043327999999999997,ok
v4_0358,heldout_04,coastal_monitoring,target_clear,neutral,modified,0.2,1.00,80,1,Qwen/Qwen3.6-27B,1.0,1,2026-08-15T23:01:42.246953+00:00,0.0,100.0,0.00043327999999999997,ok
v4_0359,heldout_04,coastal_monitoring,target_clear,neutral,modified,0.2,1.00,80,2,Qwen/Qwen3.6-27B,1.0,1,2026-08-15T23:01:43.241430+00:00,0.0,100.0,0.00043327999999999997,ok
v4_0360,heldout_04,coastal_monitoring,target_clear,neutral,modified,0.2,1.00,80,3,Qwen/Qwen3.6-27B,1.0,1,2026-08-15T23:01:44.279026+00:00,0.0,100.0,0.00043327999999999997,ok
v4_0361,heldout_04,coastal_monitoring,target_clear,cue_bound,clean,1.0,1.00,0,1,Qwen/Qwen3.6-27B,1.0,1,2026-08-15T23:01:45.320052+00:00,50.0,50.0,0.00045504,ok
v4_0362,heldout_04,coastal_monitoring,target_clear,cue_bound,clean,1.0,1.00,0,2,Qwen/Qwen3.6-27B,1.0,1,2026-08-15T23:01:46.258372+00:00,50.0,50.0,0.00045504,ok
v4_0363,heldout_04,coastal_monitoring,target_clear,cue_bound,clean,1.0,1.00,0,3,Qwen/Qwen3.6-27B,1.0,1,2026-08-15T23:01:47.241726+00:00,50.0,50.0,0.00045504,ok
v4_0364,heldout_04,coastal_monitoring,target_clear,cue_bound,clean,0.9,1.00,10,1,Qwen/Qwen3.6-27B,1.0,1,2026-08-15T23:01:48.706061+00:00,50.0,50.0,0.00045504,ok
v4_0365,heldout_04,coastal_monitoring,target_clear,cue_bound,clean,0.9,1.00,10,2,Qwen/Qwen3.6-27B,1.0,1,2026-08-15T23:01:49.369727+00:00,50.0,50.0,0.00045504,ok
v4_0366,heldout_04,coastal_monitoring,target_clear,cue_bound,clean,0.9,1.00,10,3,Qwen/Qwen3.6-27B,1.0,1,2026-08-15T23:01:50.418236+00:00,50.0,50.0,0.00045504,ok
v4_0367,heldout_04,coastal_monitoring,target_clear,cue_bound,clean,0.8,1.00,20,1,Qwen/Qwen3.6-27B,1.0,1,2026-08-15T23:01:51.347028+00:00,50.0,50.0,0.00045504,ok
v4_0368,heldout_04,coastal_monitoring,target_clear,cue_bound,clean,0.8,1.00,20,2,Qwen/Qwen3.6-27B,1.0,1,2026-08-15T23:01:52.387614+00:00,50.0,50.0,0.00045504,ok
v4_0369,heldout_04,coastal_monitoring,target_clear,cue_bound,clean,0.8,1.00,20,3,Qwen/Qwen3.6-27B,1.0,1,2026-08-15T23:01:54.096474+00:00,50.0,50.0,0.00045504,ok
v4_0370,heldout_04,coastal_monitoring,target_clear,cue_bound,clean,0.6,1.00,40,1,Qwen/Qwen3.6-27B,1.0,1,2026-08-15T23:01:54.769506+00:00,50.0,50.0,0.00045504,ok
v4_0371,heldout_04,coastal_monitoring,target_clear,cue_bound,clean,0.6,1.00,40,2,Qwen/Qwen3.6-27B,1.0,1,2026-08-15T23:01:55.749935+00:00,50.0,50.0,0.00045504,ok
v4_0372,heldout_04,coastal_monitoring,target_clear,cue_bound,clean,0.6,1.00,40,3,Qwen/Qwen3.6-27B,1.0,1,2026-08-15T23:01:56.907048+00:00,50.0,50.0,0.00045504,ok
v4_0373,heldout_04,coastal_monitoring,target_clear,cue_bound,clean,0.4,1.00,60,1,Qwen/Qwen3.6-27B,1.0,1,2026-08-15T23:01:57.753495+00:00,50.0,50.0,0.00045504,ok
v4_0374,heldout_04,coastal_monitoring,target_clear,cue_bound,clean,0.4,1.00,60,2,Qwen/Qwen3.6-27B,1.0,1,2026-08-15T23:01:58.768920+00:00,50.0,50.0,0.00045504,ok
v4_0375,heldout_04,coastal_monitoring,target_clear,cue_bound,clean,0.4,1.00,60,3,Qwen/Qwen3.6-27B,1.0,1,2026-08-15T23:02:00.604288+00:00,50.0,50.0,0.00045504,ok
v4_0376,heldout_04,coastal_monitoring,target_clear,cue_bound,clean,0.2,1.00,80,1,Qwen/Qwen3.6-27B,1.0,1,2026-08-15T23:02:01.348212+00:00,0.0,100.0,0.00045504,ok
v4_0377,heldout_04,coastal_monitoring,target_clear,cue_bound,clean,0.2,1.00,80,2,Qwen/Qwen3.6-27B,1.0,1,2026-08-15T23:02:02.271342+00:00,50.0,50.0,0.00045504,ok
v4_0378,heldout_04,coastal_monitoring,target_clear,cue_bound,clean,0.2,1.00,80,3,Qwen/Qwen3.6-27B,1.0,1,2026-08-15T23:02:03.709771+00:00,50.0,50.0,0.00045504,ok
v4_0379,heldout_04,coastal_monitoring,target_clear,cue_bound,modified,1.0,1.00,0,1,Qwen/Qwen3.6-27B,1.0,1,2026-08-15T23:02:05.296614+00:00,100.0,0.0,0.00045504,ok
v4_0380,heldout_04,coastal_monitoring,target_clear,cue_bound,modified,1.0,1.00,0,2,Qwen/Qwen3.6-27B,1.0,1,2026-08-15T23:02:05.943883+00:00,100.0,0.0,0.00045504,ok
v4_0381,heldout_04,coastal_monitoring,target_clear,cue_bound,modified,1.0,1.00,0,3,Qwen/Qwen3.6-27B,1.0,1,2026-08-15T23:02:07.022719+00:00,100.0,0.0,0.00045504,ok
v4_0382,heldout_04,coastal_monitoring,target_clear,cue_bound,modified,0.9,1.00,10,1,Qwen/Qwen3.6-27B,1.0,1,2026-08-15T23:02:07.940559+00:00,100.0,0.0,0.00045504,ok
v4_0383,heldout_04,coastal_monitoring,target_clear,cue_bound,modified,0.9,1.00,10,2,Qwen/Qwen3.6-27B,1.0,1,2026-08-15T23:02:08.923245+00:00,100.0,0.0,0.00045504,ok
v4_0384,heldout_04,coastal_monitoring,target_clear,cue_bound,modified,0.9,1.00,10,3,Qwen/Qwen3.6-27B,1.0,1,2026-08-15T23:02:09.997863+00:00,100.0,0.0,0.00045504,ok
v4_0385,heldout_04,coastal_monitoring,target_clear,cue_bound,modified,0.8,1.00,20,1,Qwen/Qwen3.6-27B,1.0,1,2026-08-15T23:02:10.942687+00:00,100.0,0.0,0.00045504,ok
v4_0386,heldout_04,coastal_monitoring,target_clear,cue_bound,modified,0.8,1.00,20,2,Qwen/Qwen3.6-27B,1.0,1,2026-08-15T23:02:11.961489+00:00,100.0,0.0,0.00045504,ok
v4_0387,heldout_04,coastal_monitoring,target_clear,cue_bound,modified,0.8,1.00,20,3,Qwen/Qwen3.6-27B,1.0,1,2026-08-15T23:02:12.961374+00:00,100.0,0.0,0.00045504,ok
v4_0388,heldout_04,coastal_monitoring,target_clear,cue_bound,modified,0.6,1.00,40,1,Qwen/Qwen3.6-27B,1.0,1,2026-08-15T23:02:13.999166+00:00,100.0,0.0,0.00045504,ok
v4_0389,heldout_04,coastal_monitoring,target_clear,cue_bound,modified,0.6,1.00,40,2,Qwen/Qwen3.6-27B,1.0,1,2026-08-15T23:02:15.560348+00:00,100.0,0.0,0.00045504,ok
v4_0390,heldout_04,coastal_monitoring,target_clear,cue_bound,modified,0.6,1.00,40,3,Qwen/Qwen3.6-27B,1.0,1,2026-08-15T23:02:16.201068+00:00,100.0,0.0,0.00045504,ok
v4_0391,heldout_04,coastal_monitoring,target_clear,cue_bound,modified,0.4,1.00,60,1,Qwen/Qwen3.6-27B,1.0,1,2026-08-15T23:02:17.233377+00:00,100.0,0.0,0.00045504,ok
v4_0392,heldout_04,coastal_monitoring,target_clear,cue_bound,modified,0.4,1.00,60,2,Qwen/Qwen3.6-27B,1.0,1,2026-08-15T23:02:18.524732+00:00,100.0,0.0,0.00045504,ok
v4_0393,heldout_04,coastal_monitoring,target_clear,cue_bound,modified,0.4,1.00,60,3,Qwen/Qwen3.6-27B,1.0,1,2026-08-15T23:02:19.263404+00:00,100.0,0.0,0.00045504,ok
v4_0394,heldout_04,coastal_monitoring,target_clear,cue_bound,modified,0.2,1.00,80,1,Qwen/Qwen3.6-27B,1.0,1,2026-08-15T23:02:20.297821+00:00,100.0,0.0,0.00045504,ok
v4_0395,heldout_04,coastal_monitoring,target_clear,cue_bound,modified,0.2,1.00,80,2,Qwen/Qwen3.6-27B,1.0,1,2026-08-15T23:02:21.353816+00:00,100.0,0.0,0.00045504,ok
v4_0396,heldout_04,coastal_monitoring,target_clear,cue_bound,modified,0.2,1.00,80,3,Qwen/Qwen3.6-27B,1.0,1,2026-08-15T23:02:22.278821+00:00,100.0,0.0,0.00045504,ok
v4_0397,heldout_04,coastal_monitoring,target_clear,generalized,clean,1.0,1.00,0,1,Qwen/Qwen3.6-27B,1.0,1,2026-08-15T23:02:23.360004+00:00,100.0,0.0,0.0004387199999999999,ok
v4_0398,heldout_04,coastal_monitoring,target_clear,generalized,clean,1.0,1.00,0,2,Qwen/Qwen3.6-27B,1.0,1,2026-08-15T23:02:24.639520+00:00,100.0,0.0,0.0004387199999999999,ok
v4_0399,heldout_04,coastal_monitoring,target_clear,generalized,clean,1.0,1.00,0,3,Qwen/Qwen3.6-27B,1.0,1,2026-08-15T23:02:25.716346+00:00,100.0,0.0,0.0004387199999999999,ok
v4_0400,heldout_04,coastal_monitoring,target_clear,generalized,clean,0.9,1.00,10,1,Qwen/Qwen3.6-27B,1.0,1,2026-08-15T23:02:26.389407+00:00,100.0,0.0,0.0004387199999999999,ok
v4_0401,heldout_04,coastal_monitoring,target_clear,generalized,clean,0.9,1.00,10,2,Qwen/Qwen3.6-27B,1.0,1,2026-08-15T23:02:27.642437+00:00,100.0,0.0,0.0004387199999999999,ok
v4_0402,heldout_04,coastal_monitoring,target_clear,generalized,clean,0.9,1.00,10,3,Qwen/Qwen3.6-27B,1.0,1,2026-08-15T23:02:28.652796+00:00,100.0,0.0,0.0004387199999999999,ok
v4_0403,heldout_04,coastal_monitoring,target_clear,generalized,clean,0.8,1.00,20,1,Qwen/Qwen3.6-27B,1.0,1,2026-08-15T23:02:34.293728+00:00,100.0,0.0,0.0004387199999999999,ok
v4_0404,heldout_04,coastal_monitoring,target_clear,generalized,clean,0.8,1.00,20,2,Qwen/Qwen3.6-27B,1.0,1,2026-08-15T23:02:34.987765+00:00,100.0,0.0,0.0004387199999999999,ok
v4_0405,heldout_04,coastal_monitoring,target_clear,generalized,clean,0.8,1.00,20,3,Qwen/Qwen3.6-27B,1.0,1,2026-08-15T23:02:35.961749+00:00,100.0,0.0,0.0004387199999999999,ok
v4_0406,heldout_04,coastal_monitoring,target_clear,generalized,clean,0.6,1.00,40,1,Qwen/Qwen3.6-27B,1.0,1,2026-08-15T23:02:36.985595+00:00,100.0,0.0,0.0004387199999999999,ok
v4_0407,heldout_04,coastal_monitoring,target_clear,generalized,clean,0.6,1.00,40,2,Qwen/Qwen3.6-27B,1.0,1,2026-08-15T23:02:37.981367+00:00,100.0,0.0,0.0004387199999999999,ok
v4_0408,heldout_04,coastal_monitoring,target_clear,generalized,clean,0.6,1.00,40,3,Qwen/Qwen3.6-27B,1.0,1,2026-08-15T23:02:38.989291+00:00,100.0,0.0,0.0004387199999999999,ok
v4_0409,heldout_04,coastal_monitoring,target_clear,generalized,clean,0.4,1.00,60,1,Qwen/Qwen3.6-27B,1.0,1,2026-08-15T23:02:39.991653+00:00,100.0,0.0,0.0004387199999999999,ok
v4_0410,heldout_04,coastal_monitoring,target_clear,generalized,clean,0.4,1.00,60,2,Qwen/Qwen3.6-27B,1.0,1,2026-08-15T23:02:40.971224+00:00,100.0,0.0,0.0004387199999999999,ok
v4_0411,heldout_04,coastal_monitoring,target_clear,generalized,clean,0.4,1.00,60,3,Qwen/Qwen3.6-27B,1.0,1,2026-08-15T23:02:42.008740+00:00,100.0,0.0,0.0004387199999999999,ok
v4_0412,heldout_04,coastal_monitoring,target_clear,generalized,clean,0.2,1.00,80,1,Qwen/Qwen3.6-27B,1.0,1,2026-08-15T23:02:43.043360+00:00,100.0,0.0,0.0004387199999999999,ok
v4_0413,heldout_04,coastal_monitoring,target_clear,generalized,clean,0.2,1.00,80,2,Qwen/Qwen3.6-27B,1.0,1,2026-08-15T23:02:43.972337+00:00,100.0,0.0,0.0004387199999999999,ok
v4_0414,heldout_04,coastal_monitoring,target_clear,generalized,clean,0.2,1.00,80,3,Qwen/Qwen3.6-27B,1.0,1,2026-08-15T23:02:45.059975+00:00,100.0,0.0,0.0004387199999999999,ok
v4_0415,heldout_04,coastal_monitoring,target_clear,generalized,modified,1.0,1.00,0,1,Qwen/Qwen3.6-27B,1.0,1,2026-08-15T23:02:46.122705+00:00,100.0,0.0,0.0004387199999999999,ok
v4_0416,heldout_04,coastal_monitoring,target_clear,generalized,modified,1.0,1.00,0,2,Qwen/Qwen3.6-27B,1.0,1,2026-08-15T23:02:47.236972+00:00,100.0,0.0,0.0004387199999999999,ok
v4_0417,heldout_04,coastal_monitoring,target_clear,generalized,modified,1.0,1.00,0,3,Qwen/Qwen3.6-27B,1.0,1,2026-08-15T23:02:48.052705+00:00,100.0,0.0,0.0004387199999999999,ok
v4_0418,heldout_04,coastal_monitoring,target_clear,generalized,modified,0.9,1.00,10,1,Qwen/Qwen3.6-27B,1.0,1,2026-08-15T23:02:49.128946+00:00,100.0,0.0,0.0004387199999999999,ok
v4_0419,heldout_04,coastal_monitoring,target_clear,generalized,modified,0.9,1.00,10,2,Qwen/Qwen3.6-27B,1.0,1,2026-08-15T23:02:50.051493+00:00,100.0,0.0,0.0004387199999999999,ok
v4_0420,heldout_04,coastal_monitoring,target_clear,generalized,modified,0.9,1.00,10,3,Qwen/Qwen3.6-27B,1.0,1,2026-08-15T23:02:51.064982+00:00,100.0,0.0,0.0004387199999999999,ok
v4_0421,heldout_04,coastal_monitoring,target_clear,generalized,modified,0.8,1.00,20,1,Qwen/Qwen3.6-27B,1.0,1,2026-08-15T23:02:52.200977+00:00,100.0,0.0,0.0004387199999999999,ok
v4_0422,heldout_04,coastal_monitoring,target_clear,generalized,modified,0.8,1.00,20,2,Qwen/Qwen3.6-27B,1.0,1,2026-08-15T23:02:53.088530+00:00,100.0,0.0,0.0004387199999999999,ok
v4_0423,heldout_04,coastal_monitoring,target_clear,generalized,modified,0.8,1.00,20,3,Qwen/Qwen3.6-27B,1.0,1,2026-08-15T23:02:54.457208+00:00,100.0,0.0,0.0004387199999999999,ok
v4_0424,heldout_04,coastal_monitoring,target_clear,generalized,modified,0.6,1.00,40,1,Qwen/Qwen3.6-27B,1.0,1,2026-08-15T23:02:56.101268+00:00,100.0,0.0,0.0004387199999999999,ok
v4_0425,heldout_04,coastal_monitoring,target_clear,generalized,modified,0.6,1.00,40,2,Qwen/Qwen3.6-27B,1.0,1,2026-08-15T23:02:57.003999+00:00,100.0,0.0,0.0004387199999999999,ok
v4_0426,heldout_04,coastal_monitoring,target_clear,generalized,modified,0.6,1.00,40,3,Qwen/Qwen3.6-27B,1.0,1,2026-08-15T23:02:57.732670+00:00,100.0,0.0,0.0004387199999999999,ok
v4_0427,heldout_04,coastal_monitoring,target_clear,generalized,modified,0.4,1.00,60,1,Qwen/Qwen3.6-27B,1.0,1,2026-08-15T23:02:59.048069+00:00,100.0,0.0,0.0004387199999999999,ok
v4_0428,heldout_04,coastal_monitoring,target_clear,generalized,modified,0.4,1.00,60,2,Qwen/Qwen3.6-27B,1.0,1,2026-08-15T23:02:59.986576+00:00,100.0,0.0,0.0004387199999999999,ok
v4_0429,heldout_04,coastal_monitoring,target_clear,generalized,modified,0.4,1.00,60,3,Qwen/Qwen3.6-27B,1.0,1,2026-08-15T23:03:01.016931+00:00,100.0,0.0,0.0004387199999999999,ok
v4_0430,heldout_04,coastal_monitoring,target_clear,generalized,modified,0.2,1.00,80,1,Qwen/Qwen3.6-27B,1.0,1,2026-08-15T23:03:02.031234+00:00,100.0,0.0,0.0004387199999999999,ok
v4_0431,heldout_04,coastal_monitoring,target_clear,generalized,modified,0.2,1.00,80,2,Qwen/Qwen3.6-27B,1.0,1,2026-08-15T23:03:03.075134+00:00,100.0,0.0,0.0004387199999999999,ok
v4_0432,heldout_04,coastal_monitoring,target_clear,generalized,modified,0.2,1.00,80,3,Qwen/Qwen3.6-27B,1.0,1,2026-08-15T23:03:04.086845+00:00,100.0,0.0,0.0004387199999999999,ok
v4_0433,heldout_05,transit_depot,target_clear,neutral,clean,1.0,1.00,0,1,Qwen/Qwen3.6-27B,1.0,1,2026-08-15T23:03:05.325690+00:00,50.0,50.0,0.00043327999999999997,ok
v4_0434,heldout_05,transit_depot,target_clear,neutral,clean,1.0,1.00,0,2,Qwen/Qwen3.6-27B,1.0,1,2026-08-15T23:03:06.399194+00:00,50.0,50.0,0.00043327999999999997,ok
v4_0435,heldout_05,transit_depot,target_clear,neutral,clean,1.0,1.00,0,3,Qwen/Qwen3.6-27B,1.0,1,2026-08-15T23:03:07.348436+00:00,50.0,50.0,0.00043327999999999997,ok
v4_0436,heldout_05,transit_depot,target_clear,neutral,clean,0.9,1.00,10,1,Qwen/Qwen3.6-27B,1.0,1,2026-08-15T23:03:08.359074+00:00,0.0,100.0,0.00043327999999999997,ok
v4_0437,heldout_05,transit_depot,target_clear,neutral,clean,0.9,1.00,10,2,Qwen/Qwen3.6-27B,1.0,1,2026-08-15T23:03:09.419266+00:00,50.0,50.0,0.00043327999999999997,ok
v4_0438,heldout_05,transit_depot,target_clear,neutral,clean,0.9,1.00,10,3,Qwen/Qwen3.6-27B,1.0,1,2026-08-15T23:03:10.370044+00:00,0.0,100.0,0.00043327999999999997,ok
v4_0439,heldout_05,transit_depot,target_clear,neutral,clean,0.8,1.00,20,1,Qwen/Qwen3.6-27B,1.0,1,2026-08-15T23:03:11.374614+00:00,40.0,60.0,0.00043327999999999997,ok
v4_0440,heldout_05,transit_depot,target_clear,neutral,clean,0.8,1.00,20,2,Qwen/Qwen3.6-27B,1.0,1,2026-08-15T23:03:12.493623+00:00,0.0,100.0,0.00043327999999999997,ok
v4_0441,heldout_05,transit_depot,target_clear,neutral,clean,0.8,1.00,20,3,Qwen/Qwen3.6-27B,1.0,1,2026-08-15T23:03:13.194498+00:00,0.0,100.0,0.00043327999999999997,ok
v4_0442,heldout_05,transit_depot,target_clear,neutral,clean,0.6,1.00,40,1,Qwen/Qwen3.6-27B,1.0,1,2026-08-15T23:03:14.444091+00:00,0.0,100.0,0.00043327999999999997,ok
v4_0443,heldout_05,transit_depot,target_clear,neutral,clean,0.6,1.00,40,2,Qwen/Qwen3.6-27B,1.0,1,2026-08-15T23:03:15.917726+00:00,40.0,60.0,0.00043327999999999997,ok
v4_0444,heldout_05,transit_depot,target_clear,neutral,clean,0.6,1.00,40,3,Qwen/Qwen3.6-27B,1.0,1,2026-08-15T23:03:16.890796+00:00,0.0,100.0,0.00043327999999999997,ok
v4_0445,heldout_05,transit_depot,target_clear,neutral,clean,0.4,1.00,60,1,Qwen/Qwen3.6-27B,1.0,1,2026-08-15T23:03:17.909300+00:00,0.0,100.0,0.00043327999999999997,ok
v4_0446,heldout_05,transit_depot,target_clear,neutral,clean,0.4,1.00,60,2,Qwen/Qwen3.6-27B,1.0,1,2026-08-15T23:03:18.935174+00:00,0.0,100.0,0.00043327999999999997,ok
v4_0447,heldout_05,transit_depot,target_clear,neutral,clean,0.4,1.00,60,3,Qwen/Qwen3.6-27B,1.0,1,2026-08-15T23:03:19.736752+00:00,0.0,100.0,0.00043327999999999997,ok
v4_0448,heldout_05,transit_depot,target_clear,neutral,clean,0.2,1.00,80,1,Qwen/Qwen3.6-27B,1.0,1,2026-08-15T23:03:20.622288+00:00,0.0,100.0,0.00043327999999999997,ok
v4_0449,heldout_05,transit_depot,target_clear,neutral,clean,0.2,1.00,80,2,Qwen/Qwen3.6-27B,1.0,1,2026-08-15T23:03:21.997949+00:00,0.0,100.0,0.00043327999999999997,ok
v4_0450,heldout_05,transit_depot,target_clear,neutral,clean,0.2,1.00,80,3,Qwen/Qwen3.6-27B,1.0,1,2026-08-15T23:03:23.070416+00:00,0.0,100.0,0.00043327999999999997,ok
v4_0451,heldout_05,transit_depot,target_clear,neutral,modified,1.0,1.00,0,1,Qwen/Qwen3.6-27B,1.0,1,2026-08-15T23:03:23.927145+00:00,50.0,50.0,0.00043327999999999997,ok
v4_0452,heldout_05,transit_depot,target_clear,neutral,modified,1.0,1.00,0,2,Qwen/Qwen3.6-27B,1.0,1,2026-08-15T23:03:25.093233+00:00,50.0,50.0,0.00043327999999999997,ok
v4_0453,heldout_05,transit_depot,target_clear,neutral,modified,1.0,1.00,0,3,Qwen/Qwen3.6-27B,1.0,1,2026-08-15T23:03:25.788046+00:00,50.0,50.0,0.00043327999999999997,ok
v4_0454,heldout_05,transit_depot,target_clear,neutral,modified,0.9,1.00,10,1,Qwen/Qwen3.6-27B,1.0,1,2026-08-15T23:03:26.738207+00:00,0.0,100.0,0.00043327999999999997,ok
v4_0455,heldout_05,transit_depot,target_clear,neutral,modified,0.9,1.00,10,2,Qwen/Qwen3.6-27B,1.0,1,2026-08-15T23:03:27.821741+00:00,0.0,100.0,0.00043327999999999997,ok
v4_0456,heldout_05,transit_depot,target_clear,neutral,modified,0.9,1.00,10,3,Qwen/Qwen3.6-27B,1.0,1,2026-08-15T23:03:28.770049+00:00,0.0,100.0,0.00043327999999999997,ok
v4_0457,heldout_05,transit_depot,target_clear,neutral,modified,0.8,1.00,20,1,Qwen/Qwen3.6-27B,1.0,1,2026-08-15T23:03:29.758321+00:00,100.0,0.0,0.00043327999999999997,ok
v4_0458,heldout_05,transit_depot,target_clear,neutral,modified,0.8,1.00,20,2,Qwen/Qwen3.6-27B,1.0,1,2026-08-15T23:03:31.281067+00:00,0.0,100.0,0.00043327999999999997,ok
v4_0459,heldout_05,transit_depot,target_clear,neutral,modified,0.8,1.00,20,3,Qwen/Qwen3.6-27B,1.0,1,2026-08-15T23:03:32.268601+00:00,0.0,100.0,0.00043327999999999997,ok
v4_0460,heldout_05,transit_depot,target_clear,neutral,modified,0.6,1.00,40,1,Qwen/Qwen3.6-27B,1.0,1,2026-08-15T23:03:33.307454+00:00,100.0,0.0,0.00043327999999999997,ok
v4_0461,heldout_05,transit_depot,target_clear,neutral,modified,0.6,1.00,40,2,Qwen/Qwen3.6-27B,1.0,1,2026-08-15T23:03:33.971384+00:00,0.0,100.0,0.00043327999999999997,ok
v4_0462,heldout_05,transit_depot,target_clear,neutral,modified,0.6,1.00,40,3,Qwen/Qwen3.6-27B,1.0,1,2026-08-15T23:03:34.980882+00:00,0.0,100.0,0.00043327999999999997,ok
v4_0463,heldout_05,transit_depot,target_clear,neutral,modified,0.4,1.00,60,1,Qwen/Qwen3.6-27B,1.0,1,2026-08-15T23:03:35.995748+00:00,0.0,100.0,0.00043327999999999997,ok
v4_0464,heldout_05,transit_depot,target_clear,neutral,modified,0.4,1.00,60,2,Qwen/Qwen3.6-27B,1.0,1,2026-08-15T23:03:36.993771+00:00,0.0,100.0,0.00043327999999999997,ok
v4_0465,heldout_05,transit_depot,target_clear,neutral,modified,0.4,1.00,60,3,Qwen/Qwen3.6-27B,1.0,1,2026-08-15T23:03:38.388674+00:00,0.0,100.0,0.00043327999999999997,ok
v4_0466,heldout_05,transit_depot,target_clear,neutral,modified,0.2,1.00,80,1,Qwen/Qwen3.6-27B,1.0,1,2026-08-15T23:03:39.060871+00:00,0.0,100.0,0.00043327999999999997,ok
v4_0467,heldout_05,transit_depot,target_clear,neutral,modified,0.2,1.00,80,2,Qwen/Qwen3.6-27B,1.0,1,2026-08-15T23:03:40.068761+00:00,0.0,100.0,0.00043327999999999997,ok
v4_0468,heldout_05,transit_depot,target_clear,neutral,modified,0.2,1.00,80,3,Qwen/Qwen3.6-27B,1.0,1,2026-08-15T23:03:41.098501+00:00,0.0,100.0,0.00043327999999999997,ok
v4_0469,heldout_05,transit_depot,target_clear,cue_bound,clean,1.0,1.00,0,1,Qwen/Qwen3.6-27B,1.0,1,2026-08-15T23:03:42.148493+00:00,50.0,50.0,0.00045504,ok
v4_0470,heldout_05,transit_depot,target_clear,cue_bound,clean,1.0,1.00,0,2,Qwen/Qwen3.6-27B,1.0,1,2026-08-15T23:03:43.070178+00:00,50.0,50.0,0.00045504,ok
v4_0471,heldout_05,transit_depot,target_clear,cue_bound,clean,1.0,1.00,0,3,Qwen/Qwen3.6-27B,1.0,1,2026-08-15T23:03:44.116809+00:00,50.0,50.0,0.00045504,ok
v4_0472,heldout_05,transit_depot,target_clear,cue_bound,clean,0.9,1.00,10,1,Qwen/Qwen3.6-27B,1.0,1,2026-08-15T23:03:45.091566+00:00,50.0,50.0,0.00045504,ok
v4_0473,heldout_05,transit_depot,target_clear,cue_bound,clean,0.9,1.00,10,2,Qwen/Qwen3.6-27B,1.0,1,2026-08-15T23:03:46.103177+00:00,50.0,50.0,0.00045504,ok
v4_0474,heldout_05,transit_depot,target_clear,cue_bound,clean,0.9,1.00,10,3,Qwen/Qwen3.6-27B,1.0,1,2026-08-15T23:03:47.137874+00:00,50.0,50.0,0.00045504,ok
v4_0475,heldout_05,transit_depot,target_clear,cue_bound,clean,0.8,1.00,20,1,Qwen/Qwen3.6-27B,1.0,1,2026-08-15T23:03:48.104792+00:00,50.0,50.0,0.00045504,ok
v4_0476,heldout_05,transit_depot,target_clear,cue_bound,clean,0.8,1.00,20,2,Qwen/Qwen3.6-27B,1.0,1,2026-08-15T23:03:49.241870+00:00,50.0,50.0,0.00045504,ok
v4_0477,heldout_05,transit_depot,target_clear,cue_bound,clean,0.8,1.00,20,3,Qwen/Qwen3.6-27B,1.0,1,2026-08-15T23:03:50.142282+00:00,0.0,100.0,0.00045504,ok
v4_0478,heldout_05,transit_depot,target_clear,cue_bound,clean,0.6,1.00,40,1,Qwen/Qwen3.6-27B,1.0,1,2026-08-15T23:03:51.150964+00:00,50.0,50.0,0.00045504,ok
v4_0479,heldout_05,transit_depot,target_clear,cue_bound,clean,0.6,1.00,40,2,Qwen/Qwen3.6-27B,1.0,1,2026-08-15T23:03:52.196539+00:00,50.0,50.0,0.00045504,ok
v4_0480,heldout_05,transit_depot,target_clear,cue_bound,clean,0.6,1.00,40,3,Qwen/Qwen3.6-27B,1.0,1,2026-08-15T23:03:53.345396+00:00,100.0,0.0,0.00045504,ok
v4_0481,heldout_05,transit_depot,target_clear,cue_bound,clean,0.4,1.00,60,1,Qwen/Qwen3.6-27B,1.0,1,2026-08-15T23:03:54.169462+00:00,50.0,50.0,0.00045504,ok
v4_0482,heldout_05,transit_depot,target_clear,cue_bound,clean,0.4,1.00,60,2,Qwen/Qwen3.6-27B,1.0,1,2026-08-15T23:03:55.183749+00:00,0.0,100.0,0.00045504,ok
v4_0483,heldout_05,transit_depot,target_clear,cue_bound,clean,0.4,1.00,60,3,Qwen/Qwen3.6-27B,1.0,1,2026-08-15T23:03:56.745045+00:00,50.0,50.0,0.00045504,ok
v4_0484,heldout_05,transit_depot,target_clear,cue_bound,clean,0.2,1.00,80,1,Qwen/Qwen3.6-27B,1.0,1,2026-08-15T23:03:57.490982+00:00,0.0,100.0,0.00045504,ok
v4_0485,heldout_05,transit_depot,target_clear,cue_bound,clean,0.2,1.00,80,2,Qwen/Qwen3.6-27B,1.0,1,2026-08-15T23:03:58.429572+00:00,50.0,50.0,0.00045504,ok
v4_0486,heldout_05,transit_depot,target_clear,cue_bound,clean,0.2,1.00,80,3,Qwen/Qwen3.6-27B,1.0,1,2026-08-15T23:03:59.466929+00:00,50.0,50.0,0.00045504,ok
v4_0487,heldout_05,transit_depot,target_clear,cue_bound,modified,1.0,1.00,0,1,Qwen/Qwen3.6-27B,1.0,1,2026-08-15T23:04:00.525034+00:00,100.0,0.0,0.00045504,ok
v4_0488,heldout_05,transit_depot,target_clear,cue_bound,modified,1.0,1.00,0,2,Qwen/Qwen3.6-27B,1.0,1,2026-08-15T23:04:01.440114+00:00,100.0,0.0,0.00045504,ok
v4_0489,heldout_05,transit_depot,target_clear,cue_bound,modified,1.0,1.00,0,3,Qwen/Qwen3.6-27B,1.0,1,2026-08-15T23:04:02.846419+00:00,100.0,0.0,0.00045504,ok
v4_0490,heldout_05,transit_depot,target_clear,cue_bound,modified,0.9,1.00,10,1,Qwen/Qwen3.6-27B,1.0,1,2026-08-15T23:04:03.843419+00:00,100.0,0.0,0.00045504,ok
v4_0491,heldout_05,transit_depot,target_clear,cue_bound,modified,0.9,1.00,10,2,Qwen/Qwen3.6-27B,1.0,1,2026-08-15T23:04:04.853232+00:00,100.0,0.0,0.00045504,ok
v4_0492,heldout_05,transit_depot,target_clear,cue_bound,modified,0.9,1.00,10,3,Qwen/Qwen3.6-27B,1.0,1,2026-08-15T23:04:05.857266+00:00,100.0,0.0,0.00045504,ok
v4_0493,heldout_05,transit_depot,target_clear,cue_bound,modified,0.8,1.00,20,1,Qwen/Qwen3.6-27B,1.0,1,2026-08-15T23:04:06.842523+00:00,100.0,0.0,0.00045504,ok
v4_0494,heldout_05,transit_depot,target_clear,cue_bound,modified,0.8,1.00,20,2,Qwen/Qwen3.6-27B,1.0,1,2026-08-15T23:04:08.262738+00:00,100.0,0.0,0.00045504,ok
v4_0495,heldout_05,transit_depot,target_clear,cue_bound,modified,0.8,1.00,20,3,Qwen/Qwen3.6-27B,1.0,1,2026-08-15T23:04:09.253634+00:00,100.0,0.0,0.00045504,ok
v4_0496,heldout_05,transit_depot,target_clear,cue_bound,modified,0.6,1.00,40,1,Qwen/Qwen3.6-27B,1.0,1,2026-08-15T23:04:10.232326+00:00,100.0,0.0,0.00045504,ok
v4_0497,heldout_05,transit_depot,target_clear,cue_bound,modified,0.6,1.00,40,2,Qwen/Qwen3.6-27B,1.0,1,2026-08-15T23:04:10.988108+00:00,100.0,0.0,0.00045504,ok
v4_0498,heldout_05,transit_depot,target_clear,cue_bound,modified,0.6,1.00,40,3,Qwen/Qwen3.6-27B,1.0,1,2026-08-15T23:04:11.966219+00:00,100.0,0.0,0.00045504,ok
v4_0499,heldout_05,transit_depot,target_clear,cue_bound,modified,0.4,1.00,60,1,Qwen/Qwen3.6-27B,1.0,1,2026-08-15T23:04:13.778133+00:00,100.0,0.0,0.00045504,ok
v4_0500,heldout_05,transit_depot,target_clear,cue_bound,modified,0.4,1.00,60,2,Qwen/Qwen3.6-27B,1.0,1,2026-08-15T23:04:14.467140+00:00,100.0,0.0,0.00045504,ok
v4_0501,heldout_05,transit_depot,target_clear,cue_bound,modified,0.4,1.00,60,3,Qwen/Qwen3.6-27B,1.0,1,2026-08-15T23:04:15.951867+00:00,100.0,0.0,0.00045504,ok
v4_0502,heldout_05,transit_depot,target_clear,cue_bound,modified,0.2,1.00,80,1,Qwen/Qwen3.6-27B,1.0,1,2026-08-15T23:04:16.645851+00:00,100.0,0.0,0.00045504,ok
v4_0503,heldout_05,transit_depot,target_clear,cue_bound,modified,0.2,1.00,80,2,Qwen/Qwen3.6-27B,1.0,1,2026-08-15T23:04:17.640416+00:00,100.0,0.0,0.00045504,ok
v4_0504,heldout_05,transit_depot,target_clear,cue_bound,modified,0.2,1.00,80,3,Qwen/Qwen3.6-27B,1.0,1,2026-08-15T23:04:18.653967+00:00,100.0,0.0,0.00045504,ok
v4_0505,heldout_05,transit_depot,target_clear,generalized,clean,1.0,1.00,0,1,Qwen/Qwen3.6-27B,1.0,1,2026-08-15T23:04:20.113653+00:00,100.0,0.0,0.0004387199999999999,ok
v4_0506,heldout_05,transit_depot,target_clear,generalized,clean,1.0,1.00,0,2,Qwen/Qwen3.6-27B,1.0,1,2026-08-15T23:04:20.809595+00:00,100.0,0.0,0.0004387199999999999,ok
v4_0507,heldout_05,transit_depot,target_clear,generalized,clean,1.0,1.00,0,3,Qwen/Qwen3.6-27B,1.0,1,2026-08-15T23:04:22.330335+00:00,100.0,0.0,0.0004387199999999999,ok
v4_0508,heldout_05,transit_depot,target_clear,generalized,clean,0.9,1.00,10,1,Qwen/Qwen3.6-27B,1.0,1,2026-08-15T23:04:23.009621+00:00,100.0,0.0,0.0004387199999999999,ok
v4_0509,heldout_05,transit_depot,target_clear,generalized,clean,0.9,1.00,10,2,Qwen/Qwen3.6-27B,1.0,1,2026-08-15T23:04:24.016930+00:00,100.0,0.0,0.0004387199999999999,ok
v4_0510,heldout_05,transit_depot,target_clear,generalized,clean,0.9,1.00,10,3,Qwen/Qwen3.6-27B,1.0,1,2026-08-15T23:04:25.151225+00:00,100.0,0.0,0.0004387199999999999,ok
v4_0511,heldout_05,transit_depot,target_clear,generalized,clean,0.8,1.00,20,1,Qwen/Qwen3.6-27B,1.0,1,2026-08-15T23:04:26.116634+00:00,100.0,0.0,0.0004387199999999999,ok
v4_0512,heldout_05,transit_depot,target_clear,generalized,clean,0.8,1.00,20,2,Qwen/Qwen3.6-27B,1.0,1,2026-08-15T23:04:27.063911+00:00,100.0,0.0,0.0004387199999999999,ok
v4_0513,heldout_05,transit_depot,target_clear,generalized,clean,0.8,1.00,20,3,Qwen/Qwen3.6-27B,1.0,1,2026-08-15T23:04:28.065144+00:00,100.0,0.0,0.0004387199999999999,ok
v4_0514,heldout_05,transit_depot,target_clear,generalized,clean,0.6,1.00,40,1,Qwen/Qwen3.6-27B,1.0,1,2026-08-15T23:04:29.121015+00:00,100.0,0.0,0.0004387199999999999,ok
v4_0515,heldout_05,transit_depot,target_clear,generalized,clean,0.6,1.00,40,2,Qwen/Qwen3.6-27B,1.0,1,2026-08-15T23:04:30.152517+00:00,100.0,0.0,0.0004387199999999999,ok
v4_0516,heldout_05,transit_depot,target_clear,generalized,clean,0.6,1.00,40,3,Qwen/Qwen3.6-27B,1.0,1,2026-08-15T23:04:31.492273+00:00,100.0,0.0,0.0004387199999999999,ok
v4_0517,heldout_05,transit_depot,target_clear,generalized,clean,0.4,1.00,60,1,Qwen/Qwen3.6-27B,1.0,1,2026-08-15T23:04:32.489664+00:00,100.0,0.0,0.0004387199999999999,ok
v4_0518,heldout_05,transit_depot,target_clear,generalized,clean,0.4,1.00,60,2,Qwen/Qwen3.6-27B,1.0,1,2026-08-15T23:04:33.164951+00:00,100.0,0.0,0.0004387199999999999,ok
v4_0519,heldout_05,transit_depot,target_clear,generalized,clean,0.4,1.00,60,3,Qwen/Qwen3.6-27B,1.0,1,2026-08-15T23:04:34.480420+00:00,100.0,0.0,0.0004387199999999999,ok
v4_0520,heldout_05,transit_depot,target_clear,generalized,clean,0.2,1.00,80,1,Qwen/Qwen3.6-27B,1.0,1,2026-08-15T23:04:36.151115+00:00,100.0,0.0,0.0004387199999999999,ok
v4_0521,heldout_05,transit_depot,target_clear,generalized,clean,0.2,1.00,80,2,Qwen/Qwen3.6-27B,1.0,1,2026-08-15T23:04:36.836450+00:00,100.0,0.0,0.0004387199999999999,ok
v4_0522,heldout_05,transit_depot,target_clear,generalized,clean,0.2,1.00,80,3,Qwen/Qwen3.6-27B,1.0,1,2026-08-15T23:04:37.810456+00:00,100.0,0.0,0.0004387199999999999,ok
v4_0523,heldout_05,transit_depot,target_clear,generalized,modified,1.0,1.00,0,1,Qwen/Qwen3.6-27B,1.0,1,2026-08-15T23:04:39.199202+00:00,100.0,0.0,0.0004387199999999999,ok
v4_0524,heldout_05,transit_depot,target_clear,generalized,modified,1.0,1.00,0,2,Qwen/Qwen3.6-27B,1.0,1,2026-08-15T23:04:39.927839+00:00,100.0,0.0,0.0004387199999999999,ok
v4_0525,heldout_05,transit_depot,target_clear,generalized,modified,1.0,1.00,0,3,Qwen/Qwen3.6-27B,1.0,1,2026-08-15T23:04:41.265581+00:00,100.0,0.0,0.0004387199999999999,ok
v4_0526,heldout_05,transit_depot,target_clear,generalized,modified,0.9,1.00,10,1,Qwen/Qwen3.6-27B,1.0,1,2026-08-15T23:04:41.958744+00:00,100.0,0.0,0.0004387199999999999,ok
v4_0527,heldout_05,transit_depot,target_clear,generalized,modified,0.9,1.00,10,2,Qwen/Qwen3.6-27B,1.0,1,2026-08-15T23:04:43.150239+00:00,100.0,0.0,0.0004387199999999999,ok
v4_0528,heldout_05,transit_depot,target_clear,generalized,modified,0.9,1.00,10,3,Qwen/Qwen3.6-27B,1.0,1,2026-08-15T23:04:43.957462+00:00,100.0,0.0,0.0004387199999999999,ok
v4_0529,heldout_05,transit_depot,target_clear,generalized,modified,0.8,1.00,20,1,Qwen/Qwen3.6-27B,1.0,1,2026-08-15T23:04:45.003635+00:00,100.0,0.0,0.0004387199999999999,ok
v4_0530,heldout_05,transit_depot,target_clear,generalized,modified,0.8,1.00,20,2,Qwen/Qwen3.6-27B,1.0,1,2026-08-15T23:04:46.252035+00:00,100.0,0.0,0.0004387199999999999,ok
v4_0531,heldout_05,transit_depot,target_clear,generalized,modified,0.8,1.00,20,3,Qwen/Qwen3.6-27B,1.0,1,2026-08-15T23:04:46.960186+00:00,100.0,0.0,0.0004387199999999999,ok
v4_0532,heldout_05,transit_depot,target_clear,generalized,modified,0.6,1.00,40,1,Qwen/Qwen3.6-27B,1.0,1,2026-08-15T23:04:47.947662+00:00,100.0,0.0,0.0004387199999999999,ok
v4_0533,heldout_05,transit_depot,target_clear,generalized,modified,0.6,1.00,40,2,Qwen/Qwen3.6-27B,1.0,1,2026-08-15T23:04:48.955619+00:00,100.0,0.0,0.0004387199999999999,ok
v4_0534,heldout_05,transit_depot,target_clear,generalized,modified,0.6,1.00,40,3,Qwen/Qwen3.6-27B,1.0,1,2026-08-15T23:04:49.938008+00:00,100.0,0.0,0.0004387199999999999,ok
v4_0535,heldout_05,transit_depot,target_clear,generalized,modified,0.4,1.00,60,1,Qwen/Qwen3.6-27B,1.0,1,2026-08-15T23:04:50.969632+00:00,100.0,0.0,0.0004387199999999999,ok
v4_0536,heldout_05,transit_depot,target_clear,generalized,modified,0.4,1.00,60,2,Qwen/Qwen3.6-27B,1.0,1,2026-08-15T23:04:51.974746+00:00,100.0,0.0,0.0004387199999999999,ok
v4_0537,heldout_05,transit_depot,target_clear,generalized,modified,0.4,1.00,60,3,Qwen/Qwen3.6-27B,1.0,1,2026-08-15T23:04:52.982955+00:00,100.0,0.0,0.0004387199999999999,ok
v4_0538,heldout_05,transit_depot,target_clear,generalized,modified,0.2,1.00,80,1,Qwen/Qwen3.6-27B,1.0,1,2026-08-15T23:04:54.003901+00:00,100.0,0.0,0.0004387199999999999,ok
v4_0539,heldout_05,transit_depot,target_clear,generalized,modified,0.2,1.00,80,2,Qwen/Qwen3.6-27B,1.0,1,2026-08-15T23:04:55.063203+00:00,100.0,0.0,0.0004387199999999999,ok
v4_0540,heldout_05,transit_depot,target_clear,generalized,modified,0.2,1.00,80,3,Qwen/Qwen3.6-27B,1.0,1,2026-08-15T23:04:56.019565+00:00,100.0,0.0,0.0004387199999999999,ok
v4_0541,heldout_06,community_classroom,target_subtle,neutral,clean,1.0,1.00,0,1,Qwen/Qwen3.6-27B,1.0,1,2026-08-15T23:04:57.138178+00:00,50.0,50.0,0.00043327999999999997,ok
v4_0542,heldout_06,community_classroom,target_subtle,neutral,clean,1.0,1.00,0,2,Qwen/Qwen3.6-27B,1.0,1,2026-08-15T23:04:58.019630+00:00,50.0,50.0,0.00043327999999999997,ok
v4_0543,heldout_06,community_classroom,target_subtle,neutral,clean,1.0,1.00,0,3,Qwen/Qwen3.6-27B,1.0,1,2026-08-15T23:05:00.002060+00:00,50.0,50.0,0.00043327999999999997,ok
v4_0544,heldout_06,community_classroom,target_subtle,neutral,clean,0.9,1.00,10,1,Qwen/Qwen3.6-27B,1.0,1,2026-08-15T23:05:00.621658+00:00,50.0,50.0,0.00043327999999999997,ok
v4_0545,heldout_06,community_classroom,target_subtle,neutral,clean,0.9,1.00,10,2,Qwen/Qwen3.6-27B,1.0,1,2026-08-15T23:05:01.651252+00:00,0.0,100.0,0.00043327999999999997,ok
v4_0546,heldout_06,community_classroom,target_subtle,neutral,clean,0.9,1.00,10,3,Qwen/Qwen3.6-27B,1.0,1,2026-08-15T23:05:02.664790+00:00,0.0,100.0,0.00043327999999999997,ok
v4_0547,heldout_06,community_classroom,target_subtle,neutral,clean,0.8,1.00,20,1,Qwen/Qwen3.6-27B,1.0,1,2026-08-15T23:05:03.634858+00:00,0.0,100.0,0.00043327999999999997,ok
v4_0548,heldout_06,community_classroom,target_subtle,neutral,clean,0.8,1.00,20,2,Qwen/Qwen3.6-27B,1.0,1,2026-08-15T23:05:05.138555+00:00,50.0,50.0,0.00043327999999999997,ok
v4_0549,heldout_06,community_classroom,target_subtle,neutral,clean,0.8,1.00,20,3,Qwen/Qwen3.6-27B,1.0,1,2026-08-15T23:05:06.050971+00:00,44.0,56.0,0.00043327999999999997,ok
v4_0550,heldout_06,community_classroom,target_subtle,neutral,clean,0.6,1.00,40,1,Qwen/Qwen3.6-27B,1.0,1,2026-08-15T23:05:07.103229+00:00,0.0,100.0,0.00043327999999999997,ok
v4_0551,heldout_06,community_classroom,target_subtle,neutral,clean,0.6,1.00,40,2,Qwen/Qwen3.6-27B,1.0,1,2026-08-15T23:05:07.769922+00:00,0.0,100.0,0.00043327999999999997,ok
v4_0552,heldout_06,community_classroom,target_subtle,neutral,clean,0.6,1.00,40,3,Qwen/Qwen3.6-27B,1.0,1,2026-08-15T23:05:08.784011+00:00,0.0,100.0,0.00043327999999999997,ok
v4_0553,heldout_06,community_classroom,target_subtle,neutral,clean,0.4,1.00,60,1,Qwen/Qwen3.6-27B,1.0,1,2026-08-15T23:05:09.803385+00:00,0.0,100.0,0.00043327999999999997,ok
v4_0554,heldout_06,community_classroom,target_subtle,neutral,clean,0.4,1.00,60,2,Qwen/Qwen3.6-27B,1.0,1,2026-08-15T23:05:11.236135+00:00,0.0,100.0,0.00043327999999999997,ok
v4_0555,heldout_06,community_classroom,target_subtle,neutral,clean,0.4,1.00,60,3,Qwen/Qwen3.6-27B,1.0,1,2026-08-15T23:05:11.859940+00:00,0.0,100.0,0.00043327999999999997,ok
v4_0556,heldout_06,community_classroom,target_subtle,neutral,clean,0.2,1.00,80,1,Qwen/Qwen3.6-27B,1.0,1,2026-08-15T23:05:12.860075+00:00,0.0,100.0,0.00043327999999999997,ok
v4_0557,heldout_06,community_classroom,target_subtle,neutral,clean,0.2,1.00,80,2,Qwen/Qwen3.6-27B,1.0,1,2026-08-15T23:05:14.667558+00:00,0.0,100.0,0.00043327999999999997,ok
v4_0558,heldout_06,community_classroom,target_subtle,neutral,clean,0.2,1.00,80,3,Qwen/Qwen3.6-27B,1.0,1,2026-08-15T23:05:15.281923+00:00,0.0,100.0,0.00043327999999999997,ok
v4_0559,heldout_06,community_classroom,target_subtle,neutral,modified,1.0,1.00,0,1,Qwen/Qwen3.6-27B,1.0,1,2026-08-15T23:05:16.448752+00:00,50.0,50.0,0.00043327999999999997,ok
v4_0560,heldout_06,community_classroom,target_subtle,neutral,modified,1.0,1.00,0,2,Qwen/Qwen3.6-27B,1.0,1,2026-08-15T23:05:17.309862+00:00,50.0,50.0,0.00043327999999999997,ok
v4_0561,heldout_06,community_classroom,target_subtle,neutral,modified,1.0,1.00,0,3,Qwen/Qwen3.6-27B,1.0,1,2026-08-15T23:05:18.455355+00:00,50.0,50.0,0.00043327999999999997,ok
v4_0562,heldout_06,community_classroom,target_subtle,neutral,modified,0.9,1.00,10,1,Qwen/Qwen3.6-27B,1.0,1,2026-08-15T23:05:19.333572+00:00,0.0,100.0,0.00043327999999999997,ok
v4_0563,heldout_06,community_classroom,target_subtle,neutral,modified,0.9,1.00,10,2,Qwen/Qwen3.6-27B,1.0,1,2026-08-15T23:05:20.334093+00:00,50.0,50.0,0.00043327999999999997,ok
v4_0564,heldout_06,community_classroom,target_subtle,neutral,modified,0.9,1.00,10,3,Qwen/Qwen3.6-27B,1.0,1,2026-08-15T23:05:21.530859+00:00,50.0,50.0,0.00043327999999999997,ok
v4_0565,heldout_06,community_classroom,target_subtle,neutral,modified,0.8,1.00,20,1,Qwen/Qwen3.6-27B,1.0,1,2026-08-15T23:05:22.363341+00:00,40.0,60.0,0.00043327999999999997,ok
v4_0566,heldout_06,community_classroom,target_subtle,neutral,modified,0.8,1.00,20,2,Qwen/Qwen3.6-27B,1.0,1,2026-08-15T23:05:23.334373+00:00,0.0,100.0,0.00043327999999999997,ok
v4_0567,heldout_06,community_classroom,target_subtle,neutral,modified,0.8,1.00,20,3,Qwen/Qwen3.6-27B,1.0,1,2026-08-15T23:05:24.364476+00:00,45.0,55.0,0.00043327999999999997,ok
v4_0568,heldout_06,community_classroom,target_subtle,neutral,modified,0.6,1.00,40,1,Qwen/Qwen3.6-27B,1.0,1,2026-08-15T23:05:25.366153+00:00,0.0,100.0,0.00043327999999999997,ok
v4_0569,heldout_06,community_classroom,target_subtle,neutral,modified,0.6,1.00,40,2,Qwen/Qwen3.6-27B,1.0,1,2026-08-15T23:05:26.350389+00:00,0.0,100.0,0.00043327999999999997,ok
v4_0570,heldout_06,community_classroom,target_subtle,neutral,modified,0.6,1.00,40,3,Qwen/Qwen3.6-27B,1.0,1,2026-08-15T23:05:27.356194+00:00,0.0,100.0,0.00043327999999999997,ok
v4_0571,heldout_06,community_classroom,target_subtle,neutral,modified,0.4,1.00,60,1,Qwen/Qwen3.6-27B,1.0,1,2026-08-15T23:05:28.366368+00:00,0.0,100.0,0.00043327999999999997,ok
v4_0572,heldout_06,community_classroom,target_subtle,neutral,modified,0.4,1.00,60,2,Qwen/Qwen3.6-27B,1.0,1,2026-08-15T23:05:29.313807+00:00,0.0,100.0,0.00043327999999999997,ok
v4_0573,heldout_06,community_classroom,target_subtle,neutral,modified,0.4,1.00,60,3,Qwen/Qwen3.6-27B,1.0,1,2026-08-15T23:05:30.329643+00:00,0.0,100.0,0.00043327999999999997,ok
v4_0574,heldout_06,community_classroom,target_subtle,neutral,modified,0.2,1.00,80,1,Qwen/Qwen3.6-27B,1.0,1,2026-08-15T23:05:31.361970+00:00,0.0,100.0,0.00043327999999999997,ok
v4_0575,heldout_06,community_classroom,target_subtle,neutral,modified,0.2,1.00,80,2,Qwen/Qwen3.6-27B,1.0,1,2026-08-15T23:05:32.355086+00:00,0.0,100.0,0.00043327999999999997,ok
v4_0576,heldout_06,community_classroom,target_subtle,neutral,modified,0.2,1.00,80,3,Qwen/Qwen3.6-27B,1.0,1,2026-08-15T23:05:33.397016+00:00,0.0,100.0,0.00043327999999999997,ok
v4_0577,heldout_06,community_classroom,target_subtle,cue_bound,clean,1.0,1.00,0,1,Qwen/Qwen3.6-27B,1.0,1,2026-08-15T23:05:34.467814+00:00,50.0,50.0,0.00045504,ok
v4_0578,heldout_06,community_classroom,target_subtle,cue_bound,clean,1.0,1.00,0,2,Qwen/Qwen3.6-27B,1.0,1,2026-08-15T23:05:35.384254+00:00,50.0,50.0,0.00045504,ok
v4_0579,heldout_06,community_classroom,target_subtle,cue_bound,clean,1.0,1.00,0,3,Qwen/Qwen3.6-27B,1.0,1,2026-08-15T23:05:36.381752+00:00,50.0,50.0,0.00045504,ok
v4_0580,heldout_06,community_classroom,target_subtle,cue_bound,clean,0.9,1.00,10,1,Qwen/Qwen3.6-27B,1.0,1,2026-08-15T23:05:37.358011+00:00,50.0,50.0,0.00045504,ok
v4_0581,heldout_06,community_classroom,target_subtle,cue_bound,clean,0.9,1.00,10,2,Qwen/Qwen3.6-27B,1.0,1,2026-08-15T23:05:38.360796+00:00,50.0,50.0,0.00045504,ok
v4_0582,heldout_06,community_classroom,target_subtle,cue_bound,clean,0.9,1.00,10,3,Qwen/Qwen3.6-27B,1.0,1,2026-08-15T23:05:39.380161+00:00,50.0,50.0,0.00045504,ok
v4_0583,heldout_06,community_classroom,target_subtle,cue_bound,clean,0.8,1.00,20,1,Qwen/Qwen3.6-27B,1.0,1,2026-08-15T23:05:40.416035+00:00,0.0,100.0,0.00045504,ok
v4_0584,heldout_06,community_classroom,target_subtle,cue_bound,clean,0.8,1.00,20,2,Qwen/Qwen3.6-27B,1.0,1,2026-08-15T23:05:41.410697+00:00,50.0,50.0,0.00045504,ok
v4_0585,heldout_06,community_classroom,target_subtle,cue_bound,clean,0.8,1.00,20,3,Qwen/Qwen3.6-27B,1.0,1,2026-08-15T23:05:42.405470+00:00,50.0,50.0,0.00045504,ok
v4_0586,heldout_06,community_classroom,target_subtle,cue_bound,clean,0.6,1.00,40,1,Qwen/Qwen3.6-27B,1.0,1,2026-08-15T23:05:43.397614+00:00,0.0,100.0,0.00045504,ok
v4_0587,heldout_06,community_classroom,target_subtle,cue_bound,clean,0.6,1.00,40,2,Qwen/Qwen3.6-27B,1.0,1,2026-08-15T23:05:44.488584+00:00,50.0,50.0,0.00045504,ok
v4_0588,heldout_06,community_classroom,target_subtle,cue_bound,clean,0.6,1.00,40,3,Qwen/Qwen3.6-27B,1.0,1,2026-08-15T23:05:45.439845+00:00,50.0,50.0,0.00045504,ok
v4_0589,heldout_06,community_classroom,target_subtle,cue_bound,clean,0.4,1.00,60,1,Qwen/Qwen3.6-27B,1.0,1,2026-08-15T23:05:46.435573+00:00,50.0,50.0,0.00045504,ok
v4_0590,heldout_06,community_classroom,target_subtle,cue_bound,clean,0.4,1.00,60,2,Qwen/Qwen3.6-27B,1.0,1,2026-08-15T23:05:47.525731+00:00,0.0,100.0,0.00045504,ok
v4_0591,heldout_06,community_classroom,target_subtle,cue_bound,clean,0.4,1.00,60,3,Qwen/Qwen3.6-27B,1.0,1,2026-08-15T23:05:48.466517+00:00,50.0,50.0,0.00045504,ok
v4_0592,heldout_06,community_classroom,target_subtle,cue_bound,clean,0.2,1.00,80,1,Qwen/Qwen3.6-27B,1.0,1,2026-08-15T23:05:49.494043+00:00,50.0,50.0,0.00045504,ok
v4_0593,heldout_06,community_classroom,target_subtle,cue_bound,clean,0.2,1.00,80,2,Qwen/Qwen3.6-27B,1.0,1,2026-08-15T23:05:50.668400+00:00,50.0,50.0,0.00045504,ok
v4_0594,heldout_06,community_classroom,target_subtle,cue_bound,clean,0.2,1.00,80,3,Qwen/Qwen3.6-27B,1.0,1,2026-08-15T23:05:51.489622+00:00,50.0,50.0,0.00045504,ok
v4_0595,heldout_06,community_classroom,target_subtle,cue_bound,modified,1.0,1.00,0,1,Qwen/Qwen3.6-27B,1.0,1,2026-08-15T23:05:52.767985+00:00,100.0,0.0,0.00045504,ok
v4_0596,heldout_06,community_classroom,target_subtle,cue_bound,modified,1.0,1.00,0,2,Qwen/Qwen3.6-27B,1.0,1,2026-08-15T23:05:53.490003+00:00,100.0,0.0,0.00045504,ok
v4_0597,heldout_06,community_classroom,target_subtle,cue_bound,modified,1.0,1.00,0,3,Qwen/Qwen3.6-27B,1.0,1,2026-08-15T23:05:54.500534+00:00,100.0,0.0,0.00045504,ok
v4_0598,heldout_06,community_classroom,target_subtle,cue_bound,modified,0.9,1.00,10,1,Qwen/Qwen3.6-27B,1.0,1,2026-08-15T23:05:55.514272+00:00,100.0,0.0,0.00045504,ok
v4_0599,heldout_06,community_classroom,target_subtle,cue_bound,modified,0.9,1.00,10,2,Qwen/Qwen3.6-27B,1.0,1,2026-08-15T23:05:56.531882+00:00,100.0,0.0,0.00045504,ok
v4_0600,heldout_06,community_classroom,target_subtle,cue_bound,modified,0.9,1.00,10,3,Qwen/Qwen3.6-27B,1.0,1,2026-08-15T23:05:57.527516+00:00,100.0,0.0,0.00045504,ok
v4_0601,heldout_06,community_classroom,target_subtle,cue_bound,modified,0.8,1.00,20,1,Qwen/Qwen3.6-27B,1.0,1,2026-08-15T23:05:58.536719+00:00,100.0,0.0,0.00045504,ok
v4_0602,heldout_06,community_classroom,target_subtle,cue_bound,modified,0.8,1.00,20,2,Qwen/Qwen3.6-27B,1.0,1,2026-08-15T23:05:59.598229+00:00,100.0,0.0,0.00045504,ok
v4_0603,heldout_06,community_classroom,target_subtle,cue_bound,modified,0.8,1.00,20,3,Qwen/Qwen3.6-27B,1.0,1,2026-08-15T23:06:00.509480+00:00,100.0,0.0,0.00045504,ok
v4_0604,heldout_06,community_classroom,target_subtle,cue_bound,modified,0.6,1.00,40,1,Qwen/Qwen3.6-27B,1.0,1,2026-08-15T23:06:01.533930+00:00,100.0,0.0,0.00045504,ok
v4_0605,heldout_06,community_classroom,target_subtle,cue_bound,modified,0.6,1.00,40,2,Qwen/Qwen3.6-27B,1.0,1,2026-08-15T23:06:02.763468+00:00,100.0,0.0,0.00045504,ok
v4_0606,heldout_06,community_classroom,target_subtle,cue_bound,modified,0.6,1.00,40,3,Qwen/Qwen3.6-27B,1.0,1,2026-08-15T23:06:03.534391+00:00,100.0,0.0,0.00045504,ok
v4_0607,heldout_06,community_classroom,target_subtle,cue_bound,modified,0.4,1.00,60,1,Qwen/Qwen3.6-27B,1.0,1,2026-08-15T23:06:04.575784+00:00,80.0,20.0,0.00045504,ok
v4_0608,heldout_06,community_classroom,target_subtle,cue_bound,modified,0.4,1.00,60,2,Qwen/Qwen3.6-27B,1.0,1,2026-08-15T23:06:05.862587+00:00,100.0,0.0,0.00045504,ok
v4_0609,heldout_06,community_classroom,target_subtle,cue_bound,modified,0.4,1.00,60,3,Qwen/Qwen3.6-27B,1.0,1,2026-08-15T23:06:06.877957+00:00,100.0,0.0,0.00045504,ok
v4_0610,heldout_06,community_classroom,target_subtle,cue_bound,modified,0.2,1.00,80,1,Qwen/Qwen3.6-27B,1.0,1,2026-08-15T23:06:07.734440+00:00,100.0,0.0,0.00045504,ok
v4_0611,heldout_06,community_classroom,target_subtle,cue_bound,modified,0.2,1.00,80,2,Qwen/Qwen3.6-27B,1.0,1,2026-08-15T23:06:08.671920+00:00,100.0,0.0,0.00045504,ok
v4_0612,heldout_06,community_classroom,target_subtle,cue_bound,modified,0.2,1.00,80,3,Qwen/Qwen3.6-27B,1.0,1,2026-08-15T23:06:09.606363+00:00,100.0,0.0,0.00045504,ok
v4_0613,heldout_06,community_classroom,target_subtle,generalized,clean,1.0,1.00,0,1,Qwen/Qwen3.6-27B,1.0,1,2026-08-15T23:06:10.732985+00:00,100.0,0.0,0.0004387199999999999,ok
v4_0614,heldout_06,community_classroom,target_subtle,generalized,clean,1.0,1.00,0,2,Qwen/Qwen3.6-27B,1.0,1,2026-08-15T23:06:12.123693+00:00,100.0,0.0,0.0004387199999999999,ok
v4_0615,heldout_06,community_classroom,target_subtle,generalized,clean,1.0,1.00,0,3,Qwen/Qwen3.6-27B,1.0,1,2026-08-15T23:06:12.759662+00:00,100.0,0.0,0.0004387199999999999,ok
v4_0616,heldout_06,community_classroom,target_subtle,generalized,clean,0.9,1.00,10,1,Qwen/Qwen3.6-27B,1.0,1,2026-08-15T23:06:13.728227+00:00,100.0,0.0,0.0004387199999999999,ok
v4_0617,heldout_06,community_classroom,target_subtle,generalized,clean,0.9,1.00,10,2,Qwen/Qwen3.6-27B,1.0,1,2026-08-15T23:06:14.760564+00:00,100.0,0.0,0.0004387199999999999,ok
v4_0618,heldout_06,community_classroom,target_subtle,generalized,clean,0.9,1.00,10,3,Qwen/Qwen3.6-27B,1.0,1,2026-08-15T23:06:15.800294+00:00,100.0,0.0,0.0004387199999999999,ok
v4_0619,heldout_06,community_classroom,target_subtle,generalized,clean,0.8,1.00,20,1,Qwen/Qwen3.6-27B,1.0,1,2026-08-15T23:06:17.356121+00:00,100.0,0.0,0.0004387199999999999,ok
v4_0620,heldout_06,community_classroom,target_subtle,generalized,clean,0.8,1.00,20,2,Qwen/Qwen3.6-27B,1.0,1,2026-08-15T23:06:18.025955+00:00,100.0,0.0,0.0004387199999999999,ok
v4_0621,heldout_06,community_classroom,target_subtle,generalized,clean,0.8,1.00,20,3,Qwen/Qwen3.6-27B,1.0,1,2026-08-15T23:06:19.007159+00:00,100.0,0.0,0.0004387199999999999,ok
v4_0622,heldout_06,community_classroom,target_subtle,generalized,clean,0.6,1.00,40,1,Qwen/Qwen3.6-27B,1.0,1,2026-08-15T23:06:20.367735+00:00,100.0,0.0,0.0004387199999999999,ok
v4_0623,heldout_06,community_classroom,target_subtle,generalized,clean,0.6,1.00,40,2,Qwen/Qwen3.6-27B,1.0,1,2026-08-15T23:06:21.002584+00:00,100.0,0.0,0.0004387199999999999,ok
v4_0624,heldout_06,community_classroom,target_subtle,generalized,clean,0.6,1.00,40,3,Qwen/Qwen3.6-27B,1.0,1,2026-08-15T23:06:22.162470+00:00,100.0,0.0,0.0004387199999999999,ok
v4_0625,heldout_06,community_classroom,target_subtle,generalized,clean,0.4,1.00,60,1,Qwen/Qwen3.6-27B,1.0,1,2026-08-15T23:06:23.119464+00:00,100.0,0.0,0.0004387199999999999,ok
v4_0626,heldout_06,community_classroom,target_subtle,generalized,clean,0.4,1.00,60,2,Qwen/Qwen3.6-27B,1.0,1,2026-08-15T23:06:24.410714+00:00,100.0,0.0,0.0004387199999999999,ok
v4_0627,heldout_06,community_classroom,target_subtle,generalized,clean,0.4,1.00,60,3,Qwen/Qwen3.6-27B,1.0,1,2026-08-15T23:06:25.016853+00:00,100.0,0.0,0.0004387199999999999,ok
v4_0628,heldout_06,community_classroom,target_subtle,generalized,clean,0.2,1.00,80,1,Qwen/Qwen3.6-27B,1.0,1,2026-08-15T23:06:26.018568+00:00,100.0,0.0,0.0004387199999999999,ok
v4_0629,heldout_06,community_classroom,target_subtle,generalized,clean,0.2,1.00,80,2,Qwen/Qwen3.6-27B,1.0,1,2026-08-15T23:06:26.999751+00:00,100.0,0.0,0.0004387199999999999,ok
v4_0630,heldout_06,community_classroom,target_subtle,generalized,clean,0.2,1.00,80,3,Qwen/Qwen3.6-27B,1.0,1,2026-08-15T23:06:28.068693+00:00,100.0,0.0,0.0004387199999999999,ok
v4_0631,heldout_06,community_classroom,target_subtle,generalized,modified,1.0,1.00,0,1,Qwen/Qwen3.6-27B,1.0,1,2026-08-15T23:06:29.118937+00:00,100.0,0.0,0.0004387199999999999,ok
v4_0632,heldout_06,community_classroom,target_subtle,generalized,modified,1.0,1.00,0,2,Qwen/Qwen3.6-27B,1.0,1,2026-08-15T23:06:30.061473+00:00,100.0,0.0,0.0004387199999999999,ok
v4_0633,heldout_06,community_classroom,target_subtle,generalized,modified,1.0,1.00,0,3,Qwen/Qwen3.6-27B,1.0,1,2026-08-15T23:06:31.121900+00:00,100.0,0.0,0.0004387199999999999,ok
v4_0634,heldout_06,community_classroom,target_subtle,generalized,modified,0.9,1.00,10,1,Qwen/Qwen3.6-27B,1.0,1,2026-08-15T23:06:32.076641+00:00,100.0,0.0,0.0004387199999999999,ok
v4_0635,heldout_06,community_classroom,target_subtle,generalized,modified,0.9,1.00,10,2,Qwen/Qwen3.6-27B,1.0,1,2026-08-15T23:06:33.084921+00:00,100.0,0.0,0.0004387199999999999,ok
v4_0636,heldout_06,community_classroom,target_subtle,generalized,modified,0.9,1.00,10,3,Qwen/Qwen3.6-27B,1.0,1,2026-08-15T23:06:34.053680+00:00,100.0,0.0,0.0004387199999999999,ok
v4_0637,heldout_06,community_classroom,target_subtle,generalized,modified,0.8,1.00,20,1,Qwen/Qwen3.6-27B,1.0,1,2026-08-15T23:06:35.055464+00:00,100.0,0.0,0.0004387199999999999,ok
v4_0638,heldout_06,community_classroom,target_subtle,generalized,modified,0.8,1.00,20,2,Qwen/Qwen3.6-27B,1.0,1,2026-08-15T23:06:36.083105+00:00,100.0,0.0,0.0004387199999999999,ok
v4_0639,heldout_06,community_classroom,target_subtle,generalized,modified,0.8,1.00,20,3,Qwen/Qwen3.6-27B,1.0,1,2026-08-15T23:06:37.090843+00:00,100.0,0.0,0.0004387199999999999,ok
v4_0640,heldout_06,community_classroom,target_subtle,generalized,modified,0.6,1.00,40,1,Qwen/Qwen3.6-27B,1.0,1,2026-08-15T23:06:38.123703+00:00,100.0,0.0,0.0004387199999999999,ok
v4_0641,heldout_06,community_classroom,target_subtle,generalized,modified,0.6,1.00,40,2,Qwen/Qwen3.6-27B,1.0,1,2026-08-15T23:06:39.121534+00:00,100.0,0.0,0.0004387199999999999,ok
v4_0642,heldout_06,community_classroom,target_subtle,generalized,modified,0.6,1.00,40,3,Qwen/Qwen3.6-27B,1.0,1,2026-08-15T23:06:40.096703+00:00,100.0,0.0,0.0004387199999999999,ok
v4_0643,heldout_06,community_classroom,target_subtle,generalized,modified,0.4,1.00,60,1,Qwen/Qwen3.6-27B,1.0,1,2026-08-15T23:06:41.138726+00:00,100.0,0.0,0.0004387199999999999,ok
v4_0644,heldout_06,community_classroom,target_subtle,generalized,modified,0.4,1.00,60,2,Qwen/Qwen3.6-27B,1.0,1,2026-08-15T23:06:42.116365+00:00,100.0,0.0,0.0004387199999999999,ok
v4_0645,heldout_06,community_classroom,target_subtle,generalized,modified,0.4,1.00,60,3,Qwen/Qwen3.6-27B,1.0,1,2026-08-15T23:06:43.061661+00:00,100.0,0.0,0.0004387199999999999,ok
v4_0646,heldout_06,community_classroom,target_subtle,generalized,modified,0.2,1.00,80,1,Qwen/Qwen3.6-27B,1.0,1,2026-08-15T23:06:44.117529+00:00,100.0,0.0,0.0004387199999999999,ok
v4_0647,heldout_06,community_classroom,target_subtle,generalized,modified,0.2,1.00,80,2,Qwen/Qwen3.6-27B,1.0,1,2026-08-15T23:06:45.092170+00:00,100.0,0.0,0.0004387199999999999,ok
v4_0648,heldout_06,community_classroom,target_subtle,generalized,modified,0.2,1.00,80,3,Qwen/Qwen3.6-27B,1.0,1,2026-08-15T23:06:46.110772+00:00,100.0,0.0,0.0004387199999999999,ok
v4_0649,heldout_07,water_lab,target_subtle,neutral,clean,1.0,1.00,0,1,Qwen/Qwen3.6-27B,1.0,1,2026-08-15T23:06:47.281082+00:00,50.0,50.0,0.00043327999999999997,ok
v4_0650,heldout_07,water_lab,target_subtle,neutral,clean,1.0,1.00,0,2,Qwen/Qwen3.6-27B,1.0,1,2026-08-15T23:06:48.139858+00:00,50.0,50.0,0.00043327999999999997,ok
v4_0651,heldout_07,water_lab,target_subtle,neutral,clean,1.0,1.00,0,3,Qwen/Qwen3.6-27B,1.0,1,2026-08-15T23:06:49.172274+00:00,50.0,50.0,0.00043327999999999997,ok
v4_0652,heldout_07,water_lab,target_subtle,neutral,clean,0.9,1.00,10,1,Qwen/Qwen3.6-27B,1.0,1,2026-08-15T23:06:50.197510+00:00,0.0,100.0,0.00043327999999999997,ok
v4_0653,heldout_07,water_lab,target_subtle,neutral,clean,0.9,1.00,10,2,Qwen/Qwen3.6-27B,1.0,1,2026-08-15T23:06:51.290409+00:00,0.0,100.0,0.00043327999999999997,ok
v4_0654,heldout_07,water_lab,target_subtle,neutral,clean,0.9,1.00,10,3,Qwen/Qwen3.6-27B,1.0,1,2026-08-15T23:06:52.240158+00:00,50.0,50.0,0.00043327999999999997,ok
v4_0655,heldout_07,water_lab,target_subtle,neutral,clean,0.8,1.00,20,1,Qwen/Qwen3.6-27B,1.0,1,2026-08-15T23:06:53.186292+00:00,0.0,100.0,0.00043327999999999997,ok
v4_0656,heldout_07,water_lab,target_subtle,neutral,clean,0.8,1.00,20,2,Qwen/Qwen3.6-27B,1.0,1,2026-08-15T23:06:54.174094+00:00,44.0,56.0,0.00043327999999999997,ok
v4_0657,heldout_07,water_lab,target_subtle,neutral,clean,0.8,1.00,20,3,Qwen/Qwen3.6-27B,1.0,1,2026-08-15T23:06:55.193704+00:00,50.0,50.0,0.00043327999999999997,ok
v4_0658,heldout_07,water_lab,target_subtle,neutral,clean,0.6,1.00,40,1,Qwen/Qwen3.6-27B,1.0,1,2026-08-15T23:06:56.219299+00:00,0.0,100.0,0.00043327999999999997,ok
v4_0659,heldout_07,water_lab,target_subtle,neutral,clean,0.6,1.00,40,2,Qwen/Qwen3.6-27B,1.0,1,2026-08-15T23:06:57.229724+00:00,0.0,100.0,0.00043327999999999997,ok
v4_0660,heldout_07,water_lab,target_subtle,neutral,clean,0.6,1.00,40,3,Qwen/Qwen3.6-27B,1.0,1,2026-08-15T23:06:58.237039+00:00,60.0,40.0,0.00043327999999999997,ok
v4_0661,heldout_07,water_lab,target_subtle,neutral,clean,0.4,1.00,60,1,Qwen/Qwen3.6-27B,1.0,1,2026-08-15T23:06:59.279415+00:00,0.0,100.0,0.00043327999999999997,ok
v4_0662,heldout_07,water_lab,target_subtle,neutral,clean,0.4,1.00,60,2,Qwen/Qwen3.6-27B,1.0,1,2026-08-15T23:07:00.257707+00:00,0.0,100.0,0.00043327999999999997,ok
v4_0663,heldout_07,water_lab,target_subtle,neutral,clean,0.4,1.00,60,3,Qwen/Qwen3.6-27B,1.0,1,2026-08-15T23:07:01.268211+00:00,0.0,100.0,0.00043327999999999997,ok
v4_0664,heldout_07,water_lab,target_subtle,neutral,clean,0.2,1.00,80,1,Qwen/Qwen3.6-27B,1.0,1,2026-08-15T23:07:03.058708+00:00,0.0,100.0,0.00043327999999999997,ok
v4_0665,heldout_07,water_lab,target_subtle,neutral,clean,0.2,1.00,80,2,Qwen/Qwen3.6-27B,1.0,1,2026-08-15T23:07:03.653499+00:00,0.0,100.0,0.00043327999999999997,ok
v4_0666,heldout_07,water_lab,target_subtle,neutral,clean,0.2,1.00,80,3,Qwen/Qwen3.6-27B,1.0,1,2026-08-15T23:07:04.669599+00:00,0.0,100.0,0.00043327999999999997,ok
v4_0667,heldout_07,water_lab,target_subtle,neutral,modified,1.0,1.00,0,1,Qwen/Qwen3.6-27B,1.0,1,2026-08-15T23:07:05.846142+00:00,50.0,50.0,0.00043327999999999997,ok
v4_0668,heldout_07,water_lab,target_subtle,neutral,modified,1.0,1.00,0,2,Qwen/Qwen3.6-27B,1.0,1,2026-08-15T23:07:06.683682+00:00,50.0,50.0,0.00043327999999999997,ok
v4_0669,heldout_07,water_lab,target_subtle,neutral,modified,1.0,1.00,0,3,Qwen/Qwen3.6-27B,1.0,1,2026-08-15T23:07:08.131589+00:00,50.0,50.0,0.00043327999999999997,ok
v4_0670,heldout_07,water_lab,target_subtle,neutral,modified,0.9,1.00,10,1,Qwen/Qwen3.6-27B,1.0,1,2026-08-15T23:07:09.021021+00:00,90.0,10.0,0.00043327999999999997,ok
v4_0671,heldout_07,water_lab,target_subtle,neutral,modified,0.9,1.00,10,2,Qwen/Qwen3.6-27B,1.0,1,2026-08-15T23:07:10.904700+00:00,50.0,50.0,0.00043327999999999997,ok
v4_0672,heldout_07,water_lab,target_subtle,neutral,modified,0.9,1.00,10,3,Qwen/Qwen3.6-27B,1.0,1,2026-08-15T23:07:11.821129+00:00,50.0,50.0,0.00043327999999999997,ok
v4_0673,heldout_07,water_lab,target_subtle,neutral,modified,0.8,1.00,20,1,Qwen/Qwen3.6-27B,1.0,1,2026-08-15T23:07:12.990713+00:00,50.0,50.0,0.00043327999999999997,ok
v4_0674,heldout_07,water_lab,target_subtle,neutral,modified,0.8,1.00,20,2,Qwen/Qwen3.6-27B,1.0,1,2026-08-15T23:07:13.583691+00:00,50.0,50.0,0.00043327999999999997,ok
v4_0675,heldout_07,water_lab,target_subtle,neutral,modified,0.8,1.00,20,3,Qwen/Qwen3.6-27B,1.0,1,2026-08-15T23:07:14.586108+00:00,50.0,50.0,0.00043327999999999997,ok
v4_0676,heldout_07,water_lab,target_subtle,neutral,modified,0.6,1.00,40,1,Qwen/Qwen3.6-27B,1.0,1,2026-08-15T23:07:15.591639+00:00,0.0,100.0,0.00043327999999999997,ok
v4_0677,heldout_07,water_lab,target_subtle,neutral,modified,0.6,1.00,40,2,Qwen/Qwen3.6-27B,1.0,1,2026-08-15T23:07:16.599015+00:00,60.0,40.0,0.00043327999999999997,ok
v4_0678,heldout_07,water_lab,target_subtle,neutral,modified,0.6,1.00,40,3,Qwen/Qwen3.6-27B,1.0,1,2026-08-15T23:07:17.609641+00:00,40.0,60.0,0.00043327999999999997,ok
v4_0679,heldout_07,water_lab,target_subtle,neutral,modified,0.4,1.00,60,1,Qwen/Qwen3.6-27B,1.0,1,2026-08-15T23:07:18.615766+00:00,0.0,100.0,0.00043327999999999997,ok
v4_0680,heldout_07,water_lab,target_subtle,neutral,modified,0.4,1.00,60,2,Qwen/Qwen3.6-27B,1.0,1,2026-08-15T23:07:19.641928+00:00,0.0,100.0,0.00043327999999999997,ok
v4_0681,heldout_07,water_lab,target_subtle,neutral,modified,0.4,1.00,60,3,Qwen/Qwen3.6-27B,1.0,1,2026-08-15T23:07:20.619918+00:00,0.0,100.0,0.00043327999999999997,ok
v4_0682,heldout_07,water_lab,target_subtle,neutral,modified,0.2,1.00,80,1,Qwen/Qwen3.6-27B,1.0,1,2026-08-15T23:07:21.660883+00:00,0.0,100.0,0.00043327999999999997,ok
v4_0683,heldout_07,water_lab,target_subtle,neutral,modified,0.2,1.00,80,2,Qwen/Qwen3.6-27B,1.0,1,2026-08-15T23:07:22.657700+00:00,0.0,100.0,0.00043327999999999997,ok
v4_0684,heldout_07,water_lab,target_subtle,neutral,modified,0.2,1.00,80,3,Qwen/Qwen3.6-27B,1.0,1,2026-08-15T23:07:23.661999+00:00,0.0,100.0,0.00043327999999999997,ok
v4_0685,heldout_07,water_lab,target_subtle,cue_bound,clean,1.0,1.00,0,1,Qwen/Qwen3.6-27B,1.0,1,2026-08-15T23:07:24.771176+00:00,50.0,50.0,0.00045504,ok
v4_0686,heldout_07,water_lab,target_subtle,cue_bound,clean,1.0,1.00,0,2,Qwen/Qwen3.6-27B,1.0,1,2026-08-15T23:07:25.666517+00:00,50.0,50.0,0.00045504,ok
v4_0687,heldout_07,water_lab,target_subtle,cue_bound,clean,1.0,1.00,0,3,Qwen/Qwen3.6-27B,1.0,1,2026-08-15T23:07:27.113260+00:00,50.0,50.0,0.00045504,ok
v4_0688,heldout_07,water_lab,target_subtle,cue_bound,clean,0.9,1.00,10,1,Qwen/Qwen3.6-27B,1.0,1,2026-08-15T23:07:28.055662+00:00,50.0,50.0,0.00045504,ok
v4_0689,heldout_07,water_lab,target_subtle,cue_bound,clean,0.9,1.00,10,2,Qwen/Qwen3.6-27B,1.0,1,2026-08-15T23:07:28.763996+00:00,0.0,100.0,0.00045504,ok
v4_0690,heldout_07,water_lab,target_subtle,cue_bound,clean,0.9,1.00,10,3,Qwen/Qwen3.6-27B,1.0,1,2026-08-15T23:07:29.766022+00:00,50.0,50.0,0.00045504,ok
v4_0691,heldout_07,water_lab,target_subtle,cue_bound,clean,0.8,1.00,20,1,Qwen/Qwen3.6-27B,1.0,1,2026-08-15T23:07:30.747097+00:00,50.0,50.0,0.00045504,ok
v4_0692,heldout_07,water_lab,target_subtle,cue_bound,clean,0.8,1.00,20,2,Qwen/Qwen3.6-27B,1.0,1,2026-08-15T23:07:31.779645+00:00,50.0,50.0,0.00045504,ok
v4_0693,heldout_07,water_lab,target_subtle,cue_bound,clean,0.8,1.00,20,3,Qwen/Qwen3.6-27B,1.0,1,2026-08-15T23:07:32.785154+00:00,50.0,50.0,0.00045504,ok
v4_0694,heldout_07,water_lab,target_subtle,cue_bound,clean,0.6,1.00,40,1,Qwen/Qwen3.6-27B,1.0,1,2026-08-15T23:07:33.786657+00:00,50.0,50.0,0.00045504,ok
v4_0695,heldout_07,water_lab,target_subtle,cue_bound,clean,0.6,1.00,40,2,Qwen/Qwen3.6-27B,1.0,1,2026-08-15T23:07:34.773366+00:00,50.0,50.0,0.00045504,ok
v4_0696,heldout_07,water_lab,target_subtle,cue_bound,clean,0.6,1.00,40,3,Qwen/Qwen3.6-27B,1.0,1,2026-08-15T23:07:36.943682+00:00,50.0,50.0,0.00045504,ok
v4_0697,heldout_07,water_lab,target_subtle,cue_bound,clean,0.4,1.00,60,1,Qwen/Qwen3.6-27B,1.0,1,2026-08-15T23:07:37.865620+00:00,0.0,100.0,0.00045504,ok
v4_0698,heldout_07,water_lab,target_subtle,cue_bound,clean,0.4,1.00,60,2,Qwen/Qwen3.6-27B,1.0,1,2026-08-15T23:07:39.247868+00:00,50.0,50.0,0.00045504,ok
v4_0699,heldout_07,water_lab,target_subtle,cue_bound,clean,0.4,1.00,60,3,Qwen/Qwen3.6-27B,1.0,1,2026-08-15T23:07:40.138310+00:00,50.0,50.0,0.00045504,ok
v4_0700,heldout_07,water_lab,target_subtle,cue_bound,clean,0.2,1.00,80,1,Qwen/Qwen3.6-27B,1.0,1,2026-08-15T23:07:41.137544+00:00,50.0,50.0,0.00045504,ok
v4_0701,heldout_07,water_lab,target_subtle,cue_bound,clean,0.2,1.00,80,2,Qwen/Qwen3.6-27B,1.0,1,2026-08-15T23:07:42.178932+00:00,50.0,50.0,0.00045504,ok
v4_0702,heldout_07,water_lab,target_subtle,cue_bound,clean,0.2,1.00,80,3,Qwen/Qwen3.6-27B,1.0,1,2026-08-15T23:07:42.863321+00:00,50.0,50.0,0.00045504,ok
v4_0703,heldout_07,water_lab,target_subtle,cue_bound,modified,1.0,1.00,0,1,Qwen/Qwen3.6-27B,1.0,1,2026-08-15T23:07:43.975947+00:00,100.0,0.0,0.00045504,ok
v4_0704,heldout_07,water_lab,target_subtle,cue_bound,modified,1.0,1.00,0,2,Qwen/Qwen3.6-27B,1.0,1,2026-08-15T23:07:44.876023+00:00,100.0,0.0,0.00045504,ok
v4_0705,heldout_07,water_lab,target_subtle,cue_bound,modified,1.0,1.00,0,3,Qwen/Qwen3.6-27B,1.0,1,2026-08-15T23:07:45.890182+00:00,100.0,0.0,0.00045504,ok
v4_0706,heldout_07,water_lab,target_subtle,cue_bound,modified,0.9,1.00,10,1,Qwen/Qwen3.6-27B,1.0,1,2026-08-15T23:07:46.898548+00:00,100.0,0.0,0.00045504,ok
v4_0707,heldout_07,water_lab,target_subtle,cue_bound,modified,0.9,1.00,10,2,Qwen/Qwen3.6-27B,1.0,1,2026-08-15T23:07:47.965584+00:00,100.0,0.0,0.00045504,ok
v4_0708,heldout_07,water_lab,target_subtle,cue_bound,modified,0.9,1.00,10,3,Qwen/Qwen3.6-27B,1.0,1,2026-08-15T23:07:48.879095+00:00,100.0,0.0,0.00045504,ok
v4_0709,heldout_07,water_lab,target_subtle,cue_bound,modified,0.8,1.00,20,1,Qwen/Qwen3.6-27B,1.0,1,2026-08-15T23:07:50.294948+00:00,100.0,0.0,0.00045504,ok
v4_0710,heldout_07,water_lab,target_subtle,cue_bound,modified,0.8,1.00,20,2,Qwen/Qwen3.6-27B,1.0,1,2026-08-15T23:07:51.321507+00:00,100.0,0.0,0.00045504,ok
v4_0711,heldout_07,water_lab,target_subtle,cue_bound,modified,0.8,1.00,20,3,Qwen/Qwen3.6-27B,1.0,1,2026-08-15T23:07:52.013579+00:00,100.0,0.0,0.00045504,ok
v4_0712,heldout_07,water_lab,target_subtle,cue_bound,modified,0.6,1.00,40,1,Qwen/Qwen3.6-27B,1.0,1,2026-08-15T23:07:53.087132+00:00,100.0,0.0,0.00045504,ok
v4_0713,heldout_07,water_lab,target_subtle,cue_bound,modified,0.6,1.00,40,2,Qwen/Qwen3.6-27B,1.0,1,2026-08-15T23:07:53.954431+00:00,100.0,0.0,0.00045504,ok
v4_0714,heldout_07,water_lab,target_subtle,cue_bound,modified,0.6,1.00,40,3,Qwen/Qwen3.6-27B,1.0,1,2026-08-15T23:07:55.088526+00:00,100.0,0.0,0.00045504,ok
v4_0715,heldout_07,water_lab,target_subtle,cue_bound,modified,0.4,1.00,60,1,Qwen/Qwen3.6-27B,1.0,1,2026-08-15T23:07:56.421230+00:00,100.0,0.0,0.00045504,ok
v4_0716,heldout_07,water_lab,target_subtle,cue_bound,modified,0.4,1.00,60,2,Qwen/Qwen3.6-27B,1.0,1,2026-08-15T23:07:57.071139+00:00,100.0,0.0,0.00045504,ok
v4_0717,heldout_07,water_lab,target_subtle,cue_bound,modified,0.4,1.00,60,3,Qwen/Qwen3.6-27B,1.0,1,2026-08-15T23:07:57.992087+00:00,100.0,0.0,0.00045504,ok
v4_0718,heldout_07,water_lab,target_subtle,cue_bound,modified,0.2,1.00,80,1,Qwen/Qwen3.6-27B,1.0,1,2026-08-15T23:07:59.002914+00:00,100.0,0.0,0.00045504,ok
v4_0719,heldout_07,water_lab,target_subtle,cue_bound,modified,0.2,1.00,80,2,Qwen/Qwen3.6-27B,1.0,1,2026-08-15T23:08:00.008190+00:00,100.0,0.0,0.00045504,ok
v4_0720,heldout_07,water_lab,target_subtle,cue_bound,modified,0.2,1.00,80,3,Qwen/Qwen3.6-27B,1.0,1,2026-08-15T23:08:00.998318+00:00,100.0,0.0,0.00045504,ok
v4_0721,heldout_07,water_lab,target_subtle,generalized,clean,1.0,1.00,0,1,Qwen/Qwen3.6-27B,1.0,1,2026-08-15T23:08:02.114065+00:00,100.0,0.0,0.0004387199999999999,ok
v4_0722,heldout_07,water_lab,target_subtle,generalized,clean,1.0,1.00,0,2,Qwen/Qwen3.6-27B,1.0,1,2026-08-15T23:08:03.030360+00:00,100.0,0.0,0.0004387199999999999,ok
v4_0723,heldout_07,water_lab,target_subtle,generalized,clean,1.0,1.00,0,3,Qwen/Qwen3.6-27B,1.0,1,2026-08-15T23:08:04.066533+00:00,100.0,0.0,0.0004387199999999999,ok
v4_0724,heldout_07,water_lab,target_subtle,generalized,clean,0.9,1.00,10,1,Qwen/Qwen3.6-27B,1.0,1,2026-08-15T23:08:05.025785+00:00,100.0,0.0,0.0004387199999999999,ok
v4_0725,heldout_07,water_lab,target_subtle,generalized,clean,0.9,1.00,10,2,Qwen/Qwen3.6-27B,1.0,1,2026-08-15T23:08:06.061683+00:00,100.0,0.0,0.0004387199999999999,ok
v4_0726,heldout_07,water_lab,target_subtle,generalized,clean,0.9,1.00,10,3,Qwen/Qwen3.6-27B,1.0,1,2026-08-15T23:08:07.046038+00:00,100.0,0.0,0.0004387199999999999,ok
v4_0727,heldout_07,water_lab,target_subtle,generalized,clean,0.8,1.00,20,1,Qwen/Qwen3.6-27B,1.0,1,2026-08-15T23:08:08.077886+00:00,100.0,0.0,0.0004387199999999999,ok
v4_0728,heldout_07,water_lab,target_subtle,generalized,clean,0.8,1.00,20,2,Qwen/Qwen3.6-27B,1.0,1,2026-08-15T23:08:09.084436+00:00,100.0,0.0,0.0004387199999999999,ok
v4_0729,heldout_07,water_lab,target_subtle,generalized,clean,0.8,1.00,20,3,Qwen/Qwen3.6-27B,1.0,1,2026-08-15T23:08:10.087801+00:00,100.0,0.0,0.0004387199999999999,ok
v4_0730,heldout_07,water_lab,target_subtle,generalized,clean,0.6,1.00,40,1,Qwen/Qwen3.6-27B,1.0,1,2026-08-15T23:08:11.306172+00:00,100.0,0.0,0.0004387199999999999,ok
v4_0731,heldout_07,water_lab,target_subtle,generalized,clean,0.6,1.00,40,2,Qwen/Qwen3.6-27B,1.0,1,2026-08-15T23:08:12.091095+00:00,100.0,0.0,0.0004387199999999999,ok
v4_0732,heldout_07,water_lab,target_subtle,generalized,clean,0.6,1.00,40,3,Qwen/Qwen3.6-27B,1.0,1,2026-08-15T23:08:13.125030+00:00,100.0,0.0,0.0004387199999999999,ok
v4_0733,heldout_07,water_lab,target_subtle,generalized,clean,0.4,1.00,60,1,Qwen/Qwen3.6-27B,1.0,1,2026-08-15T23:08:14.240223+00:00,100.0,0.0,0.0004387199999999999,ok
v4_0734,heldout_07,water_lab,target_subtle,generalized,clean,0.4,1.00,60,2,Qwen/Qwen3.6-27B,1.0,1,2026-08-15T23:08:15.517713+00:00,100.0,0.0,0.0004387199999999999,ok
v4_0735,heldout_07,water_lab,target_subtle,generalized,clean,0.4,1.00,60,3,Qwen/Qwen3.6-27B,1.0,1,2026-08-15T23:08:16.100661+00:00,100.0,0.0,0.0004387199999999999,ok
v4_0736,heldout_07,water_lab,target_subtle,generalized,clean,0.2,1.00,80,1,Qwen/Qwen3.6-27B,1.0,1,2026-08-15T23:08:17.096772+00:00,100.0,0.0,0.0004387199999999999,ok
v4_0737,heldout_07,water_lab,target_subtle,generalized,clean,0.2,1.00,80,2,Qwen/Qwen3.6-27B,1.0,1,2026-08-15T23:08:18.279620+00:00,100.0,0.0,0.0004387199999999999,ok
v4_0738,heldout_07,water_lab,target_subtle,generalized,clean,0.2,1.00,80,3,Qwen/Qwen3.6-27B,1.0,1,2026-08-15T23:08:19.193239+00:00,100.0,0.0,0.0004387199999999999,ok
v4_0739,heldout_07,water_lab,target_subtle,generalized,modified,1.0,1.00,0,1,Qwen/Qwen3.6-27B,1.0,1,2026-08-15T23:08:20.220391+00:00,100.0,0.0,0.0004387199999999999,ok
v4_0740,heldout_07,water_lab,target_subtle,generalized,modified,1.0,1.00,0,2,Qwen/Qwen3.6-27B,1.0,1,2026-08-15T23:08:21.135360+00:00,100.0,0.0,0.0004387199999999999,ok
v4_0741,heldout_07,water_lab,target_subtle,generalized,modified,1.0,1.00,0,3,Qwen/Qwen3.6-27B,1.0,1,2026-08-15T23:08:22.327147+00:00,100.0,0.0,0.0004387199999999999,ok
v4_0742,heldout_07,water_lab,target_subtle,generalized,modified,0.9,1.00,10,1,Qwen/Qwen3.6-27B,1.0,1,2026-08-15T23:08:23.247587+00:00,100.0,0.0,0.0004387199999999999,ok
v4_0743,heldout_07,water_lab,target_subtle,generalized,modified,0.9,1.00,10,2,Qwen/Qwen3.6-27B,1.0,1,2026-08-15T23:08:24.863496+00:00,100.0,0.0,0.0004387199999999999,ok
v4_0744,heldout_07,water_lab,target_subtle,generalized,modified,0.9,1.00,10,3,Qwen/Qwen3.6-27B,1.0,1,2026-08-15T23:08:25.442093+00:00,100.0,0.0,0.0004387199999999999,ok
v4_0745,heldout_07,water_lab,target_subtle,generalized,modified,0.8,1.00,20,1,Qwen/Qwen3.6-27B,1.0,1,2026-08-15T23:08:26.597080+00:00,100.0,0.0,0.0004387199999999999,ok
v4_0746,heldout_07,water_lab,target_subtle,generalized,modified,0.8,1.00,20,2,Qwen/Qwen3.6-27B,1.0,1,2026-08-15T23:08:27.560523+00:00,100.0,0.0,0.0004387199999999999,ok
v4_0747,heldout_07,water_lab,target_subtle,generalized,modified,0.8,1.00,20,3,Qwen/Qwen3.6-27B,1.0,1,2026-08-15T23:08:28.528879+00:00,100.0,0.0,0.0004387199999999999,ok
v4_0748,heldout_07,water_lab,target_subtle,generalized,modified,0.6,1.00,40,1,Qwen/Qwen3.6-27B,1.0,1,2026-08-15T23:08:29.509942+00:00,100.0,0.0,0.0004387199999999999,ok
v4_0749,heldout_07,water_lab,target_subtle,generalized,modified,0.6,1.00,40,2,Qwen/Qwen3.6-27B,1.0,1,2026-08-15T23:08:30.836531+00:00,100.0,0.0,0.0004387199999999999,ok
v4_0750,heldout_07,water_lab,target_subtle,generalized,modified,0.6,1.00,40,3,Qwen/Qwen3.6-27B,1.0,1,2026-08-15T23:08:31.609710+00:00,100.0,0.0,0.0004387199999999999,ok
v4_0751,heldout_07,water_lab,target_subtle,generalized,modified,0.4,1.00,60,1,Qwen/Qwen3.6-27B,1.0,1,2026-08-15T23:08:32.496968+00:00,100.0,0.0,0.0004387199999999999,ok
v4_0752,heldout_07,water_lab,target_subtle,generalized,modified,0.4,1.00,60,2,Qwen/Qwen3.6-27B,1.0,1,2026-08-15T23:08:33.500336+00:00,100.0,0.0,0.0004387199999999999,ok
v4_0753,heldout_07,water_lab,target_subtle,generalized,modified,0.4,1.00,60,3,Qwen/Qwen3.6-27B,1.0,1,2026-08-15T23:08:35.006333+00:00,100.0,0.0,0.0004387199999999999,ok
v4_0754,heldout_07,water_lab,target_subtle,generalized,modified,0.2,1.00,80,1,Qwen/Qwen3.6-27B,1.0,1,2026-08-15T23:08:35.591090+00:00,100.0,0.0,0.0004387199999999999,ok
v4_0755,heldout_07,water_lab,target_subtle,generalized,modified,0.2,1.00,80,2,Qwen/Qwen3.6-27B,1.0,1,2026-08-15T23:08:37.052305+00:00,100.0,0.0,0.0004387199999999999,ok
v4_0756,heldout_07,water_lab,target_subtle,generalized,modified,0.2,1.00,80,3,Qwen/Qwen3.6-27B,1.0,1,2026-08-15T23:08:37.656923+00:00,100.0,0.0,0.0004387199999999999,ok
v4_0757,heldout_08,wildlife_station,target_subtle,neutral,clean,1.0,1.00,0,1,Qwen/Qwen3.6-27B,1.0,1,2026-08-15T23:08:38.822527+00:00,50.0,50.0,0.00043327999999999997,ok
v4_0758,heldout_08,wildlife_station,target_subtle,neutral,clean,1.0,1.00,0,2,Qwen/Qwen3.6-27B,1.0,1,2026-08-15T23:08:39.688889+00:00,50.0,50.0,0.00043327999999999997,ok
v4_0759,heldout_08,wildlife_station,target_subtle,neutral,clean,1.0,1.00,0,3,Qwen/Qwen3.6-27B,1.0,1,2026-08-15T23:08:40.688716+00:00,50.0,50.0,0.00043327999999999997,ok
v4_0760,heldout_08,wildlife_station,target_subtle,neutral,clean,0.9,1.00,10,1,Qwen/Qwen3.6-27B,1.0,1,2026-08-15T23:08:41.703404+00:00,0.0,100.0,0.00043327999999999997,ok
v4_0761,heldout_08,wildlife_station,target_subtle,neutral,clean,0.9,1.00,10,2,Qwen/Qwen3.6-27B,1.0,1,2026-08-15T23:08:42.728151+00:00,50.0,50.0,0.00043327999999999997,ok
v4_0762,heldout_08,wildlife_station,target_subtle,neutral,clean,0.9,1.00,10,3,Qwen/Qwen3.6-27B,1.0,1,2026-08-15T23:08:43.816295+00:00,50.0,50.0,0.00043327999999999997,ok
v4_0763,heldout_08,wildlife_station,target_subtle,neutral,clean,0.8,1.00,20,1,Qwen/Qwen3.6-27B,1.0,1,2026-08-15T23:08:44.768942+00:00,50.0,50.0,0.00043327999999999997,ok
v4_0764,heldout_08,wildlife_station,target_subtle,neutral,clean,0.8,1.00,20,2,Qwen/Qwen3.6-27B,1.0,1,2026-08-15T23:08:46.163775+00:00,0.0,100.0,0.00043327999999999997,ok
v4_0765,heldout_08,wildlife_station,target_subtle,neutral,clean,0.8,1.00,20,3,Qwen/Qwen3.6-27B,1.0,1,2026-08-15T23:08:46.853280+00:00,50.0,50.0,0.00043327999999999997,ok
v4_0766,heldout_08,wildlife_station,target_subtle,neutral,clean,0.6,1.00,40,1,Qwen/Qwen3.6-27B,1.0,1,2026-08-15T23:08:47.809450+00:00,0.0,100.0,0.00043327999999999997,ok
v4_0767,heldout_08,wildlife_station,target_subtle,neutral,clean,0.6,1.00,40,2,Qwen/Qwen3.6-27B,1.0,1,2026-08-15T23:08:48.794091+00:00,0.0,100.0,0.00043327999999999997,ok
v4_0768,heldout_08,wildlife_station,target_subtle,neutral,clean,0.6,1.00,40,3,Qwen/Qwen3.6-27B,1.0,1,2026-08-15T23:08:49.789285+00:00,40.0,60.0,0.00043327999999999997,ok
v4_0769,heldout_08,wildlife_station,target_subtle,neutral,clean,0.4,1.00,60,1,Qwen/Qwen3.6-27B,1.0,1,2026-08-15T23:08:51.351387+00:00,0.0,100.0,0.00043327999999999997,ok
v4_0770,heldout_08,wildlife_station,target_subtle,neutral,clean,0.4,1.00,60,2,Qwen/Qwen3.6-27B,1.0,1,2026-08-15T23:08:51.969223+00:00,0.0,100.0,0.00043327999999999997,ok
v4_0771,heldout_08,wildlife_station,target_subtle,neutral,clean,0.4,1.00,60,3,Qwen/Qwen3.6-27B,1.0,1,2026-08-15T23:08:53.328731+00:00,0.0,100.0,0.00043327999999999997,ok
v4_0772,heldout_08,wildlife_station,target_subtle,neutral,clean,0.2,1.00,80,1,Qwen/Qwen3.6-27B,1.0,1,2026-08-15T23:08:54.160956+00:00,0.0,100.0,0.00043327999999999997,ok
v4_0773,heldout_08,wildlife_station,target_subtle,neutral,clean,0.2,1.00,80,2,Qwen/Qwen3.6-27B,1.0,1,2026-08-15T23:08:55.181189+00:00,0.0,100.0,0.00043327999999999997,ok
v4_0774,heldout_08,wildlife_station,target_subtle,neutral,clean,0.2,1.00,80,3,Qwen/Qwen3.6-27B,1.0,1,2026-08-15T23:08:55.998353+00:00,0.0,100.0,0.00043327999999999997,ok
v4_0775,heldout_08,wildlife_station,target_subtle,neutral,modified,1.0,1.00,0,1,Qwen/Qwen3.6-27B,1.0,1,2026-08-15T23:08:57.194081+00:00,50.0,50.0,0.00043327999999999997,ok
v4_0776,heldout_08,wildlife_station,target_subtle,neutral,modified,1.0,1.00,0,2,Qwen/Qwen3.6-27B,1.0,1,2026-08-15T23:08:58.075442+00:00,50.0,50.0,0.00043327999999999997,ok
v4_0777,heldout_08,wildlife_station,target_subtle,neutral,modified,1.0,1.00,0,3,Qwen/Qwen3.6-27B,1.0,1,2026-08-15T23:08:59.017222+00:00,50.0,50.0,0.00043327999999999997,ok
v4_0778,heldout_08,wildlife_station,target_subtle,neutral,modified,0.9,1.00,10,1,Qwen/Qwen3.6-27B,1.0,1,2026-08-15T23:09:00.028730+00:00,0.0,100.0,0.00043327999999999997,ok
v4_0779,heldout_08,wildlife_station,target_subtle,neutral,modified,0.9,1.00,10,2,Qwen/Qwen3.6-27B,1.0,1,2026-08-15T23:09:01.053237+00:00,50.0,50.0,0.00043327999999999997,ok
v4_0780,heldout_08,wildlife_station,target_subtle,neutral,modified,0.9,1.00,10,3,Qwen/Qwen3.6-27B,1.0,1,2026-08-15T23:09:02.061219+00:00,50.0,50.0,0.00043327999999999997,ok
v4_0781,heldout_08,wildlife_station,target_subtle,neutral,modified,0.8,1.00,20,1,Qwen/Qwen3.6-27B,1.0,1,2026-08-15T23:09:03.086199+00:00,50.0,50.0,0.00043327999999999997,ok
v4_0782,heldout_08,wildlife_station,target_subtle,neutral,modified,0.8,1.00,20,2,Qwen/Qwen3.6-27B,1.0,1,2026-08-15T23:09:04.088306+00:00,44.0,56.0,0.00043327999999999997,ok
v4_0783,heldout_08,wildlife_station,target_subtle,neutral,modified,0.8,1.00,20,3,Qwen/Qwen3.6-27B,1.0,1,2026-08-15T23:09:05.079191+00:00,0.0,100.0,0.00043327999999999997,ok
v4_0784,heldout_08,wildlife_station,target_subtle,neutral,modified,0.6,1.00,40,1,Qwen/Qwen3.6-27B,1.0,1,2026-08-15T23:09:06.154489+00:00,0.0,100.0,0.00043327999999999997,ok
v4_0785,heldout_08,wildlife_station,target_subtle,neutral,modified,0.6,1.00,40,2,Qwen/Qwen3.6-27B,1.0,1,2026-08-15T23:09:07.107082+00:00,0.0,100.0,0.00043327999999999997,ok
v4_0786,heldout_08,wildlife_station,target_subtle,neutral,modified,0.6,1.00,40,3,Qwen/Qwen3.6-27B,1.0,1,2026-08-15T23:09:08.868132+00:00,50.0,50.0,0.00043327999999999997,ok
v4_0787,heldout_08,wildlife_station,target_subtle,neutral,modified,0.4,1.00,60,1,Qwen/Qwen3.6-27B,1.0,1,2026-08-15T23:09:09.464424+00:00,0.0,100.0,0.00043327999999999997,ok
v4_0788,heldout_08,wildlife_station,target_subtle,neutral,modified,0.4,1.00,60,2,Qwen/Qwen3.6-27B,1.0,1,2026-08-15T23:09:10.915909+00:00,0.0,100.0,0.00043327999999999997,ok
v4_0789,heldout_08,wildlife_station,target_subtle,neutral,modified,0.4,1.00,60,3,Qwen/Qwen3.6-27B,1.0,1,2026-08-15T23:09:11.518502+00:00,0.0,100.0,0.00043327999999999997,ok
v4_0790,heldout_08,wildlife_station,target_subtle,neutral,modified,0.2,1.00,80,1,Qwen/Qwen3.6-27B,1.0,1,2026-08-15T23:09:12.518800+00:00,0.0,100.0,0.00043327999999999997,ok
v4_0791,heldout_08,wildlife_station,target_subtle,neutral,modified,0.2,1.00,80,2,Qwen/Qwen3.6-27B,1.0,1,2026-08-15T23:09:13.563749+00:00,0.0,100.0,0.00043327999999999997,ok
v4_0792,heldout_08,wildlife_station,target_subtle,neutral,modified,0.2,1.00,80,3,Qwen/Qwen3.6-27B,1.0,1,2026-08-15T23:09:14.551564+00:00,0.0,100.0,0.00043327999999999997,ok
v4_0793,heldout_08,wildlife_station,target_subtle,cue_bound,clean,1.0,1.00,0,1,Qwen/Qwen3.6-27B,1.0,1,2026-08-15T23:09:15.613504+00:00,50.0,50.0,0.00045504,ok
v4_0794,heldout_08,wildlife_station,target_subtle,cue_bound,clean,1.0,1.00,0,2,Qwen/Qwen3.6-27B,1.0,1,2026-08-15T23:09:16.588480+00:00,50.0,50.0,0.00045504,ok
v4_0795,heldout_08,wildlife_station,target_subtle,cue_bound,clean,1.0,1.00,0,3,Qwen/Qwen3.6-27B,1.0,1,2026-08-15T23:09:17.529759+00:00,50.0,50.0,0.00045504,ok
v4_0796,heldout_08,wildlife_station,target_subtle,cue_bound,clean,0.9,1.00,10,1,Qwen/Qwen3.6-27B,1.0,1,2026-08-15T23:09:18.714035+00:00,50.0,50.0,0.00045504,ok
v4_0797,heldout_08,wildlife_station,target_subtle,cue_bound,clean,0.9,1.00,10,2,Qwen/Qwen3.6-27B,1.0,1,2026-08-15T23:09:19.624081+00:00,50.0,50.0,0.00045504,ok
v4_0798,heldout_08,wildlife_station,target_subtle,cue_bound,clean,0.9,1.00,10,3,Qwen/Qwen3.6-27B,1.0,1,2026-08-15T23:09:20.601499+00:00,50.0,50.0,0.00045504,ok
v4_0799,heldout_08,wildlife_station,target_subtle,cue_bound,clean,0.8,1.00,20,1,Qwen/Qwen3.6-27B,1.0,1,2026-08-15T23:09:23.655363+00:00,50.0,50.0,0.00045504,ok
v4_0800,heldout_08,wildlife_station,target_subtle,cue_bound,clean,0.8,1.00,20,2,Qwen/Qwen3.6-27B,1.0,1,2026-08-15T23:09:24.559132+00:00,50.0,50.0,0.00045504,ok
v4_0801,heldout_08,wildlife_station,target_subtle,cue_bound,clean,0.8,1.00,20,3,Qwen/Qwen3.6-27B,1.0,1,2026-08-15T23:09:25.348024+00:00,50.0,50.0,0.00045504,ok
v4_0802,heldout_08,wildlife_station,target_subtle,cue_bound,clean,0.6,1.00,40,1,Qwen/Qwen3.6-27B,1.0,1,2026-08-15T23:09:26.296824+00:00,50.0,50.0,0.00045504,ok
v4_0803,heldout_08,wildlife_station,target_subtle,cue_bound,clean,0.6,1.00,40,2,Qwen/Qwen3.6-27B,1.0,1,2026-08-15T23:09:27.760627+00:00,0.0,100.0,0.00045504,ok
v4_0804,heldout_08,wildlife_station,target_subtle,cue_bound,clean,0.6,1.00,40,3,Qwen/Qwen3.6-27B,1.0,1,2026-08-15T23:09:28.376631+00:00,0.0,100.0,0.00045504,ok
v4_0805,heldout_08,wildlife_station,target_subtle,cue_bound,clean,0.4,1.00,60,1,Qwen/Qwen3.6-27B,1.0,1,2026-08-15T23:09:29.394911+00:00,50.0,50.0,0.00045504,ok
v4_0806,heldout_08,wildlife_station,target_subtle,cue_bound,clean,0.4,1.00,60,2,Qwen/Qwen3.6-27B,1.0,1,2026-08-15T23:09:30.447090+00:00,0.0,100.0,0.00045504,ok
v4_0807,heldout_08,wildlife_station,target_subtle,cue_bound,clean,0.4,1.00,60,3,Qwen/Qwen3.6-27B,1.0,1,2026-08-15T23:09:31.368234+00:00,50.0,50.0,0.00045504,ok
v4_0808,heldout_08,wildlife_station,target_subtle,cue_bound,clean,0.2,1.00,80,1,Qwen/Qwen3.6-27B,1.0,1,2026-08-15T23:09:32.388013+00:00,0.0,100.0,0.00045504,ok
v4_0809,heldout_08,wildlife_station,target_subtle,cue_bound,clean,0.2,1.00,80,2,Qwen/Qwen3.6-27B,1.0,1,2026-08-15T23:09:33.406811+00:00,50.0,50.0,0.00045504,ok
v4_0810,heldout_08,wildlife_station,target_subtle,cue_bound,clean,0.2,1.00,80,3,Qwen/Qwen3.6-27B,1.0,1,2026-08-15T23:09:34.438772+00:00,50.0,50.0,0.00045504,ok
v4_0811,heldout_08,wildlife_station,target_subtle,cue_bound,modified,1.0,1.00,0,1,Qwen/Qwen3.6-27B,1.0,1,2026-08-15T23:09:35.540727+00:00,100.0,0.0,0.00045504,ok
v4_0812,heldout_08,wildlife_station,target_subtle,cue_bound,modified,1.0,1.00,0,2,Qwen/Qwen3.6-27B,1.0,1,2026-08-15T23:09:36.489842+00:00,100.0,0.0,0.00045504,ok
v4_0813,heldout_08,wildlife_station,target_subtle,cue_bound,modified,1.0,1.00,0,3,Qwen/Qwen3.6-27B,1.0,1,2026-08-15T23:09:37.461279+00:00,100.0,0.0,0.00045504,ok
v4_0814,heldout_08,wildlife_station,target_subtle,cue_bound,modified,0.9,1.00,10,1,Qwen/Qwen3.6-27B,1.0,1,2026-08-15T23:09:38.492643+00:00,100.0,0.0,0.00045504,ok
v4_0815,heldout_08,wildlife_station,target_subtle,cue_bound,modified,0.9,1.00,10,2,Qwen/Qwen3.6-27B,1.0,1,2026-08-15T23:09:39.484076+00:00,100.0,0.0,0.00045504,ok
v4_0816,heldout_08,wildlife_station,target_subtle,cue_bound,modified,0.9,1.00,10,3,Qwen/Qwen3.6-27B,1.0,1,2026-08-15T23:09:40.531105+00:00,100.0,0.0,0.00045504,ok
v4_0817,heldout_08,wildlife_station,target_subtle,cue_bound,modified,0.8,1.00,20,1,Qwen/Qwen3.6-27B,1.0,1,2026-08-15T23:09:41.578033+00:00,100.0,0.0,0.00045504,ok
v4_0818,heldout_08,wildlife_station,target_subtle,cue_bound,modified,0.8,1.00,20,2,Qwen/Qwen3.6-27B,1.0,1,2026-08-15T23:09:42.568720+00:00,100.0,0.0,0.00045504,ok
v4_0819,heldout_08,wildlife_station,target_subtle,cue_bound,modified,0.8,1.00,20,3,Qwen/Qwen3.6-27B,1.0,1,2026-08-15T23:09:43.614799+00:00,100.0,0.0,0.00045504,ok
v4_0820,heldout_08,wildlife_station,target_subtle,cue_bound,modified,0.6,1.00,40,1,Qwen/Qwen3.6-27B,1.0,1,2026-08-15T23:09:44.601296+00:00,100.0,0.0,0.00045504,ok
v4_0821,heldout_08,wildlife_station,target_subtle,cue_bound,modified,0.6,1.00,40,2,Qwen/Qwen3.6-27B,1.0,1,2026-08-15T23:09:45.658350+00:00,100.0,0.0,0.00045504,ok
v4_0822,heldout_08,wildlife_station,target_subtle,cue_bound,modified,0.6,1.00,40,3,Qwen/Qwen3.6-27B,1.0,1,2026-08-15T23:09:46.589552+00:00,100.0,0.0,0.00045504,ok
v4_0823,heldout_08,wildlife_station,target_subtle,cue_bound,modified,0.4,1.00,60,1,Qwen/Qwen3.6-27B,1.0,1,2026-08-15T23:09:47.592995+00:00,100.0,0.0,0.00045504,ok
v4_0824,heldout_08,wildlife_station,target_subtle,cue_bound,modified,0.4,1.00,60,2,Qwen/Qwen3.6-27B,1.0,1,2026-08-15T23:09:48.618154+00:00,100.0,0.0,0.00045504,ok
v4_0825,heldout_08,wildlife_station,target_subtle,cue_bound,modified,0.4,1.00,60,3,Qwen/Qwen3.6-27B,1.0,1,2026-08-15T23:09:49.607654+00:00,100.0,0.0,0.00045504,ok
v4_0826,heldout_08,wildlife_station,target_subtle,cue_bound,modified,0.2,1.00,80,1,Qwen/Qwen3.6-27B,1.0,1,2026-08-15T23:09:50.639089+00:00,100.0,0.0,0.00045504,ok
v4_0827,heldout_08,wildlife_station,target_subtle,cue_bound,modified,0.2,1.00,80,2,Qwen/Qwen3.6-27B,1.0,1,2026-08-15T23:09:51.703621+00:00,100.0,0.0,0.00045504,ok
v4_0828,heldout_08,wildlife_station,target_subtle,cue_bound,modified,0.2,1.00,80,3,Qwen/Qwen3.6-27B,1.0,1,2026-08-15T23:09:52.664138+00:00,100.0,0.0,0.00045504,ok
v4_0829,heldout_08,wildlife_station,target_subtle,generalized,clean,1.0,1.00,0,1,Qwen/Qwen3.6-27B,1.0,1,2026-08-15T23:09:53.775072+00:00,100.0,0.0,0.0004387199999999999,ok
v4_0830,heldout_08,wildlife_station,target_subtle,generalized,clean,1.0,1.00,0,2,Qwen/Qwen3.6-27B,1.0,1,2026-08-15T23:09:54.679066+00:00,100.0,0.0,0.0004387199999999999,ok
v4_0831,heldout_08,wildlife_station,target_subtle,generalized,clean,1.0,1.00,0,3,Qwen/Qwen3.6-27B,1.0,1,2026-08-15T23:09:56.126232+00:00,100.0,0.0,0.0004387199999999999,ok
v4_0832,heldout_08,wildlife_station,target_subtle,generalized,clean,0.9,1.00,10,1,Qwen/Qwen3.6-27B,1.0,1,2026-08-15T23:09:56.754820+00:00,100.0,0.0,0.0004387199999999999,ok
v4_0833,heldout_08,wildlife_station,target_subtle,generalized,clean,0.9,1.00,10,2,Qwen/Qwen3.6-27B,1.0,1,2026-08-15T23:09:57.759986+00:00,100.0,0.0,0.0004387199999999999,ok
v4_0834,heldout_08,wildlife_station,target_subtle,generalized,clean,0.9,1.00,10,3,Qwen/Qwen3.6-27B,1.0,1,2026-08-15T23:09:58.994848+00:00,100.0,0.0,0.0004387199999999999,ok
v4_0835,heldout_08,wildlife_station,target_subtle,generalized,clean,0.8,1.00,20,1,Qwen/Qwen3.6-27B,1.0,1,2026-08-15T23:09:59.805863+00:00,100.0,0.0,0.0004387199999999999,ok
v4_0836,heldout_08,wildlife_station,target_subtle,generalized,clean,0.8,1.00,20,2,Qwen/Qwen3.6-27B,1.0,1,2026-08-15T23:10:00.846720+00:00,100.0,0.0,0.0004387199999999999,ok
v4_0837,heldout_08,wildlife_station,target_subtle,generalized,clean,0.8,1.00,20,3,Qwen/Qwen3.6-27B,1.0,1,2026-08-15T23:10:01.890568+00:00,100.0,0.0,0.0004387199999999999,ok
v4_0838,heldout_08,wildlife_station,target_subtle,generalized,clean,0.6,1.00,40,1,Qwen/Qwen3.6-27B,1.0,1,2026-08-15T23:10:02.840737+00:00,100.0,0.0,0.0004387199999999999,ok
v4_0839,heldout_08,wildlife_station,target_subtle,generalized,clean,0.6,1.00,40,2,Qwen/Qwen3.6-27B,1.0,1,2026-08-15T23:10:03.989567+00:00,100.0,0.0,0.0004387199999999999,ok
v4_0840,heldout_08,wildlife_station,target_subtle,generalized,clean,0.6,1.00,40,3,Qwen/Qwen3.6-27B,1.0,1,2026-08-15T23:10:04.820983+00:00,100.0,0.0,0.0004387199999999999,ok
v4_0841,heldout_08,wildlife_station,target_subtle,generalized,clean,0.4,1.00,60,1,Qwen/Qwen3.6-27B,1.0,1,2026-08-15T23:10:05.818114+00:00,100.0,0.0,0.0004387199999999999,ok
v4_0842,heldout_08,wildlife_station,target_subtle,generalized,clean,0.4,1.00,60,2,Qwen/Qwen3.6-27B,1.0,1,2026-08-15T23:10:06.824969+00:00,100.0,0.0,0.0004387199999999999,ok
v4_0843,heldout_08,wildlife_station,target_subtle,generalized,clean,0.4,1.00,60,3,Qwen/Qwen3.6-27B,1.0,1,2026-08-15T23:10:07.848928+00:00,100.0,0.0,0.0004387199999999999,ok
v4_0844,heldout_08,wildlife_station,target_subtle,generalized,clean,0.2,1.00,80,1,Qwen/Qwen3.6-27B,1.0,1,2026-08-15T23:10:08.858962+00:00,100.0,0.0,0.0004387199999999999,ok
v4_0845,heldout_08,wildlife_station,target_subtle,generalized,clean,0.2,1.00,80,2,Qwen/Qwen3.6-27B,1.0,1,2026-08-15T23:10:09.851647+00:00,100.0,0.0,0.0004387199999999999,ok
v4_0846,heldout_08,wildlife_station,target_subtle,generalized,clean,0.2,1.00,80,3,Qwen/Qwen3.6-27B,1.0,1,2026-08-15T23:10:11.346644+00:00,100.0,0.0,0.0004387199999999999,ok
v4_0847,heldout_08,wildlife_station,target_subtle,generalized,modified,1.0,1.00,0,1,Qwen/Qwen3.6-27B,1.0,1,2026-08-15T23:10:12.045962+00:00,100.0,0.0,0.0004387199999999999,ok
v4_0848,heldout_08,wildlife_station,target_subtle,generalized,modified,1.0,1.00,0,2,Qwen/Qwen3.6-27B,1.0,1,2026-08-15T23:10:12.997514+00:00,100.0,0.0,0.0004387199999999999,ok
v4_0849,heldout_08,wildlife_station,target_subtle,generalized,modified,1.0,1.00,0,3,Qwen/Qwen3.6-27B,1.0,1,2026-08-15T23:10:14.014919+00:00,100.0,0.0,0.0004387199999999999,ok
v4_0850,heldout_08,wildlife_station,target_subtle,generalized,modified,0.9,1.00,10,1,Qwen/Qwen3.6-27B,1.0,1,2026-08-15T23:10:15.010140+00:00,100.0,0.0,0.0004387199999999999,ok
v4_0851,heldout_08,wildlife_station,target_subtle,generalized,modified,0.9,1.00,10,2,Qwen/Qwen3.6-27B,1.0,1,2026-08-15T23:10:16.111158+00:00,100.0,0.0,0.0004387199999999999,ok
v4_0852,heldout_08,wildlife_station,target_subtle,generalized,modified,0.9,1.00,10,3,Qwen/Qwen3.6-27B,1.0,1,2026-08-15T23:10:17.285236+00:00,100.0,0.0,0.0004387199999999999,ok
v4_0853,heldout_08,wildlife_station,target_subtle,generalized,modified,0.8,1.00,20,1,Qwen/Qwen3.6-27B,1.0,1,2026-08-15T23:10:18.093895+00:00,100.0,0.0,0.0004387199999999999,ok
v4_0854,heldout_08,wildlife_station,target_subtle,generalized,modified,0.8,1.00,20,2,Qwen/Qwen3.6-27B,1.0,1,2026-08-15T23:10:19.281069+00:00,100.0,0.0,0.0004387199999999999,ok
v4_0855,heldout_08,wildlife_station,target_subtle,generalized,modified,0.8,1.00,20,3,Qwen/Qwen3.6-27B,1.0,1,2026-08-15T23:10:20.119577+00:00,100.0,0.0,0.0004387199999999999,ok
v4_0856,heldout_08,wildlife_station,target_subtle,generalized,modified,0.6,1.00,40,1,Qwen/Qwen3.6-27B,1.0,1,2026-08-15T23:10:21.132453+00:00,100.0,0.0,0.0004387199999999999,ok
v4_0857,heldout_08,wildlife_station,target_subtle,generalized,modified,0.6,1.00,40,2,Qwen/Qwen3.6-27B,1.0,1,2026-08-15T23:10:22.164252+00:00,100.0,0.0,0.0004387199999999999,ok
v4_0858,heldout_08,wildlife_station,target_subtle,generalized,modified,0.6,1.00,40,3,Qwen/Qwen3.6-27B,1.0,1,2026-08-15T23:10:23.130523+00:00,100.0,0.0,0.0004387199999999999,ok
v4_0859,heldout_08,wildlife_station,target_subtle,generalized,modified,0.4,1.00,60,1,Qwen/Qwen3.6-27B,1.0,1,2026-08-15T23:10:24.104171+00:00,100.0,0.0,0.0004387199999999999,ok
v4_0860,heldout_08,wildlife_station,target_subtle,generalized,modified,0.4,1.00,60,2,Qwen/Qwen3.6-27B,1.0,1,2026-08-15T23:10:25.169420+00:00,100.0,0.0,0.0004387199999999999,ok
v4_0861,heldout_08,wildlife_station,target_subtle,generalized,modified,0.4,1.00,60,3,Qwen/Qwen3.6-27B,1.0,1,2026-08-15T23:10:26.391866+00:00,100.0,0.0,0.0004387199999999999,ok
v4_0862,heldout_08,wildlife_station,target_subtle,generalized,modified,0.2,1.00,80,1,Qwen/Qwen3.6-27B,1.0,1,2026-08-15T23:10:27.160414+00:00,100.0,0.0,0.0004387199999999999,ok
v4_0863,heldout_08,wildlife_station,target_subtle,generalized,modified,0.2,1.00,80,2,Qwen/Qwen3.6-27B,1.0,1,2026-08-15T23:10:28.117094+00:00,100.0,0.0,0.0004387199999999999,ok
v4_0864,heldout_08,wildlife_station,target_subtle,generalized,modified,0.2,1.00,80,3,Qwen/Qwen3.6-27B,1.0,1,2026-08-15T23:10:29.130504+00:00,100.0,0.0,0.0004387199999999999,ok
v4_0865,heldout_09,disaster_logistics,target_subtle,neutral,clean,1.0,1.00,0,1,Qwen/Qwen3.6-27B,1.0,1,2026-08-15T23:10:30.260891+00:00,50.0,50.0,0.00043327999999999997,ok
v4_0866,heldout_09,disaster_logistics,target_subtle,neutral,clean,1.0,1.00,0,2,Qwen/Qwen3.6-27B,1.0,1,2026-08-15T23:10:31.135530+00:00,50.0,50.0,0.00043327999999999997,ok
v4_0867,heldout_09,disaster_logistics,target_subtle,neutral,clean,1.0,1.00,0,3,Qwen/Qwen3.6-27B,1.0,1,2026-08-15T23:10:32.151432+00:00,50.0,50.0,0.00043327999999999997,ok
v4_0868,heldout_09,disaster_logistics,target_subtle,neutral,clean,0.9,1.00,10,1,Qwen/Qwen3.6-27B,1.0,1,2026-08-15T23:10:33.115892+00:00,50.0,50.0,0.00043327999999999997,ok
v4_0869,heldout_09,disaster_logistics,target_subtle,neutral,clean,0.9,1.00,10,2,Qwen/Qwen3.6-27B,1.0,1,2026-08-15T23:10:34.117363+00:00,0.0,100.0,0.00043327999999999997,ok
v4_0870,heldout_09,disaster_logistics,target_subtle,neutral,clean,0.9,1.00,10,3,Qwen/Qwen3.6-27B,1.0,1,2026-08-15T23:10:35.117574+00:00,50.0,50.0,0.00043327999999999997,ok
v4_0871,heldout_09,disaster_logistics,target_subtle,neutral,clean,0.8,1.00,20,1,Qwen/Qwen3.6-27B,1.0,1,2026-08-15T23:10:36.106541+00:00,50.0,50.0,0.00043327999999999997,ok
v4_0872,heldout_09,disaster_logistics,target_subtle,neutral,clean,0.8,1.00,20,2,Qwen/Qwen3.6-27B,1.0,1,2026-08-15T23:10:37.144373+00:00,50.0,50.0,0.00043327999999999997,ok
v4_0873,heldout_09,disaster_logistics,target_subtle,neutral,clean,0.8,1.00,20,3,Qwen/Qwen3.6-27B,1.0,1,2026-08-15T23:10:38.477343+00:00,0.0,100.0,0.00043327999999999997,ok
v4_0874,heldout_09,disaster_logistics,target_subtle,neutral,clean,0.6,1.00,40,1,Qwen/Qwen3.6-27B,1.0,1,2026-08-15T23:10:39.122506+00:00,40.0,60.0,0.00043327999999999997,ok
v4_0875,heldout_09,disaster_logistics,target_subtle,neutral,clean,0.6,1.00,40,2,Qwen/Qwen3.6-27B,1.0,1,2026-08-15T23:10:40.125799+00:00,0.0,100.0,0.00043327999999999997,ok
v4_0876,heldout_09,disaster_logistics,target_subtle,neutral,clean,0.6,1.00,40,3,Qwen/Qwen3.6-27B,1.0,1,2026-08-15T23:10:41.116435+00:00,0.0,100.0,0.00043327999999999997,ok
v4_0877,heldout_09,disaster_logistics,target_subtle,neutral,clean,0.4,1.00,60,1,Qwen/Qwen3.6-27B,1.0,1,2026-08-15T23:10:42.142468+00:00,0.0,100.0,0.00043327999999999997,ok
v4_0878,heldout_09,disaster_logistics,target_subtle,neutral,clean,0.4,1.00,60,2,Qwen/Qwen3.6-27B,1.0,1,2026-08-15T23:10:43.161283+00:00,0.0,100.0,0.00043327999999999997,ok
v4_0879,heldout_09,disaster_logistics,target_subtle,neutral,clean,0.4,1.00,60,3,Qwen/Qwen3.6-27B,1.0,1,2026-08-15T23:10:44.144738+00:00,0.0,100.0,0.00043327999999999997,ok
v4_0880,heldout_09,disaster_logistics,target_subtle,neutral,clean,0.2,1.00,80,1,Qwen/Qwen3.6-27B,1.0,1,2026-08-15T23:10:45.165737+00:00,0.0,100.0,0.00043327999999999997,ok
v4_0881,heldout_09,disaster_logistics,target_subtle,neutral,clean,0.2,1.00,80,2,Qwen/Qwen3.6-27B,1.0,1,2026-08-15T23:10:46.148465+00:00,0.0,100.0,0.00043327999999999997,ok
v4_0882,heldout_09,disaster_logistics,target_subtle,neutral,clean,0.2,1.00,80,3,Qwen/Qwen3.6-27B,1.0,1,2026-08-15T23:10:47.351227+00:00,0.0,100.0,0.00043327999999999997,ok
v4_0883,heldout_09,disaster_logistics,target_subtle,neutral,modified,1.0,1.00,0,1,Qwen/Qwen3.6-27B,1.0,1,2026-08-15T23:10:48.724362+00:00,50.0,50.0,0.00043327999999999997,ok
v4_0884,heldout_09,disaster_logistics,target_subtle,neutral,modified,1.0,1.00,0,2,Qwen/Qwen3.6-27B,1.0,1,2026-08-15T23:10:49.657756+00:00,50.0,50.0,0.00043327999999999997,ok
v4_0885,heldout_09,disaster_logistics,target_subtle,neutral,modified,1.0,1.00,0,3,Qwen/Qwen3.6-27B,1.0,1,2026-08-15T23:10:50.696630+00:00,50.0,50.0,0.00043327999999999997,ok
v4_0886,heldout_09,disaster_logistics,target_subtle,neutral,modified,0.9,1.00,10,1,Qwen/Qwen3.6-27B,1.0,1,2026-08-15T23:10:52.125327+00:00,50.0,50.0,0.00043327999999999997,ok
v4_0887,heldout_09,disaster_logistics,target_subtle,neutral,modified,0.9,1.00,10,2,Qwen/Qwen3.6-27B,1.0,1,2026-08-15T23:10:52.762781+00:00,0.0,100.0,0.00043327999999999997,ok
v4_0888,heldout_09,disaster_logistics,target_subtle,neutral,modified,0.9,1.00,10,3,Qwen/Qwen3.6-27B,1.0,1,2026-08-15T23:10:53.766210+00:00,0.0,100.0,0.00043327999999999997,ok
v4_0889,heldout_09,disaster_logistics,target_subtle,neutral,modified,0.8,1.00,20,1,Qwen/Qwen3.6-27B,1.0,1,2026-08-15T23:10:54.825498+00:00,50.0,50.0,0.00043327999999999997,ok
v4_0890,heldout_09,disaster_logistics,target_subtle,neutral,modified,0.8,1.00,20,2,Qwen/Qwen3.6-27B,1.0,1,2026-08-15T23:10:55.787313+00:00,50.0,50.0,0.00043327999999999997,ok
v4_0891,heldout_09,disaster_logistics,target_subtle,neutral,modified,0.8,1.00,20,3,Qwen/Qwen3.6-27B,1.0,1,2026-08-15T23:10:56.780536+00:00,50.0,50.0,0.00043327999999999997,ok
v4_0892,heldout_09,disaster_logistics,target_subtle,neutral,modified,0.6,1.00,40,1,Qwen/Qwen3.6-27B,1.0,1,2026-08-15T23:10:57.832359+00:00,0.0,100.0,0.00043327999999999997,ok
v4_0893,heldout_09,disaster_logistics,target_subtle,neutral,modified,0.6,1.00,40,2,Qwen/Qwen3.6-27B,1.0,1,2026-08-15T23:10:58.876363+00:00,33.0,67.0,0.00043327999999999997,ok
v4_0894,heldout_09,disaster_logistics,target_subtle,neutral,modified,0.6,1.00,40,3,Qwen/Qwen3.6-27B,1.0,1,2026-08-15T23:11:00.174212+00:00,0.0,100.0,0.00043327999999999997,ok
v4_0895,heldout_09,disaster_logistics,target_subtle,neutral,modified,0.4,1.00,60,1,Qwen/Qwen3.6-27B,1.0,1,2026-08-15T23:11:01.193521+00:00,0.0,100.0,0.00043327999999999997,ok
v4_0896,heldout_09,disaster_logistics,target_subtle,neutral,modified,0.4,1.00,60,2,Qwen/Qwen3.6-27B,1.0,1,2026-08-15T23:11:02.211922+00:00,0.0,100.0,0.00043327999999999997,ok
v4_0897,heldout_09,disaster_logistics,target_subtle,neutral,modified,0.4,1.00,60,3,Qwen/Qwen3.6-27B,1.0,1,2026-08-15T23:11:03.140333+00:00,0.0,100.0,0.00043327999999999997,ok
v4_0898,heldout_09,disaster_logistics,target_subtle,neutral,modified,0.2,1.00,80,1,Qwen/Qwen3.6-27B,1.0,1,2026-08-15T23:11:04.170926+00:00,0.0,100.0,0.00043327999999999997,ok
v4_0899,heldout_09,disaster_logistics,target_subtle,neutral,modified,0.2,1.00,80,2,Qwen/Qwen3.6-27B,1.0,1,2026-08-15T23:11:05.214296+00:00,0.0,100.0,0.00043327999999999997,ok
v4_0900,heldout_09,disaster_logistics,target_subtle,neutral,modified,0.2,1.00,80,3,Qwen/Qwen3.6-27B,1.0,1,2026-08-15T23:11:06.194157+00:00,0.0,100.0,0.00043327999999999997,ok
v4_0901,heldout_09,disaster_logistics,target_subtle,cue_bound,clean,1.0,1.00,0,1,Qwen/Qwen3.6-27B,1.0,1,2026-08-15T23:11:07.376331+00:00,50.0,50.0,0.00045504,ok
v4_0902,heldout_09,disaster_logistics,target_subtle,cue_bound,clean,1.0,1.00,0,2,Qwen/Qwen3.6-27B,1.0,1,2026-08-15T23:11:08.292934+00:00,50.0,50.0,0.00045504,ok
v4_0903,heldout_09,disaster_logistics,target_subtle,cue_bound,clean,1.0,1.00,0,3,Qwen/Qwen3.6-27B,1.0,1,2026-08-15T23:11:09.340380+00:00,50.0,50.0,0.00045504,ok
v4_0904,heldout_09,disaster_logistics,target_subtle,cue_bound,clean,0.9,1.00,10,1,Qwen/Qwen3.6-27B,1.0,1,2026-08-15T23:11:10.307624+00:00,50.0,50.0,0.00045504,ok
v4_0905,heldout_09,disaster_logistics,target_subtle,cue_bound,clean,0.9,1.00,10,2,Qwen/Qwen3.6-27B,1.0,1,2026-08-15T23:11:11.315300+00:00,50.0,50.0,0.00045504,ok
v4_0906,heldout_09,disaster_logistics,target_subtle,cue_bound,clean,0.9,1.00,10,3,Qwen/Qwen3.6-27B,1.0,1,2026-08-15T23:11:12.808684+00:00,50.0,50.0,0.00045504,ok
v4_0907,heldout_09,disaster_logistics,target_subtle,cue_bound,clean,0.8,1.00,20,1,Qwen/Qwen3.6-27B,1.0,1,2026-08-15T23:11:13.865302+00:00,50.0,50.0,0.00045504,ok
v4_0908,heldout_09,disaster_logistics,target_subtle,cue_bound,clean,0.8,1.00,20,2,Qwen/Qwen3.6-27B,1.0,1,2026-08-15T23:11:14.576694+00:00,50.0,50.0,0.00045504,ok
v4_0909,heldout_09,disaster_logistics,target_subtle,cue_bound,clean,0.8,1.00,20,3,Qwen/Qwen3.6-27B,1.0,1,2026-08-15T23:11:15.497528+00:00,50.0,50.0,0.00045504,ok
v4_0910,heldout_09,disaster_logistics,target_subtle,cue_bound,clean,0.6,1.00,40,1,Qwen/Qwen3.6-27B,1.0,1,2026-08-15T23:11:16.470102+00:00,50.0,50.0,0.00045504,ok
v4_0911,heldout_09,disaster_logistics,target_subtle,cue_bound,clean,0.6,1.00,40,2,Qwen/Qwen3.6-27B,1.0,1,2026-08-15T23:11:17.499275+00:00,50.0,50.0,0.00045504,ok
v4_0912,heldout_09,disaster_logistics,target_subtle,cue_bound,clean,0.6,1.00,40,3,Qwen/Qwen3.6-27B,1.0,1,2026-08-15T23:11:18.501923+00:00,50.0,50.0,0.00045504,ok
v4_0913,heldout_09,disaster_logistics,target_subtle,cue_bound,clean,0.4,1.00,60,1,Qwen/Qwen3.6-27B,1.0,1,2026-08-15T23:11:19.536119+00:00,50.0,50.0,0.00045504,ok
v4_0914,heldout_09,disaster_logistics,target_subtle,cue_bound,clean,0.4,1.00,60,2,Qwen/Qwen3.6-27B,1.0,1,2026-08-15T23:11:20.567545+00:00,50.0,50.0,0.00045504,ok
v4_0915,heldout_09,disaster_logistics,target_subtle,cue_bound,clean,0.4,1.00,60,3,Qwen/Qwen3.6-27B,1.0,1,2026-08-15T23:11:21.627914+00:00,50.0,50.0,0.00045504,ok
v4_0916,heldout_09,disaster_logistics,target_subtle,cue_bound,clean,0.2,1.00,80,1,Qwen/Qwen3.6-27B,1.0,1,2026-08-15T23:11:22.578736+00:00,50.0,50.0,0.00045504,ok
v4_0917,heldout_09,disaster_logistics,target_subtle,cue_bound,clean,0.2,1.00,80,2,Qwen/Qwen3.6-27B,1.0,1,2026-08-15T23:11:23.673988+00:00,0.0,100.0,0.00045504,ok
v4_0918,heldout_09,disaster_logistics,target_subtle,cue_bound,clean,0.2,1.00,80,3,Qwen/Qwen3.6-27B,1.0,1,2026-08-15T23:11:24.608884+00:00,0.0,100.0,0.00045504,ok
v4_0919,heldout_09,disaster_logistics,target_subtle,cue_bound,modified,1.0,1.00,0,1,Qwen/Qwen3.6-27B,1.0,1,2026-08-15T23:11:25.689989+00:00,100.0,0.0,0.00045504,ok
v4_0920,heldout_09,disaster_logistics,target_subtle,cue_bound,modified,1.0,1.00,0,2,Qwen/Qwen3.6-27B,1.0,1,2026-08-15T23:11:26.614172+00:00,100.0,0.0,0.00045504,ok
v4_0921,heldout_09,disaster_logistics,target_subtle,cue_bound,modified,1.0,1.00,0,3,Qwen/Qwen3.6-27B,1.0,1,2026-08-15T23:11:27.609642+00:00,100.0,0.0,0.00045504,ok
v4_0922,heldout_09,disaster_logistics,target_subtle,cue_bound,modified,0.9,1.00,10,1,Qwen/Qwen3.6-27B,1.0,1,2026-08-15T23:11:28.609728+00:00,100.0,0.0,0.00045504,ok
v4_0923,heldout_09,disaster_logistics,target_subtle,cue_bound,modified,0.9,1.00,10,2,Qwen/Qwen3.6-27B,1.0,1,2026-08-15T23:11:29.635861+00:00,100.0,0.0,0.00045504,ok
v4_0924,heldout_09,disaster_logistics,target_subtle,cue_bound,modified,0.9,1.00,10,3,Qwen/Qwen3.6-27B,1.0,1,2026-08-15T23:11:30.649296+00:00,100.0,0.0,0.00045504,ok
v4_0925,heldout_09,disaster_logistics,target_subtle,cue_bound,modified,0.8,1.00,20,1,Qwen/Qwen3.6-27B,1.0,1,2026-08-15T23:11:31.650143+00:00,100.0,0.0,0.00045504,ok
v4_0926,heldout_09,disaster_logistics,target_subtle,cue_bound,modified,0.8,1.00,20,2,Qwen/Qwen3.6-27B,1.0,1,2026-08-15T23:11:32.720266+00:00,100.0,0.0,0.00045504,ok
v4_0927,heldout_09,disaster_logistics,target_subtle,cue_bound,modified,0.8,1.00,20,3,Qwen/Qwen3.6-27B,1.0,1,2026-08-15T23:11:33.720371+00:00,100.0,0.0,0.00045504,ok
v4_0928,heldout_09,disaster_logistics,target_subtle,cue_bound,modified,0.6,1.00,40,1,Qwen/Qwen3.6-27B,1.0,1,2026-08-15T23:11:35.669549+00:00,100.0,0.0,0.00045504,ok
v4_0929,heldout_09,disaster_logistics,target_subtle,cue_bound,modified,0.6,1.00,40,2,Qwen/Qwen3.6-27B,1.0,1,2026-08-15T23:11:36.374843+00:00,100.0,0.0,0.00045504,ok
v4_0930,heldout_09,disaster_logistics,target_subtle,cue_bound,modified,0.6,1.00,40,3,Qwen/Qwen3.6-27B,1.0,1,2026-08-15T23:11:37.305276+00:00,100.0,0.0,0.00045504,ok
v4_0931,heldout_09,disaster_logistics,target_subtle,cue_bound,modified,0.4,1.00,60,1,Qwen/Qwen3.6-27B,1.0,1,2026-08-15T23:11:38.479356+00:00,100.0,0.0,0.00045504,ok
v4_0932,heldout_09,disaster_logistics,target_subtle,cue_bound,modified,0.4,1.00,60,2,Qwen/Qwen3.6-27B,1.0,1,2026-08-15T23:11:39.300142+00:00,100.0,0.0,0.00045504,ok
v4_0933,heldout_09,disaster_logistics,target_subtle,cue_bound,modified,0.4,1.00,60,3,Qwen/Qwen3.6-27B,1.0,1,2026-08-15T23:11:40.923542+00:00,100.0,0.0,0.00045504,ok
v4_0934,heldout_09,disaster_logistics,target_subtle,cue_bound,modified,0.2,1.00,80,1,Qwen/Qwen3.6-27B,1.0,1,2026-08-15T23:11:42.600434+00:00,100.0,0.0,0.00045504,ok
v4_0935,heldout_09,disaster_logistics,target_subtle,cue_bound,modified,0.2,1.00,80,2,Qwen/Qwen3.6-27B,1.0,1,2026-08-15T23:11:43.230914+00:00,100.0,0.0,0.00045504,ok
v4_0936,heldout_09,disaster_logistics,target_subtle,cue_bound,modified,0.2,1.00,80,3,Qwen/Qwen3.6-27B,1.0,1,2026-08-15T23:11:44.222016+00:00,100.0,0.0,0.00045504,ok
v4_0937,heldout_09,disaster_logistics,target_subtle,generalized,clean,1.0,1.00,0,1,Qwen/Qwen3.6-27B,1.0,1,2026-08-15T23:11:45.581348+00:00,100.0,0.0,0.0004387199999999999,ok
v4_0938,heldout_09,disaster_logistics,target_subtle,generalized,clean,1.0,1.00,0,2,Qwen/Qwen3.6-27B,1.0,1,2026-08-15T23:11:46.233016+00:00,100.0,0.0,0.0004387199999999999,ok
v4_0939,heldout_09,disaster_logistics,target_subtle,generalized,clean,1.0,1.00,0,3,Qwen/Qwen3.6-27B,1.0,1,2026-08-15T23:11:47.311419+00:00,100.0,0.0,0.0004387199999999999,ok
v4_0940,heldout_09,disaster_logistics,target_subtle,generalized,clean,0.9,1.00,10,1,Qwen/Qwen3.6-27B,1.0,1,2026-08-15T23:11:49.692959+00:00,100.0,0.0,0.0004387199999999999,ok
v4_0941,heldout_09,disaster_logistics,target_subtle,generalized,clean,0.9,1.00,10,2,Qwen/Qwen3.6-27B,1.0,1,2026-08-15T23:11:52.180349+00:00,100.0,0.0,0.0004387199999999999,ok
v4_0942,heldout_09,disaster_logistics,target_subtle,generalized,clean,0.9,1.00,10,3,Qwen/Qwen3.6-27B,1.0,1,2026-08-15T23:11:52.833550+00:00,100.0,0.0,0.0004387199999999999,ok
v4_0943,heldout_09,disaster_logistics,target_subtle,generalized,clean,0.8,1.00,20,1,Qwen/Qwen3.6-27B,1.0,1,2026-08-15T23:11:53.823836+00:00,100.0,0.0,0.0004387199999999999,ok
v4_0944,heldout_09,disaster_logistics,target_subtle,generalized,clean,0.8,1.00,20,2,Qwen/Qwen3.6-27B,1.0,1,2026-08-15T23:11:54.818644+00:00,100.0,0.0,0.0004387199999999999,ok
v4_0945,heldout_09,disaster_logistics,target_subtle,generalized,clean,0.8,1.00,20,3,Qwen/Qwen3.6-27B,1.0,1,2026-08-15T23:11:55.838468+00:00,100.0,0.0,0.0004387199999999999,ok
v4_0946,heldout_09,disaster_logistics,target_subtle,generalized,clean,0.6,1.00,40,1,Qwen/Qwen3.6-27B,1.0,1,2026-08-15T23:11:57.529686+00:00,100.0,0.0,0.0004387199999999999,ok
v4_0947,heldout_09,disaster_logistics,target_subtle,generalized,clean,0.6,1.00,40,2,Qwen/Qwen3.6-27B,1.0,1,2026-08-15T23:11:58.202569+00:00,100.0,0.0,0.0004387199999999999,ok
v4_0948,heldout_09,disaster_logistics,target_subtle,generalized,clean,0.6,1.00,40,3,Qwen/Qwen3.6-27B,1.0,1,2026-08-15T23:11:59.195092+00:00,100.0,0.0,0.0004387199999999999,ok
v4_0949,heldout_09,disaster_logistics,target_subtle,generalized,clean,0.4,1.00,60,1,Qwen/Qwen3.6-27B,1.0,1,2026-08-15T23:12:00.195814+00:00,100.0,0.0,0.0004387199999999999,ok
v4_0950,heldout_09,disaster_logistics,target_subtle,generalized,clean,0.4,1.00,60,2,Qwen/Qwen3.6-27B,1.0,1,2026-08-15T23:12:01.194110+00:00,100.0,0.0,0.0004387199999999999,ok
v4_0951,heldout_09,disaster_logistics,target_subtle,generalized,clean,0.4,1.00,60,3,Qwen/Qwen3.6-27B,1.0,1,2026-08-15T23:12:02.485093+00:00,100.0,0.0,0.0004387199999999999,ok
v4_0952,heldout_09,disaster_logistics,target_subtle,generalized,clean,0.2,1.00,80,1,Qwen/Qwen3.6-27B,1.0,1,2026-08-15T23:12:03.198703+00:00,100.0,0.0,0.0004387199999999999,ok
v4_0953,heldout_09,disaster_logistics,target_subtle,generalized,clean,0.2,1.00,80,2,Qwen/Qwen3.6-27B,1.0,1,2026-08-15T23:12:05.230656+00:00,100.0,0.0,0.0004387199999999999,ok
v4_0954,heldout_09,disaster_logistics,target_subtle,generalized,clean,0.2,1.00,80,3,Qwen/Qwen3.6-27B,1.0,1,2026-08-15T23:12:05.849730+00:00,100.0,0.0,0.0004387199999999999,ok
v4_0955,heldout_09,disaster_logistics,target_subtle,generalized,modified,1.0,1.00,0,1,Qwen/Qwen3.6-27B,1.0,1,2026-08-15T23:12:06.962927+00:00,100.0,0.0,0.0004387199999999999,ok
v4_0956,heldout_09,disaster_logistics,target_subtle,generalized,modified,1.0,1.00,0,2,Qwen/Qwen3.6-27B,1.0,1,2026-08-15T23:12:07.837484+00:00,100.0,0.0,0.0004387199999999999,ok
v4_0957,heldout_09,disaster_logistics,target_subtle,generalized,modified,1.0,1.00,0,3,Qwen/Qwen3.6-27B,1.0,1,2026-08-15T23:12:08.873122+00:00,100.0,0.0,0.0004387199999999999,ok
v4_0958,heldout_09,disaster_logistics,target_subtle,generalized,modified,0.9,1.00,10,1,Qwen/Qwen3.6-27B,1.0,1,2026-08-15T23:12:09.862088+00:00,100.0,0.0,0.0004387199999999999,ok
v4_0959,heldout_09,disaster_logistics,target_subtle,generalized,modified,0.9,1.00,10,2,Qwen/Qwen3.6-27B,1.0,1,2026-08-15T23:12:10.882435+00:00,100.0,0.0,0.0004387199999999999,ok
v4_0960,heldout_09,disaster_logistics,target_subtle,generalized,modified,0.9,1.00,10,3,Qwen/Qwen3.6-27B,1.0,1,2026-08-15T23:12:11.869073+00:00,100.0,0.0,0.0004387199999999999,ok
v4_0961,heldout_09,disaster_logistics,target_subtle,generalized,modified,0.8,1.00,20,1,Qwen/Qwen3.6-27B,1.0,1,2026-08-15T23:12:12.882369+00:00,100.0,0.0,0.0004387199999999999,ok
v4_0962,heldout_09,disaster_logistics,target_subtle,generalized,modified,0.8,1.00,20,2,Qwen/Qwen3.6-27B,1.0,1,2026-08-15T23:12:13.930625+00:00,100.0,0.0,0.0004387199999999999,ok
v4_0963,heldout_09,disaster_logistics,target_subtle,generalized,modified,0.8,1.00,20,3,Qwen/Qwen3.6-27B,1.0,1,2026-08-15T23:12:14.876335+00:00,100.0,0.0,0.0004387199999999999,ok
v4_0964,heldout_09,disaster_logistics,target_subtle,generalized,modified,0.6,1.00,40,1,Qwen/Qwen3.6-27B,1.0,1,2026-08-15T23:12:15.882251+00:00,100.0,0.0,0.0004387199999999999,ok
v4_0965,heldout_09,disaster_logistics,target_subtle,generalized,modified,0.6,1.00,40,2,Qwen/Qwen3.6-27B,1.0,1,2026-08-15T23:12:16.895675+00:00,100.0,0.0,0.0004387199999999999,ok
v4_0966,heldout_09,disaster_logistics,target_subtle,generalized,modified,0.6,1.00,40,3,Qwen/Qwen3.6-27B,1.0,1,2026-08-15T23:12:17.881530+00:00,100.0,0.0,0.0004387199999999999,ok
v4_0967,heldout_09,disaster_logistics,target_subtle,generalized,modified,0.4,1.00,60,1,Qwen/Qwen3.6-27B,1.0,1,2026-08-15T23:12:18.894336+00:00,100.0,0.0,0.0004387199999999999,ok
v4_0968,heldout_09,disaster_logistics,target_subtle,generalized,modified,0.4,1.00,60,2,Qwen/Qwen3.6-27B,1.0,1,2026-08-15T23:12:19.880433+00:00,100.0,0.0,0.0004387199999999999,ok
v4_0969,heldout_09,disaster_logistics,target_subtle,generalized,modified,0.4,1.00,60,3,Qwen/Qwen3.6-27B,1.0,1,2026-08-15T23:12:20.863447+00:00,100.0,0.0,0.0004387199999999999,ok
v4_0970,heldout_09,disaster_logistics,target_subtle,generalized,modified,0.2,1.00,80,1,Qwen/Qwen3.6-27B,1.0,1,2026-08-15T23:12:21.885996+00:00,100.0,0.0,0.0004387199999999999,ok
v4_0971,heldout_09,disaster_logistics,target_subtle,generalized,modified,0.2,1.00,80,2,Qwen/Qwen3.6-27B,1.0,1,2026-08-15T23:12:22.883886+00:00,100.0,0.0,0.0004387199999999999,ok
v4_0972,heldout_09,disaster_logistics,target_subtle,generalized,modified,0.2,1.00,80,3,Qwen/Qwen3.6-27B,1.0,1,2026-08-15T23:12:24.125071+00:00,100.0,0.0,0.0004387199999999999,ok
v4_0973,heldout_10,recycling_facility,distractor_clear,neutral,clean,1.0,1.00,0,1,Qwen/Qwen3.6-27B,1.0,1,2026-08-15T23:12:25.120634+00:00,50.0,50.0,0.00043327999999999997,ok
v4_0974,heldout_10,recycling_facility,distractor_clear,neutral,clean,1.0,1.00,0,2,Qwen/Qwen3.6-27B,1.0,1,2026-08-15T23:12:25.915170+00:00,50.0,50.0,0.00043327999999999997,ok
v4_0975,heldout_10,recycling_facility,distractor_clear,neutral,clean,1.0,1.00,0,3,Qwen/Qwen3.6-27B,1.0,1,2026-08-15T23:12:26.954082+00:00,50.0,50.0,0.00043327999999999997,ok
v4_0976,heldout_10,recycling_facility,distractor_clear,neutral,clean,0.9,1.00,10,1,Qwen/Qwen3.6-27B,1.0,1,2026-08-15T23:12:27.935505+00:00,0.0,100.0,0.00043327999999999997,ok
v4_0977,heldout_10,recycling_facility,distractor_clear,neutral,clean,0.9,1.00,10,2,Qwen/Qwen3.6-27B,1.0,1,2026-08-15T23:12:29.000110+00:00,50.0,50.0,0.00043327999999999997,ok
v4_0978,heldout_10,recycling_facility,distractor_clear,neutral,clean,0.9,1.00,10,3,Qwen/Qwen3.6-27B,1.0,1,2026-08-15T23:12:30.003758+00:00,0.0,100.0,0.00043327999999999997,ok
v4_0979,heldout_10,recycling_facility,distractor_clear,neutral,clean,0.8,1.00,20,1,Qwen/Qwen3.6-27B,1.0,1,2026-08-15T23:12:30.924406+00:00,0.0,100.0,0.00043327999999999997,ok
v4_0980,heldout_10,recycling_facility,distractor_clear,neutral,clean,0.8,1.00,20,2,Qwen/Qwen3.6-27B,1.0,1,2026-08-15T23:12:31.980385+00:00,40.0,60.0,0.00043327999999999997,ok
v4_0981,heldout_10,recycling_facility,distractor_clear,neutral,clean,0.8,1.00,20,3,Qwen/Qwen3.6-27B,1.0,1,2026-08-15T23:12:33.007294+00:00,0.0,100.0,0.00043327999999999997,ok
v4_0982,heldout_10,recycling_facility,distractor_clear,neutral,clean,0.6,1.00,40,1,Qwen/Qwen3.6-27B,1.0,1,2026-08-15T23:12:34.011663+00:00,40.0,60.0,0.00043327999999999997,ok
v4_0983,heldout_10,recycling_facility,distractor_clear,neutral,clean,0.6,1.00,40,2,Qwen/Qwen3.6-27B,1.0,1,2026-08-15T23:12:39.693935+00:00,0.0,100.0,0.00043327999999999997,ok
v4_0984,heldout_10,recycling_facility,distractor_clear,neutral,clean,0.6,1.00,40,3,Qwen/Qwen3.6-27B,1.0,1,2026-08-15T23:12:40.405091+00:00,0.0,100.0,0.00043327999999999997,ok
v4_0985,heldout_10,recycling_facility,distractor_clear,neutral,clean,0.4,1.00,60,1,Qwen/Qwen3.6-27B,1.0,1,2026-08-15T23:12:41.322584+00:00,0.0,100.0,0.00043327999999999997,ok
v4_0986,heldout_10,recycling_facility,distractor_clear,neutral,clean,0.4,1.00,60,2,Qwen/Qwen3.6-27B,1.0,1,2026-08-15T23:12:42.364982+00:00,0.0,100.0,0.00043327999999999997,ok
v4_0987,heldout_10,recycling_facility,distractor_clear,neutral,clean,0.4,1.00,60,3,Qwen/Qwen3.6-27B,1.0,1,2026-08-15T23:12:45.935164+00:00,0.0,100.0,0.00043327999999999997,ok
v4_0988,heldout_10,recycling_facility,distractor_clear,neutral,clean,0.2,1.00,80,1,Qwen/Qwen3.6-27B,1.0,1,2026-08-15T23:12:46.724981+00:00,0.0,100.0,0.00043327999999999997,ok
v4_0989,heldout_10,recycling_facility,distractor_clear,neutral,clean,0.2,1.00,80,2,Qwen/Qwen3.6-27B,1.0,1,2026-08-15T23:12:49.444058+00:00,0.0,100.0,0.00043327999999999997,ok
v4_0990,heldout_10,recycling_facility,distractor_clear,neutral,clean,0.2,1.00,80,3,Qwen/Qwen3.6-27B,1.0,1,2026-08-15T23:12:50.638614+00:00,0.0,100.0,0.00043327999999999997,ok
v4_0991,heldout_10,recycling_facility,distractor_clear,neutral,modified,1.0,1.00,0,1,Qwen/Qwen3.6-27B,1.0,1,2026-08-15T23:12:51.850912+00:00,50.0,50.0,0.00043327999999999997,ok
v4_0992,heldout_10,recycling_facility,distractor_clear,neutral,modified,1.0,1.00,0,2,Qwen/Qwen3.6-27B,1.0,1,2026-08-15T23:12:53.404785+00:00,50.0,50.0,0.00043327999999999997,ok
v4_0993,heldout_10,recycling_facility,distractor_clear,neutral,modified,1.0,1.00,0,3,Qwen/Qwen3.6-27B,1.0,1,2026-08-15T23:12:54.131747+00:00,50.0,50.0,0.00043327999999999997,ok
v4_0994,heldout_10,recycling_facility,distractor_clear,neutral,modified,0.9,1.00,10,1,Qwen/Qwen3.6-27B,1.0,1,2026-08-15T23:12:55.067645+00:00,0.0,100.0,0.00043327999999999997,ok
v4_0995,heldout_10,recycling_facility,distractor_clear,neutral,modified,0.9,1.00,10,2,Qwen/Qwen3.6-27B,1.0,1,2026-08-15T23:12:56.106321+00:00,0.0,100.0,0.00043327999999999997,ok
v4_0996,heldout_10,recycling_facility,distractor_clear,neutral,modified,0.9,1.00,10,3,Qwen/Qwen3.6-27B,1.0,1,2026-08-15T23:12:57.234040+00:00,0.0,100.0,0.00043327999999999997,ok
v4_0997,heldout_10,recycling_facility,distractor_clear,neutral,modified,0.8,1.00,20,1,Qwen/Qwen3.6-27B,1.0,1,2026-08-15T23:12:58.086991+00:00,50.0,50.0,0.00043327999999999997,ok
v4_0998,heldout_10,recycling_facility,distractor_clear,neutral,modified,0.8,1.00,20,2,Qwen/Qwen3.6-27B,1.0,1,2026-08-15T23:12:59.597513+00:00,50.0,50.0,0.00043327999999999997,ok
v4_0999,heldout_10,recycling_facility,distractor_clear,neutral,modified,0.8,1.00,20,3,Qwen/Qwen3.6-27B,1.0,1,2026-08-15T23:13:00.500046+00:00,0.0,100.0,0.00043327999999999997,ok
v4_1000,heldout_10,recycling_facility,distractor_clear,neutral,modified,0.6,1.00,40,1,Qwen/Qwen3.6-27B,1.0,1,2026-08-15T23:13:01.493256+00:00,40.0,60.0,0.00043327999999999997,ok
v4_1001,heldout_10,recycling_facility,distractor_clear,neutral,modified,0.6,1.00,40,2,Qwen/Qwen3.6-27B,1.0,1,2026-08-15T23:13:03.770060+00:00,0.0,100.0,0.00043327999999999997,ok
v4_1002,heldout_10,recycling_facility,distractor_clear,neutral,modified,0.6,1.00,40,3,Qwen/Qwen3.6-27B,1.0,1,2026-08-15T23:13:04.765339+00:00,0.0,100.0,0.00043327999999999997,ok
v4_1003,heldout_10,recycling_facility,distractor_clear,neutral,modified,0.4,1.00,60,1,Qwen/Qwen3.6-27B,1.0,1,2026-08-15T23:13:06.944814+00:00,20.0,80.0,0.00043327999999999997,ok
v4_1004,heldout_10,recycling_facility,distractor_clear,neutral,modified,0.4,1.00,60,2,Qwen/Qwen3.6-27B,1.0,1,2026-08-15T23:13:07.638268+00:00,0.0,100.0,0.00043327999999999997,ok
v4_1005,heldout_10,recycling_facility,distractor_clear,neutral,modified,0.4,1.00,60,3,Qwen/Qwen3.6-27B,1.0,1,2026-08-15T23:13:08.616312+00:00,0.0,100.0,0.00043327999999999997,ok
v4_1006,heldout_10,recycling_facility,distractor_clear,neutral,modified,0.2,1.00,80,1,Qwen/Qwen3.6-27B,1.0,1,2026-08-15T23:13:15.688205+00:00,0.0,100.0,0.00043327999999999997,ok
v4_1007,heldout_10,recycling_facility,distractor_clear,neutral,modified,0.2,1.00,80,2,Qwen/Qwen3.6-27B,1.0,1,2026-08-15T23:13:16.543535+00:00,0.0,100.0,0.00043327999999999997,ok
v4_1008,heldout_10,recycling_facility,distractor_clear,neutral,modified,0.2,1.00,80,3,Qwen/Qwen3.6-27B,1.0,1,2026-08-15T23:13:17.449304+00:00,0.0,100.0,0.00043327999999999997,ok
v4_1009,heldout_10,recycling_facility,distractor_clear,cue_bound,clean,1.0,1.00,0,1,Qwen/Qwen3.6-27B,1.0,1,2026-08-15T23:13:18.647279+00:00,50.0,50.0,0.00045504,ok
v4_1010,heldout_10,recycling_facility,distractor_clear,cue_bound,clean,1.0,1.00,0,2,Qwen/Qwen3.6-27B,1.0,1,2026-08-15T23:13:20.697977+00:00,50.0,50.0,0.00045504,ok
v4_1011,heldout_10,recycling_facility,distractor_clear,cue_bound,clean,1.0,1.00,0,3,Qwen/Qwen3.6-27B,1.0,1,2026-08-15T23:13:21.484153+00:00,50.0,50.0,0.00045504,ok
v4_1012,heldout_10,recycling_facility,distractor_clear,cue_bound,clean,0.9,1.00,10,1,Qwen/Qwen3.6-27B,1.0,1,2026-08-15T23:13:22.919862+00:00,50.0,50.0,0.00045504,ok
v4_1013,heldout_10,recycling_facility,distractor_clear,cue_bound,clean,0.9,1.00,10,2,Qwen/Qwen3.6-27B,1.0,1,2026-08-15T23:13:24.179979+00:00,50.0,50.0,0.00045504,ok
v4_1014,heldout_10,recycling_facility,distractor_clear,cue_bound,clean,0.9,1.00,10,3,Qwen/Qwen3.6-27B,1.0,1,2026-08-15T23:13:25.905357+00:00,50.0,50.0,0.00045504,ok
v4_1015,heldout_10,recycling_facility,distractor_clear,cue_bound,clean,0.8,1.00,20,1,Qwen/Qwen3.6-27B,1.0,1,2026-08-15T23:13:26.635660+00:00,50.0,50.0,0.00045504,ok
v4_1016,heldout_10,recycling_facility,distractor_clear,cue_bound,clean,0.8,1.00,20,2,Qwen/Qwen3.6-27B,1.0,1,2026-08-15T23:13:28.076800+00:00,50.0,50.0,0.00045504,ok
v4_1017,heldout_10,recycling_facility,distractor_clear,cue_bound,clean,0.8,1.00,20,3,Qwen/Qwen3.6-27B,1.0,1,2026-08-15T23:13:29.418296+00:00,50.0,50.0,0.00045504,ok
v4_1018,heldout_10,recycling_facility,distractor_clear,cue_bound,clean,0.6,1.00,40,1,Qwen/Qwen3.6-27B,1.0,1,2026-08-15T23:13:30.724438+00:00,50.0,50.0,0.00045504,ok
v4_1019,heldout_10,recycling_facility,distractor_clear,cue_bound,clean,0.6,1.00,40,2,Qwen/Qwen3.6-27B,1.0,1,2026-08-15T23:13:31.969232+00:00,50.0,50.0,0.00045504,ok
v4_1020,heldout_10,recycling_facility,distractor_clear,cue_bound,clean,0.6,1.00,40,3,Qwen/Qwen3.6-27B,1.0,1,2026-08-15T23:13:32.773139+00:00,50.0,50.0,0.00045504,ok
v4_1021,heldout_10,recycling_facility,distractor_clear,cue_bound,clean,0.4,1.00,60,1,Qwen/Qwen3.6-27B,1.0,1,2026-08-15T23:13:33.969082+00:00,50.0,50.0,0.00045504,ok
v4_1022,heldout_10,recycling_facility,distractor_clear,cue_bound,clean,0.4,1.00,60,2,Qwen/Qwen3.6-27B,1.0,1,2026-08-15T23:13:34.969749+00:00,50.0,50.0,0.00045504,ok
v4_1023,heldout_10,recycling_facility,distractor_clear,cue_bound,clean,0.4,1.00,60,3,Qwen/Qwen3.6-27B,1.0,1,2026-08-15T23:13:36.107063+00:00,50.0,50.0,0.00045504,ok
v4_1024,heldout_10,recycling_facility,distractor_clear,cue_bound,clean,0.2,1.00,80,1,Qwen/Qwen3.6-27B,1.0,1,2026-08-15T23:13:36.853841+00:00,50.0,50.0,0.00045504,ok
v4_1025,heldout_10,recycling_facility,distractor_clear,cue_bound,clean,0.2,1.00,80,2,Qwen/Qwen3.6-27B,1.0,1,2026-08-15T23:13:37.826532+00:00,50.0,50.0,0.00045504,ok
v4_1026,heldout_10,recycling_facility,distractor_clear,cue_bound,clean,0.2,1.00,80,3,Qwen/Qwen3.6-27B,1.0,1,2026-08-15T23:13:39.220483+00:00,50.0,50.0,0.00045504,ok
v4_1027,heldout_10,recycling_facility,distractor_clear,cue_bound,modified,1.0,1.00,0,1,Qwen/Qwen3.6-27B,1.0,1,2026-08-15T23:13:41.047499+00:00,100.0,0.0,0.00045504,ok
v4_1028,heldout_10,recycling_facility,distractor_clear,cue_bound,modified,1.0,1.00,0,2,Qwen/Qwen3.6-27B,1.0,1,2026-08-15T23:13:41.766895+00:00,60.0,40.0,0.00045504,ok
v4_1029,heldout_10,recycling_facility,distractor_clear,cue_bound,modified,1.0,1.00,0,3,Qwen/Qwen3.6-27B,1.0,1,2026-08-15T23:13:42.821974+00:00,100.0,0.0,0.00045504,ok
v4_1030,heldout_10,recycling_facility,distractor_clear,cue_bound,modified,0.9,1.00,10,1,Qwen/Qwen3.6-27B,1.0,1,2026-08-15T23:13:44.365472+00:00,100.0,0.0,0.00045504,ok
v4_1031,heldout_10,recycling_facility,distractor_clear,cue_bound,modified,0.9,1.00,10,2,Qwen/Qwen3.6-27B,1.0,1,2026-08-15T23:13:45.683990+00:00,100.0,0.0,0.00045504,ok
v4_1032,heldout_10,recycling_facility,distractor_clear,cue_bound,modified,0.9,1.00,10,3,Qwen/Qwen3.6-27B,1.0,1,2026-08-15T23:13:46.480782+00:00,70.0,30.0,0.00045504,ok
v4_1033,heldout_10,recycling_facility,distractor_clear,cue_bound,modified,0.8,1.00,20,1,Qwen/Qwen3.6-27B,1.0,1,2026-08-15T23:13:47.759451+00:00,100.0,0.0,0.00045504,ok
v4_1034,heldout_10,recycling_facility,distractor_clear,cue_bound,modified,0.8,1.00,20,2,Qwen/Qwen3.6-27B,1.0,1,2026-08-15T23:13:48.561240+00:00,100.0,0.0,0.00045504,ok
v4_1035,heldout_10,recycling_facility,distractor_clear,cue_bound,modified,0.8,1.00,20,3,Qwen/Qwen3.6-27B,1.0,1,2026-08-15T23:13:49.896325+00:00,65.0,35.0,0.00045504,ok
v4_1036,heldout_10,recycling_facility,distractor_clear,cue_bound,modified,0.6,1.00,40,1,Qwen/Qwen3.6-27B,1.0,1,2026-08-15T23:13:51.947383+00:00,100.0,0.0,0.00045504,ok
v4_1037,heldout_10,recycling_facility,distractor_clear,cue_bound,modified,0.6,1.00,40,2,Qwen/Qwen3.6-27B,1.0,1,2026-08-15T23:13:54.342380+00:00,70.0,30.0,0.00045504,ok
v4_1038,heldout_10,recycling_facility,distractor_clear,cue_bound,modified,0.6,1.00,40,3,Qwen/Qwen3.6-27B,1.0,1,2026-08-15T23:13:56.271963+00:00,100.0,0.0,0.00045504,ok
v4_1039,heldout_10,recycling_facility,distractor_clear,cue_bound,modified,0.4,1.00,60,1,Qwen/Qwen3.6-27B,1.0,1,2026-08-15T23:13:56.960382+00:00,0.0,100.0,0.00045504,ok
v4_1040,heldout_10,recycling_facility,distractor_clear,cue_bound,modified,0.4,1.00,60,2,Qwen/Qwen3.6-27B,1.0,1,2026-08-15T23:13:57.936639+00:00,100.0,0.0,0.00045504,ok
v4_1041,heldout_10,recycling_facility,distractor_clear,cue_bound,modified,0.4,1.00,60,3,Qwen/Qwen3.6-27B,1.0,1,2026-08-15T23:13:58.948196+00:00,100.0,0.0,0.00045504,ok
v4_1042,heldout_10,recycling_facility,distractor_clear,cue_bound,modified,0.2,1.00,80,1,Qwen/Qwen3.6-27B,1.0,1,2026-08-15T23:13:59.936034+00:00,100.0,0.0,0.00045504,ok
v4_1043,heldout_10,recycling_facility,distractor_clear,cue_bound,modified,0.2,1.00,80,2,Qwen/Qwen3.6-27B,1.0,1,2026-08-15T23:14:00.935629+00:00,100.0,0.0,0.00045504,ok
v4_1044,heldout_10,recycling_facility,distractor_clear,cue_bound,modified,0.2,1.00,80,3,Qwen/Qwen3.6-27B,1.0,1,2026-08-15T23:14:01.896033+00:00,100.0,0.0,0.00045504,ok
v4_1045,heldout_10,recycling_facility,distractor_clear,generalized,clean,1.0,1.00,0,1,Qwen/Qwen3.6-27B,1.0,1,2026-08-15T23:14:03.467171+00:00,100.0,0.0,0.0004387199999999999,ok
v4_1046,heldout_10,recycling_facility,distractor_clear,generalized,clean,1.0,1.00,0,2,Qwen/Qwen3.6-27B,1.0,1,2026-08-15T23:14:04.043026+00:00,100.0,0.0,0.0004387199999999999,ok
v4_1047,heldout_10,recycling_facility,distractor_clear,generalized,clean,1.0,1.00,0,3,Qwen/Qwen3.6-27B,1.0,1,2026-08-15T23:14:05.140561+00:00,100.0,0.0,0.0004387199999999999,ok
v4_1048,heldout_10,recycling_facility,distractor_clear,generalized,clean,0.9,1.00,10,1,Qwen/Qwen3.6-27B,1.0,1,2026-08-15T23:14:06.055009+00:00,100.0,0.0,0.0004387199999999999,ok
v4_1049,heldout_10,recycling_facility,distractor_clear,generalized,clean,0.9,1.00,10,2,Qwen/Qwen3.6-27B,1.0,1,2026-08-15T23:14:09.782628+00:00,100.0,0.0,0.0004387199999999999,ok
v4_1050,heldout_10,recycling_facility,distractor_clear,generalized,clean,0.9,1.00,10,3,Qwen/Qwen3.6-27B,1.0,1,2026-08-15T23:14:10.395840+00:00,100.0,0.0,0.0004387199999999999,ok
v4_1051,heldout_10,recycling_facility,distractor_clear,generalized,clean,0.8,1.00,20,1,Qwen/Qwen3.6-27B,1.0,1,2026-08-15T23:14:11.395525+00:00,100.0,0.0,0.0004387199999999999,ok
v4_1052,heldout_10,recycling_facility,distractor_clear,generalized,clean,0.8,1.00,20,2,Qwen/Qwen3.6-27B,1.0,1,2026-08-15T23:14:12.439334+00:00,100.0,0.0,0.0004387199999999999,ok
v4_1053,heldout_10,recycling_facility,distractor_clear,generalized,clean,0.8,1.00,20,3,Qwen/Qwen3.6-27B,1.0,1,2026-08-15T23:14:13.414859+00:00,100.0,0.0,0.0004387199999999999,ok
v4_1054,heldout_10,recycling_facility,distractor_clear,generalized,clean,0.6,1.00,40,1,Qwen/Qwen3.6-27B,1.0,1,2026-08-15T23:14:14.918540+00:00,100.0,0.0,0.0004387199999999999,ok
v4_1055,heldout_10,recycling_facility,distractor_clear,generalized,clean,0.6,1.00,40,2,Qwen/Qwen3.6-27B,1.0,1,2026-08-15T23:14:15.528913+00:00,100.0,0.0,0.0004387199999999999,ok
v4_1056,heldout_10,recycling_facility,distractor_clear,generalized,clean,0.6,1.00,40,3,Qwen/Qwen3.6-27B,1.0,1,2026-08-15T23:14:16.567517+00:00,100.0,0.0,0.0004387199999999999,ok
v4_1057,heldout_10,recycling_facility,distractor_clear,generalized,clean,0.4,1.00,60,1,Qwen/Qwen3.6-27B,1.0,1,2026-08-15T23:14:17.879443+00:00,100.0,0.0,0.0004387199999999999,ok
v4_1058,heldout_10,recycling_facility,distractor_clear,generalized,clean,0.4,1.00,60,2,Qwen/Qwen3.6-27B,1.0,1,2026-08-15T23:14:18.590673+00:00,100.0,0.0,0.0004387199999999999,ok
v4_1059,heldout_10,recycling_facility,distractor_clear,generalized,clean,0.4,1.00,60,3,Qwen/Qwen3.6-27B,1.0,1,2026-08-15T23:14:19.620517+00:00,100.0,0.0,0.0004387199999999999,ok
v4_1060,heldout_10,recycling_facility,distractor_clear,generalized,clean,0.2,1.00,80,1,Qwen/Qwen3.6-27B,1.0,1,2026-08-15T23:14:20.581475+00:00,100.0,0.0,0.0004387199999999999,ok
v4_1061,heldout_10,recycling_facility,distractor_clear,generalized,clean,0.2,1.00,80,2,Qwen/Qwen3.6-27B,1.0,1,2026-08-15T23:14:22.503633+00:00,100.0,0.0,0.0004387199999999999,ok
v4_1062,heldout_10,recycling_facility,distractor_clear,generalized,clean,0.2,1.00,80,3,Qwen/Qwen3.6-27B,1.0,1,2026-08-15T23:14:23.162389+00:00,100.0,0.0,0.0004387199999999999,ok
v4_1063,heldout_10,recycling_facility,distractor_clear,generalized,modified,1.0,1.00,0,1,Qwen/Qwen3.6-27B,1.0,1,2026-08-15T23:14:24.243546+00:00,100.0,0.0,0.0004387199999999999,ok
v4_1064,heldout_10,recycling_facility,distractor_clear,generalized,modified,1.0,1.00,0,2,Qwen/Qwen3.6-27B,1.0,1,2026-08-15T23:14:25.149932+00:00,100.0,0.0,0.0004387199999999999,ok
v4_1065,heldout_10,recycling_facility,distractor_clear,generalized,modified,1.0,1.00,0,3,Qwen/Qwen3.6-27B,1.0,1,2026-08-15T23:14:26.746034+00:00,100.0,0.0,0.0004387199999999999,ok
v4_1066,heldout_10,recycling_facility,distractor_clear,generalized,modified,0.9,1.00,10,1,Qwen/Qwen3.6-27B,1.0,1,2026-08-15T23:14:27.357562+00:00,100.0,0.0,0.0004387199999999999,ok
v4_1067,heldout_10,recycling_facility,distractor_clear,generalized,modified,0.9,1.00,10,2,Qwen/Qwen3.6-27B,1.0,1,2026-08-15T23:14:28.367044+00:00,100.0,0.0,0.0004387199999999999,ok
v4_1068,heldout_10,recycling_facility,distractor_clear,generalized,modified,0.9,1.00,10,3,Qwen/Qwen3.6-27B,1.0,1,2026-08-15T23:14:29.417208+00:00,100.0,0.0,0.0004387199999999999,ok
v4_1069,heldout_10,recycling_facility,distractor_clear,generalized,modified,0.8,1.00,20,1,Qwen/Qwen3.6-27B,1.0,1,2026-08-15T23:14:30.414241+00:00,100.0,0.0,0.0004387199999999999,ok
v4_1070,heldout_10,recycling_facility,distractor_clear,generalized,modified,0.8,1.00,20,2,Qwen/Qwen3.6-27B,1.0,1,2026-08-15T23:14:31.973759+00:00,100.0,0.0,0.0004387199999999999,ok
v4_1071,heldout_10,recycling_facility,distractor_clear,generalized,modified,0.8,1.00,20,3,Qwen/Qwen3.6-27B,1.0,1,2026-08-15T23:14:32.609119+00:00,100.0,0.0,0.0004387199999999999,ok
v4_1072,heldout_10,recycling_facility,distractor_clear,generalized,modified,0.6,1.00,40,1,Qwen/Qwen3.6-27B,1.0,1,2026-08-15T23:14:33.630769+00:00,100.0,0.0,0.0004387199999999999,ok
v4_1073,heldout_10,recycling_facility,distractor_clear,generalized,modified,0.6,1.00,40,2,Qwen/Qwen3.6-27B,1.0,1,2026-08-15T23:14:34.633731+00:00,100.0,0.0,0.0004387199999999999,ok
v4_1074,heldout_10,recycling_facility,distractor_clear,generalized,modified,0.6,1.00,40,3,Qwen/Qwen3.6-27B,1.0,1,2026-08-15T23:14:35.659759+00:00,100.0,0.0,0.0004387199999999999,ok
v4_1075,heldout_10,recycling_facility,distractor_clear,generalized,modified,0.4,1.00,60,1,Qwen/Qwen3.6-27B,1.0,1,2026-08-15T23:14:36.620309+00:00,100.0,0.0,0.0004387199999999999,ok
v4_1076,heldout_10,recycling_facility,distractor_clear,generalized,modified,0.4,1.00,60,2,Qwen/Qwen3.6-27B,1.0,1,2026-08-15T23:14:37.611711+00:00,100.0,0.0,0.0004387199999999999,ok
v4_1077,heldout_10,recycling_facility,distractor_clear,generalized,modified,0.4,1.00,60,3,Qwen/Qwen3.6-27B,1.0,1,2026-08-15T23:14:38.607321+00:00,100.0,0.0,0.0004387199999999999,ok
v4_1078,heldout_10,recycling_facility,distractor_clear,generalized,modified,0.2,1.00,80,1,Qwen/Qwen3.6-27B,1.0,1,2026-08-15T23:14:39.627721+00:00,100.0,0.0,0.0004387199999999999,ok
v4_1079,heldout_10,recycling_facility,distractor_clear,generalized,modified,0.2,1.00,80,2,Qwen/Qwen3.6-27B,1.0,1,2026-08-15T23:14:40.622453+00:00,100.0,0.0,0.0004387199999999999,ok
v4_1080,heldout_10,recycling_facility,distractor_clear,generalized,modified,0.2,1.00,80,3,Qwen/Qwen3.6-27B,1.0,1,2026-08-15T23:14:41.647688+00:00,100.0,0.0,0.0004387199999999999,ok
v4_1081,heldout_11,medical_lab,distractor_clear,neutral,clean,1.0,1.00,0,1,Qwen/Qwen3.6-27B,1.0,1,2026-08-15T23:14:42.838321+00:00,50.0,50.0,0.00043327999999999997,ok
v4_1082,heldout_11,medical_lab,distractor_clear,neutral,clean,1.0,1.00,0,2,Qwen/Qwen3.6-27B,1.0,1,2026-08-15T23:14:43.642142+00:00,50.0,50.0,0.00043327999999999997,ok
v4_1083,heldout_11,medical_lab,distractor_clear,neutral,clean,1.0,1.00,0,3,Qwen/Qwen3.6-27B,1.0,1,2026-08-15T23:14:44.655675+00:00,50.0,50.0,0.00043327999999999997,ok
v4_1084,heldout_11,medical_lab,distractor_clear,neutral,clean,0.9,1.00,10,1,Qwen/Qwen3.6-27B,1.0,1,2026-08-15T23:14:45.702856+00:00,47.0,53.0,0.00043327999999999997,ok
v4_1085,heldout_11,medical_lab,distractor_clear,neutral,clean,0.9,1.00,10,2,Qwen/Qwen3.6-27B,1.0,1,2026-08-15T23:14:46.793787+00:00,0.0,100.0,0.00043327999999999997,ok
v4_1086,heldout_11,medical_lab,distractor_clear,neutral,clean,0.9,1.00,10,3,Qwen/Qwen3.6-27B,1.0,1,2026-08-15T23:14:47.687171+00:00,50.0,50.0,0.00043327999999999997,ok
v4_1087,heldout_11,medical_lab,distractor_clear,neutral,clean,0.8,1.00,20,1,Qwen/Qwen3.6-27B,1.0,1,2026-08-15T23:14:48.732838+00:00,44.0,56.0,0.00043327999999999997,ok
v4_1088,heldout_11,medical_lab,distractor_clear,neutral,clean,0.8,1.00,20,2,Qwen/Qwen3.6-27B,1.0,1,2026-08-15T23:14:49.739601+00:00,0.0,100.0,0.00043327999999999997,ok
v4_1089,heldout_11,medical_lab,distractor_clear,neutral,clean,0.8,1.00,20,3,Qwen/Qwen3.6-27B,1.0,1,2026-08-15T23:14:50.731545+00:00,0.0,100.0,0.00043327999999999997,ok
v4_1090,heldout_11,medical_lab,distractor_clear,neutral,clean,0.6,1.00,40,1,Qwen/Qwen3.6-27B,1.0,1,2026-08-15T23:14:51.784899+00:00,0.0,100.0,0.00043327999999999997,ok
v4_1091,heldout_11,medical_lab,distractor_clear,neutral,clean,0.6,1.00,40,2,Qwen/Qwen3.6-27B,1.0,1,2026-08-15T23:14:52.767653+00:00,0.0,100.0,0.00043327999999999997,ok
v4_1092,heldout_11,medical_lab,distractor_clear,neutral,clean,0.6,1.00,40,3,Qwen/Qwen3.6-27B,1.0,1,2026-08-15T23:14:53.757205+00:00,0.0,100.0,0.00043327999999999997,ok
v4_1093,heldout_11,medical_lab,distractor_clear,neutral,clean,0.4,1.00,60,1,Qwen/Qwen3.6-27B,1.0,1,2026-08-15T23:14:54.737990+00:00,0.0,100.0,0.00043327999999999997,ok
v4_1094,heldout_11,medical_lab,distractor_clear,neutral,clean,0.4,1.00,60,2,Qwen/Qwen3.6-27B,1.0,1,2026-08-15T23:14:55.746504+00:00,0.0,100.0,0.00043327999999999997,ok
v4_1095,heldout_11,medical_lab,distractor_clear,neutral,clean,0.4,1.00,60,3,Qwen/Qwen3.6-27B,1.0,1,2026-08-15T23:14:57.424323+00:00,0.0,100.0,0.00043327999999999997,ok
v4_1096,heldout_11,medical_lab,distractor_clear,neutral,clean,0.2,1.00,80,1,Qwen/Qwen3.6-27B,1.0,1,2026-08-15T23:14:58.037559+00:00,0.0,100.0,0.00043327999999999997,ok
v4_1097,heldout_11,medical_lab,distractor_clear,neutral,clean,0.2,1.00,80,2,Qwen/Qwen3.6-27B,1.0,1,2026-08-15T23:14:59.036853+00:00,0.0,100.0,0.00043327999999999997,ok
v4_1098,heldout_11,medical_lab,distractor_clear,neutral,clean,0.2,1.00,80,3,Qwen/Qwen3.6-27B,1.0,1,2026-08-15T23:15:00.027051+00:00,0.0,100.0,0.00043327999999999997,ok
v4_1099,heldout_11,medical_lab,distractor_clear,neutral,modified,1.0,1.00,0,1,Qwen/Qwen3.6-27B,1.0,1,2026-08-15T23:15:01.179045+00:00,50.0,50.0,0.00043327999999999997,ok
v4_1100,heldout_11,medical_lab,distractor_clear,neutral,modified,1.0,1.00,0,2,Qwen/Qwen3.6-27B,1.0,1,2026-08-15T23:15:02.051806+00:00,50.0,50.0,0.00043327999999999997,ok
v4_1101,heldout_11,medical_lab,distractor_clear,neutral,modified,1.0,1.00,0,3,Qwen/Qwen3.6-27B,1.0,1,2026-08-15T23:15:03.081787+00:00,50.0,50.0,0.00043327999999999997,ok
v4_1102,heldout_11,medical_lab,distractor_clear,neutral,modified,0.9,1.00,10,1,Qwen/Qwen3.6-27B,1.0,1,2026-08-15T23:15:04.030150+00:00,50.0,50.0,0.00043327999999999997,ok
v4_1103,heldout_11,medical_lab,distractor_clear,neutral,modified,0.9,1.00,10,2,Qwen/Qwen3.6-27B,1.0,1,2026-08-15T23:15:05.035776+00:00,90.0,10.0,0.00043327999999999997,ok
v4_1104,heldout_11,medical_lab,distractor_clear,neutral,modified,0.9,1.00,10,3,Qwen/Qwen3.6-27B,1.0,1,2026-08-15T23:15:06.034760+00:00,50.0,50.0,0.00043327999999999997,ok
v4_1105,heldout_11,medical_lab,distractor_clear,neutral,modified,0.8,1.00,20,1,Qwen/Qwen3.6-27B,1.0,1,2026-08-15T23:15:07.018975+00:00,50.0,50.0,0.00043327999999999997,ok
v4_1106,heldout_11,medical_lab,distractor_clear,neutral,modified,0.8,1.00,20,2,Qwen/Qwen3.6-27B,1.0,1,2026-08-15T23:15:08.460260+00:00,50.0,50.0,0.00043327999999999997,ok
v4_1107,heldout_11,medical_lab,distractor_clear,neutral,modified,0.8,1.00,20,3,Qwen/Qwen3.6-27B,1.0,1,2026-08-15T23:15:09.064562+00:00,0.0,100.0,0.00043327999999999997,ok
v4_1108,heldout_11,medical_lab,distractor_clear,neutral,modified,0.6,1.00,40,1,Qwen/Qwen3.6-27B,1.0,1,2026-08-15T23:15:10.038873+00:00,0.0,100.0,0.00043327999999999997,ok
v4_1109,heldout_11,medical_lab,distractor_clear,neutral,modified,0.6,1.00,40,2,Qwen/Qwen3.6-27B,1.0,1,2026-08-15T23:15:11.073974+00:00,0.0,100.0,0.00043327999999999997,ok
v4_1110,heldout_11,medical_lab,distractor_clear,neutral,modified,0.6,1.00,40,3,Qwen/Qwen3.6-27B,1.0,1,2026-08-15T23:15:12.076346+00:00,40.0,60.0,0.00043327999999999997,ok
v4_1111,heldout_11,medical_lab,distractor_clear,neutral,modified,0.4,1.00,60,1,Qwen/Qwen3.6-27B,1.0,1,2026-08-15T23:15:13.421294+00:00,0.0,100.0,0.00043327999999999997,ok
v4_1112,heldout_11,medical_lab,distractor_clear,neutral,modified,0.4,1.00,60,2,Qwen/Qwen3.6-27B,1.0,1,2026-08-15T23:15:14.116391+00:00,0.0,100.0,0.00043327999999999997,ok
v4_1113,heldout_11,medical_lab,distractor_clear,neutral,modified,0.4,1.00,60,3,Qwen/Qwen3.6-27B,1.0,1,2026-08-15T23:15:15.108413+00:00,0.0,100.0,0.00043327999999999997,ok
v4_1114,heldout_11,medical_lab,distractor_clear,neutral,modified,0.2,1.00,80,1,Qwen/Qwen3.6-27B,1.0,1,2026-08-15T23:15:16.404594+00:00,20.0,80.0,0.00043327999999999997,ok
v4_1115,heldout_11,medical_lab,distractor_clear,neutral,modified,0.2,1.00,80,2,Qwen/Qwen3.6-27B,1.0,1,2026-08-15T23:15:17.165805+00:00,0.0,100.0,0.00043327999999999997,ok
v4_1116,heldout_11,medical_lab,distractor_clear,neutral,modified,0.2,1.00,80,3,Qwen/Qwen3.6-27B,1.0,1,2026-08-15T23:15:18.189574+00:00,0.0,100.0,0.00043327999999999997,ok
v4_1117,heldout_11,medical_lab,distractor_clear,cue_bound,clean,1.0,1.00,0,1,Qwen/Qwen3.6-27B,1.0,1,2026-08-15T23:15:19.242232+00:00,50.0,50.0,0.00045504,ok
v4_1118,heldout_11,medical_lab,distractor_clear,cue_bound,clean,1.0,1.00,0,2,Qwen/Qwen3.6-27B,1.0,1,2026-08-15T23:15:20.225289+00:00,50.0,50.0,0.00045504,ok
v4_1119,heldout_11,medical_lab,distractor_clear,cue_bound,clean,1.0,1.00,0,3,Qwen/Qwen3.6-27B,1.0,1,2026-08-15T23:15:21.180241+00:00,50.0,50.0,0.00045504,ok
v4_1120,heldout_11,medical_lab,distractor_clear,cue_bound,clean,0.9,1.00,10,1,Qwen/Qwen3.6-27B,1.0,1,2026-08-15T23:15:22.197165+00:00,50.0,50.0,0.00045504,ok
v4_1121,heldout_11,medical_lab,distractor_clear,cue_bound,clean,0.9,1.00,10,2,Qwen/Qwen3.6-27B,1.0,1,2026-08-15T23:15:23.159705+00:00,50.0,50.0,0.00045504,ok
v4_1122,heldout_11,medical_lab,distractor_clear,cue_bound,clean,0.9,1.00,10,3,Qwen/Qwen3.6-27B,1.0,1,2026-08-15T23:15:24.155357+00:00,50.0,50.0,0.00045504,ok
v4_1123,heldout_11,medical_lab,distractor_clear,cue_bound,clean,0.8,1.00,20,1,Qwen/Qwen3.6-27B,1.0,1,2026-08-15T23:15:25.208282+00:00,50.0,50.0,0.00045504,ok
v4_1124,heldout_11,medical_lab,distractor_clear,cue_bound,clean,0.8,1.00,20,2,Qwen/Qwen3.6-27B,1.0,1,2026-08-15T23:15:26.186291+00:00,50.0,50.0,0.00045504,ok
v4_1125,heldout_11,medical_lab,distractor_clear,cue_bound,clean,0.8,1.00,20,3,Qwen/Qwen3.6-27B,1.0,1,2026-08-15T23:15:27.204078+00:00,50.0,50.0,0.00045504,ok
v4_1126,heldout_11,medical_lab,distractor_clear,cue_bound,clean,0.6,1.00,40,1,Qwen/Qwen3.6-27B,1.0,1,2026-08-15T23:15:28.219035+00:00,50.0,50.0,0.00045504,ok
v4_1127,heldout_11,medical_lab,distractor_clear,cue_bound,clean,0.6,1.00,40,2,Qwen/Qwen3.6-27B,1.0,1,2026-08-15T23:15:29.219346+00:00,50.0,50.0,0.00045504,ok
v4_1128,heldout_11,medical_lab,distractor_clear,cue_bound,clean,0.6,1.00,40,3,Qwen/Qwen3.6-27B,1.0,1,2026-08-15T23:15:30.233516+00:00,50.0,50.0,0.00045504,ok
v4_1129,heldout_11,medical_lab,distractor_clear,cue_bound,clean,0.4,1.00,60,1,Qwen/Qwen3.6-27B,1.0,1,2026-08-15T23:15:31.227780+00:00,50.0,50.0,0.00045504,ok
v4_1130,heldout_11,medical_lab,distractor_clear,cue_bound,clean,0.4,1.00,60,2,Qwen/Qwen3.6-27B,1.0,1,2026-08-15T23:15:32.254535+00:00,50.0,50.0,0.00045504,ok
v4_1131,heldout_11,medical_lab,distractor_clear,cue_bound,clean,0.4,1.00,60,3,Qwen/Qwen3.6-27B,1.0,1,2026-08-15T23:15:33.253564+00:00,50.0,50.0,0.00045504,ok
v4_1132,heldout_11,medical_lab,distractor_clear,cue_bound,clean,0.2,1.00,80,1,Qwen/Qwen3.6-27B,1.0,1,2026-08-15T23:15:34.232198+00:00,50.0,50.0,0.00045504,ok
v4_1133,heldout_11,medical_lab,distractor_clear,cue_bound,clean,0.2,1.00,80,2,Qwen/Qwen3.6-27B,1.0,1,2026-08-15T23:15:35.362144+00:00,50.0,50.0,0.00045504,ok
v4_1134,heldout_11,medical_lab,distractor_clear,cue_bound,clean,0.2,1.00,80,3,Qwen/Qwen3.6-27B,1.0,1,2026-08-15T23:15:36.259425+00:00,50.0,50.0,0.00045504,ok
v4_1135,heldout_11,medical_lab,distractor_clear,cue_bound,modified,1.0,1.00,0,1,Qwen/Qwen3.6-27B,1.0,1,2026-08-15T23:15:37.373657+00:00,100.0,0.0,0.00045504,ok
v4_1136,heldout_11,medical_lab,distractor_clear,cue_bound,modified,1.0,1.00,0,2,Qwen/Qwen3.6-27B,1.0,1,2026-08-15T23:15:38.377979+00:00,100.0,0.0,0.00045504,ok
v4_1137,heldout_11,medical_lab,distractor_clear,cue_bound,modified,1.0,1.00,0,3,Qwen/Qwen3.6-27B,1.0,1,2026-08-15T23:15:39.308644+00:00,100.0,0.0,0.00045504,ok
v4_1138,heldout_11,medical_lab,distractor_clear,cue_bound,modified,0.9,1.00,10,1,Qwen/Qwen3.6-27B,1.0,1,2026-08-15T23:15:40.303905+00:00,100.0,0.0,0.00045504,ok
v4_1139,heldout_11,medical_lab,distractor_clear,cue_bound,modified,0.9,1.00,10,2,Qwen/Qwen3.6-27B,1.0,1,2026-08-15T23:15:41.352695+00:00,100.0,0.0,0.00045504,ok
v4_1140,heldout_11,medical_lab,distractor_clear,cue_bound,modified,0.9,1.00,10,3,Qwen/Qwen3.6-27B,1.0,1,2026-08-15T23:15:42.334310+00:00,100.0,0.0,0.00045504,ok
v4_1141,heldout_11,medical_lab,distractor_clear,cue_bound,modified,0.8,1.00,20,1,Qwen/Qwen3.6-27B,1.0,1,2026-08-15T23:15:43.349957+00:00,100.0,0.0,0.00045504,ok
v4_1142,heldout_11,medical_lab,distractor_clear,cue_bound,modified,0.8,1.00,20,2,Qwen/Qwen3.6-27B,1.0,1,2026-08-15T23:15:44.340556+00:00,100.0,0.0,0.00045504,ok
v4_1143,heldout_11,medical_lab,distractor_clear,cue_bound,modified,0.8,1.00,20,3,Qwen/Qwen3.6-27B,1.0,1,2026-08-15T23:15:45.342541+00:00,85.0,15.0,0.00045504,ok
v4_1144,heldout_11,medical_lab,distractor_clear,cue_bound,modified,0.6,1.00,40,1,Qwen/Qwen3.6-27B,1.0,1,2026-08-15T23:15:46.343797+00:00,100.0,0.0,0.00045504,ok
v4_1145,heldout_11,medical_lab,distractor_clear,cue_bound,modified,0.6,1.00,40,2,Qwen/Qwen3.6-27B,1.0,1,2026-08-15T23:15:47.512678+00:00,100.0,0.0,0.00045504,ok
v4_1146,heldout_11,medical_lab,distractor_clear,cue_bound,modified,0.6,1.00,40,3,Qwen/Qwen3.6-27B,1.0,1,2026-08-15T23:15:48.371606+00:00,100.0,0.0,0.00045504,ok
v4_1147,heldout_11,medical_lab,distractor_clear,cue_bound,modified,0.4,1.00,60,1,Qwen/Qwen3.6-27B,1.0,1,2026-08-15T23:15:49.383966+00:00,100.0,0.0,0.00045504,ok
v4_1148,heldout_11,medical_lab,distractor_clear,cue_bound,modified,0.4,1.00,60,2,Qwen/Qwen3.6-27B,1.0,1,2026-08-15T23:15:50.364594+00:00,100.0,0.0,0.00045504,ok
v4_1149,heldout_11,medical_lab,distractor_clear,cue_bound,modified,0.4,1.00,60,3,Qwen/Qwen3.6-27B,1.0,1,2026-08-15T23:15:51.375596+00:00,100.0,0.0,0.00045504,ok
v4_1150,heldout_11,medical_lab,distractor_clear,cue_bound,modified,0.2,1.00,80,1,Qwen/Qwen3.6-27B,1.0,1,2026-08-15T23:15:52.394593+00:00,100.0,0.0,0.00045504,ok
v4_1151,heldout_11,medical_lab,distractor_clear,cue_bound,modified,0.2,1.00,80,2,Qwen/Qwen3.6-27B,1.0,1,2026-08-15T23:15:53.401797+00:00,100.0,0.0,0.00045504,ok
v4_1152,heldout_11,medical_lab,distractor_clear,cue_bound,modified,0.2,1.00,80,3,Qwen/Qwen3.6-27B,1.0,1,2026-08-15T23:15:54.440348+00:00,100.0,0.0,0.00045504,ok
v4_1153,heldout_11,medical_lab,distractor_clear,generalized,clean,1.0,1.00,0,1,Qwen/Qwen3.6-27B,1.0,1,2026-08-15T23:15:55.654848+00:00,100.0,0.0,0.0004387199999999999,ok
v4_1154,heldout_11,medical_lab,distractor_clear,generalized,clean,1.0,1.00,0,2,Qwen/Qwen3.6-27B,1.0,1,2026-08-15T23:15:56.428478+00:00,100.0,0.0,0.0004387199999999999,ok
v4_1155,heldout_11,medical_lab,distractor_clear,generalized,clean,1.0,1.00,0,3,Qwen/Qwen3.6-27B,1.0,1,2026-08-15T23:15:57.446531+00:00,100.0,0.0,0.0004387199999999999,ok
v4_1156,heldout_11,medical_lab,distractor_clear,generalized,clean,0.9,1.00,10,1,Qwen/Qwen3.6-27B,1.0,1,2026-08-15T23:15:58.586560+00:00,100.0,0.0,0.0004387199999999999,ok
v4_1157,heldout_11,medical_lab,distractor_clear,generalized,clean,0.9,1.00,10,2,Qwen/Qwen3.6-27B,1.0,1,2026-08-15T23:15:59.471666+00:00,100.0,0.0,0.0004387199999999999,ok
v4_1158,heldout_11,medical_lab,distractor_clear,generalized,clean,0.9,1.00,10,3,Qwen/Qwen3.6-27B,1.0,1,2026-08-15T23:16:00.420755+00:00,100.0,0.0,0.0004387199999999999,ok
v4_1159,heldout_11,medical_lab,distractor_clear,generalized,clean,0.8,1.00,20,1,Qwen/Qwen3.6-27B,1.0,1,2026-08-15T23:16:01.422898+00:00,100.0,0.0,0.0004387199999999999,ok
v4_1160,heldout_11,medical_lab,distractor_clear,generalized,clean,0.8,1.00,20,2,Qwen/Qwen3.6-27B,1.0,1,2026-08-15T23:16:02.439469+00:00,100.0,0.0,0.0004387199999999999,ok
v4_1161,heldout_11,medical_lab,distractor_clear,generalized,clean,0.8,1.00,20,3,Qwen/Qwen3.6-27B,1.0,1,2026-08-15T23:16:03.669617+00:00,100.0,0.0,0.0004387199999999999,ok
v4_1162,heldout_11,medical_lab,distractor_clear,generalized,clean,0.6,1.00,40,1,Qwen/Qwen3.6-27B,1.0,1,2026-08-15T23:16:04.497373+00:00,100.0,0.0,0.0004387199999999999,ok
v4_1163,heldout_11,medical_lab,distractor_clear,generalized,clean,0.6,1.00,40,2,Qwen/Qwen3.6-27B,1.0,1,2026-08-15T23:16:05.476078+00:00,100.0,0.0,0.0004387199999999999,ok
v4_1164,heldout_11,medical_lab,distractor_clear,generalized,clean,0.6,1.00,40,3,Qwen/Qwen3.6-27B,1.0,1,2026-08-15T23:16:06.451605+00:00,100.0,0.0,0.0004387199999999999,ok
v4_1165,heldout_11,medical_lab,distractor_clear,generalized,clean,0.4,1.00,60,1,Qwen/Qwen3.6-27B,1.0,1,2026-08-15T23:16:07.489349+00:00,100.0,0.0,0.0004387199999999999,ok
v4_1166,heldout_11,medical_lab,distractor_clear,generalized,clean,0.4,1.00,60,2,Qwen/Qwen3.6-27B,1.0,1,2026-08-15T23:16:08.498997+00:00,100.0,0.0,0.0004387199999999999,ok
v4_1167,heldout_11,medical_lab,distractor_clear,generalized,clean,0.4,1.00,60,3,Qwen/Qwen3.6-27B,1.0,1,2026-08-15T23:16:15.900067+00:00,100.0,0.0,0.0004387199999999999,ok
v4_1168,heldout_11,medical_lab,distractor_clear,generalized,clean,0.2,1.00,80,1,Qwen/Qwen3.6-27B,1.0,1,2026-08-15T23:16:16.471952+00:00,100.0,0.0,0.0004387199999999999,ok
v4_1169,heldout_11,medical_lab,distractor_clear,generalized,clean,0.2,1.00,80,2,Qwen/Qwen3.6-27B,1.0,1,2026-08-15T23:16:17.454693+00:00,100.0,0.0,0.0004387199999999999,ok
v4_1170,heldout_11,medical_lab,distractor_clear,generalized,clean,0.2,1.00,80,3,Qwen/Qwen3.6-27B,1.0,1,2026-08-15T23:16:18.488532+00:00,100.0,0.0,0.0004387199999999999,ok
v4_1171,heldout_11,medical_lab,distractor_clear,generalized,modified,1.0,1.00,0,1,Qwen/Qwen3.6-27B,1.0,1,2026-08-15T23:16:19.561039+00:00,100.0,0.0,0.0004387199999999999,ok
v4_1172,heldout_11,medical_lab,distractor_clear,generalized,modified,1.0,1.00,0,2,Qwen/Qwen3.6-27B,1.0,1,2026-08-15T23:16:20.475395+00:00,100.0,0.0,0.0004387199999999999,ok
v4_1173,heldout_11,medical_lab,distractor_clear,generalized,modified,1.0,1.00,0,3,Qwen/Qwen3.6-27B,1.0,1,2026-08-15T23:16:21.509449+00:00,100.0,0.0,0.0004387199999999999,ok
v4_1174,heldout_11,medical_lab,distractor_clear,generalized,modified,0.9,1.00,10,1,Qwen/Qwen3.6-27B,1.0,1,2026-08-15T23:16:22.543689+00:00,100.0,0.0,0.0004387199999999999,ok
v4_1175,heldout_11,medical_lab,distractor_clear,generalized,modified,0.9,1.00,10,2,Qwen/Qwen3.6-27B,1.0,1,2026-08-15T23:16:23.511451+00:00,100.0,0.0,0.0004387199999999999,ok
v4_1176,heldout_11,medical_lab,distractor_clear,generalized,modified,0.9,1.00,10,3,Qwen/Qwen3.6-27B,1.0,1,2026-08-15T23:16:24.486309+00:00,100.0,0.0,0.0004387199999999999,ok
v4_1177,heldout_11,medical_lab,distractor_clear,generalized,modified,0.8,1.00,20,1,Qwen/Qwen3.6-27B,1.0,1,2026-08-15T23:16:25.649472+00:00,100.0,0.0,0.0004387199999999999,ok
v4_1178,heldout_11,medical_lab,distractor_clear,generalized,modified,0.8,1.00,20,2,Qwen/Qwen3.6-27B,1.0,1,2026-08-15T23:16:26.592127+00:00,100.0,0.0,0.0004387199999999999,ok
v4_1179,heldout_11,medical_lab,distractor_clear,generalized,modified,0.8,1.00,20,3,Qwen/Qwen3.6-27B,1.0,1,2026-08-15T23:16:27.728579+00:00,100.0,0.0,0.0004387199999999999,ok
v4_1180,heldout_11,medical_lab,distractor_clear,generalized,modified,0.6,1.00,40,1,Qwen/Qwen3.6-27B,1.0,1,2026-08-15T23:16:28.563207+00:00,100.0,0.0,0.0004387199999999999,ok
v4_1181,heldout_11,medical_lab,distractor_clear,generalized,modified,0.6,1.00,40,2,Qwen/Qwen3.6-27B,1.0,1,2026-08-15T23:16:29.619792+00:00,100.0,0.0,0.0004387199999999999,ok
v4_1182,heldout_11,medical_lab,distractor_clear,generalized,modified,0.6,1.00,40,3,Qwen/Qwen3.6-27B,1.0,1,2026-08-15T23:16:30.554603+00:00,100.0,0.0,0.0004387199999999999,ok
v4_1183,heldout_11,medical_lab,distractor_clear,generalized,modified,0.4,1.00,60,1,Qwen/Qwen3.6-27B,1.0,1,2026-08-15T23:16:31.608562+00:00,100.0,0.0,0.0004387199999999999,ok
v4_1184,heldout_11,medical_lab,distractor_clear,generalized,modified,0.4,1.00,60,2,Qwen/Qwen3.6-27B,1.0,1,2026-08-15T23:16:32.754416+00:00,100.0,0.0,0.0004387199999999999,ok
v4_1185,heldout_11,medical_lab,distractor_clear,generalized,modified,0.4,1.00,60,3,Qwen/Qwen3.6-27B,1.0,1,2026-08-15T23:16:33.596492+00:00,100.0,0.0,0.0004387199999999999,ok
v4_1186,heldout_11,medical_lab,distractor_clear,generalized,modified,0.2,1.00,80,1,Qwen/Qwen3.6-27B,1.0,1,2026-08-15T23:16:34.603390+00:00,100.0,0.0,0.0004387199999999999,ok
v4_1187,heldout_11,medical_lab,distractor_clear,generalized,modified,0.2,1.00,80,2,Qwen/Qwen3.6-27B,1.0,1,2026-08-15T23:16:35.596993+00:00,100.0,0.0,0.0004387199999999999,ok
v4_1188,heldout_11,medical_lab,distractor_clear,generalized,modified,0.2,1.00,80,3,Qwen/Qwen3.6-27B,1.0,1,2026-08-15T23:16:36.586384+00:00,100.0,0.0,0.0004387199999999999,ok
v4_1189,heldout_12,construction_studio,distractor_clear,neutral,clean,1.0,1.00,0,1,Qwen/Qwen3.6-27B,1.0,1,2026-08-15T23:16:37.765999+00:00,50.0,50.0,0.00043327999999999997,ok
v4_1190,heldout_12,construction_studio,distractor_clear,neutral,clean,1.0,1.00,0,2,Qwen/Qwen3.6-27B,1.0,1,2026-08-15T23:16:38.570820+00:00,50.0,50.0,0.00043327999999999997,ok
v4_1191,heldout_12,construction_studio,distractor_clear,neutral,clean,1.0,1.00,0,3,Qwen/Qwen3.6-27B,1.0,1,2026-08-15T23:16:39.595856+00:00,50.0,50.0,0.00043327999999999997,ok
v4_1192,heldout_12,construction_studio,distractor_clear,neutral,clean,0.9,1.00,10,1,Qwen/Qwen3.6-27B,1.0,1,2026-08-15T23:16:40.618044+00:00,50.0,50.0,0.00043327999999999997,ok
v4_1193,heldout_12,construction_studio,distractor_clear,neutral,clean,0.9,1.00,10,2,Qwen/Qwen3.6-27B,1.0,1,2026-08-15T23:16:41.605336+00:00,50.0,50.0,0.00043327999999999997,ok
v4_1194,heldout_12,construction_studio,distractor_clear,neutral,clean,0.9,1.00,10,3,Qwen/Qwen3.6-27B,1.0,1,2026-08-15T23:16:42.618727+00:00,0.0,100.0,0.00043327999999999997,ok
v4_1195,heldout_12,construction_studio,distractor_clear,neutral,clean,0.8,1.00,20,1,Qwen/Qwen3.6-27B,1.0,1,2026-08-15T23:16:43.614008+00:00,45.0,55.0,0.00043327999999999997,ok
v4_1196,heldout_12,construction_studio,distractor_clear,neutral,clean,0.8,1.00,20,2,Qwen/Qwen3.6-27B,1.0,1,2026-08-15T23:16:44.640947+00:00,50.0,50.0,0.00043327999999999997,ok
v4_1197,heldout_12,construction_studio,distractor_clear,neutral,clean,0.8,1.00,20,3,Qwen/Qwen3.6-27B,1.0,1,2026-08-15T23:16:45.640348+00:00,50.0,50.0,0.00043327999999999997,ok
v4_1198,heldout_12,construction_studio,distractor_clear,neutral,clean,0.6,1.00,40,1,Qwen/Qwen3.6-27B,1.0,1,2026-08-15T23:16:46.658362+00:00,50.0,50.0,0.00043327999999999997,ok
v4_1199,heldout_12,construction_studio,distractor_clear,neutral,clean,0.6,1.00,40,2,Qwen/Qwen3.6-27B,1.0,1,2026-08-15T23:16:47.692663+00:00,40.0,60.0,0.00043327999999999997,ok
v4_1200,heldout_12,construction_studio,distractor_clear,neutral,clean,0.6,1.00,40,3,Qwen/Qwen3.6-27B,1.0,1,2026-08-15T23:16:48.819433+00:00,0.0,100.0,0.00043327999999999997,ok
v4_1201,heldout_12,construction_studio,distractor_clear,neutral,clean,0.4,1.00,60,1,Qwen/Qwen3.6-27B,1.0,1,2026-08-15T23:16:49.650346+00:00,0.0,100.0,0.00043327999999999997,ok
v4_1202,heldout_12,construction_studio,distractor_clear,neutral,clean,0.4,1.00,60,2,Qwen/Qwen3.6-27B,1.0,1,2026-08-15T23:16:51.061155+00:00,0.0,100.0,0.00043327999999999997,ok
v4_1203,heldout_12,construction_studio,distractor_clear,neutral,clean,0.4,1.00,60,3,Qwen/Qwen3.6-27B,1.0,1,2026-08-15T23:16:51.687303+00:00,0.0,100.0,0.00043327999999999997,ok
v4_1204,heldout_12,construction_studio,distractor_clear,neutral,clean,0.2,1.00,80,1,Qwen/Qwen3.6-27B,1.0,1,2026-08-15T23:16:52.690411+00:00,0.0,100.0,0.00043327999999999997,ok
v4_1205,heldout_12,construction_studio,distractor_clear,neutral,clean,0.2,1.00,80,2,Qwen/Qwen3.6-27B,1.0,1,2026-08-15T23:16:53.682151+00:00,0.0,100.0,0.00043327999999999997,ok
v4_1206,heldout_12,construction_studio,distractor_clear,neutral,clean,0.2,1.00,80,3,Qwen/Qwen3.6-27B,1.0,1,2026-08-15T23:16:54.734012+00:00,0.0,100.0,0.00043327999999999997,ok
v4_1207,heldout_12,construction_studio,distractor_clear,neutral,modified,1.0,1.00,0,1,Qwen/Qwen3.6-27B,1.0,1,2026-08-15T23:16:55.870537+00:00,50.0,50.0,0.00043327999999999997,ok
v4_1208,heldout_12,construction_studio,distractor_clear,neutral,modified,1.0,1.00,0,2,Qwen/Qwen3.6-27B,1.0,1,2026-08-15T23:16:56.708239+00:00,50.0,50.0,0.00043327999999999997,ok
v4_1209,heldout_12,construction_studio,distractor_clear,neutral,modified,1.0,1.00,0,3,Qwen/Qwen3.6-27B,1.0,1,2026-08-15T23:16:57.745283+00:00,50.0,50.0,0.00043327999999999997,ok
v4_1210,heldout_12,construction_studio,distractor_clear,neutral,modified,0.9,1.00,10,1,Qwen/Qwen3.6-27B,1.0,1,2026-08-15T23:16:58.717073+00:00,40.0,60.0,0.00043327999999999997,ok
v4_1211,heldout_12,construction_studio,distractor_clear,neutral,modified,0.9,1.00,10,2,Qwen/Qwen3.6-27B,1.0,1,2026-08-15T23:17:00.720310+00:00,50.0,50.0,0.00043327999999999997,ok
v4_1212,heldout_12,construction_studio,distractor_clear,neutral,modified,0.9,1.00,10,3,Qwen/Qwen3.6-27B,1.0,1,2026-08-15T23:17:01.279584+00:00,0.0,100.0,0.00043327999999999997,ok
v4_1213,heldout_12,construction_studio,distractor_clear,neutral,modified,0.8,1.00,20,1,Qwen/Qwen3.6-27B,1.0,1,2026-08-15T23:17:04.323378+00:00,25.0,75.0,0.00043327999999999997,ok
v4_1214,heldout_12,construction_studio,distractor_clear,neutral,modified,0.8,1.00,20,2,Qwen/Qwen3.6-27B,1.0,1,2026-08-15T23:17:04.869233+00:00,0.0,100.0,0.00043327999999999997,ok
v4_1215,heldout_12,construction_studio,distractor_clear,neutral,modified,0.8,1.00,20,3,Qwen/Qwen3.6-27B,1.0,1,2026-08-15T23:17:05.875296+00:00,0.0,100.0,0.00043327999999999997,ok
v4_1216,heldout_12,construction_studio,distractor_clear,neutral,modified,0.6,1.00,40,1,Qwen/Qwen3.6-27B,1.0,1,2026-08-15T23:17:06.899374+00:00,40.0,60.0,0.00043327999999999997,ok
v4_1217,heldout_12,construction_studio,distractor_clear,neutral,modified,0.6,1.00,40,2,Qwen/Qwen3.6-27B,1.0,1,2026-08-15T23:17:08.012923+00:00,0.0,100.0,0.00043327999999999997,ok
v4_1218,heldout_12,construction_studio,distractor_clear,neutral,modified,0.6,1.00,40,3,Qwen/Qwen3.6-27B,1.0,1,2026-08-15T23:17:09.091049+00:00,0.0,100.0,0.00043327999999999997,ok
v4_1219,heldout_12,construction_studio,distractor_clear,neutral,modified,0.4,1.00,60,1,Qwen/Qwen3.6-27B,1.0,1,2026-08-15T23:17:10.358795+00:00,0.0,100.0,0.00043327999999999997,ok
v4_1220,heldout_12,construction_studio,distractor_clear,neutral,modified,0.4,1.00,60,2,Qwen/Qwen3.6-27B,1.0,1,2026-08-15T23:17:10.929857+00:00,0.0,100.0,0.00043327999999999997,ok
v4_1221,heldout_12,construction_studio,distractor_clear,neutral,modified,0.4,1.00,60,3,Qwen/Qwen3.6-27B,1.0,1,2026-08-15T23:17:11.903205+00:00,0.0,100.0,0.00043327999999999997,ok
v4_1222,heldout_12,construction_studio,distractor_clear,neutral,modified,0.2,1.00,80,1,Qwen/Qwen3.6-27B,1.0,1,2026-08-15T23:17:13.380992+00:00,0.0,100.0,0.00043327999999999997,ok
v4_1223,heldout_12,construction_studio,distractor_clear,neutral,modified,0.2,1.00,80,2,Qwen/Qwen3.6-27B,1.0,1,2026-08-15T23:17:13.916729+00:00,0.0,100.0,0.00043327999999999997,ok
v4_1224,heldout_12,construction_studio,distractor_clear,neutral,modified,0.2,1.00,80,3,Qwen/Qwen3.6-27B,1.0,1,2026-08-15T23:17:14.931946+00:00,0.0,100.0,0.00043327999999999997,ok
v4_1225,heldout_12,construction_studio,distractor_clear,cue_bound,clean,1.0,1.00,0,1,Qwen/Qwen3.6-27B,1.0,1,2026-08-15T23:17:15.984646+00:00,50.0,50.0,0.00045504,ok
v4_1226,heldout_12,construction_studio,distractor_clear,cue_bound,clean,1.0,1.00,0,2,Qwen/Qwen3.6-27B,1.0,1,2026-08-15T23:17:16.981015+00:00,50.0,50.0,0.00045504,ok
v4_1227,heldout_12,construction_studio,distractor_clear,cue_bound,clean,1.0,1.00,0,3,Qwen/Qwen3.6-27B,1.0,1,2026-08-15T23:18:50.992938+00:00,50.0,50.0,0.00045504,ok
v4_1228,heldout_12,construction_studio,distractor_clear,cue_bound,clean,0.9,1.00,10,1,Qwen/Qwen3.6-27B,1.0,1,2026-08-15T23:18:51.579650+00:00,50.0,50.0,0.00045504,ok
v4_1229,heldout_12,construction_studio,distractor_clear,cue_bound,clean,0.9,1.00,10,2,Qwen/Qwen3.6-27B,1.0,1,2026-08-15T23:18:52.554591+00:00,50.0,50.0,0.00045504,ok
v4_1230,heldout_12,construction_studio,distractor_clear,cue_bound,clean,0.9,1.00,10,3,Qwen/Qwen3.6-27B,1.0,1,2026-08-15T23:18:53.587541+00:00,0.0,100.0,0.00045504,ok
v4_1231,heldout_12,construction_studio,distractor_clear,cue_bound,clean,0.8,1.00,20,1,Qwen/Qwen3.6-27B,1.0,1,2026-08-15T23:18:54.622344+00:00,50.0,50.0,0.00045504,ok
v4_1232,heldout_12,construction_studio,distractor_clear,cue_bound,clean,0.8,1.00,20,2,Qwen/Qwen3.6-27B,1.0,1,2026-08-15T23:18:55.568155+00:00,50.0,50.0,0.00045504,ok
v4_1233,heldout_12,construction_studio,distractor_clear,cue_bound,clean,0.8,1.00,20,3,Qwen/Qwen3.6-27B,1.0,1,2026-08-15T23:18:56.813115+00:00,50.0,50.0,0.00045504,ok
v4_1234,heldout_12,construction_studio,distractor_clear,cue_bound,clean,0.6,1.00,40,1,Qwen/Qwen3.6-27B,1.0,1,2026-08-15T23:18:58.172901+00:00,50.0,50.0,0.00045504,ok
v4_1235,heldout_12,construction_studio,distractor_clear,cue_bound,clean,0.6,1.00,40,2,Qwen/Qwen3.6-27B,1.0,1,2026-08-15T23:18:59.106890+00:00,50.0,50.0,0.00045504,ok
v4_1236,heldout_12,construction_studio,distractor_clear,cue_bound,clean,0.6,1.00,40,3,Qwen/Qwen3.6-27B,1.0,1,2026-08-15T23:19:00.145838+00:00,50.0,50.0,0.00045504,ok
v4_1237,heldout_12,construction_studio,distractor_clear,cue_bound,clean,0.4,1.00,60,1,Qwen/Qwen3.6-27B,1.0,1,2026-08-15T23:19:01.147363+00:00,50.0,50.0,0.00045504,ok
v4_1238,heldout_12,construction_studio,distractor_clear,cue_bound,clean,0.4,1.00,60,2,Qwen/Qwen3.6-27B,1.0,1,2026-08-15T23:19:02.238031+00:00,50.0,50.0,0.00045504,ok
v4_1239,heldout_12,construction_studio,distractor_clear,cue_bound,clean,0.4,1.00,60,3,Qwen/Qwen3.6-27B,1.0,1,2026-08-15T23:19:03.843544+00:00,50.0,50.0,0.00045504,ok
v4_1240,heldout_12,construction_studio,distractor_clear,cue_bound,clean,0.2,1.00,80,1,Qwen/Qwen3.6-27B,1.0,1,2026-08-15T23:19:04.785484+00:00,50.0,50.0,0.00045504,ok
v4_1241,heldout_12,construction_studio,distractor_clear,cue_bound,clean,0.2,1.00,80,2,Qwen/Qwen3.6-27B,1.0,1,2026-08-15T23:19:05.790527+00:00,50.0,50.0,0.00045504,ok
v4_1242,heldout_12,construction_studio,distractor_clear,cue_bound,clean,0.2,1.00,80,3,Qwen/Qwen3.6-27B,1.0,1,2026-08-15T23:19:06.773202+00:00,50.0,50.0,0.00045504,ok
v4_1243,heldout_12,construction_studio,distractor_clear,cue_bound,modified,1.0,1.00,0,1,Qwen/Qwen3.6-27B,1.0,1,2026-08-15T23:19:08.009589+00:00,50.0,50.0,0.00045504,ok
v4_1244,heldout_12,construction_studio,distractor_clear,cue_bound,modified,1.0,1.00,0,2,Qwen/Qwen3.6-27B,1.0,1,2026-08-15T23:19:08.933520+00:00,100.0,0.0,0.00045504,ok
v4_1245,heldout_12,construction_studio,distractor_clear,cue_bound,modified,1.0,1.00,0,3,Qwen/Qwen3.6-27B,1.0,1,2026-08-15T23:19:09.928328+00:00,50.0,50.0,0.00045504,ok
v4_1246,heldout_12,construction_studio,distractor_clear,cue_bound,modified,0.9,1.00,10,1,Qwen/Qwen3.6-27B,1.0,1,2026-08-15T23:19:10.950385+00:00,0.0,100.0,0.00045504,ok
v4_1247,heldout_12,construction_studio,distractor_clear,cue_bound,modified,0.9,1.00,10,2,Qwen/Qwen3.6-27B,1.0,1,2026-08-15T23:19:12.062119+00:00,100.0,0.0,0.00045504,ok
v4_1248,heldout_12,construction_studio,distractor_clear,cue_bound,modified,0.9,1.00,10,3,Qwen/Qwen3.6-27B,1.0,1,2026-08-15T23:19:13.054493+00:00,100.0,0.0,0.00045504,ok
v4_1249,heldout_12,construction_studio,distractor_clear,cue_bound,modified,0.8,1.00,20,1,Qwen/Qwen3.6-27B,1.0,1,2026-08-15T23:19:13.991822+00:00,100.0,0.0,0.00045504,ok
v4_1250,heldout_12,construction_studio,distractor_clear,cue_bound,modified,0.8,1.00,20,2,Qwen/Qwen3.6-27B,1.0,1,2026-08-15T23:19:14.998774+00:00,100.0,0.0,0.00045504,ok
v4_1251,heldout_12,construction_studio,distractor_clear,cue_bound,modified,0.8,1.00,20,3,Qwen/Qwen3.6-27B,1.0,1,2026-08-15T23:19:16.012219+00:00,0.0,100.0,0.00045504,ok
v4_1252,heldout_12,construction_studio,distractor_clear,cue_bound,modified,0.6,1.00,40,1,Qwen/Qwen3.6-27B,1.0,1,2026-08-15T23:19:17.022960+00:00,100.0,0.0,0.00045504,ok
v4_1253,heldout_12,construction_studio,distractor_clear,cue_bound,modified,0.6,1.00,40,2,Qwen/Qwen3.6-27B,1.0,1,2026-08-15T23:19:18.034734+00:00,0.0,100.0,0.00045504,ok
v4_1254,heldout_12,construction_studio,distractor_clear,cue_bound,modified,0.6,1.00,40,3,Qwen/Qwen3.6-27B,1.0,1,2026-08-15T23:19:19.104328+00:00,100.0,0.0,0.00045504,ok
v4_1255,heldout_12,construction_studio,distractor_clear,cue_bound,modified,0.4,1.00,60,1,Qwen/Qwen3.6-27B,1.0,1,2026-08-15T23:19:20.031701+00:00,100.0,0.0,0.00045504,ok
v4_1256,heldout_12,construction_studio,distractor_clear,cue_bound,modified,0.4,1.00,60,2,Qwen/Qwen3.6-27B,1.0,1,2026-08-15T23:19:21.059049+00:00,100.0,0.0,0.00045504,ok
v4_1257,heldout_12,construction_studio,distractor_clear,cue_bound,modified,0.4,1.00,60,3,Qwen/Qwen3.6-27B,1.0,1,2026-08-15T23:19:22.058738+00:00,100.0,0.0,0.00045504,ok
v4_1258,heldout_12,construction_studio,distractor_clear,cue_bound,modified,0.2,1.00,80,1,Qwen/Qwen3.6-27B,1.0,1,2026-08-15T23:19:23.046063+00:00,100.0,0.0,0.00045504,ok
v4_1259,heldout_12,construction_studio,distractor_clear,cue_bound,modified,0.2,1.00,80,2,Qwen/Qwen3.6-27B,1.0,1,2026-08-15T23:19:24.072644+00:00,50.0,50.0,0.00045504,ok
v4_1260,heldout_12,construction_studio,distractor_clear,cue_bound,modified,0.2,1.00,80,3,Qwen/Qwen3.6-27B,1.0,1,2026-08-15T23:19:25.229323+00:00,20.0,80.0,0.00045504,ok
v4_1261,heldout_12,construction_studio,distractor_clear,generalized,clean,1.0,1.00,0,1,Qwen/Qwen3.6-27B,1.0,1,2026-08-15T23:19:26.284725+00:00,100.0,0.0,0.0004387199999999999,ok
v4_1262,heldout_12,construction_studio,distractor_clear,generalized,clean,1.0,1.00,0,2,Qwen/Qwen3.6-27B,1.0,1,2026-08-15T23:19:28.100791+00:00,100.0,0.0,0.0004387199999999999,ok
v4_1263,heldout_12,construction_studio,distractor_clear,generalized,clean,1.0,1.00,0,3,Qwen/Qwen3.6-27B,1.0,1,2026-08-15T23:19:29.200151+00:00,100.0,0.0,0.0004387199999999999,ok
v4_1264,heldout_12,construction_studio,distractor_clear,generalized,clean,0.9,1.00,10,1,Qwen/Qwen3.6-27B,1.0,1,2026-08-15T23:19:30.156093+00:00,100.0,0.0,0.0004387199999999999,ok
v4_1265,heldout_12,construction_studio,distractor_clear,generalized,clean,0.9,1.00,10,2,Qwen/Qwen3.6-27B,1.0,1,2026-08-15T23:19:31.182896+00:00,100.0,0.0,0.0004387199999999999,ok
v4_1266,heldout_12,construction_studio,distractor_clear,generalized,clean,0.9,1.00,10,3,Qwen/Qwen3.6-27B,1.0,1,2026-08-15T23:19:32.152659+00:00,100.0,0.0,0.0004387199999999999,ok
v4_1267,heldout_12,construction_studio,distractor_clear,generalized,clean,0.8,1.00,20,1,Qwen/Qwen3.6-27B,1.0,1,2026-08-15T23:19:33.696344+00:00,100.0,0.0,0.0004387199999999999,ok
v4_1268,heldout_12,construction_studio,distractor_clear,generalized,clean,0.8,1.00,20,2,Qwen/Qwen3.6-27B,1.0,1,2026-08-15T23:19:34.626911+00:00,100.0,0.0,0.0004387199999999999,ok
v4_1269,heldout_12,construction_studio,distractor_clear,generalized,clean,0.8,1.00,20,3,Qwen/Qwen3.6-27B,1.0,1,2026-08-15T23:19:36.081605+00:00,100.0,0.0,0.0004387199999999999,ok
v4_1270,heldout_12,construction_studio,distractor_clear,generalized,clean,0.6,1.00,40,1,Qwen/Qwen3.6-27B,1.0,1,2026-08-15T23:19:37.032169+00:00,100.0,0.0,0.0004387199999999999,ok
v4_1271,heldout_12,construction_studio,distractor_clear,generalized,clean,0.6,1.00,40,2,Qwen/Qwen3.6-27B,1.0,1,2026-08-15T23:19:38.214628+00:00,100.0,0.0,0.0004387199999999999,ok
v4_1272,heldout_12,construction_studio,distractor_clear,generalized,clean,0.6,1.00,40,3,Qwen/Qwen3.6-27B,1.0,1,2026-08-15T23:19:39.164955+00:00,100.0,0.0,0.0004387199999999999,ok
v4_1273,heldout_12,construction_studio,distractor_clear,generalized,clean,0.4,1.00,60,1,Qwen/Qwen3.6-27B,1.0,1,2026-08-15T23:19:40.374782+00:00,100.0,0.0,0.0004387199999999999,ok
v4_1274,heldout_12,construction_studio,distractor_clear,generalized,clean,0.4,1.00,60,2,Qwen/Qwen3.6-27B,1.0,1,2026-08-15T23:24:28.352786+00:00,100.0,0.0,0.0004387199999999999,ok
v4_1275,heldout_12,construction_studio,distractor_clear,generalized,clean,0.4,1.00,60,3,Qwen/Qwen3.6-27B,1.0,1,2026-08-15T23:24:28.989516+00:00,100.0,0.0,0.0004387199999999999,ok
v4_1276,heldout_12,construction_studio,distractor_clear,generalized,clean,0.2,1.00,80,1,Qwen/Qwen3.6-27B,1.0,1,2026-08-15T23:24:29.976299+00:00,100.0,0.0,0.0004387199999999999,ok
v4_1277,heldout_12,construction_studio,distractor_clear,generalized,clean,0.2,1.00,80,2,Qwen/Qwen3.6-27B,1.0,1,2026-08-15T23:24:31.385773+00:00,100.0,0.0,0.0004387199999999999,ok
v4_1278,heldout_12,construction_studio,distractor_clear,generalized,clean,0.2,1.00,80,3,Qwen/Qwen3.6-27B,1.0,1,2026-08-15T23:24:32.062617+00:00,100.0,0.0,0.0004387199999999999,ok
v4_1279,heldout_12,construction_studio,distractor_clear,generalized,modified,1.0,1.00,0,1,Qwen/Qwen3.6-27B,1.0,1,2026-08-15T23:24:33.138077+00:00,100.0,0.0,0.0004387199999999999,ok
v4_1280,heldout_12,construction_studio,distractor_clear,generalized,modified,1.0,1.00,0,2,Qwen/Qwen3.6-27B,1.0,1,2026-08-15T23:24:34.021547+00:00,100.0,0.0,0.0004387199999999999,ok
v4_1281,heldout_12,construction_studio,distractor_clear,generalized,modified,1.0,1.00,0,3,Qwen/Qwen3.6-27B,1.0,1,2026-08-15T23:24:35.462462+00:00,100.0,0.0,0.0004387199999999999,ok
v4_1282,heldout_12,construction_studio,distractor_clear,generalized,modified,0.9,1.00,10,1,Qwen/Qwen3.6-27B,1.0,1,2026-08-15T23:24:36.265661+00:00,100.0,0.0,0.0004387199999999999,ok
v4_1283,heldout_12,construction_studio,distractor_clear,generalized,modified,0.9,1.00,10,2,Qwen/Qwen3.6-27B,1.0,1,2026-08-15T23:24:37.090418+00:00,100.0,0.0,0.0004387199999999999,ok
v4_1284,heldout_12,construction_studio,distractor_clear,generalized,modified,0.9,1.00,10,3,Qwen/Qwen3.6-27B,1.0,1,2026-08-15T23:24:38.110394+00:00,100.0,0.0,0.0004387199999999999,ok
v4_1285,heldout_12,construction_studio,distractor_clear,generalized,modified,0.8,1.00,20,1,Qwen/Qwen3.6-27B,1.0,1,2026-08-15T23:24:39.089367+00:00,100.0,0.0,0.0004387199999999999,ok
v4_1286,heldout_12,construction_studio,distractor_clear,generalized,modified,0.8,1.00,20,2,Qwen/Qwen3.6-27B,1.0,1,2026-08-15T23:24:40.098464+00:00,100.0,0.0,0.0004387199999999999,ok
v4_1287,heldout_12,construction_studio,distractor_clear,generalized,modified,0.8,1.00,20,3,Qwen/Qwen3.6-27B,1.0,1,2026-08-15T23:24:41.083508+00:00,100.0,0.0,0.0004387199999999999,ok
v4_1288,heldout_12,construction_studio,distractor_clear,generalized,modified,0.6,1.00,40,1,Qwen/Qwen3.6-27B,1.0,1,2026-08-15T23:24:42.099608+00:00,100.0,0.0,0.0004387199999999999,ok
v4_1289,heldout_12,construction_studio,distractor_clear,generalized,modified,0.6,1.00,40,2,Qwen/Qwen3.6-27B,1.0,1,2026-08-15T23:24:43.556133+00:00,100.0,0.0,0.0004387199999999999,ok
v4_1290,heldout_12,construction_studio,distractor_clear,generalized,modified,0.6,1.00,40,3,Qwen/Qwen3.6-27B,1.0,1,2026-08-15T23:24:44.174429+00:00,100.0,0.0,0.0004387199999999999,ok
v4_1291,heldout_12,construction_studio,distractor_clear,generalized,modified,0.4,1.00,60,1,Qwen/Qwen3.6-27B,1.0,1,2026-08-15T23:24:45.199522+00:00,100.0,0.0,0.0004387199999999999,ok
v4_1292,heldout_12,construction_studio,distractor_clear,generalized,modified,0.4,1.00,60,2,Qwen/Qwen3.6-27B,1.0,1,2026-08-15T23:24:46.190761+00:00,100.0,0.0,0.0004387199999999999,ok
v4_1293,heldout_12,construction_studio,distractor_clear,generalized,modified,0.4,1.00,60,3,Qwen/Qwen3.6-27B,1.0,1,2026-08-15T23:24:47.171642+00:00,100.0,0.0,0.0004387199999999999,ok
v4_1294,heldout_12,construction_studio,distractor_clear,generalized,modified,0.2,1.00,80,1,Qwen/Qwen3.6-27B,1.0,1,2026-08-15T23:24:48.210803+00:00,100.0,0.0,0.0004387199999999999,ok
v4_1295,heldout_12,construction_studio,distractor_clear,generalized,modified,0.2,1.00,80,2,Qwen/Qwen3.6-27B,1.0,1,2026-08-15T23:24:49.189777+00:00,100.0,0.0,0.0004387199999999999,ok
v4_1296,heldout_12,construction_studio,distractor_clear,generalized,modified,0.2,1.00,80,3,Qwen/Qwen3.6-27B,1.0,1,2026-08-15T23:24:50.234046+00:00,100.0,0.0,0.0004387199999999999,ok
