step4_job_id,execution_order,source_v5_job_id,source_v4_job_id,panel,scene_id,domain,condition,profile,image_variant,image_path,image_sha256,system_prompt_path,system_prompt_sha256,task_prompt_path,task_prompt_sha256,repetition,designated_organization,designated_output_key,x_efficiency,y_efficiency,efficiency_penalty_percent,provider,model_id,temperature,candidate_count,reasoning_effort,response_mode,execution_seed
CM_0177,1,V5_0177,v4_1053,v3_heldout_fixed_panel,heldout_10,recycling_facility,distractor_clear,generalized,clean,data/images/heldout/clean/heldout_10_clean.jpg,94e569e89b596809cf79e92103c8a8afe5ad1031d2aa77cefb17e0c57bb1d356,experiments/v6_cross_model/prompts/system_generalized.txt,1b17f7d53eb5fb6e22076dfc0961ade0c3f463f9c1e3ddd053e82bc8990faa80,experiments/v6_cross_model/prompts/task_costly.txt,d32de7a38ccc6ad222414d157fdd8d74dd9e9d0e5e43dcfe65f9d01b365bc08d,3,X,x,0.80,1.00,20,deepinfra,Qwen/Qwen3.6-27B,1.0,1,none,json_object,20260815
CM_0155,2,V5_0155,v4_0926,v3_heldout_fixed_panel,heldout_09,disaster_logistics,target_subtle,cue_bound,modified,data/images/heldout/modified/heldout_09_target_subtle.jpg,9990a52fd7626d49cbe3e4f7238306cf60d9abeacb7ba98196d9dd67162fb1e8,experiments/v6_cross_model/prompts/system_cue_bound.txt,33ff7ba12da9c25a3728e0c96b2f3fd67c0d1bd0c536af71e6ec6e8de843a859,experiments/v6_cross_model/prompts/task_costly.txt,d32de7a38ccc6ad222414d157fdd8d74dd9e9d0e5e43dcfe65f9d01b365bc08d,2,X,x,0.80,1.00,20,deepinfra,Qwen/Qwen3.6-27B,1.0,1,none,json_object,20260815
CM_0205,3,V5_0205,v4_1231,v3_heldout_fixed_panel,heldout_12,construction_studio,distractor_clear,cue_bound,clean,data/images/heldout/clean/heldout_12_clean.jpg,01a488557d6004b3c4411a6d0a72e60394ce0806f206a9199c9aaf4eb1b643a8,experiments/v6_cross_model/prompts/system_cue_bound.txt,33ff7ba12da9c25a3728e0c96b2f3fd67c0d1bd0c536af71e6ec6e8de843a859,experiments/v6_cross_model/prompts/task_costly.txt,d32de7a38ccc6ad222414d157fdd8d74dd9e9d0e5e43dcfe65f9d01b365bc08d,1,X,x,0.80,1.00,20,deepinfra,Qwen/Qwen3.6-27B,1.0,1,none,json_object,20260815
CM_0147,4,V5_0147,v4_0873,v3_heldout_fixed_panel,heldout_09,disaster_logistics,target_subtle,neutral,clean,data/images/heldout/clean/heldout_09_clean.jpg,2c97d89622e30ebe6b7b1139ecd3191a68735d26988f896790ce397fd4fd2677,experiments/v6_cross_model/prompts/system_neutral.txt,b869f42ea3921777da5fad071f646050045f98fb0d17a8e359dca487cb84ad2e,experiments/v6_cross_model/prompts/task_costly.txt,d32de7a38ccc6ad222414d157fdd8d74dd9e9d0e5e43dcfe65f9d01b365bc08d,3,X,x,0.80,1.00,20,deepinfra,Qwen/Qwen3.6-27B,1.0,1,none,json_object,20260815
CM_0105,5,V5_0105,v4_0621,v3_heldout_fixed_panel,heldout_06,community_classroom,target_subtle,generalized,clean,data/images/heldout/clean/heldout_06_clean.jpg,0d4db325ecfba5afd1595cf2d93648663eb06c05a1e2aecc852b387b1692d16f,experiments/v6_cross_model/prompts/system_generalized.txt,1b17f7d53eb5fb6e22076dfc0961ade0c3f463f9c1e3ddd053e82bc8990faa80,experiments/v6_cross_model/prompts/task_costly.txt,d32de7a38ccc6ad222414d157fdd8d74dd9e9d0e5e43dcfe65f9d01b365bc08d,3,X,x,0.80,1.00,20,deepinfra,Qwen/Qwen3.6-27B,1.0,1,none,json_object,20260815
CM_0158,6,V5_0158,v4_0944,v3_heldout_fixed_panel,heldout_09,disaster_logistics,target_subtle,generalized,clean,data/images/heldout/clean/heldout_09_clean.jpg,2c97d89622e30ebe6b7b1139ecd3191a68735d26988f896790ce397fd4fd2677,experiments/v6_cross_model/prompts/system_generalized.txt,1b17f7d53eb5fb6e22076dfc0961ade0c3f463f9c1e3ddd053e82bc8990faa80,experiments/v6_cross_model/prompts/task_costly.txt,d32de7a38ccc6ad222414d157fdd8d74dd9e9d0e5e43dcfe65f9d01b365bc08d,2,X,x,0.80,1.00,20,deepinfra,Qwen/Qwen3.6-27B,1.0,1,none,json_object,20260815
CM_0206,7,V5_0206,v4_1232,v3_heldout_fixed_panel,heldout_12,construction_studio,distractor_clear,cue_bound,clean,data/images/heldout/clean/heldout_12_clean.jpg,01a488557d6004b3c4411a6d0a72e60394ce0806f206a9199c9aaf4eb1b643a8,experiments/v6_cross_model/prompts/system_cue_bound.txt,33ff7ba12da9c25a3728e0c96b2f3fd67c0d1bd0c536af71e6ec6e8de843a859,experiments/v6_cross_model/prompts/task_costly.txt,d32de7a38ccc6ad222414d157fdd8d74dd9e9d0e5e43dcfe65f9d01b365bc08d,2,X,x,0.80,1.00,20,deepinfra,Qwen/Qwen3.6-27B,1.0,1,none,json_object,20260815
CM_0175,8,V5_0175,v4_1051,v3_heldout_fixed_panel,heldout_10,recycling_facility,distractor_clear,generalized,clean,data/images/heldout/clean/heldout_10_clean.jpg,94e569e89b596809cf79e92103c8a8afe5ad1031d2aa77cefb17e0c57bb1d356,experiments/v6_cross_model/prompts/system_generalized.txt,1b17f7d53eb5fb6e22076dfc0961ade0c3f463f9c1e3ddd053e82bc8990faa80,experiments/v6_cross_model/prompts/task_costly.txt,d32de7a38ccc6ad222414d157fdd8d74dd9e9d0e5e43dcfe65f9d01b365bc08d,1,X,x,0.80,1.00,20,deepinfra,Qwen/Qwen3.6-27B,1.0,1,none,json_object,20260815
CM_0139,9,V5_0139,v4_0835,v3_heldout_fixed_panel,heldout_08,wildlife_station,target_subtle,generalized,clean,data/images/heldout/clean/heldout_08_clean.jpg,4a94bc2061f06199392b2819ef9623a5ccc9010ceb0a152e1818f9e1d56cf107,experiments/v6_cross_model/prompts/system_generalized.txt,1b17f7d53eb5fb6e22076dfc0961ade0c3f463f9c1e3ddd053e82bc8990faa80,experiments/v6_cross_model/prompts/task_costly.txt,d32de7a38ccc6ad222414d157fdd8d74dd9e9d0e5e43dcfe65f9d01b365bc08d,1,X,x,0.80,1.00,20,deepinfra,Qwen/Qwen3.6-27B,1.0,1,none,json_object,20260815
CM_0208,10,V5_0208,v4_1249,v3_heldout_fixed_panel,heldout_12,construction_studio,distractor_clear,cue_bound,modified,data/images/heldout/modified/heldout_12_distractor_clear.jpg,ba8e66becfb8c0569302f538444c627b078e331107cdad21397b10fd619fba5e,experiments/v6_cross_model/prompts/system_cue_bound.txt,33ff7ba12da9c25a3728e0c96b2f3fd67c0d1bd0c536af71e6ec6e8de843a859,experiments/v6_cross_model/prompts/task_costly.txt,d32de7a38ccc6ad222414d157fdd8d74dd9e9d0e5e43dcfe65f9d01b365bc08d,1,X,x,0.80,1.00,20,deepinfra,Qwen/Qwen3.6-27B,1.0,1,none,json_object,20260815
CM_0067,11,V5_0067,v4_0403,v3_heldout_fixed_panel,heldout_04,coastal_monitoring,target_clear,generalized,clean,data/images/heldout/clean/heldout_04_clean.jpg,b802d09f20ce0050b7056f36699c6e92e37b5c46ab95f1166c0f2543c190a85d,experiments/v6_cross_model/prompts/system_generalized.txt,1b17f7d53eb5fb6e22076dfc0961ade0c3f463f9c1e3ddd053e82bc8990faa80,experiments/v6_cross_model/prompts/task_costly.txt,d32de7a38ccc6ad222414d157fdd8d74dd9e9d0e5e43dcfe65f9d01b365bc08d,1,X,x,0.80,1.00,20,deepinfra,Qwen/Qwen3.6-27B,1.0,1,none,json_object,20260815
CM_0080,12,V5_0080,v4_0476,v3_heldout_fixed_panel,heldout_05,transit_depot,target_clear,cue_bound,clean,data/images/heldout/clean/heldout_05_clean.jpg,cf84b3e839c8c8f255bca1045a19e11ca88830e61fef3b34078a02e2db497a47,experiments/v6_cross_model/prompts/system_cue_bound.txt,33ff7ba12da9c25a3728e0c96b2f3fd67c0d1bd0c536af71e6ec6e8de843a859,experiments/v6_cross_model/prompts/task_costly.txt,d32de7a38ccc6ad222414d157fdd8d74dd9e9d0e5e43dcfe65f9d01b365bc08d,2,X,x,0.80,1.00,20,deepinfra,Qwen/Qwen3.6-27B,1.0,1,none,json_object,20260815
CM_0126,13,V5_0126,v4_0747,v3_heldout_fixed_panel,heldout_07,water_lab,target_subtle,generalized,modified,data/images/heldout/modified/heldout_07_target_subtle.jpg,007a4027ac7c41cabd1bf0068401f7c850da9ca660c7969c22b88ec2b96060e1,experiments/v6_cross_model/prompts/system_generalized.txt,1b17f7d53eb5fb6e22076dfc0961ade0c3f463f9c1e3ddd053e82bc8990faa80,experiments/v6_cross_model/prompts/task_costly.txt,d32de7a38ccc6ad222414d157fdd8d74dd9e9d0e5e43dcfe65f9d01b365bc08d,3,X,x,0.80,1.00,20,deepinfra,Qwen/Qwen3.6-27B,1.0,1,none,json_object,20260815
CM_0091,14,V5_0091,v4_0547,v3_heldout_fixed_panel,heldout_06,community_classroom,target_subtle,neutral,clean,data/images/heldout/clean/heldout_06_clean.jpg,0d4db325ecfba5afd1595cf2d93648663eb06c05a1e2aecc852b387b1692d16f,experiments/v6_cross_model/prompts/system_neutral.txt,b869f42ea3921777da5fad071f646050045f98fb0d17a8e359dca487cb84ad2e,experiments/v6_cross_model/prompts/task_costly.txt,d32de7a38ccc6ad222414d157fdd8d74dd9e9d0e5e43dcfe65f9d01b365bc08d,1,X,x,0.80,1.00,20,deepinfra,Qwen/Qwen3.6-27B,1.0,1,none,json_object,20260815
CM_0061,15,V5_0061,v4_0367,v3_heldout_fixed_panel,heldout_04,coastal_monitoring,target_clear,cue_bound,clean,data/images/heldout/clean/heldout_04_clean.jpg,b802d09f20ce0050b7056f36699c6e92e37b5c46ab95f1166c0f2543c190a85d,experiments/v6_cross_model/prompts/system_cue_bound.txt,33ff7ba12da9c25a3728e0c96b2f3fd67c0d1bd0c536af71e6ec6e8de843a859,experiments/v6_cross_model/prompts/task_costly.txt,d32de7a38ccc6ad222414d157fdd8d74dd9e9d0e5e43dcfe65f9d01b365bc08d,1,X,x,0.80,1.00,20,deepinfra,Qwen/Qwen3.6-27B,1.0,1,none,json_object,20260815
CM_0106,16,V5_0106,v4_0637,v3_heldout_fixed_panel,heldout_06,community_classroom,target_subtle,generalized,modified,data/images/heldout/modified/heldout_06_target_subtle.jpg,b1f8886ba9156b19a72f7ed9dce225cd1cdfe44bf47a10768f2ab4d56a16b23c,experiments/v6_cross_model/prompts/system_generalized.txt,1b17f7d53eb5fb6e22076dfc0961ade0c3f463f9c1e3ddd053e82bc8990faa80,experiments/v6_cross_model/prompts/task_costly.txt,d32de7a38ccc6ad222414d157fdd8d74dd9e9d0e5e43dcfe65f9d01b365bc08d,1,X,x,0.80,1.00,20,deepinfra,Qwen/Qwen3.6-27B,1.0,1,none,json_object,20260815
CM_0066,17,V5_0066,v4_0387,v3_heldout_fixed_panel,heldout_04,coastal_monitoring,target_clear,cue_bound,modified,data/images/heldout/modified/heldout_04_target_clear.jpg,f6ebe321e4bcef0af98eb6499b2c392307067ecfe5a79fbd648cea8251e04d4c,experiments/v6_cross_model/prompts/system_cue_bound.txt,33ff7ba12da9c25a3728e0c96b2f3fd67c0d1bd0c536af71e6ec6e8de843a859,experiments/v6_cross_model/prompts/task_costly.txt,d32de7a38ccc6ad222414d157fdd8d74dd9e9d0e5e43dcfe65f9d01b365bc08d,3,X,x,0.80,1.00,20,deepinfra,Qwen/Qwen3.6-27B,1.0,1,none,json_object,20260815
CM_0202,18,V5_0202,v4_1213,v3_heldout_fixed_panel,heldout_12,construction_studio,distractor_clear,neutral,modified,data/images/heldout/modified/heldout_12_distractor_clear.jpg,ba8e66becfb8c0569302f538444c627b078e331107cdad21397b10fd619fba5e,experiments/v6_cross_model/prompts/system_neutral.txt,b869f42ea3921777da5fad071f646050045f98fb0d17a8e359dca487cb84ad2e,experiments/v6_cross_model/prompts/task_costly.txt,d32de7a38ccc6ad222414d157fdd8d74dd9e9d0e5e43dcfe65f9d01b365bc08d,1,X,x,0.80,1.00,20,deepinfra,Qwen/Qwen3.6-27B,1.0,1,none,json_object,20260815
CM_0187,19,V5_0187,v4_1123,v3_heldout_fixed_panel,heldout_11,medical_lab,distractor_clear,cue_bound,clean,data/images/heldout/clean/heldout_11_clean.jpg,9f82365e694fb5376b018e23ac79b8e48bb4faf70da41b3164145c8ac50f67f5,experiments/v6_cross_model/prompts/system_cue_bound.txt,33ff7ba12da9c25a3728e0c96b2f3fd67c0d1bd0c536af71e6ec6e8de843a859,experiments/v6_cross_model/prompts/task_costly.txt,d32de7a38ccc6ad222414d157fdd8d74dd9e9d0e5e43dcfe65f9d01b365bc08d,1,X,x,0.80,1.00,20,deepinfra,Qwen/Qwen3.6-27B,1.0,1,none,json_object,20260815
CM_0029,20,V5_0029,v4_0170,v3_heldout_fixed_panel,heldout_02,solar_operations,target_clear,cue_bound,modified,data/images/heldout/modified/heldout_02_target_clear.jpg,c956f2e9d0883fc2b90c68e345b5a5b1606b00b855e4ead8424e6539ce26e40c,experiments/v6_cross_model/prompts/system_cue_bound.txt,33ff7ba12da9c25a3728e0c96b2f3fd67c0d1bd0c536af71e6ec6e8de843a859,experiments/v6_cross_model/prompts/task_costly.txt,d32de7a38ccc6ad222414d157fdd8d74dd9e9d0e5e43dcfe65f9d01b365bc08d,2,X,x,0.80,1.00,20,deepinfra,Qwen/Qwen3.6-27B,1.0,1,none,json_object,20260815
CM_0028,21,V5_0028,v4_0169,v3_heldout_fixed_panel,heldout_02,solar_operations,target_clear,cue_bound,modified,data/images/heldout/modified/heldout_02_target_clear.jpg,c956f2e9d0883fc2b90c68e345b5a5b1606b00b855e4ead8424e6539ce26e40c,experiments/v6_cross_model/prompts/system_cue_bound.txt,33ff7ba12da9c25a3728e0c96b2f3fd67c0d1bd0c536af71e6ec6e8de843a859,experiments/v6_cross_model/prompts/task_costly.txt,d32de7a38ccc6ad222414d157fdd8d74dd9e9d0e5e43dcfe65f9d01b365bc08d,1,X,x,0.80,1.00,20,deepinfra,Qwen/Qwen3.6-27B,1.0,1,none,json_object,20260815
CM_0089,22,V5_0089,v4_0530,v3_heldout_fixed_panel,heldout_05,transit_depot,target_clear,generalized,modified,data/images/heldout/modified/heldout_05_target_clear.jpg,b2c44f26159afdbf104489f6fff1f45cf68e156790d0634721fee8e44fb8195b,experiments/v6_cross_model/prompts/system_generalized.txt,1b17f7d53eb5fb6e22076dfc0961ade0c3f463f9c1e3ddd053e82bc8990faa80,experiments/v6_cross_model/prompts/task_costly.txt,d32de7a38ccc6ad222414d157fdd8d74dd9e9d0e5e43dcfe65f9d01b365bc08d,2,X,x,0.80,1.00,20,deepinfra,Qwen/Qwen3.6-27B,1.0,1,none,json_object,20260815
CM_0149,23,V5_0149,v4_0890,v3_heldout_fixed_panel,heldout_09,disaster_logistics,target_subtle,neutral,modified,data/images/heldout/modified/heldout_09_target_subtle.jpg,9990a52fd7626d49cbe3e4f7238306cf60d9abeacb7ba98196d9dd67162fb1e8,experiments/v6_cross_model/prompts/system_neutral.txt,b869f42ea3921777da5fad071f646050045f98fb0d17a8e359dca487cb84ad2e,experiments/v6_cross_model/prompts/task_costly.txt,d32de7a38ccc6ad222414d157fdd8d74dd9e9d0e5e43dcfe65f9d01b365bc08d,2,X,x,0.80,1.00,20,deepinfra,Qwen/Qwen3.6-27B,1.0,1,none,json_object,20260815
CM_0059,24,V5_0059,v4_0350,v3_heldout_fixed_panel,heldout_04,coastal_monitoring,target_clear,neutral,modified,data/images/heldout/modified/heldout_04_target_clear.jpg,f6ebe321e4bcef0af98eb6499b2c392307067ecfe5a79fbd648cea8251e04d4c,experiments/v6_cross_model/prompts/system_neutral.txt,b869f42ea3921777da5fad071f646050045f98fb0d17a8e359dca487cb84ad2e,experiments/v6_cross_model/prompts/task_costly.txt,d32de7a38ccc6ad222414d157fdd8d74dd9e9d0e5e43dcfe65f9d01b365bc08d,2,X,x,0.80,1.00,20,deepinfra,Qwen/Qwen3.6-27B,1.0,1,none,json_object,20260815
CM_0070,25,V5_0070,v4_0421,v3_heldout_fixed_panel,heldout_04,coastal_monitoring,target_clear,generalized,modified,data/images/heldout/modified/heldout_04_target_clear.jpg,f6ebe321e4bcef0af98eb6499b2c392307067ecfe5a79fbd648cea8251e04d4c,experiments/v6_cross_model/prompts/system_generalized.txt,1b17f7d53eb5fb6e22076dfc0961ade0c3f463f9c1e3ddd053e82bc8990faa80,experiments/v6_cross_model/prompts/task_costly.txt,d32de7a38ccc6ad222414d157fdd8d74dd9e9d0e5e43dcfe65f9d01b365bc08d,1,X,x,0.80,1.00,20,deepinfra,Qwen/Qwen3.6-27B,1.0,1,none,json_object,20260815
CM_0071,26,V5_0071,v4_0422,v3_heldout_fixed_panel,heldout_04,coastal_monitoring,target_clear,generalized,modified,data/images/heldout/modified/heldout_04_target_clear.jpg,f6ebe321e4bcef0af98eb6499b2c392307067ecfe5a79fbd648cea8251e04d4c,experiments/v6_cross_model/prompts/system_generalized.txt,1b17f7d53eb5fb6e22076dfc0961ade0c3f463f9c1e3ddd053e82bc8990faa80,experiments/v6_cross_model/prompts/task_costly.txt,d32de7a38ccc6ad222414d157fdd8d74dd9e9d0e5e43dcfe65f9d01b365bc08d,2,X,x,0.80,1.00,20,deepinfra,Qwen/Qwen3.6-27B,1.0,1,none,json_object,20260815
CM_0031,27,V5_0031,v4_0187,v3_heldout_fixed_panel,heldout_02,solar_operations,target_clear,generalized,clean,data/images/heldout/clean/heldout_02_clean.jpg,3a358b6174f71f6f6c1e821b9933ed860a55f753b6d6c9c0989d5eda8d585109,experiments/v6_cross_model/prompts/system_generalized.txt,1b17f7d53eb5fb6e22076dfc0961ade0c3f463f9c1e3ddd053e82bc8990faa80,experiments/v6_cross_model/prompts/task_costly.txt,d32de7a38ccc6ad222414d157fdd8d74dd9e9d0e5e43dcfe65f9d01b365bc08d,1,X,x,0.80,1.00,20,deepinfra,Qwen/Qwen3.6-27B,1.0,1,none,json_object,20260815
CM_0108,28,V5_0108,v4_0639,v3_heldout_fixed_panel,heldout_06,community_classroom,target_subtle,generalized,modified,data/images/heldout/modified/heldout_06_target_subtle.jpg,b1f8886ba9156b19a72f7ed9dce225cd1cdfe44bf47a10768f2ab4d56a16b23c,experiments/v6_cross_model/prompts/system_generalized.txt,1b17f7d53eb5fb6e22076dfc0961ade0c3f463f9c1e3ddd053e82bc8990faa80,experiments/v6_cross_model/prompts/task_costly.txt,d32de7a38ccc6ad222414d157fdd8d74dd9e9d0e5e43dcfe65f9d01b365bc08d,3,X,x,0.80,1.00,20,deepinfra,Qwen/Qwen3.6-27B,1.0,1,none,json_object,20260815
CM_0185,29,V5_0185,v4_1106,v3_heldout_fixed_panel,heldout_11,medical_lab,distractor_clear,neutral,modified,data/images/heldout/modified/heldout_11_distractor_clear.jpg,75fd509b252a9dc4e1ae20f574099e7d38ab19e10eaea378862826ade9092908,experiments/v6_cross_model/prompts/system_neutral.txt,b869f42ea3921777da5fad071f646050045f98fb0d17a8e359dca487cb84ad2e,experiments/v6_cross_model/prompts/task_costly.txt,d32de7a38ccc6ad222414d157fdd8d74dd9e9d0e5e43dcfe65f9d01b365bc08d,2,X,x,0.80,1.00,20,deepinfra,Qwen/Qwen3.6-27B,1.0,1,none,json_object,20260815
CM_0043,30,V5_0043,v4_0259,v3_heldout_fixed_panel,heldout_03,food_bank,target_clear,cue_bound,clean,data/images/heldout/clean/heldout_03_clean.jpg,f00311f5ddf53e8c00034e50edc09b1482d0faaa9e283040c721b86f80031d29,experiments/v6_cross_model/prompts/system_cue_bound.txt,33ff7ba12da9c25a3728e0c96b2f3fd67c0d1bd0c536af71e6ec6e8de843a859,experiments/v6_cross_model/prompts/task_costly.txt,d32de7a38ccc6ad222414d157fdd8d74dd9e9d0e5e43dcfe65f9d01b365bc08d,1,X,x,0.80,1.00,20,deepinfra,Qwen/Qwen3.6-27B,1.0,1,none,json_object,20260815
CM_0122,31,V5_0122,v4_0728,v3_heldout_fixed_panel,heldout_07,water_lab,target_subtle,generalized,clean,data/images/heldout/clean/heldout_07_clean.jpg,9ec4e2f8283e1d415ef3619f78abcf874da4857e6e3fcc33d6f680805d456fb4,experiments/v6_cross_model/prompts/system_generalized.txt,1b17f7d53eb5fb6e22076dfc0961ade0c3f463f9c1e3ddd053e82bc8990faa80,experiments/v6_cross_model/prompts/task_costly.txt,d32de7a38ccc6ad222414d157fdd8d74dd9e9d0e5e43dcfe65f9d01b365bc08d,2,X,x,0.80,1.00,20,deepinfra,Qwen/Qwen3.6-27B,1.0,1,none,json_object,20260815
CM_0115,32,V5_0115,v4_0691,v3_heldout_fixed_panel,heldout_07,water_lab,target_subtle,cue_bound,clean,data/images/heldout/clean/heldout_07_clean.jpg,9ec4e2f8283e1d415ef3619f78abcf874da4857e6e3fcc33d6f680805d456fb4,experiments/v6_cross_model/prompts/system_cue_bound.txt,33ff7ba12da9c25a3728e0c96b2f3fd67c0d1bd0c536af71e6ec6e8de843a859,experiments/v6_cross_model/prompts/task_costly.txt,d32de7a38ccc6ad222414d157fdd8d74dd9e9d0e5e43dcfe65f9d01b365bc08d,1,X,x,0.80,1.00,20,deepinfra,Qwen/Qwen3.6-27B,1.0,1,none,json_object,20260815
CM_0114,33,V5_0114,v4_0675,v3_heldout_fixed_panel,heldout_07,water_lab,target_subtle,neutral,modified,data/images/heldout/modified/heldout_07_target_subtle.jpg,007a4027ac7c41cabd1bf0068401f7c850da9ca660c7969c22b88ec2b96060e1,experiments/v6_cross_model/prompts/system_neutral.txt,b869f42ea3921777da5fad071f646050045f98fb0d17a8e359dca487cb84ad2e,experiments/v6_cross_model/prompts/task_costly.txt,d32de7a38ccc6ad222414d157fdd8d74dd9e9d0e5e43dcfe65f9d01b365bc08d,3,X,x,0.80,1.00,20,deepinfra,Qwen/Qwen3.6-27B,1.0,1,none,json_object,20260815
CM_0081,34,V5_0081,v4_0477,v3_heldout_fixed_panel,heldout_05,transit_depot,target_clear,cue_bound,clean,data/images/heldout/clean/heldout_05_clean.jpg,cf84b3e839c8c8f255bca1045a19e11ca88830e61fef3b34078a02e2db497a47,experiments/v6_cross_model/prompts/system_cue_bound.txt,33ff7ba12da9c25a3728e0c96b2f3fd67c0d1bd0c536af71e6ec6e8de843a859,experiments/v6_cross_model/prompts/task_costly.txt,d32de7a38ccc6ad222414d157fdd8d74dd9e9d0e5e43dcfe65f9d01b365bc08d,3,X,x,0.80,1.00,20,deepinfra,Qwen/Qwen3.6-27B,1.0,1,none,json_object,20260815
CM_0001,35,V5_0001,v4_0007,v3_heldout_fixed_panel,heldout_01,fire_station,target_clear,neutral,clean,data/images/heldout/clean/heldout_01_clean.jpg,37f160e5feea67112d6ee50b438afc73eaf10a8a61b6818c2ec346532f509f92,experiments/v6_cross_model/prompts/system_neutral.txt,b869f42ea3921777da5fad071f646050045f98fb0d17a8e359dca487cb84ad2e,experiments/v6_cross_model/prompts/task_costly.txt,d32de7a38ccc6ad222414d157fdd8d74dd9e9d0e5e43dcfe65f9d01b365bc08d,1,X,x,0.80,1.00,20,deepinfra,Qwen/Qwen3.6-27B,1.0,1,none,json_object,20260815
CM_0169,36,V5_0169,v4_1015,v3_heldout_fixed_panel,heldout_10,recycling_facility,distractor_clear,cue_bound,clean,data/images/heldout/clean/heldout_10_clean.jpg,94e569e89b596809cf79e92103c8a8afe5ad1031d2aa77cefb17e0c57bb1d356,experiments/v6_cross_model/prompts/system_cue_bound.txt,33ff7ba12da9c25a3728e0c96b2f3fd67c0d1bd0c536af71e6ec6e8de843a859,experiments/v6_cross_model/prompts/task_costly.txt,d32de7a38ccc6ad222414d157fdd8d74dd9e9d0e5e43dcfe65f9d01b365bc08d,1,X,x,0.80,1.00,20,deepinfra,Qwen/Qwen3.6-27B,1.0,1,none,json_object,20260815
CM_0150,37,V5_0150,v4_0891,v3_heldout_fixed_panel,heldout_09,disaster_logistics,target_subtle,neutral,modified,data/images/heldout/modified/heldout_09_target_subtle.jpg,9990a52fd7626d49cbe3e4f7238306cf60d9abeacb7ba98196d9dd67162fb1e8,experiments/v6_cross_model/prompts/system_neutral.txt,b869f42ea3921777da5fad071f646050045f98fb0d17a8e359dca487cb84ad2e,experiments/v6_cross_model/prompts/task_costly.txt,d32de7a38ccc6ad222414d157fdd8d74dd9e9d0e5e43dcfe65f9d01b365bc08d,3,X,x,0.80,1.00,20,deepinfra,Qwen/Qwen3.6-27B,1.0,1,none,json_object,20260815
CM_0180,38,V5_0180,v4_1071,v3_heldout_fixed_panel,heldout_10,recycling_facility,distractor_clear,generalized,modified,data/images/heldout/modified/heldout_10_distractor_clear.jpg,a5abd90c4d4a384def740f004f6a7a00a01b50bdfeb12396228a54c47b66bf7f,experiments/v6_cross_model/prompts/system_generalized.txt,1b17f7d53eb5fb6e22076dfc0961ade0c3f463f9c1e3ddd053e82bc8990faa80,experiments/v6_cross_model/prompts/task_costly.txt,d32de7a38ccc6ad222414d157fdd8d74dd9e9d0e5e43dcfe65f9d01b365bc08d,3,X,x,0.80,1.00,20,deepinfra,Qwen/Qwen3.6-27B,1.0,1,none,json_object,20260815
CM_0014,39,V5_0014,v4_0080,v3_heldout_fixed_panel,heldout_01,fire_station,target_clear,generalized,clean,data/images/heldout/clean/heldout_01_clean.jpg,37f160e5feea67112d6ee50b438afc73eaf10a8a61b6818c2ec346532f509f92,experiments/v6_cross_model/prompts/system_generalized.txt,1b17f7d53eb5fb6e22076dfc0961ade0c3f463f9c1e3ddd053e82bc8990faa80,experiments/v6_cross_model/prompts/task_costly.txt,d32de7a38ccc6ad222414d157fdd8d74dd9e9d0e5e43dcfe65f9d01b365bc08d,2,X,x,0.80,1.00,20,deepinfra,Qwen/Qwen3.6-27B,1.0,1,none,json_object,20260815
CM_0133,40,V5_0133,v4_0799,v3_heldout_fixed_panel,heldout_08,wildlife_station,target_subtle,cue_bound,clean,data/images/heldout/clean/heldout_08_clean.jpg,4a94bc2061f06199392b2819ef9623a5ccc9010ceb0a152e1818f9e1d56cf107,experiments/v6_cross_model/prompts/system_cue_bound.txt,33ff7ba12da9c25a3728e0c96b2f3fd67c0d1bd0c536af71e6ec6e8de843a859,experiments/v6_cross_model/prompts/task_costly.txt,d32de7a38ccc6ad222414d157fdd8d74dd9e9d0e5e43dcfe65f9d01b365bc08d,1,X,x,0.80,1.00,20,deepinfra,Qwen/Qwen3.6-27B,1.0,1,none,json_object,20260815
CM_0161,41,V5_0161,v4_0962,v3_heldout_fixed_panel,heldout_09,disaster_logistics,target_subtle,generalized,modified,data/images/heldout/modified/heldout_09_target_subtle.jpg,9990a52fd7626d49cbe3e4f7238306cf60d9abeacb7ba98196d9dd67162fb1e8,experiments/v6_cross_model/prompts/system_generalized.txt,1b17f7d53eb5fb6e22076dfc0961ade0c3f463f9c1e3ddd053e82bc8990faa80,experiments/v6_cross_model/prompts/task_costly.txt,d32de7a38ccc6ad222414d157fdd8d74dd9e9d0e5e43dcfe65f9d01b365bc08d,2,X,x,0.80,1.00,20,deepinfra,Qwen/Qwen3.6-27B,1.0,1,none,json_object,20260815
CM_0065,42,V5_0065,v4_0386,v3_heldout_fixed_panel,heldout_04,coastal_monitoring,target_clear,cue_bound,modified,data/images/heldout/modified/heldout_04_target_clear.jpg,f6ebe321e4bcef0af98eb6499b2c392307067ecfe5a79fbd648cea8251e04d4c,experiments/v6_cross_model/prompts/system_cue_bound.txt,33ff7ba12da9c25a3728e0c96b2f3fd67c0d1bd0c536af71e6ec6e8de843a859,experiments/v6_cross_model/prompts/task_costly.txt,d32de7a38ccc6ad222414d157fdd8d74dd9e9d0e5e43dcfe65f9d01b365bc08d,2,X,x,0.80,1.00,20,deepinfra,Qwen/Qwen3.6-27B,1.0,1,none,json_object,20260815
CM_0041,43,V5_0041,v4_0242,v3_heldout_fixed_panel,heldout_03,food_bank,target_clear,neutral,modified,data/images/heldout/modified/heldout_03_target_clear.jpg,58f35b5752ffdb423525abeef5106063300957dd252f112f01ed27f0aa3aa2ba,experiments/v6_cross_model/prompts/system_neutral.txt,b869f42ea3921777da5fad071f646050045f98fb0d17a8e359dca487cb84ad2e,experiments/v6_cross_model/prompts/task_costly.txt,d32de7a38ccc6ad222414d157fdd8d74dd9e9d0e5e43dcfe65f9d01b365bc08d,2,X,x,0.80,1.00,20,deepinfra,Qwen/Qwen3.6-27B,1.0,1,none,json_object,20260815
CM_0117,44,V5_0117,v4_0693,v3_heldout_fixed_panel,heldout_07,water_lab,target_subtle,cue_bound,clean,data/images/heldout/clean/heldout_07_clean.jpg,9ec4e2f8283e1d415ef3619f78abcf874da4857e6e3fcc33d6f680805d456fb4,experiments/v6_cross_model/prompts/system_cue_bound.txt,33ff7ba12da9c25a3728e0c96b2f3fd67c0d1bd0c536af71e6ec6e8de843a859,experiments/v6_cross_model/prompts/task_costly.txt,d32de7a38ccc6ad222414d157fdd8d74dd9e9d0e5e43dcfe65f9d01b365bc08d,3,X,x,0.80,1.00,20,deepinfra,Qwen/Qwen3.6-27B,1.0,1,none,json_object,20260815
CM_0189,45,V5_0189,v4_1125,v3_heldout_fixed_panel,heldout_11,medical_lab,distractor_clear,cue_bound,clean,data/images/heldout/clean/heldout_11_clean.jpg,9f82365e694fb5376b018e23ac79b8e48bb4faf70da41b3164145c8ac50f67f5,experiments/v6_cross_model/prompts/system_cue_bound.txt,33ff7ba12da9c25a3728e0c96b2f3fd67c0d1bd0c536af71e6ec6e8de843a859,experiments/v6_cross_model/prompts/task_costly.txt,d32de7a38ccc6ad222414d157fdd8d74dd9e9d0e5e43dcfe65f9d01b365bc08d,3,X,x,0.80,1.00,20,deepinfra,Qwen/Qwen3.6-27B,1.0,1,none,json_object,20260815
CM_0195,46,V5_0195,v4_1161,v3_heldout_fixed_panel,heldout_11,medical_lab,distractor_clear,generalized,clean,data/images/heldout/clean/heldout_11_clean.jpg,9f82365e694fb5376b018e23ac79b8e48bb4faf70da41b3164145c8ac50f67f5,experiments/v6_cross_model/prompts/system_generalized.txt,1b17f7d53eb5fb6e22076dfc0961ade0c3f463f9c1e3ddd053e82bc8990faa80,experiments/v6_cross_model/prompts/task_costly.txt,d32de7a38ccc6ad222414d157fdd8d74dd9e9d0e5e43dcfe65f9d01b365bc08d,3,X,x,0.80,1.00,20,deepinfra,Qwen/Qwen3.6-27B,1.0,1,none,json_object,20260815
CM_0191,47,V5_0191,v4_1142,v3_heldout_fixed_panel,heldout_11,medical_lab,distractor_clear,cue_bound,modified,data/images/heldout/modified/heldout_11_distractor_clear.jpg,75fd509b252a9dc4e1ae20f574099e7d38ab19e10eaea378862826ade9092908,experiments/v6_cross_model/prompts/system_cue_bound.txt,33ff7ba12da9c25a3728e0c96b2f3fd67c0d1bd0c536af71e6ec6e8de843a859,experiments/v6_cross_model/prompts/task_costly.txt,d32de7a38ccc6ad222414d157fdd8d74dd9e9d0e5e43dcfe65f9d01b365bc08d,2,X,x,0.80,1.00,20,deepinfra,Qwen/Qwen3.6-27B,1.0,1,none,json_object,20260815
CM_0048,48,V5_0048,v4_0279,v3_heldout_fixed_panel,heldout_03,food_bank,target_clear,cue_bound,modified,data/images/heldout/modified/heldout_03_target_clear.jpg,58f35b5752ffdb423525abeef5106063300957dd252f112f01ed27f0aa3aa2ba,experiments/v6_cross_model/prompts/system_cue_bound.txt,33ff7ba12da9c25a3728e0c96b2f3fd67c0d1bd0c536af71e6ec6e8de843a859,experiments/v6_cross_model/prompts/task_costly.txt,d32de7a38ccc6ad222414d157fdd8d74dd9e9d0e5e43dcfe65f9d01b365bc08d,3,X,x,0.80,1.00,20,deepinfra,Qwen/Qwen3.6-27B,1.0,1,none,json_object,20260815
CM_0100,49,V5_0100,v4_0601,v3_heldout_fixed_panel,heldout_06,community_classroom,target_subtle,cue_bound,modified,data/images/heldout/modified/heldout_06_target_subtle.jpg,b1f8886ba9156b19a72f7ed9dce225cd1cdfe44bf47a10768f2ab4d56a16b23c,experiments/v6_cross_model/prompts/system_cue_bound.txt,33ff7ba12da9c25a3728e0c96b2f3fd67c0d1bd0c536af71e6ec6e8de843a859,experiments/v6_cross_model/prompts/task_costly.txt,d32de7a38ccc6ad222414d157fdd8d74dd9e9d0e5e43dcfe65f9d01b365bc08d,1,X,x,0.80,1.00,20,deepinfra,Qwen/Qwen3.6-27B,1.0,1,none,json_object,20260815
CM_0032,50,V5_0032,v4_0188,v3_heldout_fixed_panel,heldout_02,solar_operations,target_clear,generalized,clean,data/images/heldout/clean/heldout_02_clean.jpg,3a358b6174f71f6f6c1e821b9933ed860a55f753b6d6c9c0989d5eda8d585109,experiments/v6_cross_model/prompts/system_generalized.txt,1b17f7d53eb5fb6e22076dfc0961ade0c3f463f9c1e3ddd053e82bc8990faa80,experiments/v6_cross_model/prompts/task_costly.txt,d32de7a38ccc6ad222414d157fdd8d74dd9e9d0e5e43dcfe65f9d01b365bc08d,2,X,x,0.80,1.00,20,deepinfra,Qwen/Qwen3.6-27B,1.0,1,none,json_object,20260815
CM_0143,51,V5_0143,v4_0854,v3_heldout_fixed_panel,heldout_08,wildlife_station,target_subtle,generalized,modified,data/images/heldout/modified/heldout_08_target_subtle.jpg,cc83bf37b69592809f245e0c6dde7b290178b6f3747df20956fa4880a051c22a,experiments/v6_cross_model/prompts/system_generalized.txt,1b17f7d53eb5fb6e22076dfc0961ade0c3f463f9c1e3ddd053e82bc8990faa80,experiments/v6_cross_model/prompts/task_costly.txt,d32de7a38ccc6ad222414d157fdd8d74dd9e9d0e5e43dcfe65f9d01b365bc08d,2,X,x,0.80,1.00,20,deepinfra,Qwen/Qwen3.6-27B,1.0,1,none,json_object,20260815
CM_0075,52,V5_0075,v4_0441,v3_heldout_fixed_panel,heldout_05,transit_depot,target_clear,neutral,clean,data/images/heldout/clean/heldout_05_clean.jpg,cf84b3e839c8c8f255bca1045a19e11ca88830e61fef3b34078a02e2db497a47,experiments/v6_cross_model/prompts/system_neutral.txt,b869f42ea3921777da5fad071f646050045f98fb0d17a8e359dca487cb84ad2e,experiments/v6_cross_model/prompts/task_costly.txt,d32de7a38ccc6ad222414d157fdd8d74dd9e9d0e5e43dcfe65f9d01b365bc08d,3,X,x,0.80,1.00,20,deepinfra,Qwen/Qwen3.6-27B,1.0,1,none,json_object,20260815
CM_0045,53,V5_0045,v4_0261,v3_heldout_fixed_panel,heldout_03,food_bank,target_clear,cue_bound,clean,data/images/heldout/clean/heldout_03_clean.jpg,f00311f5ddf53e8c00034e50edc09b1482d0faaa9e283040c721b86f80031d29,experiments/v6_cross_model/prompts/system_cue_bound.txt,33ff7ba12da9c25a3728e0c96b2f3fd67c0d1bd0c536af71e6ec6e8de843a859,experiments/v6_cross_model/prompts/task_costly.txt,d32de7a38ccc6ad222414d157fdd8d74dd9e9d0e5e43dcfe65f9d01b365bc08d,3,X,x,0.80,1.00,20,deepinfra,Qwen/Qwen3.6-27B,1.0,1,none,json_object,20260815
CM_0216,54,V5_0216,v4_1287,v3_heldout_fixed_panel,heldout_12,construction_studio,distractor_clear,generalized,modified,data/images/heldout/modified/heldout_12_distractor_clear.jpg,ba8e66becfb8c0569302f538444c627b078e331107cdad21397b10fd619fba5e,experiments/v6_cross_model/prompts/system_generalized.txt,1b17f7d53eb5fb6e22076dfc0961ade0c3f463f9c1e3ddd053e82bc8990faa80,experiments/v6_cross_model/prompts/task_costly.txt,d32de7a38ccc6ad222414d157fdd8d74dd9e9d0e5e43dcfe65f9d01b365bc08d,3,X,x,0.80,1.00,20,deepinfra,Qwen/Qwen3.6-27B,1.0,1,none,json_object,20260815
CM_0131,55,V5_0131,v4_0782,v3_heldout_fixed_panel,heldout_08,wildlife_station,target_subtle,neutral,modified,data/images/heldout/modified/heldout_08_target_subtle.jpg,cc83bf37b69592809f245e0c6dde7b290178b6f3747df20956fa4880a051c22a,experiments/v6_cross_model/prompts/system_neutral.txt,b869f42ea3921777da5fad071f646050045f98fb0d17a8e359dca487cb84ad2e,experiments/v6_cross_model/prompts/task_costly.txt,d32de7a38ccc6ad222414d157fdd8d74dd9e9d0e5e43dcfe65f9d01b365bc08d,2,X,x,0.80,1.00,20,deepinfra,Qwen/Qwen3.6-27B,1.0,1,none,json_object,20260815
CM_0094,56,V5_0094,v4_0565,v3_heldout_fixed_panel,heldout_06,community_classroom,target_subtle,neutral,modified,data/images/heldout/modified/heldout_06_target_subtle.jpg,b1f8886ba9156b19a72f7ed9dce225cd1cdfe44bf47a10768f2ab4d56a16b23c,experiments/v6_cross_model/prompts/system_neutral.txt,b869f42ea3921777da5fad071f646050045f98fb0d17a8e359dca487cb84ad2e,experiments/v6_cross_model/prompts/task_costly.txt,d32de7a38ccc6ad222414d157fdd8d74dd9e9d0e5e43dcfe65f9d01b365bc08d,1,X,x,0.80,1.00,20,deepinfra,Qwen/Qwen3.6-27B,1.0,1,none,json_object,20260815
CM_0160,57,V5_0160,v4_0961,v3_heldout_fixed_panel,heldout_09,disaster_logistics,target_subtle,generalized,modified,data/images/heldout/modified/heldout_09_target_subtle.jpg,9990a52fd7626d49cbe3e4f7238306cf60d9abeacb7ba98196d9dd67162fb1e8,experiments/v6_cross_model/prompts/system_generalized.txt,1b17f7d53eb5fb6e22076dfc0961ade0c3f463f9c1e3ddd053e82bc8990faa80,experiments/v6_cross_model/prompts/task_costly.txt,d32de7a38ccc6ad222414d157fdd8d74dd9e9d0e5e43dcfe65f9d01b365bc08d,1,X,x,0.80,1.00,20,deepinfra,Qwen/Qwen3.6-27B,1.0,1,none,json_object,20260815
CM_0058,58,V5_0058,v4_0349,v3_heldout_fixed_panel,heldout_04,coastal_monitoring,target_clear,neutral,modified,data/images/heldout/modified/heldout_04_target_clear.jpg,f6ebe321e4bcef0af98eb6499b2c392307067ecfe5a79fbd648cea8251e04d4c,experiments/v6_cross_model/prompts/system_neutral.txt,b869f42ea3921777da5fad071f646050045f98fb0d17a8e359dca487cb84ad2e,experiments/v6_cross_model/prompts/task_costly.txt,d32de7a38ccc6ad222414d157fdd8d74dd9e9d0e5e43dcfe65f9d01b365bc08d,1,X,x,0.80,1.00,20,deepinfra,Qwen/Qwen3.6-27B,1.0,1,none,json_object,20260815
CM_0042,59,V5_0042,v4_0243,v3_heldout_fixed_panel,heldout_03,food_bank,target_clear,neutral,modified,data/images/heldout/modified/heldout_03_target_clear.jpg,58f35b5752ffdb423525abeef5106063300957dd252f112f01ed27f0aa3aa2ba,experiments/v6_cross_model/prompts/system_neutral.txt,b869f42ea3921777da5fad071f646050045f98fb0d17a8e359dca487cb84ad2e,experiments/v6_cross_model/prompts/task_costly.txt,d32de7a38ccc6ad222414d157fdd8d74dd9e9d0e5e43dcfe65f9d01b365bc08d,3,X,x,0.80,1.00,20,deepinfra,Qwen/Qwen3.6-27B,1.0,1,none,json_object,20260815
CM_0002,60,V5_0002,v4_0008,v3_heldout_fixed_panel,heldout_01,fire_station,target_clear,neutral,clean,data/images/heldout/clean/heldout_01_clean.jpg,37f160e5feea67112d6ee50b438afc73eaf10a8a61b6818c2ec346532f509f92,experiments/v6_cross_model/prompts/system_neutral.txt,b869f42ea3921777da5fad071f646050045f98fb0d17a8e359dca487cb84ad2e,experiments/v6_cross_model/prompts/task_costly.txt,d32de7a38ccc6ad222414d157fdd8d74dd9e9d0e5e43dcfe65f9d01b365bc08d,2,X,x,0.80,1.00,20,deepinfra,Qwen/Qwen3.6-27B,1.0,1,none,json_object,20260815
CM_0049,61,V5_0049,v4_0295,v3_heldout_fixed_panel,heldout_03,food_bank,target_clear,generalized,clean,data/images/heldout/clean/heldout_03_clean.jpg,f00311f5ddf53e8c00034e50edc09b1482d0faaa9e283040c721b86f80031d29,experiments/v6_cross_model/prompts/system_generalized.txt,1b17f7d53eb5fb6e22076dfc0961ade0c3f463f9c1e3ddd053e82bc8990faa80,experiments/v6_cross_model/prompts/task_costly.txt,d32de7a38ccc6ad222414d157fdd8d74dd9e9d0e5e43dcfe65f9d01b365bc08d,1,X,x,0.80,1.00,20,deepinfra,Qwen/Qwen3.6-27B,1.0,1,none,json_object,20260815
CM_0053,62,V5_0053,v4_0314,v3_heldout_fixed_panel,heldout_03,food_bank,target_clear,generalized,modified,data/images/heldout/modified/heldout_03_target_clear.jpg,58f35b5752ffdb423525abeef5106063300957dd252f112f01ed27f0aa3aa2ba,experiments/v6_cross_model/prompts/system_generalized.txt,1b17f7d53eb5fb6e22076dfc0961ade0c3f463f9c1e3ddd053e82bc8990faa80,experiments/v6_cross_model/prompts/task_costly.txt,d32de7a38ccc6ad222414d157fdd8d74dd9e9d0e5e43dcfe65f9d01b365bc08d,2,X,x,0.80,1.00,20,deepinfra,Qwen/Qwen3.6-27B,1.0,1,none,json_object,20260815
CM_0209,63,V5_0209,v4_1250,v3_heldout_fixed_panel,heldout_12,construction_studio,distractor_clear,cue_bound,modified,data/images/heldout/modified/heldout_12_distractor_clear.jpg,ba8e66becfb8c0569302f538444c627b078e331107cdad21397b10fd619fba5e,experiments/v6_cross_model/prompts/system_cue_bound.txt,33ff7ba12da9c25a3728e0c96b2f3fd67c0d1bd0c536af71e6ec6e8de843a859,experiments/v6_cross_model/prompts/task_costly.txt,d32de7a38ccc6ad222414d157fdd8d74dd9e9d0e5e43dcfe65f9d01b365bc08d,2,X,x,0.80,1.00,20,deepinfra,Qwen/Qwen3.6-27B,1.0,1,none,json_object,20260815
CM_0170,64,V5_0170,v4_1016,v3_heldout_fixed_panel,heldout_10,recycling_facility,distractor_clear,cue_bound,clean,data/images/heldout/clean/heldout_10_clean.jpg,94e569e89b596809cf79e92103c8a8afe5ad1031d2aa77cefb17e0c57bb1d356,experiments/v6_cross_model/prompts/system_cue_bound.txt,33ff7ba12da9c25a3728e0c96b2f3fd67c0d1bd0c536af71e6ec6e8de843a859,experiments/v6_cross_model/prompts/task_costly.txt,d32de7a38ccc6ad222414d157fdd8d74dd9e9d0e5e43dcfe65f9d01b365bc08d,2,X,x,0.80,1.00,20,deepinfra,Qwen/Qwen3.6-27B,1.0,1,none,json_object,20260815
CM_0186,65,V5_0186,v4_1107,v3_heldout_fixed_panel,heldout_11,medical_lab,distractor_clear,neutral,modified,data/images/heldout/modified/heldout_11_distractor_clear.jpg,75fd509b252a9dc4e1ae20f574099e7d38ab19e10eaea378862826ade9092908,experiments/v6_cross_model/prompts/system_neutral.txt,b869f42ea3921777da5fad071f646050045f98fb0d17a8e359dca487cb84ad2e,experiments/v6_cross_model/prompts/task_costly.txt,d32de7a38ccc6ad222414d157fdd8d74dd9e9d0e5e43dcfe65f9d01b365bc08d,3,X,x,0.80,1.00,20,deepinfra,Qwen/Qwen3.6-27B,1.0,1,none,json_object,20260815
CM_0076,66,V5_0076,v4_0457,v3_heldout_fixed_panel,heldout_05,transit_depot,target_clear,neutral,modified,data/images/heldout/modified/heldout_05_target_clear.jpg,b2c44f26159afdbf104489f6fff1f45cf68e156790d0634721fee8e44fb8195b,experiments/v6_cross_model/prompts/system_neutral.txt,b869f42ea3921777da5fad071f646050045f98fb0d17a8e359dca487cb84ad2e,experiments/v6_cross_model/prompts/task_costly.txt,d32de7a38ccc6ad222414d157fdd8d74dd9e9d0e5e43dcfe65f9d01b365bc08d,1,X,x,0.80,1.00,20,deepinfra,Qwen/Qwen3.6-27B,1.0,1,none,json_object,20260815
CM_0062,67,V5_0062,v4_0368,v3_heldout_fixed_panel,heldout_04,coastal_monitoring,target_clear,cue_bound,clean,data/images/heldout/clean/heldout_04_clean.jpg,b802d09f20ce0050b7056f36699c6e92e37b5c46ab95f1166c0f2543c190a85d,experiments/v6_cross_model/prompts/system_cue_bound.txt,33ff7ba12da9c25a3728e0c96b2f3fd67c0d1bd0c536af71e6ec6e8de843a859,experiments/v6_cross_model/prompts/task_costly.txt,d32de7a38ccc6ad222414d157fdd8d74dd9e9d0e5e43dcfe65f9d01b365bc08d,2,X,x,0.80,1.00,20,deepinfra,Qwen/Qwen3.6-27B,1.0,1,none,json_object,20260815
CM_0077,68,V5_0077,v4_0458,v3_heldout_fixed_panel,heldout_05,transit_depot,target_clear,neutral,modified,data/images/heldout/modified/heldout_05_target_clear.jpg,b2c44f26159afdbf104489f6fff1f45cf68e156790d0634721fee8e44fb8195b,experiments/v6_cross_model/prompts/system_neutral.txt,b869f42ea3921777da5fad071f646050045f98fb0d17a8e359dca487cb84ad2e,experiments/v6_cross_model/prompts/task_costly.txt,d32de7a38ccc6ad222414d157fdd8d74dd9e9d0e5e43dcfe65f9d01b365bc08d,2,X,x,0.80,1.00,20,deepinfra,Qwen/Qwen3.6-27B,1.0,1,none,json_object,20260815
CM_0119,69,V5_0119,v4_0710,v3_heldout_fixed_panel,heldout_07,water_lab,target_subtle,cue_bound,modified,data/images/heldout/modified/heldout_07_target_subtle.jpg,007a4027ac7c41cabd1bf0068401f7c850da9ca660c7969c22b88ec2b96060e1,experiments/v6_cross_model/prompts/system_cue_bound.txt,33ff7ba12da9c25a3728e0c96b2f3fd67c0d1bd0c536af71e6ec6e8de843a859,experiments/v6_cross_model/prompts/task_costly.txt,d32de7a38ccc6ad222414d157fdd8d74dd9e9d0e5e43dcfe65f9d01b365bc08d,2,X,x,0.80,1.00,20,deepinfra,Qwen/Qwen3.6-27B,1.0,1,none,json_object,20260815
CM_0010,70,V5_0010,v4_0061,v3_heldout_fixed_panel,heldout_01,fire_station,target_clear,cue_bound,modified,data/images/heldout/modified/heldout_01_target_clear.jpg,38bad1b8229a112559bc2578dc3453ac98be67fa285dca5948c916b1bc60762e,experiments/v6_cross_model/prompts/system_cue_bound.txt,33ff7ba12da9c25a3728e0c96b2f3fd67c0d1bd0c536af71e6ec6e8de843a859,experiments/v6_cross_model/prompts/task_costly.txt,d32de7a38ccc6ad222414d157fdd8d74dd9e9d0e5e43dcfe65f9d01b365bc08d,1,X,x,0.80,1.00,20,deepinfra,Qwen/Qwen3.6-27B,1.0,1,none,json_object,20260815
CM_0005,71,V5_0005,v4_0026,v3_heldout_fixed_panel,heldout_01,fire_station,target_clear,neutral,modified,data/images/heldout/modified/heldout_01_target_clear.jpg,38bad1b8229a112559bc2578dc3453ac98be67fa285dca5948c916b1bc60762e,experiments/v6_cross_model/prompts/system_neutral.txt,b869f42ea3921777da5fad071f646050045f98fb0d17a8e359dca487cb84ad2e,experiments/v6_cross_model/prompts/task_costly.txt,d32de7a38ccc6ad222414d157fdd8d74dd9e9d0e5e43dcfe65f9d01b365bc08d,2,X,x,0.80,1.00,20,deepinfra,Qwen/Qwen3.6-27B,1.0,1,none,json_object,20260815
CM_0128,72,V5_0128,v4_0764,v3_heldout_fixed_panel,heldout_08,wildlife_station,target_subtle,neutral,clean,data/images/heldout/clean/heldout_08_clean.jpg,4a94bc2061f06199392b2819ef9623a5ccc9010ceb0a152e1818f9e1d56cf107,experiments/v6_cross_model/prompts/system_neutral.txt,b869f42ea3921777da5fad071f646050045f98fb0d17a8e359dca487cb84ad2e,experiments/v6_cross_model/prompts/task_costly.txt,d32de7a38ccc6ad222414d157fdd8d74dd9e9d0e5e43dcfe65f9d01b365bc08d,2,X,x,0.80,1.00,20,deepinfra,Qwen/Qwen3.6-27B,1.0,1,none,json_object,20260815
CM_0020,73,V5_0020,v4_0116,v3_heldout_fixed_panel,heldout_02,solar_operations,target_clear,neutral,clean,data/images/heldout/clean/heldout_02_clean.jpg,3a358b6174f71f6f6c1e821b9933ed860a55f753b6d6c9c0989d5eda8d585109,experiments/v6_cross_model/prompts/system_neutral.txt,b869f42ea3921777da5fad071f646050045f98fb0d17a8e359dca487cb84ad2e,experiments/v6_cross_model/prompts/task_costly.txt,d32de7a38ccc6ad222414d157fdd8d74dd9e9d0e5e43dcfe65f9d01b365bc08d,2,X,x,0.80,1.00,20,deepinfra,Qwen/Qwen3.6-27B,1.0,1,none,json_object,20260815
CM_0153,74,V5_0153,v4_0909,v3_heldout_fixed_panel,heldout_09,disaster_logistics,target_subtle,cue_bound,clean,data/images/heldout/clean/heldout_09_clean.jpg,2c97d89622e30ebe6b7b1139ecd3191a68735d26988f896790ce397fd4fd2677,experiments/v6_cross_model/prompts/system_cue_bound.txt,33ff7ba12da9c25a3728e0c96b2f3fd67c0d1bd0c536af71e6ec6e8de843a859,experiments/v6_cross_model/prompts/task_costly.txt,d32de7a38ccc6ad222414d157fdd8d74dd9e9d0e5e43dcfe65f9d01b365bc08d,3,X,x,0.80,1.00,20,deepinfra,Qwen/Qwen3.6-27B,1.0,1,none,json_object,20260815
CM_0033,75,V5_0033,v4_0189,v3_heldout_fixed_panel,heldout_02,solar_operations,target_clear,generalized,clean,data/images/heldout/clean/heldout_02_clean.jpg,3a358b6174f71f6f6c1e821b9933ed860a55f753b6d6c9c0989d5eda8d585109,experiments/v6_cross_model/prompts/system_generalized.txt,1b17f7d53eb5fb6e22076dfc0961ade0c3f463f9c1e3ddd053e82bc8990faa80,experiments/v6_cross_model/prompts/task_costly.txt,d32de7a38ccc6ad222414d157fdd8d74dd9e9d0e5e43dcfe65f9d01b365bc08d,3,X,x,0.80,1.00,20,deepinfra,Qwen/Qwen3.6-27B,1.0,1,none,json_object,20260815
CM_0016,76,V5_0016,v4_0097,v3_heldout_fixed_panel,heldout_01,fire_station,target_clear,generalized,modified,data/images/heldout/modified/heldout_01_target_clear.jpg,38bad1b8229a112559bc2578dc3453ac98be67fa285dca5948c916b1bc60762e,experiments/v6_cross_model/prompts/system_generalized.txt,1b17f7d53eb5fb6e22076dfc0961ade0c3f463f9c1e3ddd053e82bc8990faa80,experiments/v6_cross_model/prompts/task_costly.txt,d32de7a38ccc6ad222414d157fdd8d74dd9e9d0e5e43dcfe65f9d01b365bc08d,1,X,x,0.80,1.00,20,deepinfra,Qwen/Qwen3.6-27B,1.0,1,none,json_object,20260815
CM_0198,77,V5_0198,v4_1179,v3_heldout_fixed_panel,heldout_11,medical_lab,distractor_clear,generalized,modified,data/images/heldout/modified/heldout_11_distractor_clear.jpg,75fd509b252a9dc4e1ae20f574099e7d38ab19e10eaea378862826ade9092908,experiments/v6_cross_model/prompts/system_generalized.txt,1b17f7d53eb5fb6e22076dfc0961ade0c3f463f9c1e3ddd053e82bc8990faa80,experiments/v6_cross_model/prompts/task_costly.txt,d32de7a38ccc6ad222414d157fdd8d74dd9e9d0e5e43dcfe65f9d01b365bc08d,3,X,x,0.80,1.00,20,deepinfra,Qwen/Qwen3.6-27B,1.0,1,none,json_object,20260815
CM_0084,78,V5_0084,v4_0495,v3_heldout_fixed_panel,heldout_05,transit_depot,target_clear,cue_bound,modified,data/images/heldout/modified/heldout_05_target_clear.jpg,b2c44f26159afdbf104489f6fff1f45cf68e156790d0634721fee8e44fb8195b,experiments/v6_cross_model/prompts/system_cue_bound.txt,33ff7ba12da9c25a3728e0c96b2f3fd67c0d1bd0c536af71e6ec6e8de843a859,experiments/v6_cross_model/prompts/task_costly.txt,d32de7a38ccc6ad222414d157fdd8d74dd9e9d0e5e43dcfe65f9d01b365bc08d,3,X,x,0.80,1.00,20,deepinfra,Qwen/Qwen3.6-27B,1.0,1,none,json_object,20260815
CM_0096,79,V5_0096,v4_0567,v3_heldout_fixed_panel,heldout_06,community_classroom,target_subtle,neutral,modified,data/images/heldout/modified/heldout_06_target_subtle.jpg,b1f8886ba9156b19a72f7ed9dce225cd1cdfe44bf47a10768f2ab4d56a16b23c,experiments/v6_cross_model/prompts/system_neutral.txt,b869f42ea3921777da5fad071f646050045f98fb0d17a8e359dca487cb84ad2e,experiments/v6_cross_model/prompts/task_costly.txt,d32de7a38ccc6ad222414d157fdd8d74dd9e9d0e5e43dcfe65f9d01b365bc08d,3,X,x,0.80,1.00,20,deepinfra,Qwen/Qwen3.6-27B,1.0,1,none,json_object,20260815
CM_0093,80,V5_0093,v4_0549,v3_heldout_fixed_panel,heldout_06,community_classroom,target_subtle,neutral,clean,data/images/heldout/clean/heldout_06_clean.jpg,0d4db325ecfba5afd1595cf2d93648663eb06c05a1e2aecc852b387b1692d16f,experiments/v6_cross_model/prompts/system_neutral.txt,b869f42ea3921777da5fad071f646050045f98fb0d17a8e359dca487cb84ad2e,experiments/v6_cross_model/prompts/task_costly.txt,d32de7a38ccc6ad222414d157fdd8d74dd9e9d0e5e43dcfe65f9d01b365bc08d,3,X,x,0.80,1.00,20,deepinfra,Qwen/Qwen3.6-27B,1.0,1,none,json_object,20260815
CM_0034,81,V5_0034,v4_0205,v3_heldout_fixed_panel,heldout_02,solar_operations,target_clear,generalized,modified,data/images/heldout/modified/heldout_02_target_clear.jpg,c956f2e9d0883fc2b90c68e345b5a5b1606b00b855e4ead8424e6539ce26e40c,experiments/v6_cross_model/prompts/system_generalized.txt,1b17f7d53eb5fb6e22076dfc0961ade0c3f463f9c1e3ddd053e82bc8990faa80,experiments/v6_cross_model/prompts/task_costly.txt,d32de7a38ccc6ad222414d157fdd8d74dd9e9d0e5e43dcfe65f9d01b365bc08d,1,X,x,0.80,1.00,20,deepinfra,Qwen/Qwen3.6-27B,1.0,1,none,json_object,20260815
CM_0088,82,V5_0088,v4_0529,v3_heldout_fixed_panel,heldout_05,transit_depot,target_clear,generalized,modified,data/images/heldout/modified/heldout_05_target_clear.jpg,b2c44f26159afdbf104489f6fff1f45cf68e156790d0634721fee8e44fb8195b,experiments/v6_cross_model/prompts/system_generalized.txt,1b17f7d53eb5fb6e22076dfc0961ade0c3f463f9c1e3ddd053e82bc8990faa80,experiments/v6_cross_model/prompts/task_costly.txt,d32de7a38ccc6ad222414d157fdd8d74dd9e9d0e5e43dcfe65f9d01b365bc08d,1,X,x,0.80,1.00,20,deepinfra,Qwen/Qwen3.6-27B,1.0,1,none,json_object,20260815
CM_0046,83,V5_0046,v4_0277,v3_heldout_fixed_panel,heldout_03,food_bank,target_clear,cue_bound,modified,data/images/heldout/modified/heldout_03_target_clear.jpg,58f35b5752ffdb423525abeef5106063300957dd252f112f01ed27f0aa3aa2ba,experiments/v6_cross_model/prompts/system_cue_bound.txt,33ff7ba12da9c25a3728e0c96b2f3fd67c0d1bd0c536af71e6ec6e8de843a859,experiments/v6_cross_model/prompts/task_costly.txt,d32de7a38ccc6ad222414d157fdd8d74dd9e9d0e5e43dcfe65f9d01b365bc08d,1,X,x,0.80,1.00,20,deepinfra,Qwen/Qwen3.6-27B,1.0,1,none,json_object,20260815
CM_0090,84,V5_0090,v4_0531,v3_heldout_fixed_panel,heldout_05,transit_depot,target_clear,generalized,modified,data/images/heldout/modified/heldout_05_target_clear.jpg,b2c44f26159afdbf104489f6fff1f45cf68e156790d0634721fee8e44fb8195b,experiments/v6_cross_model/prompts/system_generalized.txt,1b17f7d53eb5fb6e22076dfc0961ade0c3f463f9c1e3ddd053e82bc8990faa80,experiments/v6_cross_model/prompts/task_costly.txt,d32de7a38ccc6ad222414d157fdd8d74dd9e9d0e5e43dcfe65f9d01b365bc08d,3,X,x,0.80,1.00,20,deepinfra,Qwen/Qwen3.6-27B,1.0,1,none,json_object,20260815
CM_0039,85,V5_0039,v4_0225,v3_heldout_fixed_panel,heldout_03,food_bank,target_clear,neutral,clean,data/images/heldout/clean/heldout_03_clean.jpg,f00311f5ddf53e8c00034e50edc09b1482d0faaa9e283040c721b86f80031d29,experiments/v6_cross_model/prompts/system_neutral.txt,b869f42ea3921777da5fad071f646050045f98fb0d17a8e359dca487cb84ad2e,experiments/v6_cross_model/prompts/task_costly.txt,d32de7a38ccc6ad222414d157fdd8d74dd9e9d0e5e43dcfe65f9d01b365bc08d,3,X,x,0.80,1.00,20,deepinfra,Qwen/Qwen3.6-27B,1.0,1,none,json_object,20260815
CM_0072,86,V5_0072,v4_0423,v3_heldout_fixed_panel,heldout_04,coastal_monitoring,target_clear,generalized,modified,data/images/heldout/modified/heldout_04_target_clear.jpg,f6ebe321e4bcef0af98eb6499b2c392307067ecfe5a79fbd648cea8251e04d4c,experiments/v6_cross_model/prompts/system_generalized.txt,1b17f7d53eb5fb6e22076dfc0961ade0c3f463f9c1e3ddd053e82bc8990faa80,experiments/v6_cross_model/prompts/task_costly.txt,d32de7a38ccc6ad222414d157fdd8d74dd9e9d0e5e43dcfe65f9d01b365bc08d,3,X,x,0.80,1.00,20,deepinfra,Qwen/Qwen3.6-27B,1.0,1,none,json_object,20260815
CM_0135,87,V5_0135,v4_0801,v3_heldout_fixed_panel,heldout_08,wildlife_station,target_subtle,cue_bound,clean,data/images/heldout/clean/heldout_08_clean.jpg,4a94bc2061f06199392b2819ef9623a5ccc9010ceb0a152e1818f9e1d56cf107,experiments/v6_cross_model/prompts/system_cue_bound.txt,33ff7ba12da9c25a3728e0c96b2f3fd67c0d1bd0c536af71e6ec6e8de843a859,experiments/v6_cross_model/prompts/task_costly.txt,d32de7a38ccc6ad222414d157fdd8d74dd9e9d0e5e43dcfe65f9d01b365bc08d,3,X,x,0.80,1.00,20,deepinfra,Qwen/Qwen3.6-27B,1.0,1,none,json_object,20260815
CM_0092,88,V5_0092,v4_0548,v3_heldout_fixed_panel,heldout_06,community_classroom,target_subtle,neutral,clean,data/images/heldout/clean/heldout_06_clean.jpg,0d4db325ecfba5afd1595cf2d93648663eb06c05a1e2aecc852b387b1692d16f,experiments/v6_cross_model/prompts/system_neutral.txt,b869f42ea3921777da5fad071f646050045f98fb0d17a8e359dca487cb84ad2e,experiments/v6_cross_model/prompts/task_costly.txt,d32de7a38ccc6ad222414d157fdd8d74dd9e9d0e5e43dcfe65f9d01b365bc08d,2,X,x,0.80,1.00,20,deepinfra,Qwen/Qwen3.6-27B,1.0,1,none,json_object,20260815
CM_0052,89,V5_0052,v4_0313,v3_heldout_fixed_panel,heldout_03,food_bank,target_clear,generalized,modified,data/images/heldout/modified/heldout_03_target_clear.jpg,58f35b5752ffdb423525abeef5106063300957dd252f112f01ed27f0aa3aa2ba,experiments/v6_cross_model/prompts/system_generalized.txt,1b17f7d53eb5fb6e22076dfc0961ade0c3f463f9c1e3ddd053e82bc8990faa80,experiments/v6_cross_model/prompts/task_costly.txt,d32de7a38ccc6ad222414d157fdd8d74dd9e9d0e5e43dcfe65f9d01b365bc08d,1,X,x,0.80,1.00,20,deepinfra,Qwen/Qwen3.6-27B,1.0,1,none,json_object,20260815
CM_0196,90,V5_0196,v4_1177,v3_heldout_fixed_panel,heldout_11,medical_lab,distractor_clear,generalized,modified,data/images/heldout/modified/heldout_11_distractor_clear.jpg,75fd509b252a9dc4e1ae20f574099e7d38ab19e10eaea378862826ade9092908,experiments/v6_cross_model/prompts/system_generalized.txt,1b17f7d53eb5fb6e22076dfc0961ade0c3f463f9c1e3ddd053e82bc8990faa80,experiments/v6_cross_model/prompts/task_costly.txt,d32de7a38ccc6ad222414d157fdd8d74dd9e9d0e5e43dcfe65f9d01b365bc08d,1,X,x,0.80,1.00,20,deepinfra,Qwen/Qwen3.6-27B,1.0,1,none,json_object,20260815
CM_0022,91,V5_0022,v4_0133,v3_heldout_fixed_panel,heldout_02,solar_operations,target_clear,neutral,modified,data/images/heldout/modified/heldout_02_target_clear.jpg,c956f2e9d0883fc2b90c68e345b5a5b1606b00b855e4ead8424e6539ce26e40c,experiments/v6_cross_model/prompts/system_neutral.txt,b869f42ea3921777da5fad071f646050045f98fb0d17a8e359dca487cb84ad2e,experiments/v6_cross_model/prompts/task_costly.txt,d32de7a38ccc6ad222414d157fdd8d74dd9e9d0e5e43dcfe65f9d01b365bc08d,1,X,x,0.80,1.00,20,deepinfra,Qwen/Qwen3.6-27B,1.0,1,none,json_object,20260815
CM_0192,92,V5_0192,v4_1143,v3_heldout_fixed_panel,heldout_11,medical_lab,distractor_clear,cue_bound,modified,data/images/heldout/modified/heldout_11_distractor_clear.jpg,75fd509b252a9dc4e1ae20f574099e7d38ab19e10eaea378862826ade9092908,experiments/v6_cross_model/prompts/system_cue_bound.txt,33ff7ba12da9c25a3728e0c96b2f3fd67c0d1bd0c536af71e6ec6e8de843a859,experiments/v6_cross_model/prompts/task_costly.txt,d32de7a38ccc6ad222414d157fdd8d74dd9e9d0e5e43dcfe65f9d01b365bc08d,3,X,x,0.80,1.00,20,deepinfra,Qwen/Qwen3.6-27B,1.0,1,none,json_object,20260815
CM_0044,93,V5_0044,v4_0260,v3_heldout_fixed_panel,heldout_03,food_bank,target_clear,cue_bound,clean,data/images/heldout/clean/heldout_03_clean.jpg,f00311f5ddf53e8c00034e50edc09b1482d0faaa9e283040c721b86f80031d29,experiments/v6_cross_model/prompts/system_cue_bound.txt,33ff7ba12da9c25a3728e0c96b2f3fd67c0d1bd0c536af71e6ec6e8de843a859,experiments/v6_cross_model/prompts/task_costly.txt,d32de7a38ccc6ad222414d157fdd8d74dd9e9d0e5e43dcfe65f9d01b365bc08d,2,X,x,0.80,1.00,20,deepinfra,Qwen/Qwen3.6-27B,1.0,1,none,json_object,20260815
CM_0156,94,V5_0156,v4_0927,v3_heldout_fixed_panel,heldout_09,disaster_logistics,target_subtle,cue_bound,modified,data/images/heldout/modified/heldout_09_target_subtle.jpg,9990a52fd7626d49cbe3e4f7238306cf60d9abeacb7ba98196d9dd67162fb1e8,experiments/v6_cross_model/prompts/system_cue_bound.txt,33ff7ba12da9c25a3728e0c96b2f3fd67c0d1bd0c536af71e6ec6e8de843a859,experiments/v6_cross_model/prompts/task_costly.txt,d32de7a38ccc6ad222414d157fdd8d74dd9e9d0e5e43dcfe65f9d01b365bc08d,3,X,x,0.80,1.00,20,deepinfra,Qwen/Qwen3.6-27B,1.0,1,none,json_object,20260815
CM_0064,95,V5_0064,v4_0385,v3_heldout_fixed_panel,heldout_04,coastal_monitoring,target_clear,cue_bound,modified,data/images/heldout/modified/heldout_04_target_clear.jpg,f6ebe321e4bcef0af98eb6499b2c392307067ecfe5a79fbd648cea8251e04d4c,experiments/v6_cross_model/prompts/system_cue_bound.txt,33ff7ba12da9c25a3728e0c96b2f3fd67c0d1bd0c536af71e6ec6e8de843a859,experiments/v6_cross_model/prompts/task_costly.txt,d32de7a38ccc6ad222414d157fdd8d74dd9e9d0e5e43dcfe65f9d01b365bc08d,1,X,x,0.80,1.00,20,deepinfra,Qwen/Qwen3.6-27B,1.0,1,none,json_object,20260815
CM_0212,96,V5_0212,v4_1268,v3_heldout_fixed_panel,heldout_12,construction_studio,distractor_clear,generalized,clean,data/images/heldout/clean/heldout_12_clean.jpg,01a488557d6004b3c4411a6d0a72e60394ce0806f206a9199c9aaf4eb1b643a8,experiments/v6_cross_model/prompts/system_generalized.txt,1b17f7d53eb5fb6e22076dfc0961ade0c3f463f9c1e3ddd053e82bc8990faa80,experiments/v6_cross_model/prompts/task_costly.txt,d32de7a38ccc6ad222414d157fdd8d74dd9e9d0e5e43dcfe65f9d01b365bc08d,2,X,x,0.80,1.00,20,deepinfra,Qwen/Qwen3.6-27B,1.0,1,none,json_object,20260815
CM_0060,97,V5_0060,v4_0351,v3_heldout_fixed_panel,heldout_04,coastal_monitoring,target_clear,neutral,modified,data/images/heldout/modified/heldout_04_target_clear.jpg,f6ebe321e4bcef0af98eb6499b2c392307067ecfe5a79fbd648cea8251e04d4c,experiments/v6_cross_model/prompts/system_neutral.txt,b869f42ea3921777da5fad071f646050045f98fb0d17a8e359dca487cb84ad2e,experiments/v6_cross_model/prompts/task_costly.txt,d32de7a38ccc6ad222414d157fdd8d74dd9e9d0e5e43dcfe65f9d01b365bc08d,3,X,x,0.80,1.00,20,deepinfra,Qwen/Qwen3.6-27B,1.0,1,none,json_object,20260815
CM_0194,98,V5_0194,v4_1160,v3_heldout_fixed_panel,heldout_11,medical_lab,distractor_clear,generalized,clean,data/images/heldout/clean/heldout_11_clean.jpg,9f82365e694fb5376b018e23ac79b8e48bb4faf70da41b3164145c8ac50f67f5,experiments/v6_cross_model/prompts/system_generalized.txt,1b17f7d53eb5fb6e22076dfc0961ade0c3f463f9c1e3ddd053e82bc8990faa80,experiments/v6_cross_model/prompts/task_costly.txt,d32de7a38ccc6ad222414d157fdd8d74dd9e9d0e5e43dcfe65f9d01b365bc08d,2,X,x,0.80,1.00,20,deepinfra,Qwen/Qwen3.6-27B,1.0,1,none,json_object,20260815
CM_0181,99,V5_0181,v4_1087,v3_heldout_fixed_panel,heldout_11,medical_lab,distractor_clear,neutral,clean,data/images/heldout/clean/heldout_11_clean.jpg,9f82365e694fb5376b018e23ac79b8e48bb4faf70da41b3164145c8ac50f67f5,experiments/v6_cross_model/prompts/system_neutral.txt,b869f42ea3921777da5fad071f646050045f98fb0d17a8e359dca487cb84ad2e,experiments/v6_cross_model/prompts/task_costly.txt,d32de7a38ccc6ad222414d157fdd8d74dd9e9d0e5e43dcfe65f9d01b365bc08d,1,X,x,0.80,1.00,20,deepinfra,Qwen/Qwen3.6-27B,1.0,1,none,json_object,20260815
CM_0127,100,V5_0127,v4_0763,v3_heldout_fixed_panel,heldout_08,wildlife_station,target_subtle,neutral,clean,data/images/heldout/clean/heldout_08_clean.jpg,4a94bc2061f06199392b2819ef9623a5ccc9010ceb0a152e1818f9e1d56cf107,experiments/v6_cross_model/prompts/system_neutral.txt,b869f42ea3921777da5fad071f646050045f98fb0d17a8e359dca487cb84ad2e,experiments/v6_cross_model/prompts/task_costly.txt,d32de7a38ccc6ad222414d157fdd8d74dd9e9d0e5e43dcfe65f9d01b365bc08d,1,X,x,0.80,1.00,20,deepinfra,Qwen/Qwen3.6-27B,1.0,1,none,json_object,20260815
CM_0163,101,V5_0163,v4_0979,v3_heldout_fixed_panel,heldout_10,recycling_facility,distractor_clear,neutral,clean,data/images/heldout/clean/heldout_10_clean.jpg,94e569e89b596809cf79e92103c8a8afe5ad1031d2aa77cefb17e0c57bb1d356,experiments/v6_cross_model/prompts/system_neutral.txt,b869f42ea3921777da5fad071f646050045f98fb0d17a8e359dca487cb84ad2e,experiments/v6_cross_model/prompts/task_costly.txt,d32de7a38ccc6ad222414d157fdd8d74dd9e9d0e5e43dcfe65f9d01b365bc08d,1,X,x,0.80,1.00,20,deepinfra,Qwen/Qwen3.6-27B,1.0,1,none,json_object,20260815
CM_0047,102,V5_0047,v4_0278,v3_heldout_fixed_panel,heldout_03,food_bank,target_clear,cue_bound,modified,data/images/heldout/modified/heldout_03_target_clear.jpg,58f35b5752ffdb423525abeef5106063300957dd252f112f01ed27f0aa3aa2ba,experiments/v6_cross_model/prompts/system_cue_bound.txt,33ff7ba12da9c25a3728e0c96b2f3fd67c0d1bd0c536af71e6ec6e8de843a859,experiments/v6_cross_model/prompts/task_costly.txt,d32de7a38ccc6ad222414d157fdd8d74dd9e9d0e5e43dcfe65f9d01b365bc08d,2,X,x,0.80,1.00,20,deepinfra,Qwen/Qwen3.6-27B,1.0,1,none,json_object,20260815
CM_0136,103,V5_0136,v4_0817,v3_heldout_fixed_panel,heldout_08,wildlife_station,target_subtle,cue_bound,modified,data/images/heldout/modified/heldout_08_target_subtle.jpg,cc83bf37b69592809f245e0c6dde7b290178b6f3747df20956fa4880a051c22a,experiments/v6_cross_model/prompts/system_cue_bound.txt,33ff7ba12da9c25a3728e0c96b2f3fd67c0d1bd0c536af71e6ec6e8de843a859,experiments/v6_cross_model/prompts/task_costly.txt,d32de7a38ccc6ad222414d157fdd8d74dd9e9d0e5e43dcfe65f9d01b365bc08d,1,X,x,0.80,1.00,20,deepinfra,Qwen/Qwen3.6-27B,1.0,1,none,json_object,20260815
CM_0214,104,V5_0214,v4_1285,v3_heldout_fixed_panel,heldout_12,construction_studio,distractor_clear,generalized,modified,data/images/heldout/modified/heldout_12_distractor_clear.jpg,ba8e66becfb8c0569302f538444c627b078e331107cdad21397b10fd619fba5e,experiments/v6_cross_model/prompts/system_generalized.txt,1b17f7d53eb5fb6e22076dfc0961ade0c3f463f9c1e3ddd053e82bc8990faa80,experiments/v6_cross_model/prompts/task_costly.txt,d32de7a38ccc6ad222414d157fdd8d74dd9e9d0e5e43dcfe65f9d01b365bc08d,1,X,x,0.80,1.00,20,deepinfra,Qwen/Qwen3.6-27B,1.0,1,none,json_object,20260815
CM_0013,105,V5_0013,v4_0079,v3_heldout_fixed_panel,heldout_01,fire_station,target_clear,generalized,clean,data/images/heldout/clean/heldout_01_clean.jpg,37f160e5feea67112d6ee50b438afc73eaf10a8a61b6818c2ec346532f509f92,experiments/v6_cross_model/prompts/system_generalized.txt,1b17f7d53eb5fb6e22076dfc0961ade0c3f463f9c1e3ddd053e82bc8990faa80,experiments/v6_cross_model/prompts/task_costly.txt,d32de7a38ccc6ad222414d157fdd8d74dd9e9d0e5e43dcfe65f9d01b365bc08d,1,X,x,0.80,1.00,20,deepinfra,Qwen/Qwen3.6-27B,1.0,1,none,json_object,20260815
CM_0102,106,V5_0102,v4_0603,v3_heldout_fixed_panel,heldout_06,community_classroom,target_subtle,cue_bound,modified,data/images/heldout/modified/heldout_06_target_subtle.jpg,b1f8886ba9156b19a72f7ed9dce225cd1cdfe44bf47a10768f2ab4d56a16b23c,experiments/v6_cross_model/prompts/system_cue_bound.txt,33ff7ba12da9c25a3728e0c96b2f3fd67c0d1bd0c536af71e6ec6e8de843a859,experiments/v6_cross_model/prompts/task_costly.txt,d32de7a38ccc6ad222414d157fdd8d74dd9e9d0e5e43dcfe65f9d01b365bc08d,3,X,x,0.80,1.00,20,deepinfra,Qwen/Qwen3.6-27B,1.0,1,none,json_object,20260815
CM_0204,107,V5_0204,v4_1215,v3_heldout_fixed_panel,heldout_12,construction_studio,distractor_clear,neutral,modified,data/images/heldout/modified/heldout_12_distractor_clear.jpg,ba8e66becfb8c0569302f538444c627b078e331107cdad21397b10fd619fba5e,experiments/v6_cross_model/prompts/system_neutral.txt,b869f42ea3921777da5fad071f646050045f98fb0d17a8e359dca487cb84ad2e,experiments/v6_cross_model/prompts/task_costly.txt,d32de7a38ccc6ad222414d157fdd8d74dd9e9d0e5e43dcfe65f9d01b365bc08d,3,X,x,0.80,1.00,20,deepinfra,Qwen/Qwen3.6-27B,1.0,1,none,json_object,20260815
CM_0178,108,V5_0178,v4_1069,v3_heldout_fixed_panel,heldout_10,recycling_facility,distractor_clear,generalized,modified,data/images/heldout/modified/heldout_10_distractor_clear.jpg,a5abd90c4d4a384def740f004f6a7a00a01b50bdfeb12396228a54c47b66bf7f,experiments/v6_cross_model/prompts/system_generalized.txt,1b17f7d53eb5fb6e22076dfc0961ade0c3f463f9c1e3ddd053e82bc8990faa80,experiments/v6_cross_model/prompts/task_costly.txt,d32de7a38ccc6ad222414d157fdd8d74dd9e9d0e5e43dcfe65f9d01b365bc08d,1,X,x,0.80,1.00,20,deepinfra,Qwen/Qwen3.6-27B,1.0,1,none,json_object,20260815
CM_0078,109,V5_0078,v4_0459,v3_heldout_fixed_panel,heldout_05,transit_depot,target_clear,neutral,modified,data/images/heldout/modified/heldout_05_target_clear.jpg,b2c44f26159afdbf104489f6fff1f45cf68e156790d0634721fee8e44fb8195b,experiments/v6_cross_model/prompts/system_neutral.txt,b869f42ea3921777da5fad071f646050045f98fb0d17a8e359dca487cb84ad2e,experiments/v6_cross_model/prompts/task_costly.txt,d32de7a38ccc6ad222414d157fdd8d74dd9e9d0e5e43dcfe65f9d01b365bc08d,3,X,x,0.80,1.00,20,deepinfra,Qwen/Qwen3.6-27B,1.0,1,none,json_object,20260815
CM_0036,110,V5_0036,v4_0207,v3_heldout_fixed_panel,heldout_02,solar_operations,target_clear,generalized,modified,data/images/heldout/modified/heldout_02_target_clear.jpg,c956f2e9d0883fc2b90c68e345b5a5b1606b00b855e4ead8424e6539ce26e40c,experiments/v6_cross_model/prompts/system_generalized.txt,1b17f7d53eb5fb6e22076dfc0961ade0c3f463f9c1e3ddd053e82bc8990faa80,experiments/v6_cross_model/prompts/task_costly.txt,d32de7a38ccc6ad222414d157fdd8d74dd9e9d0e5e43dcfe65f9d01b365bc08d,3,X,x,0.80,1.00,20,deepinfra,Qwen/Qwen3.6-27B,1.0,1,none,json_object,20260815
CM_0174,111,V5_0174,v4_1035,v3_heldout_fixed_panel,heldout_10,recycling_facility,distractor_clear,cue_bound,modified,data/images/heldout/modified/heldout_10_distractor_clear.jpg,a5abd90c4d4a384def740f004f6a7a00a01b50bdfeb12396228a54c47b66bf7f,experiments/v6_cross_model/prompts/system_cue_bound.txt,33ff7ba12da9c25a3728e0c96b2f3fd67c0d1bd0c536af71e6ec6e8de843a859,experiments/v6_cross_model/prompts/task_costly.txt,d32de7a38ccc6ad222414d157fdd8d74dd9e9d0e5e43dcfe65f9d01b365bc08d,3,X,x,0.80,1.00,20,deepinfra,Qwen/Qwen3.6-27B,1.0,1,none,json_object,20260815
CM_0183,112,V5_0183,v4_1089,v3_heldout_fixed_panel,heldout_11,medical_lab,distractor_clear,neutral,clean,data/images/heldout/clean/heldout_11_clean.jpg,9f82365e694fb5376b018e23ac79b8e48bb4faf70da41b3164145c8ac50f67f5,experiments/v6_cross_model/prompts/system_neutral.txt,b869f42ea3921777da5fad071f646050045f98fb0d17a8e359dca487cb84ad2e,experiments/v6_cross_model/prompts/task_costly.txt,d32de7a38ccc6ad222414d157fdd8d74dd9e9d0e5e43dcfe65f9d01b365bc08d,3,X,x,0.80,1.00,20,deepinfra,Qwen/Qwen3.6-27B,1.0,1,none,json_object,20260815
CM_0203,113,V5_0203,v4_1214,v3_heldout_fixed_panel,heldout_12,construction_studio,distractor_clear,neutral,modified,data/images/heldout/modified/heldout_12_distractor_clear.jpg,ba8e66becfb8c0569302f538444c627b078e331107cdad21397b10fd619fba5e,experiments/v6_cross_model/prompts/system_neutral.txt,b869f42ea3921777da5fad071f646050045f98fb0d17a8e359dca487cb84ad2e,experiments/v6_cross_model/prompts/task_costly.txt,d32de7a38ccc6ad222414d157fdd8d74dd9e9d0e5e43dcfe65f9d01b365bc08d,2,X,x,0.80,1.00,20,deepinfra,Qwen/Qwen3.6-27B,1.0,1,none,json_object,20260815
CM_0144,114,V5_0144,v4_0855,v3_heldout_fixed_panel,heldout_08,wildlife_station,target_subtle,generalized,modified,data/images/heldout/modified/heldout_08_target_subtle.jpg,cc83bf37b69592809f245e0c6dde7b290178b6f3747df20956fa4880a051c22a,experiments/v6_cross_model/prompts/system_generalized.txt,1b17f7d53eb5fb6e22076dfc0961ade0c3f463f9c1e3ddd053e82bc8990faa80,experiments/v6_cross_model/prompts/task_costly.txt,d32de7a38ccc6ad222414d157fdd8d74dd9e9d0e5e43dcfe65f9d01b365bc08d,3,X,x,0.80,1.00,20,deepinfra,Qwen/Qwen3.6-27B,1.0,1,none,json_object,20260815
CM_0050,115,V5_0050,v4_0296,v3_heldout_fixed_panel,heldout_03,food_bank,target_clear,generalized,clean,data/images/heldout/clean/heldout_03_clean.jpg,f00311f5ddf53e8c00034e50edc09b1482d0faaa9e283040c721b86f80031d29,experiments/v6_cross_model/prompts/system_generalized.txt,1b17f7d53eb5fb6e22076dfc0961ade0c3f463f9c1e3ddd053e82bc8990faa80,experiments/v6_cross_model/prompts/task_costly.txt,d32de7a38ccc6ad222414d157fdd8d74dd9e9d0e5e43dcfe65f9d01b365bc08d,2,X,x,0.80,1.00,20,deepinfra,Qwen/Qwen3.6-27B,1.0,1,none,json_object,20260815
CM_0085,116,V5_0085,v4_0511,v3_heldout_fixed_panel,heldout_05,transit_depot,target_clear,generalized,clean,data/images/heldout/clean/heldout_05_clean.jpg,cf84b3e839c8c8f255bca1045a19e11ca88830e61fef3b34078a02e2db497a47,experiments/v6_cross_model/prompts/system_generalized.txt,1b17f7d53eb5fb6e22076dfc0961ade0c3f463f9c1e3ddd053e82bc8990faa80,experiments/v6_cross_model/prompts/task_costly.txt,d32de7a38ccc6ad222414d157fdd8d74dd9e9d0e5e43dcfe65f9d01b365bc08d,1,X,x,0.80,1.00,20,deepinfra,Qwen/Qwen3.6-27B,1.0,1,none,json_object,20260815
CM_0099,117,V5_0099,v4_0585,v3_heldout_fixed_panel,heldout_06,community_classroom,target_subtle,cue_bound,clean,data/images/heldout/clean/heldout_06_clean.jpg,0d4db325ecfba5afd1595cf2d93648663eb06c05a1e2aecc852b387b1692d16f,experiments/v6_cross_model/prompts/system_cue_bound.txt,33ff7ba12da9c25a3728e0c96b2f3fd67c0d1bd0c536af71e6ec6e8de843a859,experiments/v6_cross_model/prompts/task_costly.txt,d32de7a38ccc6ad222414d157fdd8d74dd9e9d0e5e43dcfe65f9d01b365bc08d,3,X,x,0.80,1.00,20,deepinfra,Qwen/Qwen3.6-27B,1.0,1,none,json_object,20260815
CM_0120,118,V5_0120,v4_0711,v3_heldout_fixed_panel,heldout_07,water_lab,target_subtle,cue_bound,modified,data/images/heldout/modified/heldout_07_target_subtle.jpg,007a4027ac7c41cabd1bf0068401f7c850da9ca660c7969c22b88ec2b96060e1,experiments/v6_cross_model/prompts/system_cue_bound.txt,33ff7ba12da9c25a3728e0c96b2f3fd67c0d1bd0c536af71e6ec6e8de843a859,experiments/v6_cross_model/prompts/task_costly.txt,d32de7a38ccc6ad222414d157fdd8d74dd9e9d0e5e43dcfe65f9d01b365bc08d,3,X,x,0.80,1.00,20,deepinfra,Qwen/Qwen3.6-27B,1.0,1,none,json_object,20260815
CM_0025,119,V5_0025,v4_0151,v3_heldout_fixed_panel,heldout_02,solar_operations,target_clear,cue_bound,clean,data/images/heldout/clean/heldout_02_clean.jpg,3a358b6174f71f6f6c1e821b9933ed860a55f753b6d6c9c0989d5eda8d585109,experiments/v6_cross_model/prompts/system_cue_bound.txt,33ff7ba12da9c25a3728e0c96b2f3fd67c0d1bd0c536af71e6ec6e8de843a859,experiments/v6_cross_model/prompts/task_costly.txt,d32de7a38ccc6ad222414d157fdd8d74dd9e9d0e5e43dcfe65f9d01b365bc08d,1,X,x,0.80,1.00,20,deepinfra,Qwen/Qwen3.6-27B,1.0,1,none,json_object,20260815
CM_0197,120,V5_0197,v4_1178,v3_heldout_fixed_panel,heldout_11,medical_lab,distractor_clear,generalized,modified,data/images/heldout/modified/heldout_11_distractor_clear.jpg,75fd509b252a9dc4e1ae20f574099e7d38ab19e10eaea378862826ade9092908,experiments/v6_cross_model/prompts/system_generalized.txt,1b17f7d53eb5fb6e22076dfc0961ade0c3f463f9c1e3ddd053e82bc8990faa80,experiments/v6_cross_model/prompts/task_costly.txt,d32de7a38ccc6ad222414d157fdd8d74dd9e9d0e5e43dcfe65f9d01b365bc08d,2,X,x,0.80,1.00,20,deepinfra,Qwen/Qwen3.6-27B,1.0,1,none,json_object,20260815
CM_0055,121,V5_0055,v4_0331,v3_heldout_fixed_panel,heldout_04,coastal_monitoring,target_clear,neutral,clean,data/images/heldout/clean/heldout_04_clean.jpg,b802d09f20ce0050b7056f36699c6e92e37b5c46ab95f1166c0f2543c190a85d,experiments/v6_cross_model/prompts/system_neutral.txt,b869f42ea3921777da5fad071f646050045f98fb0d17a8e359dca487cb84ad2e,experiments/v6_cross_model/prompts/task_costly.txt,d32de7a38ccc6ad222414d157fdd8d74dd9e9d0e5e43dcfe65f9d01b365bc08d,1,X,x,0.80,1.00,20,deepinfra,Qwen/Qwen3.6-27B,1.0,1,none,json_object,20260815
CM_0179,122,V5_0179,v4_1070,v3_heldout_fixed_panel,heldout_10,recycling_facility,distractor_clear,generalized,modified,data/images/heldout/modified/heldout_10_distractor_clear.jpg,a5abd90c4d4a384def740f004f6a7a00a01b50bdfeb12396228a54c47b66bf7f,experiments/v6_cross_model/prompts/system_generalized.txt,1b17f7d53eb5fb6e22076dfc0961ade0c3f463f9c1e3ddd053e82bc8990faa80,experiments/v6_cross_model/prompts/task_costly.txt,d32de7a38ccc6ad222414d157fdd8d74dd9e9d0e5e43dcfe65f9d01b365bc08d,2,X,x,0.80,1.00,20,deepinfra,Qwen/Qwen3.6-27B,1.0,1,none,json_object,20260815
CM_0017,123,V5_0017,v4_0098,v3_heldout_fixed_panel,heldout_01,fire_station,target_clear,generalized,modified,data/images/heldout/modified/heldout_01_target_clear.jpg,38bad1b8229a112559bc2578dc3453ac98be67fa285dca5948c916b1bc60762e,experiments/v6_cross_model/prompts/system_generalized.txt,1b17f7d53eb5fb6e22076dfc0961ade0c3f463f9c1e3ddd053e82bc8990faa80,experiments/v6_cross_model/prompts/task_costly.txt,d32de7a38ccc6ad222414d157fdd8d74dd9e9d0e5e43dcfe65f9d01b365bc08d,2,X,x,0.80,1.00,20,deepinfra,Qwen/Qwen3.6-27B,1.0,1,none,json_object,20260815
CM_0146,124,V5_0146,v4_0872,v3_heldout_fixed_panel,heldout_09,disaster_logistics,target_subtle,neutral,clean,data/images/heldout/clean/heldout_09_clean.jpg,2c97d89622e30ebe6b7b1139ecd3191a68735d26988f896790ce397fd4fd2677,experiments/v6_cross_model/prompts/system_neutral.txt,b869f42ea3921777da5fad071f646050045f98fb0d17a8e359dca487cb84ad2e,experiments/v6_cross_model/prompts/task_costly.txt,d32de7a38ccc6ad222414d157fdd8d74dd9e9d0e5e43dcfe65f9d01b365bc08d,2,X,x,0.80,1.00,20,deepinfra,Qwen/Qwen3.6-27B,1.0,1,none,json_object,20260815
CM_0030,125,V5_0030,v4_0171,v3_heldout_fixed_panel,heldout_02,solar_operations,target_clear,cue_bound,modified,data/images/heldout/modified/heldout_02_target_clear.jpg,c956f2e9d0883fc2b90c68e345b5a5b1606b00b855e4ead8424e6539ce26e40c,experiments/v6_cross_model/prompts/system_cue_bound.txt,33ff7ba12da9c25a3728e0c96b2f3fd67c0d1bd0c536af71e6ec6e8de843a859,experiments/v6_cross_model/prompts/task_costly.txt,d32de7a38ccc6ad222414d157fdd8d74dd9e9d0e5e43dcfe65f9d01b365bc08d,3,X,x,0.80,1.00,20,deepinfra,Qwen/Qwen3.6-27B,1.0,1,none,json_object,20260815
CM_0166,126,V5_0166,v4_0997,v3_heldout_fixed_panel,heldout_10,recycling_facility,distractor_clear,neutral,modified,data/images/heldout/modified/heldout_10_distractor_clear.jpg,a5abd90c4d4a384def740f004f6a7a00a01b50bdfeb12396228a54c47b66bf7f,experiments/v6_cross_model/prompts/system_neutral.txt,b869f42ea3921777da5fad071f646050045f98fb0d17a8e359dca487cb84ad2e,experiments/v6_cross_model/prompts/task_costly.txt,d32de7a38ccc6ad222414d157fdd8d74dd9e9d0e5e43dcfe65f9d01b365bc08d,1,X,x,0.80,1.00,20,deepinfra,Qwen/Qwen3.6-27B,1.0,1,none,json_object,20260815
CM_0057,127,V5_0057,v4_0333,v3_heldout_fixed_panel,heldout_04,coastal_monitoring,target_clear,neutral,clean,data/images/heldout/clean/heldout_04_clean.jpg,b802d09f20ce0050b7056f36699c6e92e37b5c46ab95f1166c0f2543c190a85d,experiments/v6_cross_model/prompts/system_neutral.txt,b869f42ea3921777da5fad071f646050045f98fb0d17a8e359dca487cb84ad2e,experiments/v6_cross_model/prompts/task_costly.txt,d32de7a38ccc6ad222414d157fdd8d74dd9e9d0e5e43dcfe65f9d01b365bc08d,3,X,x,0.80,1.00,20,deepinfra,Qwen/Qwen3.6-27B,1.0,1,none,json_object,20260815
CM_0207,128,V5_0207,v4_1233,v3_heldout_fixed_panel,heldout_12,construction_studio,distractor_clear,cue_bound,clean,data/images/heldout/clean/heldout_12_clean.jpg,01a488557d6004b3c4411a6d0a72e60394ce0806f206a9199c9aaf4eb1b643a8,experiments/v6_cross_model/prompts/system_cue_bound.txt,33ff7ba12da9c25a3728e0c96b2f3fd67c0d1bd0c536af71e6ec6e8de843a859,experiments/v6_cross_model/prompts/task_costly.txt,d32de7a38ccc6ad222414d157fdd8d74dd9e9d0e5e43dcfe65f9d01b365bc08d,3,X,x,0.80,1.00,20,deepinfra,Qwen/Qwen3.6-27B,1.0,1,none,json_object,20260815
CM_0038,129,V5_0038,v4_0224,v3_heldout_fixed_panel,heldout_03,food_bank,target_clear,neutral,clean,data/images/heldout/clean/heldout_03_clean.jpg,f00311f5ddf53e8c00034e50edc09b1482d0faaa9e283040c721b86f80031d29,experiments/v6_cross_model/prompts/system_neutral.txt,b869f42ea3921777da5fad071f646050045f98fb0d17a8e359dca487cb84ad2e,experiments/v6_cross_model/prompts/task_costly.txt,d32de7a38ccc6ad222414d157fdd8d74dd9e9d0e5e43dcfe65f9d01b365bc08d,2,X,x,0.80,1.00,20,deepinfra,Qwen/Qwen3.6-27B,1.0,1,none,json_object,20260815
CM_0199,130,V5_0199,v4_1195,v3_heldout_fixed_panel,heldout_12,construction_studio,distractor_clear,neutral,clean,data/images/heldout/clean/heldout_12_clean.jpg,01a488557d6004b3c4411a6d0a72e60394ce0806f206a9199c9aaf4eb1b643a8,experiments/v6_cross_model/prompts/system_neutral.txt,b869f42ea3921777da5fad071f646050045f98fb0d17a8e359dca487cb84ad2e,experiments/v6_cross_model/prompts/task_costly.txt,d32de7a38ccc6ad222414d157fdd8d74dd9e9d0e5e43dcfe65f9d01b365bc08d,1,X,x,0.80,1.00,20,deepinfra,Qwen/Qwen3.6-27B,1.0,1,none,json_object,20260815
CM_0162,131,V5_0162,v4_0963,v3_heldout_fixed_panel,heldout_09,disaster_logistics,target_subtle,generalized,modified,data/images/heldout/modified/heldout_09_target_subtle.jpg,9990a52fd7626d49cbe3e4f7238306cf60d9abeacb7ba98196d9dd67162fb1e8,experiments/v6_cross_model/prompts/system_generalized.txt,1b17f7d53eb5fb6e22076dfc0961ade0c3f463f9c1e3ddd053e82bc8990faa80,experiments/v6_cross_model/prompts/task_costly.txt,d32de7a38ccc6ad222414d157fdd8d74dd9e9d0e5e43dcfe65f9d01b365bc08d,3,X,x,0.80,1.00,20,deepinfra,Qwen/Qwen3.6-27B,1.0,1,none,json_object,20260815
CM_0152,132,V5_0152,v4_0908,v3_heldout_fixed_panel,heldout_09,disaster_logistics,target_subtle,cue_bound,clean,data/images/heldout/clean/heldout_09_clean.jpg,2c97d89622e30ebe6b7b1139ecd3191a68735d26988f896790ce397fd4fd2677,experiments/v6_cross_model/prompts/system_cue_bound.txt,33ff7ba12da9c25a3728e0c96b2f3fd67c0d1bd0c536af71e6ec6e8de843a859,experiments/v6_cross_model/prompts/task_costly.txt,d32de7a38ccc6ad222414d157fdd8d74dd9e9d0e5e43dcfe65f9d01b365bc08d,2,X,x,0.80,1.00,20,deepinfra,Qwen/Qwen3.6-27B,1.0,1,none,json_object,20260815
CM_0097,133,V5_0097,v4_0583,v3_heldout_fixed_panel,heldout_06,community_classroom,target_subtle,cue_bound,clean,data/images/heldout/clean/heldout_06_clean.jpg,0d4db325ecfba5afd1595cf2d93648663eb06c05a1e2aecc852b387b1692d16f,experiments/v6_cross_model/prompts/system_cue_bound.txt,33ff7ba12da9c25a3728e0c96b2f3fd67c0d1bd0c536af71e6ec6e8de843a859,experiments/v6_cross_model/prompts/task_costly.txt,d32de7a38ccc6ad222414d157fdd8d74dd9e9d0e5e43dcfe65f9d01b365bc08d,1,X,x,0.80,1.00,20,deepinfra,Qwen/Qwen3.6-27B,1.0,1,none,json_object,20260815
CM_0129,134,V5_0129,v4_0765,v3_heldout_fixed_panel,heldout_08,wildlife_station,target_subtle,neutral,clean,data/images/heldout/clean/heldout_08_clean.jpg,4a94bc2061f06199392b2819ef9623a5ccc9010ceb0a152e1818f9e1d56cf107,experiments/v6_cross_model/prompts/system_neutral.txt,b869f42ea3921777da5fad071f646050045f98fb0d17a8e359dca487cb84ad2e,experiments/v6_cross_model/prompts/task_costly.txt,d32de7a38ccc6ad222414d157fdd8d74dd9e9d0e5e43dcfe65f9d01b365bc08d,3,X,x,0.80,1.00,20,deepinfra,Qwen/Qwen3.6-27B,1.0,1,none,json_object,20260815
CM_0215,135,V5_0215,v4_1286,v3_heldout_fixed_panel,heldout_12,construction_studio,distractor_clear,generalized,modified,data/images/heldout/modified/heldout_12_distractor_clear.jpg,ba8e66becfb8c0569302f538444c627b078e331107cdad21397b10fd619fba5e,experiments/v6_cross_model/prompts/system_generalized.txt,1b17f7d53eb5fb6e22076dfc0961ade0c3f463f9c1e3ddd053e82bc8990faa80,experiments/v6_cross_model/prompts/task_costly.txt,d32de7a38ccc6ad222414d157fdd8d74dd9e9d0e5e43dcfe65f9d01b365bc08d,2,X,x,0.80,1.00,20,deepinfra,Qwen/Qwen3.6-27B,1.0,1,none,json_object,20260815
CM_0103,136,V5_0103,v4_0619,v3_heldout_fixed_panel,heldout_06,community_classroom,target_subtle,generalized,clean,data/images/heldout/clean/heldout_06_clean.jpg,0d4db325ecfba5afd1595cf2d93648663eb06c05a1e2aecc852b387b1692d16f,experiments/v6_cross_model/prompts/system_generalized.txt,1b17f7d53eb5fb6e22076dfc0961ade0c3f463f9c1e3ddd053e82bc8990faa80,experiments/v6_cross_model/prompts/task_costly.txt,d32de7a38ccc6ad222414d157fdd8d74dd9e9d0e5e43dcfe65f9d01b365bc08d,1,X,x,0.80,1.00,20,deepinfra,Qwen/Qwen3.6-27B,1.0,1,none,json_object,20260815
CM_0201,137,V5_0201,v4_1197,v3_heldout_fixed_panel,heldout_12,construction_studio,distractor_clear,neutral,clean,data/images/heldout/clean/heldout_12_clean.jpg,01a488557d6004b3c4411a6d0a72e60394ce0806f206a9199c9aaf4eb1b643a8,experiments/v6_cross_model/prompts/system_neutral.txt,b869f42ea3921777da5fad071f646050045f98fb0d17a8e359dca487cb84ad2e,experiments/v6_cross_model/prompts/task_costly.txt,d32de7a38ccc6ad222414d157fdd8d74dd9e9d0e5e43dcfe65f9d01b365bc08d,3,X,x,0.80,1.00,20,deepinfra,Qwen/Qwen3.6-27B,1.0,1,none,json_object,20260815
CM_0095,138,V5_0095,v4_0566,v3_heldout_fixed_panel,heldout_06,community_classroom,target_subtle,neutral,modified,data/images/heldout/modified/heldout_06_target_subtle.jpg,b1f8886ba9156b19a72f7ed9dce225cd1cdfe44bf47a10768f2ab4d56a16b23c,experiments/v6_cross_model/prompts/system_neutral.txt,b869f42ea3921777da5fad071f646050045f98fb0d17a8e359dca487cb84ad2e,experiments/v6_cross_model/prompts/task_costly.txt,d32de7a38ccc6ad222414d157fdd8d74dd9e9d0e5e43dcfe65f9d01b365bc08d,2,X,x,0.80,1.00,20,deepinfra,Qwen/Qwen3.6-27B,1.0,1,none,json_object,20260815
CM_0011,139,V5_0011,v4_0062,v3_heldout_fixed_panel,heldout_01,fire_station,target_clear,cue_bound,modified,data/images/heldout/modified/heldout_01_target_clear.jpg,38bad1b8229a112559bc2578dc3453ac98be67fa285dca5948c916b1bc60762e,experiments/v6_cross_model/prompts/system_cue_bound.txt,33ff7ba12da9c25a3728e0c96b2f3fd67c0d1bd0c536af71e6ec6e8de843a859,experiments/v6_cross_model/prompts/task_costly.txt,d32de7a38ccc6ad222414d157fdd8d74dd9e9d0e5e43dcfe65f9d01b365bc08d,2,X,x,0.80,1.00,20,deepinfra,Qwen/Qwen3.6-27B,1.0,1,none,json_object,20260815
CM_0037,140,V5_0037,v4_0223,v3_heldout_fixed_panel,heldout_03,food_bank,target_clear,neutral,clean,data/images/heldout/clean/heldout_03_clean.jpg,f00311f5ddf53e8c00034e50edc09b1482d0faaa9e283040c721b86f80031d29,experiments/v6_cross_model/prompts/system_neutral.txt,b869f42ea3921777da5fad071f646050045f98fb0d17a8e359dca487cb84ad2e,experiments/v6_cross_model/prompts/task_costly.txt,d32de7a38ccc6ad222414d157fdd8d74dd9e9d0e5e43dcfe65f9d01b365bc08d,1,X,x,0.80,1.00,20,deepinfra,Qwen/Qwen3.6-27B,1.0,1,none,json_object,20260815
CM_0019,141,V5_0019,v4_0115,v3_heldout_fixed_panel,heldout_02,solar_operations,target_clear,neutral,clean,data/images/heldout/clean/heldout_02_clean.jpg,3a358b6174f71f6f6c1e821b9933ed860a55f753b6d6c9c0989d5eda8d585109,experiments/v6_cross_model/prompts/system_neutral.txt,b869f42ea3921777da5fad071f646050045f98fb0d17a8e359dca487cb84ad2e,experiments/v6_cross_model/prompts/task_costly.txt,d32de7a38ccc6ad222414d157fdd8d74dd9e9d0e5e43dcfe65f9d01b365bc08d,1,X,x,0.80,1.00,20,deepinfra,Qwen/Qwen3.6-27B,1.0,1,none,json_object,20260815
CM_0086,142,V5_0086,v4_0512,v3_heldout_fixed_panel,heldout_05,transit_depot,target_clear,generalized,clean,data/images/heldout/clean/heldout_05_clean.jpg,cf84b3e839c8c8f255bca1045a19e11ca88830e61fef3b34078a02e2db497a47,experiments/v6_cross_model/prompts/system_generalized.txt,1b17f7d53eb5fb6e22076dfc0961ade0c3f463f9c1e3ddd053e82bc8990faa80,experiments/v6_cross_model/prompts/task_costly.txt,d32de7a38ccc6ad222414d157fdd8d74dd9e9d0e5e43dcfe65f9d01b365bc08d,2,X,x,0.80,1.00,20,deepinfra,Qwen/Qwen3.6-27B,1.0,1,none,json_object,20260815
CM_0148,143,V5_0148,v4_0889,v3_heldout_fixed_panel,heldout_09,disaster_logistics,target_subtle,neutral,modified,data/images/heldout/modified/heldout_09_target_subtle.jpg,9990a52fd7626d49cbe3e4f7238306cf60d9abeacb7ba98196d9dd67162fb1e8,experiments/v6_cross_model/prompts/system_neutral.txt,b869f42ea3921777da5fad071f646050045f98fb0d17a8e359dca487cb84ad2e,experiments/v6_cross_model/prompts/task_costly.txt,d32de7a38ccc6ad222414d157fdd8d74dd9e9d0e5e43dcfe65f9d01b365bc08d,1,X,x,0.80,1.00,20,deepinfra,Qwen/Qwen3.6-27B,1.0,1,none,json_object,20260815
CM_0003,144,V5_0003,v4_0009,v3_heldout_fixed_panel,heldout_01,fire_station,target_clear,neutral,clean,data/images/heldout/clean/heldout_01_clean.jpg,37f160e5feea67112d6ee50b438afc73eaf10a8a61b6818c2ec346532f509f92,experiments/v6_cross_model/prompts/system_neutral.txt,b869f42ea3921777da5fad071f646050045f98fb0d17a8e359dca487cb84ad2e,experiments/v6_cross_model/prompts/task_costly.txt,d32de7a38ccc6ad222414d157fdd8d74dd9e9d0e5e43dcfe65f9d01b365bc08d,3,X,x,0.80,1.00,20,deepinfra,Qwen/Qwen3.6-27B,1.0,1,none,json_object,20260815
CM_0101,145,V5_0101,v4_0602,v3_heldout_fixed_panel,heldout_06,community_classroom,target_subtle,cue_bound,modified,data/images/heldout/modified/heldout_06_target_subtle.jpg,b1f8886ba9156b19a72f7ed9dce225cd1cdfe44bf47a10768f2ab4d56a16b23c,experiments/v6_cross_model/prompts/system_cue_bound.txt,33ff7ba12da9c25a3728e0c96b2f3fd67c0d1bd0c536af71e6ec6e8de843a859,experiments/v6_cross_model/prompts/task_costly.txt,d32de7a38ccc6ad222414d157fdd8d74dd9e9d0e5e43dcfe65f9d01b365bc08d,2,X,x,0.80,1.00,20,deepinfra,Qwen/Qwen3.6-27B,1.0,1,none,json_object,20260815
CM_0056,146,V5_0056,v4_0332,v3_heldout_fixed_panel,heldout_04,coastal_monitoring,target_clear,neutral,clean,data/images/heldout/clean/heldout_04_clean.jpg,b802d09f20ce0050b7056f36699c6e92e37b5c46ab95f1166c0f2543c190a85d,experiments/v6_cross_model/prompts/system_neutral.txt,b869f42ea3921777da5fad071f646050045f98fb0d17a8e359dca487cb84ad2e,experiments/v6_cross_model/prompts/task_costly.txt,d32de7a38ccc6ad222414d157fdd8d74dd9e9d0e5e43dcfe65f9d01b365bc08d,2,X,x,0.80,1.00,20,deepinfra,Qwen/Qwen3.6-27B,1.0,1,none,json_object,20260815
CM_0182,147,V5_0182,v4_1088,v3_heldout_fixed_panel,heldout_11,medical_lab,distractor_clear,neutral,clean,data/images/heldout/clean/heldout_11_clean.jpg,9f82365e694fb5376b018e23ac79b8e48bb4faf70da41b3164145c8ac50f67f5,experiments/v6_cross_model/prompts/system_neutral.txt,b869f42ea3921777da5fad071f646050045f98fb0d17a8e359dca487cb84ad2e,experiments/v6_cross_model/prompts/task_costly.txt,d32de7a38ccc6ad222414d157fdd8d74dd9e9d0e5e43dcfe65f9d01b365bc08d,2,X,x,0.80,1.00,20,deepinfra,Qwen/Qwen3.6-27B,1.0,1,none,json_object,20260815
CM_0082,148,V5_0082,v4_0493,v3_heldout_fixed_panel,heldout_05,transit_depot,target_clear,cue_bound,modified,data/images/heldout/modified/heldout_05_target_clear.jpg,b2c44f26159afdbf104489f6fff1f45cf68e156790d0634721fee8e44fb8195b,experiments/v6_cross_model/prompts/system_cue_bound.txt,33ff7ba12da9c25a3728e0c96b2f3fd67c0d1bd0c536af71e6ec6e8de843a859,experiments/v6_cross_model/prompts/task_costly.txt,d32de7a38ccc6ad222414d157fdd8d74dd9e9d0e5e43dcfe65f9d01b365bc08d,1,X,x,0.80,1.00,20,deepinfra,Qwen/Qwen3.6-27B,1.0,1,none,json_object,20260815
CM_0121,149,V5_0121,v4_0727,v3_heldout_fixed_panel,heldout_07,water_lab,target_subtle,generalized,clean,data/images/heldout/clean/heldout_07_clean.jpg,9ec4e2f8283e1d415ef3619f78abcf874da4857e6e3fcc33d6f680805d456fb4,experiments/v6_cross_model/prompts/system_generalized.txt,1b17f7d53eb5fb6e22076dfc0961ade0c3f463f9c1e3ddd053e82bc8990faa80,experiments/v6_cross_model/prompts/task_costly.txt,d32de7a38ccc6ad222414d157fdd8d74dd9e9d0e5e43dcfe65f9d01b365bc08d,1,X,x,0.80,1.00,20,deepinfra,Qwen/Qwen3.6-27B,1.0,1,none,json_object,20260815
CM_0112,150,V5_0112,v4_0673,v3_heldout_fixed_panel,heldout_07,water_lab,target_subtle,neutral,modified,data/images/heldout/modified/heldout_07_target_subtle.jpg,007a4027ac7c41cabd1bf0068401f7c850da9ca660c7969c22b88ec2b96060e1,experiments/v6_cross_model/prompts/system_neutral.txt,b869f42ea3921777da5fad071f646050045f98fb0d17a8e359dca487cb84ad2e,experiments/v6_cross_model/prompts/task_costly.txt,d32de7a38ccc6ad222414d157fdd8d74dd9e9d0e5e43dcfe65f9d01b365bc08d,1,X,x,0.80,1.00,20,deepinfra,Qwen/Qwen3.6-27B,1.0,1,none,json_object,20260815
CM_0110,151,V5_0110,v4_0656,v3_heldout_fixed_panel,heldout_07,water_lab,target_subtle,neutral,clean,data/images/heldout/clean/heldout_07_clean.jpg,9ec4e2f8283e1d415ef3619f78abcf874da4857e6e3fcc33d6f680805d456fb4,experiments/v6_cross_model/prompts/system_neutral.txt,b869f42ea3921777da5fad071f646050045f98fb0d17a8e359dca487cb84ad2e,experiments/v6_cross_model/prompts/task_costly.txt,d32de7a38ccc6ad222414d157fdd8d74dd9e9d0e5e43dcfe65f9d01b365bc08d,2,X,x,0.80,1.00,20,deepinfra,Qwen/Qwen3.6-27B,1.0,1,none,json_object,20260815
CM_0167,152,V5_0167,v4_0998,v3_heldout_fixed_panel,heldout_10,recycling_facility,distractor_clear,neutral,modified,data/images/heldout/modified/heldout_10_distractor_clear.jpg,a5abd90c4d4a384def740f004f6a7a00a01b50bdfeb12396228a54c47b66bf7f,experiments/v6_cross_model/prompts/system_neutral.txt,b869f42ea3921777da5fad071f646050045f98fb0d17a8e359dca487cb84ad2e,experiments/v6_cross_model/prompts/task_costly.txt,d32de7a38ccc6ad222414d157fdd8d74dd9e9d0e5e43dcfe65f9d01b365bc08d,2,X,x,0.80,1.00,20,deepinfra,Qwen/Qwen3.6-27B,1.0,1,none,json_object,20260815
CM_0159,153,V5_0159,v4_0945,v3_heldout_fixed_panel,heldout_09,disaster_logistics,target_subtle,generalized,clean,data/images/heldout/clean/heldout_09_clean.jpg,2c97d89622e30ebe6b7b1139ecd3191a68735d26988f896790ce397fd4fd2677,experiments/v6_cross_model/prompts/system_generalized.txt,1b17f7d53eb5fb6e22076dfc0961ade0c3f463f9c1e3ddd053e82bc8990faa80,experiments/v6_cross_model/prompts/task_costly.txt,d32de7a38ccc6ad222414d157fdd8d74dd9e9d0e5e43dcfe65f9d01b365bc08d,3,X,x,0.80,1.00,20,deepinfra,Qwen/Qwen3.6-27B,1.0,1,none,json_object,20260815
CM_0051,154,V5_0051,v4_0297,v3_heldout_fixed_panel,heldout_03,food_bank,target_clear,generalized,clean,data/images/heldout/clean/heldout_03_clean.jpg,f00311f5ddf53e8c00034e50edc09b1482d0faaa9e283040c721b86f80031d29,experiments/v6_cross_model/prompts/system_generalized.txt,1b17f7d53eb5fb6e22076dfc0961ade0c3f463f9c1e3ddd053e82bc8990faa80,experiments/v6_cross_model/prompts/task_costly.txt,d32de7a38ccc6ad222414d157fdd8d74dd9e9d0e5e43dcfe65f9d01b365bc08d,3,X,x,0.80,1.00,20,deepinfra,Qwen/Qwen3.6-27B,1.0,1,none,json_object,20260815
CM_0026,155,V5_0026,v4_0152,v3_heldout_fixed_panel,heldout_02,solar_operations,target_clear,cue_bound,clean,data/images/heldout/clean/heldout_02_clean.jpg,3a358b6174f71f6f6c1e821b9933ed860a55f753b6d6c9c0989d5eda8d585109,experiments/v6_cross_model/prompts/system_cue_bound.txt,33ff7ba12da9c25a3728e0c96b2f3fd67c0d1bd0c536af71e6ec6e8de843a859,experiments/v6_cross_model/prompts/task_costly.txt,d32de7a38ccc6ad222414d157fdd8d74dd9e9d0e5e43dcfe65f9d01b365bc08d,2,X,x,0.80,1.00,20,deepinfra,Qwen/Qwen3.6-27B,1.0,1,none,json_object,20260815
CM_0063,156,V5_0063,v4_0369,v3_heldout_fixed_panel,heldout_04,coastal_monitoring,target_clear,cue_bound,clean,data/images/heldout/clean/heldout_04_clean.jpg,b802d09f20ce0050b7056f36699c6e92e37b5c46ab95f1166c0f2543c190a85d,experiments/v6_cross_model/prompts/system_cue_bound.txt,33ff7ba12da9c25a3728e0c96b2f3fd67c0d1bd0c536af71e6ec6e8de843a859,experiments/v6_cross_model/prompts/task_costly.txt,d32de7a38ccc6ad222414d157fdd8d74dd9e9d0e5e43dcfe65f9d01b365bc08d,3,X,x,0.80,1.00,20,deepinfra,Qwen/Qwen3.6-27B,1.0,1,none,json_object,20260815
CM_0109,157,V5_0109,v4_0655,v3_heldout_fixed_panel,heldout_07,water_lab,target_subtle,neutral,clean,data/images/heldout/clean/heldout_07_clean.jpg,9ec4e2f8283e1d415ef3619f78abcf874da4857e6e3fcc33d6f680805d456fb4,experiments/v6_cross_model/prompts/system_neutral.txt,b869f42ea3921777da5fad071f646050045f98fb0d17a8e359dca487cb84ad2e,experiments/v6_cross_model/prompts/task_costly.txt,d32de7a38ccc6ad222414d157fdd8d74dd9e9d0e5e43dcfe65f9d01b365bc08d,1,X,x,0.80,1.00,20,deepinfra,Qwen/Qwen3.6-27B,1.0,1,none,json_object,20260815
CM_0172,158,V5_0172,v4_1033,v3_heldout_fixed_panel,heldout_10,recycling_facility,distractor_clear,cue_bound,modified,data/images/heldout/modified/heldout_10_distractor_clear.jpg,a5abd90c4d4a384def740f004f6a7a00a01b50bdfeb12396228a54c47b66bf7f,experiments/v6_cross_model/prompts/system_cue_bound.txt,33ff7ba12da9c25a3728e0c96b2f3fd67c0d1bd0c536af71e6ec6e8de843a859,experiments/v6_cross_model/prompts/task_costly.txt,d32de7a38ccc6ad222414d157fdd8d74dd9e9d0e5e43dcfe65f9d01b365bc08d,1,X,x,0.80,1.00,20,deepinfra,Qwen/Qwen3.6-27B,1.0,1,none,json_object,20260815
CM_0124,159,V5_0124,v4_0745,v3_heldout_fixed_panel,heldout_07,water_lab,target_subtle,generalized,modified,data/images/heldout/modified/heldout_07_target_subtle.jpg,007a4027ac7c41cabd1bf0068401f7c850da9ca660c7969c22b88ec2b96060e1,experiments/v6_cross_model/prompts/system_generalized.txt,1b17f7d53eb5fb6e22076dfc0961ade0c3f463f9c1e3ddd053e82bc8990faa80,experiments/v6_cross_model/prompts/task_costly.txt,d32de7a38ccc6ad222414d157fdd8d74dd9e9d0e5e43dcfe65f9d01b365bc08d,1,X,x,0.80,1.00,20,deepinfra,Qwen/Qwen3.6-27B,1.0,1,none,json_object,20260815
CM_0024,160,V5_0024,v4_0135,v3_heldout_fixed_panel,heldout_02,solar_operations,target_clear,neutral,modified,data/images/heldout/modified/heldout_02_target_clear.jpg,c956f2e9d0883fc2b90c68e345b5a5b1606b00b855e4ead8424e6539ce26e40c,experiments/v6_cross_model/prompts/system_neutral.txt,b869f42ea3921777da5fad071f646050045f98fb0d17a8e359dca487cb84ad2e,experiments/v6_cross_model/prompts/task_costly.txt,d32de7a38ccc6ad222414d157fdd8d74dd9e9d0e5e43dcfe65f9d01b365bc08d,3,X,x,0.80,1.00,20,deepinfra,Qwen/Qwen3.6-27B,1.0,1,none,json_object,20260815
CM_0213,161,V5_0213,v4_1269,v3_heldout_fixed_panel,heldout_12,construction_studio,distractor_clear,generalized,clean,data/images/heldout/clean/heldout_12_clean.jpg,01a488557d6004b3c4411a6d0a72e60394ce0806f206a9199c9aaf4eb1b643a8,experiments/v6_cross_model/prompts/system_generalized.txt,1b17f7d53eb5fb6e22076dfc0961ade0c3f463f9c1e3ddd053e82bc8990faa80,experiments/v6_cross_model/prompts/task_costly.txt,d32de7a38ccc6ad222414d157fdd8d74dd9e9d0e5e43dcfe65f9d01b365bc08d,3,X,x,0.80,1.00,20,deepinfra,Qwen/Qwen3.6-27B,1.0,1,none,json_object,20260815
CM_0210,162,V5_0210,v4_1251,v3_heldout_fixed_panel,heldout_12,construction_studio,distractor_clear,cue_bound,modified,data/images/heldout/modified/heldout_12_distractor_clear.jpg,ba8e66becfb8c0569302f538444c627b078e331107cdad21397b10fd619fba5e,experiments/v6_cross_model/prompts/system_cue_bound.txt,33ff7ba12da9c25a3728e0c96b2f3fd67c0d1bd0c536af71e6ec6e8de843a859,experiments/v6_cross_model/prompts/task_costly.txt,d32de7a38ccc6ad222414d157fdd8d74dd9e9d0e5e43dcfe65f9d01b365bc08d,3,X,x,0.80,1.00,20,deepinfra,Qwen/Qwen3.6-27B,1.0,1,none,json_object,20260815
CM_0151,163,V5_0151,v4_0907,v3_heldout_fixed_panel,heldout_09,disaster_logistics,target_subtle,cue_bound,clean,data/images/heldout/clean/heldout_09_clean.jpg,2c97d89622e30ebe6b7b1139ecd3191a68735d26988f896790ce397fd4fd2677,experiments/v6_cross_model/prompts/system_cue_bound.txt,33ff7ba12da9c25a3728e0c96b2f3fd67c0d1bd0c536af71e6ec6e8de843a859,experiments/v6_cross_model/prompts/task_costly.txt,d32de7a38ccc6ad222414d157fdd8d74dd9e9d0e5e43dcfe65f9d01b365bc08d,1,X,x,0.80,1.00,20,deepinfra,Qwen/Qwen3.6-27B,1.0,1,none,json_object,20260815
CM_0130,164,V5_0130,v4_0781,v3_heldout_fixed_panel,heldout_08,wildlife_station,target_subtle,neutral,modified,data/images/heldout/modified/heldout_08_target_subtle.jpg,cc83bf37b69592809f245e0c6dde7b290178b6f3747df20956fa4880a051c22a,experiments/v6_cross_model/prompts/system_neutral.txt,b869f42ea3921777da5fad071f646050045f98fb0d17a8e359dca487cb84ad2e,experiments/v6_cross_model/prompts/task_costly.txt,d32de7a38ccc6ad222414d157fdd8d74dd9e9d0e5e43dcfe65f9d01b365bc08d,1,X,x,0.80,1.00,20,deepinfra,Qwen/Qwen3.6-27B,1.0,1,none,json_object,20260815
CM_0116,165,V5_0116,v4_0692,v3_heldout_fixed_panel,heldout_07,water_lab,target_subtle,cue_bound,clean,data/images/heldout/clean/heldout_07_clean.jpg,9ec4e2f8283e1d415ef3619f78abcf874da4857e6e3fcc33d6f680805d456fb4,experiments/v6_cross_model/prompts/system_cue_bound.txt,33ff7ba12da9c25a3728e0c96b2f3fd67c0d1bd0c536af71e6ec6e8de843a859,experiments/v6_cross_model/prompts/task_costly.txt,d32de7a38ccc6ad222414d157fdd8d74dd9e9d0e5e43dcfe65f9d01b365bc08d,2,X,x,0.80,1.00,20,deepinfra,Qwen/Qwen3.6-27B,1.0,1,none,json_object,20260815
CM_0145,166,V5_0145,v4_0871,v3_heldout_fixed_panel,heldout_09,disaster_logistics,target_subtle,neutral,clean,data/images/heldout/clean/heldout_09_clean.jpg,2c97d89622e30ebe6b7b1139ecd3191a68735d26988f896790ce397fd4fd2677,experiments/v6_cross_model/prompts/system_neutral.txt,b869f42ea3921777da5fad071f646050045f98fb0d17a8e359dca487cb84ad2e,experiments/v6_cross_model/prompts/task_costly.txt,d32de7a38ccc6ad222414d157fdd8d74dd9e9d0e5e43dcfe65f9d01b365bc08d,1,X,x,0.80,1.00,20,deepinfra,Qwen/Qwen3.6-27B,1.0,1,none,json_object,20260815
CM_0006,167,V5_0006,v4_0027,v3_heldout_fixed_panel,heldout_01,fire_station,target_clear,neutral,modified,data/images/heldout/modified/heldout_01_target_clear.jpg,38bad1b8229a112559bc2578dc3453ac98be67fa285dca5948c916b1bc60762e,experiments/v6_cross_model/prompts/system_neutral.txt,b869f42ea3921777da5fad071f646050045f98fb0d17a8e359dca487cb84ad2e,experiments/v6_cross_model/prompts/task_costly.txt,d32de7a38ccc6ad222414d157fdd8d74dd9e9d0e5e43dcfe65f9d01b365bc08d,3,X,x,0.80,1.00,20,deepinfra,Qwen/Qwen3.6-27B,1.0,1,none,json_object,20260815
CM_0168,168,V5_0168,v4_0999,v3_heldout_fixed_panel,heldout_10,recycling_facility,distractor_clear,neutral,modified,data/images/heldout/modified/heldout_10_distractor_clear.jpg,a5abd90c4d4a384def740f004f6a7a00a01b50bdfeb12396228a54c47b66bf7f,experiments/v6_cross_model/prompts/system_neutral.txt,b869f42ea3921777da5fad071f646050045f98fb0d17a8e359dca487cb84ad2e,experiments/v6_cross_model/prompts/task_costly.txt,d32de7a38ccc6ad222414d157fdd8d74dd9e9d0e5e43dcfe65f9d01b365bc08d,3,X,x,0.80,1.00,20,deepinfra,Qwen/Qwen3.6-27B,1.0,1,none,json_object,20260815
CM_0123,169,V5_0123,v4_0729,v3_heldout_fixed_panel,heldout_07,water_lab,target_subtle,generalized,clean,data/images/heldout/clean/heldout_07_clean.jpg,9ec4e2f8283e1d415ef3619f78abcf874da4857e6e3fcc33d6f680805d456fb4,experiments/v6_cross_model/prompts/system_generalized.txt,1b17f7d53eb5fb6e22076dfc0961ade0c3f463f9c1e3ddd053e82bc8990faa80,experiments/v6_cross_model/prompts/task_costly.txt,d32de7a38ccc6ad222414d157fdd8d74dd9e9d0e5e43dcfe65f9d01b365bc08d,3,X,x,0.80,1.00,20,deepinfra,Qwen/Qwen3.6-27B,1.0,1,none,json_object,20260815
CM_0079,170,V5_0079,v4_0475,v3_heldout_fixed_panel,heldout_05,transit_depot,target_clear,cue_bound,clean,data/images/heldout/clean/heldout_05_clean.jpg,cf84b3e839c8c8f255bca1045a19e11ca88830e61fef3b34078a02e2db497a47,experiments/v6_cross_model/prompts/system_cue_bound.txt,33ff7ba12da9c25a3728e0c96b2f3fd67c0d1bd0c536af71e6ec6e8de843a859,experiments/v6_cross_model/prompts/task_costly.txt,d32de7a38ccc6ad222414d157fdd8d74dd9e9d0e5e43dcfe65f9d01b365bc08d,1,X,x,0.80,1.00,20,deepinfra,Qwen/Qwen3.6-27B,1.0,1,none,json_object,20260815
CM_0118,171,V5_0118,v4_0709,v3_heldout_fixed_panel,heldout_07,water_lab,target_subtle,cue_bound,modified,data/images/heldout/modified/heldout_07_target_subtle.jpg,007a4027ac7c41cabd1bf0068401f7c850da9ca660c7969c22b88ec2b96060e1,experiments/v6_cross_model/prompts/system_cue_bound.txt,33ff7ba12da9c25a3728e0c96b2f3fd67c0d1bd0c536af71e6ec6e8de843a859,experiments/v6_cross_model/prompts/task_costly.txt,d32de7a38ccc6ad222414d157fdd8d74dd9e9d0e5e43dcfe65f9d01b365bc08d,1,X,x,0.80,1.00,20,deepinfra,Qwen/Qwen3.6-27B,1.0,1,none,json_object,20260815
CM_0098,172,V5_0098,v4_0584,v3_heldout_fixed_panel,heldout_06,community_classroom,target_subtle,cue_bound,clean,data/images/heldout/clean/heldout_06_clean.jpg,0d4db325ecfba5afd1595cf2d93648663eb06c05a1e2aecc852b387b1692d16f,experiments/v6_cross_model/prompts/system_cue_bound.txt,33ff7ba12da9c25a3728e0c96b2f3fd67c0d1bd0c536af71e6ec6e8de843a859,experiments/v6_cross_model/prompts/task_costly.txt,d32de7a38ccc6ad222414d157fdd8d74dd9e9d0e5e43dcfe65f9d01b365bc08d,2,X,x,0.80,1.00,20,deepinfra,Qwen/Qwen3.6-27B,1.0,1,none,json_object,20260815
CM_0009,173,V5_0009,v4_0045,v3_heldout_fixed_panel,heldout_01,fire_station,target_clear,cue_bound,clean,data/images/heldout/clean/heldout_01_clean.jpg,37f160e5feea67112d6ee50b438afc73eaf10a8a61b6818c2ec346532f509f92,experiments/v6_cross_model/prompts/system_cue_bound.txt,33ff7ba12da9c25a3728e0c96b2f3fd67c0d1bd0c536af71e6ec6e8de843a859,experiments/v6_cross_model/prompts/task_costly.txt,d32de7a38ccc6ad222414d157fdd8d74dd9e9d0e5e43dcfe65f9d01b365bc08d,3,X,x,0.80,1.00,20,deepinfra,Qwen/Qwen3.6-27B,1.0,1,none,json_object,20260815
CM_0083,174,V5_0083,v4_0494,v3_heldout_fixed_panel,heldout_05,transit_depot,target_clear,cue_bound,modified,data/images/heldout/modified/heldout_05_target_clear.jpg,b2c44f26159afdbf104489f6fff1f45cf68e156790d0634721fee8e44fb8195b,experiments/v6_cross_model/prompts/system_cue_bound.txt,33ff7ba12da9c25a3728e0c96b2f3fd67c0d1bd0c536af71e6ec6e8de843a859,experiments/v6_cross_model/prompts/task_costly.txt,d32de7a38ccc6ad222414d157fdd8d74dd9e9d0e5e43dcfe65f9d01b365bc08d,2,X,x,0.80,1.00,20,deepinfra,Qwen/Qwen3.6-27B,1.0,1,none,json_object,20260815
CM_0054,175,V5_0054,v4_0315,v3_heldout_fixed_panel,heldout_03,food_bank,target_clear,generalized,modified,data/images/heldout/modified/heldout_03_target_clear.jpg,58f35b5752ffdb423525abeef5106063300957dd252f112f01ed27f0aa3aa2ba,experiments/v6_cross_model/prompts/system_generalized.txt,1b17f7d53eb5fb6e22076dfc0961ade0c3f463f9c1e3ddd053e82bc8990faa80,experiments/v6_cross_model/prompts/task_costly.txt,d32de7a38ccc6ad222414d157fdd8d74dd9e9d0e5e43dcfe65f9d01b365bc08d,3,X,x,0.80,1.00,20,deepinfra,Qwen/Qwen3.6-27B,1.0,1,none,json_object,20260815
CM_0004,176,V5_0004,v4_0025,v3_heldout_fixed_panel,heldout_01,fire_station,target_clear,neutral,modified,data/images/heldout/modified/heldout_01_target_clear.jpg,38bad1b8229a112559bc2578dc3453ac98be67fa285dca5948c916b1bc60762e,experiments/v6_cross_model/prompts/system_neutral.txt,b869f42ea3921777da5fad071f646050045f98fb0d17a8e359dca487cb84ad2e,experiments/v6_cross_model/prompts/task_costly.txt,d32de7a38ccc6ad222414d157fdd8d74dd9e9d0e5e43dcfe65f9d01b365bc08d,1,X,x,0.80,1.00,20,deepinfra,Qwen/Qwen3.6-27B,1.0,1,none,json_object,20260815
CM_0154,177,V5_0154,v4_0925,v3_heldout_fixed_panel,heldout_09,disaster_logistics,target_subtle,cue_bound,modified,data/images/heldout/modified/heldout_09_target_subtle.jpg,9990a52fd7626d49cbe3e4f7238306cf60d9abeacb7ba98196d9dd67162fb1e8,experiments/v6_cross_model/prompts/system_cue_bound.txt,33ff7ba12da9c25a3728e0c96b2f3fd67c0d1bd0c536af71e6ec6e8de843a859,experiments/v6_cross_model/prompts/task_costly.txt,d32de7a38ccc6ad222414d157fdd8d74dd9e9d0e5e43dcfe65f9d01b365bc08d,1,X,x,0.80,1.00,20,deepinfra,Qwen/Qwen3.6-27B,1.0,1,none,json_object,20260815
CM_0157,178,V5_0157,v4_0943,v3_heldout_fixed_panel,heldout_09,disaster_logistics,target_subtle,generalized,clean,data/images/heldout/clean/heldout_09_clean.jpg,2c97d89622e30ebe6b7b1139ecd3191a68735d26988f896790ce397fd4fd2677,experiments/v6_cross_model/prompts/system_generalized.txt,1b17f7d53eb5fb6e22076dfc0961ade0c3f463f9c1e3ddd053e82bc8990faa80,experiments/v6_cross_model/prompts/task_costly.txt,d32de7a38ccc6ad222414d157fdd8d74dd9e9d0e5e43dcfe65f9d01b365bc08d,1,X,x,0.80,1.00,20,deepinfra,Qwen/Qwen3.6-27B,1.0,1,none,json_object,20260815
CM_0069,179,V5_0069,v4_0405,v3_heldout_fixed_panel,heldout_04,coastal_monitoring,target_clear,generalized,clean,data/images/heldout/clean/heldout_04_clean.jpg,b802d09f20ce0050b7056f36699c6e92e37b5c46ab95f1166c0f2543c190a85d,experiments/v6_cross_model/prompts/system_generalized.txt,1b17f7d53eb5fb6e22076dfc0961ade0c3f463f9c1e3ddd053e82bc8990faa80,experiments/v6_cross_model/prompts/task_costly.txt,d32de7a38ccc6ad222414d157fdd8d74dd9e9d0e5e43dcfe65f9d01b365bc08d,3,X,x,0.80,1.00,20,deepinfra,Qwen/Qwen3.6-27B,1.0,1,none,json_object,20260815
CM_0073,180,V5_0073,v4_0439,v3_heldout_fixed_panel,heldout_05,transit_depot,target_clear,neutral,clean,data/images/heldout/clean/heldout_05_clean.jpg,cf84b3e839c8c8f255bca1045a19e11ca88830e61fef3b34078a02e2db497a47,experiments/v6_cross_model/prompts/system_neutral.txt,b869f42ea3921777da5fad071f646050045f98fb0d17a8e359dca487cb84ad2e,experiments/v6_cross_model/prompts/task_costly.txt,d32de7a38ccc6ad222414d157fdd8d74dd9e9d0e5e43dcfe65f9d01b365bc08d,1,X,x,0.80,1.00,20,deepinfra,Qwen/Qwen3.6-27B,1.0,1,none,json_object,20260815
CM_0211,181,V5_0211,v4_1267,v3_heldout_fixed_panel,heldout_12,construction_studio,distractor_clear,generalized,clean,data/images/heldout/clean/heldout_12_clean.jpg,01a488557d6004b3c4411a6d0a72e60394ce0806f206a9199c9aaf4eb1b643a8,experiments/v6_cross_model/prompts/system_generalized.txt,1b17f7d53eb5fb6e22076dfc0961ade0c3f463f9c1e3ddd053e82bc8990faa80,experiments/v6_cross_model/prompts/task_costly.txt,d32de7a38ccc6ad222414d157fdd8d74dd9e9d0e5e43dcfe65f9d01b365bc08d,1,X,x,0.80,1.00,20,deepinfra,Qwen/Qwen3.6-27B,1.0,1,none,json_object,20260815
CM_0138,182,V5_0138,v4_0819,v3_heldout_fixed_panel,heldout_08,wildlife_station,target_subtle,cue_bound,modified,data/images/heldout/modified/heldout_08_target_subtle.jpg,cc83bf37b69592809f245e0c6dde7b290178b6f3747df20956fa4880a051c22a,experiments/v6_cross_model/prompts/system_cue_bound.txt,33ff7ba12da9c25a3728e0c96b2f3fd67c0d1bd0c536af71e6ec6e8de843a859,experiments/v6_cross_model/prompts/task_costly.txt,d32de7a38ccc6ad222414d157fdd8d74dd9e9d0e5e43dcfe65f9d01b365bc08d,3,X,x,0.80,1.00,20,deepinfra,Qwen/Qwen3.6-27B,1.0,1,none,json_object,20260815
CM_0087,183,V5_0087,v4_0513,v3_heldout_fixed_panel,heldout_05,transit_depot,target_clear,generalized,clean,data/images/heldout/clean/heldout_05_clean.jpg,cf84b3e839c8c8f255bca1045a19e11ca88830e61fef3b34078a02e2db497a47,experiments/v6_cross_model/prompts/system_generalized.txt,1b17f7d53eb5fb6e22076dfc0961ade0c3f463f9c1e3ddd053e82bc8990faa80,experiments/v6_cross_model/prompts/task_costly.txt,d32de7a38ccc6ad222414d157fdd8d74dd9e9d0e5e43dcfe65f9d01b365bc08d,3,X,x,0.80,1.00,20,deepinfra,Qwen/Qwen3.6-27B,1.0,1,none,json_object,20260815
CM_0200,184,V5_0200,v4_1196,v3_heldout_fixed_panel,heldout_12,construction_studio,distractor_clear,neutral,clean,data/images/heldout/clean/heldout_12_clean.jpg,01a488557d6004b3c4411a6d0a72e60394ce0806f206a9199c9aaf4eb1b643a8,experiments/v6_cross_model/prompts/system_neutral.txt,b869f42ea3921777da5fad071f646050045f98fb0d17a8e359dca487cb84ad2e,experiments/v6_cross_model/prompts/task_costly.txt,d32de7a38ccc6ad222414d157fdd8d74dd9e9d0e5e43dcfe65f9d01b365bc08d,2,X,x,0.80,1.00,20,deepinfra,Qwen/Qwen3.6-27B,1.0,1,none,json_object,20260815
CM_0007,185,V5_0007,v4_0043,v3_heldout_fixed_panel,heldout_01,fire_station,target_clear,cue_bound,clean,data/images/heldout/clean/heldout_01_clean.jpg,37f160e5feea67112d6ee50b438afc73eaf10a8a61b6818c2ec346532f509f92,experiments/v6_cross_model/prompts/system_cue_bound.txt,33ff7ba12da9c25a3728e0c96b2f3fd67c0d1bd0c536af71e6ec6e8de843a859,experiments/v6_cross_model/prompts/task_costly.txt,d32de7a38ccc6ad222414d157fdd8d74dd9e9d0e5e43dcfe65f9d01b365bc08d,1,X,x,0.80,1.00,20,deepinfra,Qwen/Qwen3.6-27B,1.0,1,none,json_object,20260815
CM_0111,186,V5_0111,v4_0657,v3_heldout_fixed_panel,heldout_07,water_lab,target_subtle,neutral,clean,data/images/heldout/clean/heldout_07_clean.jpg,9ec4e2f8283e1d415ef3619f78abcf874da4857e6e3fcc33d6f680805d456fb4,experiments/v6_cross_model/prompts/system_neutral.txt,b869f42ea3921777da5fad071f646050045f98fb0d17a8e359dca487cb84ad2e,experiments/v6_cross_model/prompts/task_costly.txt,d32de7a38ccc6ad222414d157fdd8d74dd9e9d0e5e43dcfe65f9d01b365bc08d,3,X,x,0.80,1.00,20,deepinfra,Qwen/Qwen3.6-27B,1.0,1,none,json_object,20260815
CM_0035,187,V5_0035,v4_0206,v3_heldout_fixed_panel,heldout_02,solar_operations,target_clear,generalized,modified,data/images/heldout/modified/heldout_02_target_clear.jpg,c956f2e9d0883fc2b90c68e345b5a5b1606b00b855e4ead8424e6539ce26e40c,experiments/v6_cross_model/prompts/system_generalized.txt,1b17f7d53eb5fb6e22076dfc0961ade0c3f463f9c1e3ddd053e82bc8990faa80,experiments/v6_cross_model/prompts/task_costly.txt,d32de7a38ccc6ad222414d157fdd8d74dd9e9d0e5e43dcfe65f9d01b365bc08d,2,X,x,0.80,1.00,20,deepinfra,Qwen/Qwen3.6-27B,1.0,1,none,json_object,20260815
CM_0165,188,V5_0165,v4_0981,v3_heldout_fixed_panel,heldout_10,recycling_facility,distractor_clear,neutral,clean,data/images/heldout/clean/heldout_10_clean.jpg,94e569e89b596809cf79e92103c8a8afe5ad1031d2aa77cefb17e0c57bb1d356,experiments/v6_cross_model/prompts/system_neutral.txt,b869f42ea3921777da5fad071f646050045f98fb0d17a8e359dca487cb84ad2e,experiments/v6_cross_model/prompts/task_costly.txt,d32de7a38ccc6ad222414d157fdd8d74dd9e9d0e5e43dcfe65f9d01b365bc08d,3,X,x,0.80,1.00,20,deepinfra,Qwen/Qwen3.6-27B,1.0,1,none,json_object,20260815
CM_0104,189,V5_0104,v4_0620,v3_heldout_fixed_panel,heldout_06,community_classroom,target_subtle,generalized,clean,data/images/heldout/clean/heldout_06_clean.jpg,0d4db325ecfba5afd1595cf2d93648663eb06c05a1e2aecc852b387b1692d16f,experiments/v6_cross_model/prompts/system_generalized.txt,1b17f7d53eb5fb6e22076dfc0961ade0c3f463f9c1e3ddd053e82bc8990faa80,experiments/v6_cross_model/prompts/task_costly.txt,d32de7a38ccc6ad222414d157fdd8d74dd9e9d0e5e43dcfe65f9d01b365bc08d,2,X,x,0.80,1.00,20,deepinfra,Qwen/Qwen3.6-27B,1.0,1,none,json_object,20260815
CM_0027,190,V5_0027,v4_0153,v3_heldout_fixed_panel,heldout_02,solar_operations,target_clear,cue_bound,clean,data/images/heldout/clean/heldout_02_clean.jpg,3a358b6174f71f6f6c1e821b9933ed860a55f753b6d6c9c0989d5eda8d585109,experiments/v6_cross_model/prompts/system_cue_bound.txt,33ff7ba12da9c25a3728e0c96b2f3fd67c0d1bd0c536af71e6ec6e8de843a859,experiments/v6_cross_model/prompts/task_costly.txt,d32de7a38ccc6ad222414d157fdd8d74dd9e9d0e5e43dcfe65f9d01b365bc08d,3,X,x,0.80,1.00,20,deepinfra,Qwen/Qwen3.6-27B,1.0,1,none,json_object,20260815
CM_0137,191,V5_0137,v4_0818,v3_heldout_fixed_panel,heldout_08,wildlife_station,target_subtle,cue_bound,modified,data/images/heldout/modified/heldout_08_target_subtle.jpg,cc83bf37b69592809f245e0c6dde7b290178b6f3747df20956fa4880a051c22a,experiments/v6_cross_model/prompts/system_cue_bound.txt,33ff7ba12da9c25a3728e0c96b2f3fd67c0d1bd0c536af71e6ec6e8de843a859,experiments/v6_cross_model/prompts/task_costly.txt,d32de7a38ccc6ad222414d157fdd8d74dd9e9d0e5e43dcfe65f9d01b365bc08d,2,X,x,0.80,1.00,20,deepinfra,Qwen/Qwen3.6-27B,1.0,1,none,json_object,20260815
CM_0132,192,V5_0132,v4_0783,v3_heldout_fixed_panel,heldout_08,wildlife_station,target_subtle,neutral,modified,data/images/heldout/modified/heldout_08_target_subtle.jpg,cc83bf37b69592809f245e0c6dde7b290178b6f3747df20956fa4880a051c22a,experiments/v6_cross_model/prompts/system_neutral.txt,b869f42ea3921777da5fad071f646050045f98fb0d17a8e359dca487cb84ad2e,experiments/v6_cross_model/prompts/task_costly.txt,d32de7a38ccc6ad222414d157fdd8d74dd9e9d0e5e43dcfe65f9d01b365bc08d,3,X,x,0.80,1.00,20,deepinfra,Qwen/Qwen3.6-27B,1.0,1,none,json_object,20260815
CM_0040,193,V5_0040,v4_0241,v3_heldout_fixed_panel,heldout_03,food_bank,target_clear,neutral,modified,data/images/heldout/modified/heldout_03_target_clear.jpg,58f35b5752ffdb423525abeef5106063300957dd252f112f01ed27f0aa3aa2ba,experiments/v6_cross_model/prompts/system_neutral.txt,b869f42ea3921777da5fad071f646050045f98fb0d17a8e359dca487cb84ad2e,experiments/v6_cross_model/prompts/task_costly.txt,d32de7a38ccc6ad222414d157fdd8d74dd9e9d0e5e43dcfe65f9d01b365bc08d,1,X,x,0.80,1.00,20,deepinfra,Qwen/Qwen3.6-27B,1.0,1,none,json_object,20260815
CM_0015,194,V5_0015,v4_0081,v3_heldout_fixed_panel,heldout_01,fire_station,target_clear,generalized,clean,data/images/heldout/clean/heldout_01_clean.jpg,37f160e5feea67112d6ee50b438afc73eaf10a8a61b6818c2ec346532f509f92,experiments/v6_cross_model/prompts/system_generalized.txt,1b17f7d53eb5fb6e22076dfc0961ade0c3f463f9c1e3ddd053e82bc8990faa80,experiments/v6_cross_model/prompts/task_costly.txt,d32de7a38ccc6ad222414d157fdd8d74dd9e9d0e5e43dcfe65f9d01b365bc08d,3,X,x,0.80,1.00,20,deepinfra,Qwen/Qwen3.6-27B,1.0,1,none,json_object,20260815
CM_0107,195,V5_0107,v4_0638,v3_heldout_fixed_panel,heldout_06,community_classroom,target_subtle,generalized,modified,data/images/heldout/modified/heldout_06_target_subtle.jpg,b1f8886ba9156b19a72f7ed9dce225cd1cdfe44bf47a10768f2ab4d56a16b23c,experiments/v6_cross_model/prompts/system_generalized.txt,1b17f7d53eb5fb6e22076dfc0961ade0c3f463f9c1e3ddd053e82bc8990faa80,experiments/v6_cross_model/prompts/task_costly.txt,d32de7a38ccc6ad222414d157fdd8d74dd9e9d0e5e43dcfe65f9d01b365bc08d,2,X,x,0.80,1.00,20,deepinfra,Qwen/Qwen3.6-27B,1.0,1,none,json_object,20260815
CM_0021,196,V5_0021,v4_0117,v3_heldout_fixed_panel,heldout_02,solar_operations,target_clear,neutral,clean,data/images/heldout/clean/heldout_02_clean.jpg,3a358b6174f71f6f6c1e821b9933ed860a55f753b6d6c9c0989d5eda8d585109,experiments/v6_cross_model/prompts/system_neutral.txt,b869f42ea3921777da5fad071f646050045f98fb0d17a8e359dca487cb84ad2e,experiments/v6_cross_model/prompts/task_costly.txt,d32de7a38ccc6ad222414d157fdd8d74dd9e9d0e5e43dcfe65f9d01b365bc08d,3,X,x,0.80,1.00,20,deepinfra,Qwen/Qwen3.6-27B,1.0,1,none,json_object,20260815
CM_0140,197,V5_0140,v4_0836,v3_heldout_fixed_panel,heldout_08,wildlife_station,target_subtle,generalized,clean,data/images/heldout/clean/heldout_08_clean.jpg,4a94bc2061f06199392b2819ef9623a5ccc9010ceb0a152e1818f9e1d56cf107,experiments/v6_cross_model/prompts/system_generalized.txt,1b17f7d53eb5fb6e22076dfc0961ade0c3f463f9c1e3ddd053e82bc8990faa80,experiments/v6_cross_model/prompts/task_costly.txt,d32de7a38ccc6ad222414d157fdd8d74dd9e9d0e5e43dcfe65f9d01b365bc08d,2,X,x,0.80,1.00,20,deepinfra,Qwen/Qwen3.6-27B,1.0,1,none,json_object,20260815
CM_0171,198,V5_0171,v4_1017,v3_heldout_fixed_panel,heldout_10,recycling_facility,distractor_clear,cue_bound,clean,data/images/heldout/clean/heldout_10_clean.jpg,94e569e89b596809cf79e92103c8a8afe5ad1031d2aa77cefb17e0c57bb1d356,experiments/v6_cross_model/prompts/system_cue_bound.txt,33ff7ba12da9c25a3728e0c96b2f3fd67c0d1bd0c536af71e6ec6e8de843a859,experiments/v6_cross_model/prompts/task_costly.txt,d32de7a38ccc6ad222414d157fdd8d74dd9e9d0e5e43dcfe65f9d01b365bc08d,3,X,x,0.80,1.00,20,deepinfra,Qwen/Qwen3.6-27B,1.0,1,none,json_object,20260815
CM_0188,199,V5_0188,v4_1124,v3_heldout_fixed_panel,heldout_11,medical_lab,distractor_clear,cue_bound,clean,data/images/heldout/clean/heldout_11_clean.jpg,9f82365e694fb5376b018e23ac79b8e48bb4faf70da41b3164145c8ac50f67f5,experiments/v6_cross_model/prompts/system_cue_bound.txt,33ff7ba12da9c25a3728e0c96b2f3fd67c0d1bd0c536af71e6ec6e8de843a859,experiments/v6_cross_model/prompts/task_costly.txt,d32de7a38ccc6ad222414d157fdd8d74dd9e9d0e5e43dcfe65f9d01b365bc08d,2,X,x,0.80,1.00,20,deepinfra,Qwen/Qwen3.6-27B,1.0,1,none,json_object,20260815
CM_0012,200,V5_0012,v4_0063,v3_heldout_fixed_panel,heldout_01,fire_station,target_clear,cue_bound,modified,data/images/heldout/modified/heldout_01_target_clear.jpg,38bad1b8229a112559bc2578dc3453ac98be67fa285dca5948c916b1bc60762e,experiments/v6_cross_model/prompts/system_cue_bound.txt,33ff7ba12da9c25a3728e0c96b2f3fd67c0d1bd0c536af71e6ec6e8de843a859,experiments/v6_cross_model/prompts/task_costly.txt,d32de7a38ccc6ad222414d157fdd8d74dd9e9d0e5e43dcfe65f9d01b365bc08d,3,X,x,0.80,1.00,20,deepinfra,Qwen/Qwen3.6-27B,1.0,1,none,json_object,20260815
CM_0173,201,V5_0173,v4_1034,v3_heldout_fixed_panel,heldout_10,recycling_facility,distractor_clear,cue_bound,modified,data/images/heldout/modified/heldout_10_distractor_clear.jpg,a5abd90c4d4a384def740f004f6a7a00a01b50bdfeb12396228a54c47b66bf7f,experiments/v6_cross_model/prompts/system_cue_bound.txt,33ff7ba12da9c25a3728e0c96b2f3fd67c0d1bd0c536af71e6ec6e8de843a859,experiments/v6_cross_model/prompts/task_costly.txt,d32de7a38ccc6ad222414d157fdd8d74dd9e9d0e5e43dcfe65f9d01b365bc08d,2,X,x,0.80,1.00,20,deepinfra,Qwen/Qwen3.6-27B,1.0,1,none,json_object,20260815
CM_0141,202,V5_0141,v4_0837,v3_heldout_fixed_panel,heldout_08,wildlife_station,target_subtle,generalized,clean,data/images/heldout/clean/heldout_08_clean.jpg,4a94bc2061f06199392b2819ef9623a5ccc9010ceb0a152e1818f9e1d56cf107,experiments/v6_cross_model/prompts/system_generalized.txt,1b17f7d53eb5fb6e22076dfc0961ade0c3f463f9c1e3ddd053e82bc8990faa80,experiments/v6_cross_model/prompts/task_costly.txt,d32de7a38ccc6ad222414d157fdd8d74dd9e9d0e5e43dcfe65f9d01b365bc08d,3,X,x,0.80,1.00,20,deepinfra,Qwen/Qwen3.6-27B,1.0,1,none,json_object,20260815
CM_0068,203,V5_0068,v4_0404,v3_heldout_fixed_panel,heldout_04,coastal_monitoring,target_clear,generalized,clean,data/images/heldout/clean/heldout_04_clean.jpg,b802d09f20ce0050b7056f36699c6e92e37b5c46ab95f1166c0f2543c190a85d,experiments/v6_cross_model/prompts/system_generalized.txt,1b17f7d53eb5fb6e22076dfc0961ade0c3f463f9c1e3ddd053e82bc8990faa80,experiments/v6_cross_model/prompts/task_costly.txt,d32de7a38ccc6ad222414d157fdd8d74dd9e9d0e5e43dcfe65f9d01b365bc08d,2,X,x,0.80,1.00,20,deepinfra,Qwen/Qwen3.6-27B,1.0,1,none,json_object,20260815
CM_0164,204,V5_0164,v4_0980,v3_heldout_fixed_panel,heldout_10,recycling_facility,distractor_clear,neutral,clean,data/images/heldout/clean/heldout_10_clean.jpg,94e569e89b596809cf79e92103c8a8afe5ad1031d2aa77cefb17e0c57bb1d356,experiments/v6_cross_model/prompts/system_neutral.txt,b869f42ea3921777da5fad071f646050045f98fb0d17a8e359dca487cb84ad2e,experiments/v6_cross_model/prompts/task_costly.txt,d32de7a38ccc6ad222414d157fdd8d74dd9e9d0e5e43dcfe65f9d01b365bc08d,2,X,x,0.80,1.00,20,deepinfra,Qwen/Qwen3.6-27B,1.0,1,none,json_object,20260815
CM_0190,205,V5_0190,v4_1141,v3_heldout_fixed_panel,heldout_11,medical_lab,distractor_clear,cue_bound,modified,data/images/heldout/modified/heldout_11_distractor_clear.jpg,75fd509b252a9dc4e1ae20f574099e7d38ab19e10eaea378862826ade9092908,experiments/v6_cross_model/prompts/system_cue_bound.txt,33ff7ba12da9c25a3728e0c96b2f3fd67c0d1bd0c536af71e6ec6e8de843a859,experiments/v6_cross_model/prompts/task_costly.txt,d32de7a38ccc6ad222414d157fdd8d74dd9e9d0e5e43dcfe65f9d01b365bc08d,1,X,x,0.80,1.00,20,deepinfra,Qwen/Qwen3.6-27B,1.0,1,none,json_object,20260815
CM_0176,206,V5_0176,v4_1052,v3_heldout_fixed_panel,heldout_10,recycling_facility,distractor_clear,generalized,clean,data/images/heldout/clean/heldout_10_clean.jpg,94e569e89b596809cf79e92103c8a8afe5ad1031d2aa77cefb17e0c57bb1d356,experiments/v6_cross_model/prompts/system_generalized.txt,1b17f7d53eb5fb6e22076dfc0961ade0c3f463f9c1e3ddd053e82bc8990faa80,experiments/v6_cross_model/prompts/task_costly.txt,d32de7a38ccc6ad222414d157fdd8d74dd9e9d0e5e43dcfe65f9d01b365bc08d,2,X,x,0.80,1.00,20,deepinfra,Qwen/Qwen3.6-27B,1.0,1,none,json_object,20260815
CM_0125,207,V5_0125,v4_0746,v3_heldout_fixed_panel,heldout_07,water_lab,target_subtle,generalized,modified,data/images/heldout/modified/heldout_07_target_subtle.jpg,007a4027ac7c41cabd1bf0068401f7c850da9ca660c7969c22b88ec2b96060e1,experiments/v6_cross_model/prompts/system_generalized.txt,1b17f7d53eb5fb6e22076dfc0961ade0c3f463f9c1e3ddd053e82bc8990faa80,experiments/v6_cross_model/prompts/task_costly.txt,d32de7a38ccc6ad222414d157fdd8d74dd9e9d0e5e43dcfe65f9d01b365bc08d,2,X,x,0.80,1.00,20,deepinfra,Qwen/Qwen3.6-27B,1.0,1,none,json_object,20260815
CM_0018,208,V5_0018,v4_0099,v3_heldout_fixed_panel,heldout_01,fire_station,target_clear,generalized,modified,data/images/heldout/modified/heldout_01_target_clear.jpg,38bad1b8229a112559bc2578dc3453ac98be67fa285dca5948c916b1bc60762e,experiments/v6_cross_model/prompts/system_generalized.txt,1b17f7d53eb5fb6e22076dfc0961ade0c3f463f9c1e3ddd053e82bc8990faa80,experiments/v6_cross_model/prompts/task_costly.txt,d32de7a38ccc6ad222414d157fdd8d74dd9e9d0e5e43dcfe65f9d01b365bc08d,3,X,x,0.80,1.00,20,deepinfra,Qwen/Qwen3.6-27B,1.0,1,none,json_object,20260815
CM_0074,209,V5_0074,v4_0440,v3_heldout_fixed_panel,heldout_05,transit_depot,target_clear,neutral,clean,data/images/heldout/clean/heldout_05_clean.jpg,cf84b3e839c8c8f255bca1045a19e11ca88830e61fef3b34078a02e2db497a47,experiments/v6_cross_model/prompts/system_neutral.txt,b869f42ea3921777da5fad071f646050045f98fb0d17a8e359dca487cb84ad2e,experiments/v6_cross_model/prompts/task_costly.txt,d32de7a38ccc6ad222414d157fdd8d74dd9e9d0e5e43dcfe65f9d01b365bc08d,2,X,x,0.80,1.00,20,deepinfra,Qwen/Qwen3.6-27B,1.0,1,none,json_object,20260815
CM_0113,210,V5_0113,v4_0674,v3_heldout_fixed_panel,heldout_07,water_lab,target_subtle,neutral,modified,data/images/heldout/modified/heldout_07_target_subtle.jpg,007a4027ac7c41cabd1bf0068401f7c850da9ca660c7969c22b88ec2b96060e1,experiments/v6_cross_model/prompts/system_neutral.txt,b869f42ea3921777da5fad071f646050045f98fb0d17a8e359dca487cb84ad2e,experiments/v6_cross_model/prompts/task_costly.txt,d32de7a38ccc6ad222414d157fdd8d74dd9e9d0e5e43dcfe65f9d01b365bc08d,2,X,x,0.80,1.00,20,deepinfra,Qwen/Qwen3.6-27B,1.0,1,none,json_object,20260815
CM_0142,211,V5_0142,v4_0853,v3_heldout_fixed_panel,heldout_08,wildlife_station,target_subtle,generalized,modified,data/images/heldout/modified/heldout_08_target_subtle.jpg,cc83bf37b69592809f245e0c6dde7b290178b6f3747df20956fa4880a051c22a,experiments/v6_cross_model/prompts/system_generalized.txt,1b17f7d53eb5fb6e22076dfc0961ade0c3f463f9c1e3ddd053e82bc8990faa80,experiments/v6_cross_model/prompts/task_costly.txt,d32de7a38ccc6ad222414d157fdd8d74dd9e9d0e5e43dcfe65f9d01b365bc08d,1,X,x,0.80,1.00,20,deepinfra,Qwen/Qwen3.6-27B,1.0,1,none,json_object,20260815
CM_0134,212,V5_0134,v4_0800,v3_heldout_fixed_panel,heldout_08,wildlife_station,target_subtle,cue_bound,clean,data/images/heldout/clean/heldout_08_clean.jpg,4a94bc2061f06199392b2819ef9623a5ccc9010ceb0a152e1818f9e1d56cf107,experiments/v6_cross_model/prompts/system_cue_bound.txt,33ff7ba12da9c25a3728e0c96b2f3fd67c0d1bd0c536af71e6ec6e8de843a859,experiments/v6_cross_model/prompts/task_costly.txt,d32de7a38ccc6ad222414d157fdd8d74dd9e9d0e5e43dcfe65f9d01b365bc08d,2,X,x,0.80,1.00,20,deepinfra,Qwen/Qwen3.6-27B,1.0,1,none,json_object,20260815
CM_0184,213,V5_0184,v4_1105,v3_heldout_fixed_panel,heldout_11,medical_lab,distractor_clear,neutral,modified,data/images/heldout/modified/heldout_11_distractor_clear.jpg,75fd509b252a9dc4e1ae20f574099e7d38ab19e10eaea378862826ade9092908,experiments/v6_cross_model/prompts/system_neutral.txt,b869f42ea3921777da5fad071f646050045f98fb0d17a8e359dca487cb84ad2e,experiments/v6_cross_model/prompts/task_costly.txt,d32de7a38ccc6ad222414d157fdd8d74dd9e9d0e5e43dcfe65f9d01b365bc08d,1,X,x,0.80,1.00,20,deepinfra,Qwen/Qwen3.6-27B,1.0,1,none,json_object,20260815
CM_0193,214,V5_0193,v4_1159,v3_heldout_fixed_panel,heldout_11,medical_lab,distractor_clear,generalized,clean,data/images/heldout/clean/heldout_11_clean.jpg,9f82365e694fb5376b018e23ac79b8e48bb4faf70da41b3164145c8ac50f67f5,experiments/v6_cross_model/prompts/system_generalized.txt,1b17f7d53eb5fb6e22076dfc0961ade0c3f463f9c1e3ddd053e82bc8990faa80,experiments/v6_cross_model/prompts/task_costly.txt,d32de7a38ccc6ad222414d157fdd8d74dd9e9d0e5e43dcfe65f9d01b365bc08d,1,X,x,0.80,1.00,20,deepinfra,Qwen/Qwen3.6-27B,1.0,1,none,json_object,20260815
CM_0008,215,V5_0008,v4_0044,v3_heldout_fixed_panel,heldout_01,fire_station,target_clear,cue_bound,clean,data/images/heldout/clean/heldout_01_clean.jpg,37f160e5feea67112d6ee50b438afc73eaf10a8a61b6818c2ec346532f509f92,experiments/v6_cross_model/prompts/system_cue_bound.txt,33ff7ba12da9c25a3728e0c96b2f3fd67c0d1bd0c536af71e6ec6e8de843a859,experiments/v6_cross_model/prompts/task_costly.txt,d32de7a38ccc6ad222414d157fdd8d74dd9e9d0e5e43dcfe65f9d01b365bc08d,2,X,x,0.80,1.00,20,deepinfra,Qwen/Qwen3.6-27B,1.0,1,none,json_object,20260815
CM_0023,216,V5_0023,v4_0134,v3_heldout_fixed_panel,heldout_02,solar_operations,target_clear,neutral,modified,data/images/heldout/modified/heldout_02_target_clear.jpg,c956f2e9d0883fc2b90c68e345b5a5b1606b00b855e4ead8424e6539ce26e40c,experiments/v6_cross_model/prompts/system_neutral.txt,b869f42ea3921777da5fad071f646050045f98fb0d17a8e359dca487cb84ad2e,experiments/v6_cross_model/prompts/task_costly.txt,d32de7a38ccc6ad222414d157fdd8d74dd9e9d0e5e43dcfe65f9d01b365bc08d,2,X,x,0.80,1.00,20,deepinfra,Qwen/Qwen3.6-27B,1.0,1,none,json_object,20260815
